userName,score,content,at
A Google user,2,"sebagai warga yang dengan dana minim, tapi ingin tetap membaca, saya mohon sekali, agar ada peningkatan di beberapa bagian aplikasi ini. karena jujur, saya tidak nyaman baca di sini, tidak seperti aplikasi lainnya yang sejenis. harap developer membaca ini. dan menghubungi saya agar keluhan saya tersampaikan.",2026-05-13 07:45:52
A Google user,1,hp saya android 9 mendadak sudah tidak bisa digunakan untuk mengakses ipusnas :( padahal digilib lain masih bisa. sedih bgt gini amat pengen baca gratis secara legal terkendala device,2026-05-09 22:43:42
A Google user,2,"update terbaru 9 mei 2026 alangkah susahnya ya mau baca buku aja selalu verifikasi perangkat gagal, susahnya negri ini menyediakan utk rakyatnya membaca aja dipersulit nasib nasib",2026-05-09 12:23:06
A Google user,5,Cant even log in,2026-05-08 13:50:34
A Google user,1,"aplikasinya makin lama makin jelek aja. dari yg awalny sering ngelag, eror gk bisa minjem, gk bisa dibuka aplikasinya, dan sekarang buka aplikasiny harus punya data🙂 hahaha lucu ya, padahal harusnya pemerintah buat aplikasi baca buku gratis gini biar banyak orang yg tertarik buat baca karena mudah diakses, eh sekarang malah dipersulit. takut bgt apa punya generasi yg suka literasi? padahal salah satu kelebihannya bisa dibaca offline karena gk semua org punya banyak data internet😮‍💨",2026-05-08 12:30:46
A Google user,3,"saya akui koleksi bukunya banyak, tapi sangat disayangkan ada beberapa bug atau error pada fitur seleksi, entah mengapa setelah saya marking beberapa kata langsung error (mode seleksi tidak bisa dikembalikan) alhasil tidak bisa di scroll, entah itu bug atau saya yang tidak paham dengan UI nya",2026-05-08 12:26:22
A Google user,1,"adanya fitur unduh tuh biar bisa dibaca offline, lah ini tiap offline harus unduh ulang bukunya. aplikasi stress.",2026-05-07 03:05:25
A Google user,1,"Dari banyak nya IT engineer di Indonesia, masa ga bisa buat aplikasi perpus yang proper! saya mau pinjam buku, tapi loadingnya ga selesai-selesai(udah 30 menit, bisa lebih lama lagi)",2026-05-05 09:26:07
A Google user,5,lumayan cumak ketika Fitur Baca Text itu bahasa inggris kalau bisa bahasa Indonesia aja,2026-05-02 16:22:46
A Google user,1,minta verifikasi perangkat mulu 😭 ngadu ke dm IG gak direspons,2026-05-02 06:05:22
A Google user,1,"habis update, malah ga bisa log in..",2026-05-01 03:10:29
A Google user,3,tolong berikan opsi pengaturan tampilan bacaan yg lebih lengkap. Karena yg sekarang sangat tidak nyaman,2026-04-30 12:47:02
A Google user,5,"finally bisa install di ereader, syukurlah",2026-04-29 07:51:37
A Google user,3,"overall bagus. cuman nih ya, cuman... setiap kali ada kalimat yang mau di-stabilo-in (atau apalah itu namanya), kenapa selalu nge-lag? tolong perbaiki, ya. terkadang ada kalimat yang menurut aku penting untuk diingat dan niatnya pengen aku tandain. kalau terus""an begini, aku jadi perlahan lost interest sama iPusnas. aplikasi ini udah bagus, lho. kalian memudahkan kami yang suka membaca dengan membuat aplikasi ini. tapi akan lebih bagus lagi jika bug nya diperbaiki. terima kasih.",2026-04-28 08:33:10
A Google user,3,kenapa buku yang sudah dipinjam tidak langsung terunduh seperti dulu? apa harus online sekarang? kalo ga sengaja keluar pasti nunggu di unduh ulang lagi.,2026-04-26 11:43:37
A Google user,5,"Terima kasih iPusnas, telah menjaga nyala api literasi bagi masyarakat Indonesia. Sukses selalu untuk seluruh tim dibalik layar",2026-04-25 11:13:40
A Google user,1,maksudnya verifikasi gagal itu apa? jelas2 saya installnya dari sini. kurang asli apa lagi hah? berdosa kalian.,2026-04-23 23:31:17
A Google user,3,"the app is really great, i really appreciate it, and I'm really grateful. BUT PLEASE FIX THE PROBLEM, I can't even read, the app says verification failed and you have to download from play store, wth, do you think i downloaded it from a dark web or something, of course I downloaded it from play store bruh",2026-04-23 16:37:58
A Google user,1,Duh error terus. Diminta pakai aplikasi resmi dari play store dan devicenya gak boleh dimodifikasi. Padahal gak ada masalah sama device dan download juga dari play store. Tolong perbaikannya. Supaya semua orang bisa baca,2026-04-23 14:08:36
A Google user,1,Trashhhhh,2026-04-23 13:50:38
A Google user,2,"tidak bisa baca, muncul pesan , gagal verifikasi perangkat, padahal kemarin tidak apa apa. sudah instal ulang clear cache dll . tetap sama saja",2026-04-23 13:34:37
A Google user,1,"aplikasi sampah secara maintenance, tapi manfaat nya besar banget astaghfirullah, kok bisa gak niat banget ngasih rakyatnya membaca gratis.",2026-04-23 13:26:42
A Google user,5,"(04/26) Edit: sudah berjalan baik kembali (lama) Masih ada beberapa error tapi sudah cukup baik (dibandingkan tepat setelah update ke tampilan baru). Edit: sekarang malah tidak bisa dibuka, 'verifikasi perangkat gagal' padahal aplikasi dari Playstore",2026-04-23 04:07:40
A Google user,1,"Huhuhu ... bagusan versi yg sebelumnya!!! Skr buku2 tdk otomatis tersimpan sth download shg tidak bisa dibaca offline. Jika salah pencet ketika baca, bikin masuk di mode untuk highlight dll tapi ga bisa bergerak ke halaman berikutnya. Ketika klik back, yg ada balik ke bagian hrs download ulang. Sangat mengganggu kenyamanan membaca! Smg bagian IT baca ini dan perbaiki. Kembalikan ke versi nyaman yg dulu. Semoga.",2026-04-22 13:43:59
A Google user,1,masih ada error di touchpad. saat kita tidak sengaja tekan layar. tidak ada cara utk menormalkan kembali. harus keluar dari ebook lalu kembali lagi,2026-04-17 22:55:46
A Google user,3,"fitur penandanya mengganggu banget waktu scroll. better gak usah deh dikasih fitur ini. kalo kepencet, di back malah keluar dari bukunya🥴",2026-04-16 13:32:45
A Google user,1,layu sebelum berkembang,2026-04-15 13:10:10
A Google user,1,"nggak bisa dibuka, pasti keluar sendiri",2026-04-15 04:30:59
A Google user,1,"BUKU TIDAK TERSIMPAN SECARA OFFLINE, SETIAP BUKA BUKU HARUS DOWNLOAD ULANG. TOLONG PERBAIKI LAGI 👌",2026-04-11 23:50:11
A Google user,1,susah banget buat pinjem,2026-04-10 07:24:03
A Google user,1,Nas stands for Nasional. book collections? meh 👎🏼,2026-04-08 10:55:20
A Google user,1,"pake aplikasinya dari dulu awal kuliah sampe skrg udh wisuda ga ada peningkatan sama sekali. tolong bikin supaya bisa cari buku berdasarkan penerbitnya juga, dan sistem filternya dibenerin, apalagi filter genre, kalau perlu ditambah fitur search di filternya karena CAPEK scroll ke bawah bawah ternyata yang dicari genrenya ga sesuai. wowok gara gara elu nih",2026-04-08 09:15:09
A Google user,1,"Tidak bisa buka ebook yang formatnya EPUB 😐 ayo dong iPusnas diperbaiki lagi. rating udah mengerikan gini. kasian tau rakyat indo yang gemar baca dan mau meningkatkan literasi jadi kesusahan. udahlah harga buku mahal, satu-satunya sumber bacaan gratis masih gak proper juga😮‍💨",2026-04-07 22:10:25
A Google user,5,"yeay udah jadi, jangan sering error ya ipusnas",2026-04-07 13:13:46
A Google user,1,aplikasi apaan ini error errorr,2026-04-05 10:58:51
A Google user,3,"Masih suka nge-crash, tiba-tiba logout sendiri, tapi koleksinya banyak. So ... masih bisa ditingkatkan lagi, semoga pemerintah nggak menghalangi jalan ya",2026-04-05 10:41:56
A Google user,1,versi 2.0.5 ngebug. gagal download mulu.,2026-04-01 17:37:43
A Google user,1,whyy sekarang susah banget aplikasi ini digunakan bahkan untuk login tolong banget diperbaiki aplikasi ini sangat berguna mencerdaskan bangsa kecuali kalian tidak peduli,2026-04-01 03:19:40
A Google user,5,sudah lancar,2026-04-01 00:38:24
A Google user,2,"Tolong buat readernya by page, karena kalau di tablet capek bacanya kalau scrolling.",2026-03-31 13:23:56
A Google user,1,"Tidak bisa untuk pinjam buku, error terus",2026-03-30 12:16:00
A Google user,1,"terlalu sering error, dan error nya tuh konsisten bgt kyk error sebulan habis itu bisa dipakai paling lama cuma seminggu",2026-03-30 03:55:44
A Google user,1,"admin, ini kenapa susah sekali untu minjem dan ketika udah dipinjem gak bisa kebuka.. mungkin bisa tolong diperbaiki.. sayang sekali kalau seperti ini",2026-03-30 01:48:39
A Google user,2,"Fitur bookmark masih belum bisa dipake ternyata. Udah dari lama nunggu fitur bookmark, soalnya kadang lupa nge-tracking hal bacaan di app tracker.",2026-03-27 08:30:56
A Google user,5,"udah bisa login dan pinjam buku sekarang, pliss banget pertahanin jangan sering eror",2026-03-27 01:22:12
A Google user,1,"Kali ini berhasil login, tapi malah device verification failed setiap kali minjam, diminta menggunakan aplikasi resmi, padahal downloadnya di play store. giliran berhasil pinjam, ga bisa dibaca karena token validation failed. Banyak banget errornya ini aplikasi. berkali kali rilis info ke kalo dah diatasi, dalam hitungan jam ada lagi errornya. gitu terus dari tahun kemarin. Masalah maintenance lah, upgrading lah, stabilisasi lah. Versi lama lebih stabil, versi sebelum interface nya berubah",2026-03-26 06:06:18
A Google user,1,Saya sudah verifikasi tapi pas mau pinjam belum ter verifikasi dan juga saya di kira pakai aplikasi modifikasi aneh,2026-03-25 18:33:36
A Google user,1,"gak bisa pinjem buku, error mulu",2026-03-25 17:20:04
A Google user,1,it doesn't work!,2026-03-25 15:04:22
A Google user,1,"Gagal meminjam buku secara online, keterangannya harus install aplikasi resmi melalui playstore. Padahal install nya langsung dari playstore👎🏻👎🏻",2026-03-25 09:23:32
A Google user,1,"Finally, after updating many times in a few years, the latest version of this application didn't work anymore. I can't borrow the book because my verification was rejected. It notified that device verification was failed. I used two accounts and reinstall the apps but still can't fix the problem. Which device software modification that makes crucial to decide verification will be confirmed or rejected?",2026-03-25 08:30:47
A Google user,3,"Buku tersedia sudah banyak, aplikasi sering crash, Tolong di perbaiki sebisa mungkin, agak sedikit terganggu untuk aksesnya",2026-03-25 07:21:42
A Google user,3,eror maksimal,2026-03-24 21:28:10
A Google user,1,malfunction apps.,2026-03-24 20:43:39
A Google user,1,"lumayan lengkap dan nagus. kadang bug stuck loading, setelah update terakhir malah gabisa login",2026-03-24 14:34:16
A Google user,1,"wah parah bgt ni apk, erorr teruss",2026-03-24 14:32:00
A Google user,2,hari hari error,2026-03-24 13:47:42
A Google user,1,halo ini kenapa ya tiap berusaha mau log in/bahkan coba buat akun baru ga bisa huhu aku kira device aku yang bermasalah tapi saat coba ganti device sama aja error:( padahal lagi butuh banget..,2026-03-24 13:22:08
A Google user,1,"tolong dong kakak teknisi ipusnas, ini apknya jelek bgt ga bisa dipake setelah update",2026-03-24 06:53:39
A Google user,1,lemott,2026-03-24 05:30:41
A Google user,1,"kocak, gak bisa dibuka apk nya, padahal jaringannya bagus. Berandanya loading terus gak muncul2",2026-03-23 13:53:45
A Google user,1,gak bisa login.,2026-03-23 02:23:13
A Google user,1,gagal mendaftar baik di HP maupun WEB,2026-03-23 02:20:06
A Google user,1,Kapan perbaiki app ini. Heran!,2026-03-22 13:09:01
A Google user,1,"Ciri khas app punya pemerintah, selalu setengah², ada aja hal yg bikin kecewa (kalau gak mau dibilang sampah). Gak bisa login, lelet, fitur gak lengkap, layar blank, app logout sendiri, dsb.",2026-03-22 02:41:24
A Google user,1,I couldn't login!! please fix the problems!,2026-03-21 12:51:33
A Google user,3,Error terus kenapa Min? Lagi baca soalnya ...,2026-03-21 12:00:01
A Google user,1,"kemarin udah ga error, hari ini malah kembali error padahal udah excited buat baca.",2026-03-21 00:19:59
A Google user,1,efek realokasi anggaran ke MBG kah? jadi jelek gini ? :(,2026-03-20 17:24:36
A Google user,1,"lagi baca, terus keluar aplikasi krn harus naruh hp. pas masuk lagi malah lag. tampilan home kosong, gabisa dipencet apa-apa, rak buku kosong, ngesearch juga gabisa. coba hapus data aplikasi, otomatis kan ke log out ya, yaudah akhirnya log in lagi. dan yap sampe sekarang malah gabisa log in. serius, sedih loh udah niatin baca buku, nemu buku bagus, udah nyempetin baca dikit trs pas mau ngelanjutin malah dikasih beginian. mau sampe kapan pelayanan aplikasinya ga bisa dinikmatin kayak gini?",2026-03-20 15:31:47
A Google user,1,"Sering banget error, app gak bisa dibuka padahal internet lancar. Tolonglah benerin ini.",2026-03-20 15:02:13
A Google user,2,"I don't know how they developed this app. I prefer the previous version which is simple but smooth. This version makes me uncomfortable. Every time I open this app, I have to log in first and it takes quite a long time to load.",2026-03-20 12:43:19
A Google user,3,"Sudah ada perbaikan dari perbaruan versi, lebih stabil dari sebelumnya, namun masih ada kekurangan yaitu harus download lagi meskipun sudah dipinjam dan dibaca. Tampilan lebih lengkap dan kemudahan meminjam dan mengembalikan .",2026-03-20 03:08:08
A Google user,1,tidak bisa dibuka di tab,2026-03-19 16:08:34
A Google user,1,"Akhirnya bisa baca setelah sekian lama selalu error. Tolong menu mode baca dibuat menu tersendiri, karena tiap salah tap, mode baca berubah dari scroll ke slide. Menu Highlight Text dll juga, mohon dibuat menu tersendiri.",2026-03-19 00:25:37
A Google user,4,terima kasih ipusnas sudah mendengarkan komplain dan kritik masyarakat ☺️ sekarang sistem aplikasinya sudah lebih baik dan mudah digunakan lagi untuk meminjam maupun membaca buku 🫶🫶,2026-03-18 14:20:52
A Google user,1,"sering banget ngebug, ga bisa baca buku yang dipinjam and di website juga sama errornya?! kenapa aplikasi pemerintah kalah sama swasta terus sih?!",2026-03-18 14:03:40
A Google user,5,Terima kasih tim iPusnas yang sudah memperbaiki aplikasinya. Bersyukur banget ada app sebagus ini dengan koleksi buku yang sangat lengkap dan bagus2. Semoga selalu amanah😍,2026-03-18 07:20:06
A Google user,5,"Akhirnya bener lagi, meski nunggu 2 bulan lebih. Makasih yang udah perbaikin app-nya. Please jangan dibiarin lama lagi kalau app-nya crash.",2026-03-18 06:23:50
A Google user,5,terima kasih sudah tidak error setelah update,2026-03-17 21:18:39
A Google user,2,"Yes I can borrow books, yes I can read it. But there's a one day limit for borrowing books? Efficiency, efficiency, efficiency, etc. Hell nawh😂",2026-03-17 15:20:17
A Google user,1,tidak stabil.,2026-03-17 09:13:43
A Google user,1,"sering banget tiba tiba log out sendiri. nanti pas dimasukin akunnya lagi, malah ""kesalahan data."" tolong diperbaiki lagi dong. masa saya baru aja download bukunya tiba tiba keluar sendiri dari apknya. sering banget gitu. baru download keluar dari apknya, baru buka aja langsung keluar dari apknya. parahnya lagi tuh sering log out sendiri dan kalo mau log in lagi terus tulisan nya kesalahan data kalo nggak server sedang sibuk.",2026-03-17 06:52:01
A Google user,1,The app doesn't work on my huawei tab even though the internet connection is fine,2026-03-16 21:34:26
A Google user,3,"Tidak bisa menyimpan buku di peminjaman, anggaran ipusnas buat perbaikan server biar masyarakat bisa mengakses dan baca buku sepuasnya, sebaliknya anggaran jgn dikurangin buat mbg pls thx",2026-03-15 21:51:12
A Google user,4,Ini aplikasi cemerlang. Hanya saja sekarang ada bug nya. Sudah beberapa bulan ini sy tidak bisa meminjam bukunya karena ada masalah teknis. Mohon tim iPusnas segera memperbaiki.,2026-03-15 13:36:26
A Google user,5,thx for fixing the bug sekarang udah bisa pinjam buku lagi. aku suka koleksi bukumu banyak bgt ❤️❤️❤️❤️,2026-03-15 08:11:42
A Google user,5,"aplikasi sudah bisa login, kutipan berfungsi dgn baik terimakasih Perpustakaan Nasional",2026-03-14 17:41:08
A Google user,4,"udah bagus sih aplikasinya tapi saranku ya ditambahin jumlah copy-annya masa cuman 500 aja per buku sedangkan rakyat Indonesia aja 270 juta, mana lama banget lagi ngantrinya kalau mau minjem buku",2026-03-14 09:58:52
A Google user,3,"iPusnas dan e-lib lainnya sekarang udah pada nggak bisa dipake sama sekali. Sebagai pengguna dari tahun 2021, jujur rasanya sedih & kecewa banget. Btw temen-temen kalau ada yang mau minjem buku gratis, mending ke iJakarta aja. Di sana aplikasinya masih bisa diakses, dan koleksi bukunya juga banyak.",2026-03-13 19:28:59
A Google user,5,aplikasinya udah bisa dibuka bukunya udah bisa didownload terimakasih atas perbaikannya,2026-03-13 15:33:01
A Google user,5,Thanks for the fix on the book system,2026-03-13 13:15:55
A Google user,5,"ini aplikasi bagus banget, bintang lima karena udah nyediain e-lib ini. cuman tolonglah jangan sering² maintenance, error mulu perasaan 😭",2026-03-13 12:35:43
A Google user,2,"Mohon kembalikan fungsi pengunduhan buku sekali saat pertama kali dipinjam. Setiap kali keluar e-reader dan harus download ulang itu agak menyebalkan. Ditambah lagi fitur text selection, highlight, atau kutipnya nyebelin, gak bisa di nonaktifkan dengan sekali tap dilayar, harus tekan tombol kembali baru bisa nonaktif. Setelah tekan tombol kembali, malah keluar dari e-reader, dan harus download ulang lagi. Pengalaman bacanya jadi gak enak.",2026-03-13 11:48:11
A Google user,1,"Saatnya uninstall... Kayaknye kena efisiensi juga nih, aplikasj error ngga dibenerin. Bye....",2026-03-12 13:00:45
A Google user,1,"saya tidak dapat meminjam buku apapun, katanya ada kesalahan data???",2026-03-11 15:54:21
A Google user,1,error mulu. gak bisa pinjam buku,2026-03-11 15:25:37
A Google user,1,"Sekarang bisa dibuka tapi tidak bisa pinjam buku, ada tulisan ""gagal mengirim data""",2026-03-11 10:41:27
A Google user,1,belum bisa minjam buku juga udh beberapa bulan nunggu,2026-03-11 08:45:49
A Google user,4,ini apk jga kena efisiensi kah?😭😭,2026-03-10 15:49:43
A Google user,1,too much error,2026-03-10 13:50:56
A Google user,1,Sudah berbulan-bulan tidak bisa diakses,2026-03-10 11:49:06
A Google user,1,kokk gabisaa sihh? trouble muluu nih dari tadii?!!kenapayaa?! perasaan dulu ga kaya ginii,2026-03-10 11:26:01
A Google user,1,maret 26 sepertinya rakyat dilarang pintar. oktober 25 Gila! sudah berapa bulan ini gak juga di benerin bugnya? Setelah update versi terbaru jadi tidak bisa buka buku yang dipinjam. Selalu force close saat coba baca buku apapun.,2026-03-10 05:28:53
A Google user,1,can't borrow books.,2026-03-10 03:21:41
A Google user,1,bisa log in tapi tetep ga bisa pinjem buku dan baca offline.,2026-03-09 22:41:28
A Google user,1,"Everytime i wanna borrow a book, which there are still many copies of it, it is notified that there's a problem with the data. Really hope this problem will be fixed soon.",2026-03-09 16:29:42
A Google user,1,"sudah sebulan lebih mau pinjam buku gak bisa, notifnya ""ada masalah saat mengirim data"". gak ada perbaikan sampai skrg.",2026-03-09 15:10:34
A Google user,1,error terus pas pinjam,2026-03-09 13:59:38
A Google user,1,tidak bisa meminjam buku atau mengunduh,2026-03-09 10:48:36
A Google user,5,"overall bagus, cuma sepertinya ada masalah terkait dengan databasenya, semoga cepat diselesaikan karena banyak teman teman yang ingin meminjam buku, namun datanya tidak dapat diakses",2026-03-09 01:41:17
A Google user,1,"This application should be a VERY useful application for many people, MAKING it EASIER to access reading and searching for lecture materials or the like, but it is VERY DISAPPOINTMENT that this application always has problems with logging in or the book borrowing process. Hopefully there will be a fix soon",2026-03-09 00:24:23
A Google user,1,udah 1 bulan lebih ngga bisa pinjam buku. Selalu disuruh coba lagi nanti.,2026-03-08 21:21:26
A Google user,1,Gangguan terus🥲 udah berapa bulan ini gak bisa pinjam buku buat baca. ada solusi?,2026-03-08 15:44:11
A Google user,3,"eh gabisa minjem buku karna data eror gimana deh, fix it pls",2026-03-08 15:39:46
A Google user,1,"cant even borrow books, cant even read, cant do anything. rip.",2026-03-08 15:02:53
A Google user,1,"I used to love this app so much. The book collection is great and it made reading very easy. I even recommended it to my students because this app really helped us read more without having to buy books. But for the past two years, especially after the updates, the app often has errors and sometimes the books can’t be borrowed at all. I hope the developers can fix this soon because in my very humble opinion iPusnas is such a really great platform for reading and learning.",2026-03-08 14:32:13
A Google user,3,"""Ada masalah saat mengirim data, silakan coba lagi nanti"" begitu katanya kak kalo saya klik ""pinjam"" Terimakasih",2026-03-08 14:25:59
A Google user,1,"ga bisa minjem buku, aplikasinya mersamalah mulu.. tiap kli mau pinjem tulissannya 'terjadi kesalahan saat pengiriman data, pinjam di waktu lainnya'.. tapi masalahnya udh dadi beberapa hari yg lalu sampe skrg blm bisa minjem.. coba minjem buku di perangkat lainnga juga g bisa ni app",2026-03-08 01:52:06
A Google user,3,"ini gimana ya, aku suka aplikasinya karena hampir semua buku yg kucari ada. tapi setiap mau pinjam buku selalu ngga bisa. tulisannya ada masalah saat mengirim data. minta tolong di-fix secepatnya dong kak, butuh banget buku di dalam sini 😔",2026-03-07 18:53:03
A Google user,1,"sangat disayangkan, pihak mengembang sepertinya tidak punya cukup dana untuk mengelola aplikasi ini",2026-03-07 05:53:50
A Google user,1,"menawarkan banyak buku untuk dipinjam dan gratis, tapi kenapa pada saat klik ""Pinjam"" muncul peringatan ""ada masalah saat mengirim data....""",2026-03-07 05:17:18
A Google user,2,Konten aplikasi bagus tapi bug terus. Yuk bisa yuk maintenance.,2026-03-07 04:08:12
A Google user,1,What's the problem with this app? I can't even borrow anything. How can I read the collection then?,2026-03-06 12:24:03
A Google user,1,kenapa ga bisa pinjam buku ya? eror terus,2026-03-05 22:33:33
A Google user,1,Buku tidak bisa dipinjam,2026-03-05 22:02:10
A Google user,1,"Maintenance hampir 3 bulan, sejak awal tahun 2026. Sungguh mengerikan. Sebuah kemunduran peradaban jika benar ini terjadi karena efisiensi anggaran perpustakaan sebuah negara.",2026-03-05 16:06:58
A Google user,1,mau dibenerin kapan tolong kasih kepastian. Kalo mau ditiadakan juga tolong diumumkan jangan ngegantung begini.,2026-03-05 14:27:32
A Google user,1,Buku tidak bisa diakses,2026-03-05 13:15:52
A Google user,1,kok udah gabisa minjem buku lagi sihhhhh 💔💔💔💔💔,2026-03-05 04:46:01
A Google user,1,"Tidak bisa meminjam buku. ""Ada masalah saat mengirim data, silahkan coba lagi nanti"" Sampai kapan nantinya😔",2026-03-05 01:53:35
A Google user,1,"ga bisa pinjem buku, dananya abis buat MBG kah? gimana mau mencerdaskan kehidupan bangsa! jika maintenance ini sudah terlalu lama menurut saya baru kali ini saya sangat kecewa dengan sebuah aplikasi, apakah pemerintah sungguh tidak peduli kepada rakyatnya? jika memang tidak bisa menyediakan bahan baca publik secara fisik, minimal secara virtual, sekarang juga yang virtual tidak bisa digunakan",2026-03-04 21:56:29
A Google user,2,"Tolong dong, udh hampir sebulanan lebih kok masih error ya? padahal sudah di update. Saya ingin meminjam buku untuk tugas jadi susah. Tolong segera diperbaiki. Saya butuh sekali",2026-03-04 16:14:04
A Google user,1,"tidak bisa pinjam buku, error mulu",2026-03-04 13:15:01
A Google user,1,Semoga anggaran kalian tidak dipotong lagi bahkan ditambah dan aplikasi ini bisa diakses lagi. Salam literasi.,2026-03-03 21:50:03
A Google user,1,"ga banget, error terus. padahal lagi skripsian butuh ipusnas buat cari referensi tapi malah ga bisa digunain udah sebulanan. tolong lah :(",2026-03-03 16:01:41
A Google user,1,"Ini apakah masih bisa dipakai aplikasinya?, saya selalu dapat pesan ""Ada masalah saat mengirimkan data, silakan coba lagi nanti” setiap klik tombol pinjam buku, jika ada yg punya solusinya mohon dibagi ya guys",2026-03-03 14:56:16
A Google user,1,"Uninstalled. Comeback next quarter. Sejak bulan Januari 2026 peminjaman buku kendala. Kini bulan Feb pun belum berfungsi tombol pinjam dan pesan kendala, Ada masalah dalam mengirimkan data, coba lagi beberapa saat",2026-03-03 07:43:09
A Google user,2,halo...sampai hari ini saya masih mengalami kendala saat meminjam buku. sudah mencoba menghuhungi via email namun juga blm ada tanggapannya. mohon info dan solusinya. terimakasih,2026-03-03 05:24:04
A Google user,1,can't to use,2026-03-03 01:57:44
A Google user,1,error mulu mau minjam ngak bisa terus,2026-03-03 00:21:52
A Google user,3,"udah berhari hari gak bisa pinjam buku. selalu muncul 'ada masalah saat mengirim data, silakan coba lagi'. 😞",2026-03-02 22:41:56
A Google user,1,apaan error bae,2026-03-02 21:58:11
A Google user,1,"Aplikasinya gak bisa dipake. Error.. Gak bisa klik pinjam. Ada masalah dalam kirim data, coba lagi. Gitu terus...",2026-03-02 08:09:32
A Google user,1,"Aplikasi ga bisa di pakai,padahal seharusnya bagus,tapi kendala nya ada terus. jelek bangettt,tolong di perbaiki.",2026-03-02 05:34:37
A Google user,1,perbaiki bug issue apps tidak bisa meminjam buku sama sekali,2026-03-02 04:44:08
A Google user,2,"ga bisa pinjam, tulisannya ada masalah saat mengirim data. sdh diuninstall masih trouble, sdh pake hp, tablet 2 biji, sdh ganti akun sama aj.. klo sdh bisa pinjam buku n baca nnt ku ubah ratingnya.. tolong diperbaiki secepatnya @developeripusnas",2026-03-02 02:43:19
A Google user,1,error melulu,2026-03-02 01:40:53
A Google user,1,can't borrow some book,2026-03-01 16:42:30
A Google user,2,"I don't know what's wrong with the app?? I can't borrow the book even though it's available. there's always info that says ""can't contain the data, etc."" it seems like a bug only for mine. I have tried to move to the PC, install and uninstall many times but it doesn't work. if there's a way to solve the problem or how to contact the one who can help me, please let me know asap, I really appreciate the help for maintenance. This is actually a good app, please make it easy how to use this app.",2026-03-01 15:03:27
A Google user,1,"Aplikasi sering error, gak bisa pinjem buku. gak niat membudayakan membaca emang.",2026-03-01 14:30:24
A Google user,1,mbg?,2026-03-01 14:23:23
A Google user,1,eror teruss,2026-03-01 04:17:42
A Google user,1,can't borrow books,2026-03-01 02:53:10
A Google user,1,waktu mau pinjam bermasqlah mulu 😔,2026-03-01 00:32:27
A Google user,4,"kenapa ya error terus, padahal kan aku pengen baca² tolong yaa🥲",2026-02-28 22:02:59
A Google user,1,error mulu ya gara-gara anggarannya dipotong? masa maintenance apk nyampe dua bulan lebih,2026-02-28 21:00:12
A Google user,1,"lama banget perbaikannya, kapan bisa diakses lagi?",2026-02-28 13:13:16
A Google user,5,"Aplikasi yang sangat bagus, menemaniku sejak zaman covid, sayang sekali sekarang tidak bisa download buku lagi, seperti sedang ada masalah di sistemnya, semoga segera diperbaiki.",2026-02-28 11:52:07
A Google user,1,error terus. ada masalah saat memgirim data. silakan coba beberapa saat lagi. 😮‍💨,2026-02-28 06:38:08
A Google user,1,jelek,2026-02-28 00:29:09
A Google user,1,kenapa lama sekali errornya. di aku gk bisa pinjam buku. padahal udah seneng banget ada banyak buku yg aku belum punya fisiknya jadi bisa tetep baca mau pinjam eh gk bisa terus. ini harus diapain supaya bisa. di yg lain bisa tp di aku gk bisa. sebagian orang bisa tp yg lain gk bisa pinjam. tolong yg bener ya indonesia ini buku untuk mencerdaskan bangsa yg masuk tujuan negara ada di dasar negara loh weh,2026-02-27 22:27:31
A Google user,3,tidak bisa pinjam buku dicoba gagal terus padahal stok masih banyak,2026-02-27 05:05:28
A Google user,2,woiii ini gimana sih error terus dahhhh,2026-02-27 04:57:16
A Google user,1,Error terus... bukunya tersedia tapi gk bisa dipinjam,2026-02-27 04:03:57
A Google user,1,kenapaaa gabisa di pakai sudah berbulan2,2026-02-27 02:44:26
A Google user,1,tidak bisa digunakan,2026-02-27 02:24:06
A Google user,1,"Dear iPusnas, please. Adanya aplikasi ini kan sebetulnya sangat membantu bagi sebagian orang, termasuk saya untuk mengakses bacaan yang bagus secara digital. Koleksi dari iPusnas juga beragam dan bagus-bagus tapi akan jadi percuma kalau aplikasinya selalu bermasalah setiap bukunya mau dipinjam. Sudah dicoba berkali-kali, eror terus. Uninstall juga ga berpengaruh apapun. Review tentang masalah ini juga ga cuma 1-2 aja, tolong segera perbaiki bug aplikasinya. Thx.",2026-02-27 02:13:13
A Google user,1,"Kecewa berat sama ipusnas, hampir 2 bulan aplikasi error terus menerus, sampai sekarang belum ada info kepastian kapan akan bisa kembali normal, tidak adanya kabar lebih lanjut menambah spekulasi2 dari pembaca setia ipusnas. Katanya pemeliharaan? peningkatan keamanan? tapi perlukah selama itu? memangnya apa yang dipelihara? kalau ujung-ujungnya nanti juga error lagi. Harusnya Ipusnas memberikan solusi lain dan ikut tampil dalam menenangkan pembaca setia iphsnas",2026-02-26 16:52:43
A Google user,1,"kok sampai sekarang masih belum bisa dwonload buku ya. ""ada masalah saat mengirim data"" selalu begitu, mohon dibantu",2026-02-26 06:57:56
A Google user,1,makin diupdate makin ga bisa dipake.. ga bisa pinjam buku sama sekali.. dah lah hapus aja..🥺,2026-02-26 04:49:53
A Google user,1,"Kenapa ya ketika mau meminjam ada keterangan error sudah dari awal tahun seperti ini. Tolong diperbaiki lagi yah, sayang banget kalau error terus",2026-02-26 03:56:13
A Google user,1,Dulu aku bilang keren tapi sekarang banyak bgt gangguan. Tolong dong min inikan fasilitas untuk mencerdaskan bangsa. Tolong dikelola dengan cerdas juga,2026-02-26 02:57:13
A Google user,1,"ga bisa pinjem buku, kecewa banget:(",2026-02-26 01:07:13
A Google user,1,gjls eror mulu,2026-02-25 21:55:48
A Google user,2,"Belakangan selalu ga bisa pinjam buku ""ada masalah saat pengiriman data, coba lagi nanti"" selalu begitu, tolong diperbaiki",2026-02-25 18:02:23
A Google user,1,"setiap mau pinjam buku. selalu ""ADA MASALAH SAAT MENGIRIM DATA, SILAHKAN COBA LAGI NANTI"" sampai kapan",2026-02-25 07:25:17
A Google user,1,"saya ngasih bintang 5 untuk ipusnas tahun 2022. sekarang maaf yaa Sy kasih bintang 1. Sejak update model Sy uninstal dan beberapa Kali pakai sangat ngeselin, gak kayak dulu. Mau pinjam buku di PC malah suruh instal di HP. baca di HP itu melelahkan.",2026-02-25 04:18:44
A Google user,2,"bukunya lumayan lengkap. tapi kok aku ga bisa pinjam buku 😭 malah dikasih notif ""ada kesalahan saat mengirim data, silakan coba lagi nanti"" help... aplikasi kebanyakan bug",2026-02-24 23:28:37
A Google user,2,"sudah 4 hari an ini, buku ga bisa dipinjam.",2026-02-24 22:44:46
A Google user,1,"How poor this app, it often error. Please fix it!",2026-02-24 22:10:06
A Google user,1,seriusan ada update terakhir? kok gak ada perbaikan sama sekali ya? pinjam buku masih ada masalah/eror atau apa lah,2026-02-24 10:44:27
A Google user,1,"EROR MULU GIMANA SIH, MAU BACA GAK BISA. Padahal copy nya masih banyak tetep aja gak bisa di pinjem",2026-02-24 03:33:14
A Google user,1,"ini app nya kenapa sih, susah banget mau pinjem buku. udah coba ganti email dan instal ulang juga tetep sama aja. please lah",2026-02-23 16:33:19
A Google user,1,"what is wrong with this app?, I really enjoy reading books with this app. I don't know if it's an error, but the page just keeps loading. Even though my signal internet is good.",2026-02-23 16:27:43
A Google user,1,jelek bgt g bisa diapa2in🙄,2026-02-23 15:25:58
A Google user,1,"udah hampir 3 bulan gk bisa dipake, pengen baca jadi kehambat.",2026-02-23 14:45:00
A Google user,2,Jelek error mulu,2026-02-23 13:22:55
A Google user,1,"tolong diperbaiki ga bisa pinjem buku, eror ga jelas",2026-02-23 12:58:36
A Google user,1,"busuk, ngehamburin duit negara. apps gak bisa dipake",2026-02-23 12:06:18
A Google user,5,coba tingkatkan,2026-02-23 11:05:04
A Google user,1,tolong diperbaiki dong aplikasinya. baru bisa login hari ini tapi ga ada satupun buku yang bisa dipinjam.,2026-02-23 07:33:53
A Google user,1,Tolong perbaiki bugs nya dong.. Gak bisa minjem udah setahun lebih nih,2026-02-23 07:19:46
A Google user,5,for several months we can not borrow books in this app. please fix it.,2026-02-23 05:58:51
A Google user,1,"tidak bisa buat pinjam buku, aneh",2026-02-23 05:55:12
A Google user,1,"rawan error, memang aplikasi ginian bukan prioritas pemerintah. aplikasi sejenis dari pemerintah juga sama aja",2026-02-23 05:41:15
A Google user,3,"tolong dong buat admin, aplikasinya lebih diperhatiin. Masa tiap mau pinjam buku selalu ga bisa. Tolong banget dong admin diperbaiki dan ditingkatin lagi aplikasinya",2026-02-23 05:09:13
A Google user,1,"Yaampun... Hancur sehancurnya negara ini, sekelas pengelolaan aplikasi perpus nasional aja AMBURADUL, KUNO, BANYAK PROBLEM.",2026-02-22 21:50:40
A Google user,2,"ini tiap hari ga bisa buka buku, gagal mengirim data muluuu. Kasian yang mau baca seindonesia gara gara server eror",2026-02-22 21:06:33
A Google user,1,kok sekarang loadingnya lama ya? terus akunnya keluar2 sendiri. kalau mau masuk juga lelet banget. kok gk bisa diunduh bukunya??????,2026-02-22 16:54:42
A Google user,1,"Mau kapan diperbaikinya, Bang? Kaga bisa pinjam sama sekali, hisssh! Sudah kutunggui dari Neolitikum ini! C'mon!",2026-02-22 16:38:36
A Google user,1,"apa yang terjadi? jumlah copy yang tersedia memadai, tapi ada masalah saat hendak meminjam. masalah ini saya alami hampir 2bulan.",2026-02-22 15:34:25
A Google user,1,"eror nya gak sembuh sembuh, heran 🥲",2026-02-22 12:43:29
A Google user,1,Can't even open this app since wowo became president tf,2026-02-22 09:15:23
A Google user,1,tidak bisa pinjam buku padahal digital tgl download atau buka ngapain pinjam pinjam,2026-02-22 08:13:28
A Google user,1,Error mulu gabisa pinjam buku sama sekali,2026-02-22 06:52:04
A Google user,1,"Ya Allah, ratingnya turun Sampek segini, 1,8? please balikin kayak versi awal aja. yang penting kan supaya masyarakat bisa baca buku. tolong diperbaiki, error terus, nggak bisa pinjam buku.",2026-02-22 06:43:06
A Google user,3,Kapan bugnya dibenerin min?😭,2026-02-22 06:00:44
A Google user,1,"ini kenapa minjem buku error terus, solusinya gimana",2026-02-22 05:48:00
A Google user,1,error mulu,2026-02-22 03:25:57
A Google user,1,"Aplikasinya bagus dan sangat membantu masyarakat untuk dapat mengakses lebih banyak literatur. Tapi sangat disayangkan SERING SEKALI error. Bahkan sudah 2 bulan terakhir ini beberapa kali gangguan. Awalnya tidak bisa login, setelah bisa login malah tidak bisa pinjam buku.",2026-02-22 03:16:20
A Google user,3,"Saat menekan tombol ""Pinjam"" di aplikasi muncul keterangan ""Ada masalah saat mengirim data, coba lagi nanti"". Ini terjadi setiap saya akses aplikasi.",2026-02-22 02:15:40
A Google user,1,aplikasi yang lebih banyak errornya dibanding kegunaannya. It's our tax money,2026-02-21 22:17:06
A Google user,1,"Error mulu, bukan prioritas pemerintah sih ya😡",2026-02-21 16:49:01
A Google user,1,"The app isn't working properly on my Xiaomi Pad. Every time I try to borrow a book, it says ""there was a problem sending the data. Try again later"" even though my internet connection is fine",2026-02-21 15:04:25
A Google user,2,"sebetulnya banyak banget kemajuan yang ada di ipusnas ini, kayak koleksi buku makin komplit, jumlah copy makin banyak, dan waktu pinjam lebih panjang. tapi sayang banget setelah update beberapa kali malah jadi gak bisa pinjem buku?? kayak error saat mengirim data, gitu mulu masalahnya 😭 jadi buat apa koleksian yg bagus itu tapi gak bisa dibaca 🥲🥲",2026-02-21 14:47:48
A Google user,1,"Apakah ada aplikasi iPusnas terbaru? Peminjaman buku selalu terkendala proses data. Terlebih lagi seluruh aplikasi tidak bisa menampilkan gambar secara utuh. Semenjak ganti device di 2023, akun iPusnas tidak dapat digunakan seperti sebelumnya. Sudah lepas pasang install tetap tidak bisa. Bagaimana?",2026-02-21 13:49:05
A Google user,1,tidak bisa pinjam buku,2026-02-21 10:27:17
A Google user,1,"sudah dua bulan ini gangguan, baik cuma sehari, setelah itu error selalu, saat ini tidak bisa dipinjam. mohon untuk ditindak lanjuti, saya perhatikan komentar keluhan para anggota pustaka juga diabaikan, sehingga terkesan ipunas memang tidak diprioritaskan",2026-02-21 09:57:35
A Google user,1,"sedih bgt perpustakaan nasional kena efisiensi, dan mungkin alesan ipusnas sampe skrg error ya karna itu :( ngga ada buku yg bisa dibaca sampe skrg...",2026-02-21 06:05:33
A Google user,1,"gabisa pinjam buku, katanya error",2026-02-21 04:51:16
A Google user,1,yang dikelola pemerintah emang pasti jelek sih,2026-02-21 04:35:57
A Google user,2,"sedih banget udah sebulan ga bisa download buku. selalu ada error message ada masalah dalam pengiriman data. sudah email ke developer tapi ga di respon, jadi ratingnya lebih karena kecewa ga ada respon.. semoga dengan review bisa ditanggapi.",2026-02-21 03:41:07
A Google user,1,error saat pinjam buku,2026-02-21 02:05:05
A Google user,1,"sumpah lama amattt d perbaikinya, nggk nyangkaaaa bermasalah mulu",2026-02-20 22:06:30
A Google user,1,"Sering sekali muncul ""Error Java file download error"" atau loading lambat.",2026-02-20 18:04:08
A Google user,1,gamau mbg maunya buku gratis,2026-02-20 14:37:35
A Google user,1,"sudah lebih 1 bulan tidak bisa pinjam buku di aplikasi ipusnas, alasannya ada kesalahan pemindahan data terus. tolong ini bagaimana solusinya dari pengembang aplikasi ini.",2026-02-20 13:09:03
A Google user,1,mau sampe kpn error g bisa dipinjem trss??? niat g sih ngasih fasilitas ini????,2026-02-20 12:11:48
A Google user,1,"Saya buka aplikasinya mau minjem buku tapi kok gak bisa yaa, feedbacknya selalu ""ada kesalahan saat mengirim data""... Padahal lagi butuh buku banget 😢😭",2026-02-20 06:32:39
A Google user,1,"Setiap kali saya klik pinjam, keterangan nya selalu sama ada masalah saat mengirim data, coba lagi nanti. Dari pertama kali download app nya.",2026-02-20 06:04:49
A Google user,2,"kok nggak bisa dipinjam lagi ya? sudah saya coba uninstall dan insta ulang, tetap saja begitu terus. ""ada masalah saat mengirim data, silahkan coba lagi nanti"" begitu terus saat tekan tombol pinjam, padahal copian bukunya banyak. ada yang mengalami masalah yang sama atau cuma saya aja nih? trims",2026-02-20 05:49:34
A Google user,1,fix it asap. whats the point with this app if we cant borrow the book?,2026-02-19 23:51:44
A Google user,1,Benerin woi udah berhari hari eror ini,2026-02-19 20:50:22
A Google user,1,kenapa tidak bisa dipinjam seperti sebelum-sebelumnya? sayang sekali padahal ini app yg sangat membantu meningkatkan akses ke bacaan gratis.,2026-02-19 17:36:55
A Google user,3,"crashed terus, internal error gak bisa pinjem buku, dan bingung lapor kemana. padahal koleksinya bagus2 dsn interface udah upgraded dari yang awal2.",2026-02-19 17:03:16
A Google user,1,"data server sering error, provider nya ngga update kaya nya nih",2026-02-19 14:39:31
A Google user,1,mau pinjam ebook gagal terus,2026-02-19 12:42:37
A Google user,1,After update this app does not work for Xiaomi pad ....,2026-02-19 10:32:30
A Google user,1,"IT'S BEEN A FEW WEEKS, PLEASE REPAIR THE ERROR",2026-02-19 10:01:39
A Google user,1,always error,2026-02-19 06:03:08
A Google user,2,"tidak bisa meminjam buku, tolong diperbaiki",2026-02-19 05:09:01
A Google user,1,"Sedih banget!!!!, aplikasinya sebenarnya bagus , mulai suka baca lagi karna bisa pinjem disini ,tp sayang banget suka error dan ntah kapan betul nya ,semoga bisa lebih bagus lagi aplikasinya gada error lagi",2026-02-19 03:01:32
A Google user,1,"kemarin2 bisa aja tuh dipake, minjem bukunya bisa. eh malah gabisa, padahal nemu buku bagus🙄🥺",2026-02-19 01:29:13
A Google user,1,just uninstalled it because I can't even borrow a book! selalu tulisannya data error try again later atau apalah dari awal install. udah ditunggu sampai 2 Minggu tetap gak bisa pinjam buku sampai hari ini. Tolong diperbaiki sistemnya agar bisa dipakai masyarakat Indonesia yang tidak bisa akses perpusnas karena berada di daerah luar Jakarta!,2026-02-18 23:14:10
A Google user,1,selalu susah kalo mau pinjem buku,2026-02-18 22:46:43
A Google user,1,"udah 2 bulan aplikasi ngaco, gak bakal dibenerin guys, anggarannya abis disedot mbg",2026-02-18 21:49:12
A Google user,1,"Tidak bisa meminjam buku, selalu ada tulisan error setelah klik pinjam buku. Tolong diperbaiki dong",2026-02-18 10:05:39
A Google user,1,"masih eror, belum bisa minjem buku",2026-02-18 05:35:17
A Google user,1,"Aplikasinya bagus karena punya beragam buku yang bisa dibaca, hanya saja akhir-akhir ini tidak dapat dipinjam. Tolong segera diperbaiki🙏🏻",2026-02-18 05:02:27
A Google user,1,there's always an error whenever I'm trying to borrow a book,2026-02-18 04:37:15
A Google user,1,Cape banget Ipusnas sebulan lebih problem... Mohon percepat untuk pembenahan sistem :(,2026-02-18 00:35:09
A Google user,1,"Setiap mau pinjam buku, malah muncul keterangan ""Ada masalah saat mengirim data""",2026-02-17 23:21:09
A Google user,1,app sering error dan bermasalah saat sedang meminjam buku,2026-02-17 19:08:04
A Google user,1,can't even read one bc of the error,2026-02-17 18:47:46
A Google user,1,dipake sekali doang abistu gangguan. tolonglah KL kasi program biar rakyatnya baca dipermudahlah. ini gangguan mulu,2026-02-17 17:31:36
A Google user,1,"aplikasinya bermasalah terus, sudah 1 bulan lebih ngga bisa baca buku online karena bermasalah terus saat mau minjam bukunya",2026-02-17 15:29:40
A Google user,3,gak bisa dibuka. lloading terus. sdh 3 hari ini. piye to iki ipusnas. error mulu😱 gak bisa dipinjam lagi buku2nya. sdh 1 minggu lebih gini terus,2026-02-17 14:48:32
A Google user,2,"ini kenapa kalau pinjam buku keluar nya ""Ada masalah pada pengiriman data..."" mulu admin, tolong bug nya diperbaikin donk... tq",2026-02-17 03:08:59
A Google user,1,"tidak bisa berfungsi sama sekali, not useable at all. Setiap mau memakai app ini ada aja kendalanya, tidak bisa login, tidak bisa meminjam, file ebooknya tidak bisa terbuka. literal tidak bisa dipakai sama sekali!!",2026-02-16 16:47:15
A Google user,1,berhari-hari saya mau pinjem buku tapi selalu tidak bisa. alasannya selalu gagal mengirim data.,2026-02-16 16:44:20
A Google user,1,"tidak bisa meminjam buku sama sekali. selalu muncul pop up message ""ada masalah saat mengirim data""",2026-02-16 15:24:26
A Google user,1,sering error,2026-02-16 13:56:34
A Google user,1,"aplikasi berjalan, namun tidak bisa pinjam buku. device samsung tab 9s, android 16. please fix it. sampai saat ini aplikasi tidak bisa digunakan untuk pinjam buku. tidak ada perbaikan setelah berbulan² dilaporkan.",2026-02-16 12:49:30
A Google user,1,sdh tdk bisa pinjam buku lagi :(,2026-02-16 07:47:04
A Google user,1,"sudah beberapa minggu ini aplikasinya gabisa digunakan. pas saya minjam buku itu malah gk bisa dipinjam, tulisannya selalu ""ada masalah saat mengirim data, silahkan coba lagi nanti"". mohon bantuannya dong",2026-02-16 07:33:29
A Google user,2,Histori akun dari 2021 saya hilang setelah update,2026-02-16 07:21:28
A Google user,1,fix it pls,2026-02-16 05:32:20
A Google user,1,"tiap meminjam buku selalu eror, sudah 2 minggu tidak ada perbaikan, mohon diperbaiki",2026-02-16 03:42:46
A Google user,1,"Tolong dong diperbaiki 😭 ngga papa agak lama, tapi biar buku bisa dipinjam dan ngga error terus😐",2026-02-16 03:07:02
A Google user,1,nggak ada niatan dibenerin? pada nggak bisa pinjam buku loh,2026-02-16 03:01:25
A Google user,1,Versi terbaru tidak bisa diunduh,2026-02-16 02:49:03
A Google user,1,Kok ga bisa pinjam buku ya ? Error terus,2026-02-15 20:06:52
A Google user,1,"Nggak bisa pinjem ebook nya, niat bikin apk nggak sih??!!",2026-02-15 17:44:57
A Google user,1,niat ga sih bikin aplikasi seriuslah gini mau literasi maju mau buka aja udah males kebanyakan error contoh tuh china serius bikin ekosistemnya investasi gede2an di teknologi,2026-02-15 17:01:41
A Google user,1,"ini aplikasinya error apa gimana sih? dari kemaren mau pinjem buku masa ga bisa padahal sinyalnya bagus, awalnya ku kira hpku ngelag, ternyata emang aplikasinya aneh",2026-02-15 11:01:43
A Google user,1,tidak dapat mengunduh buku,2026-02-15 07:44:53
A Google user,5,"bagus aplikasinya namun sering ada kendala, sekarang belum bisa meninjam, segera perbaiki yaaa...",2026-02-15 06:51:09
A Google user,1,kapan bener nya sih ni aplikasi. apa guna nya update kalo makin buruk,2026-02-15 05:58:35
A Google user,1,Bukunya ada tapi tidak bisa dipinjam. Serius nggak sih aplikasinya?,2026-02-15 04:47:47
A Google user,1,"i can't borrow the book cs problem data or something idk, i've been trying again & again but nothing. Pls fix this problem.",2026-02-15 02:22:21
A Google user,1,"un-useable dari awal desember lalu. padahal update 1.6.4 akhir 2024 udah ok lumayan bisa buat baca baca walaupun masih sekedar yang penting ada. makin kesini makin kocak. login error terus, history juga hilang, apalah fitur highlight dan bookmark kalau after due loan book semuanya hilang. sekelas layanan nasional dan soal literasi, sungguh terlaluuu, smh.. 🤦🏻‍♂️",2026-02-14 17:31:54
A Google user,4,"sering gangguan, tolong segera perbaiki",2026-02-14 15:41:05
A Google user,1,Sungguh sangat disanyangkan aplikasi Yang bisa menambah literasi masyarakat tapi malah banyak kendala. Tolong diperbaiki,2026-02-14 15:13:53
A Google user,2,ERROR MULU COK,2026-02-14 13:37:03
A Google user,1,ipusnas kenapaaaaa??? kok ga bisa pinjem buku? 😭😭,2026-02-14 12:58:48
A Google user,2,"Login susah, kebanyakan error, sekalinya berhasil dan nyoba minjam buku ... error lagi, kan jadi nggak guna ya apk nya 😀",2026-02-14 11:58:16
A Google user,1,nggatau ngga jelas pas mau di pinjem dari pustaka malah nggabisa,2026-02-14 10:52:20
A Google user,1,"Apk yang dulu lebih bagus, sekarang laman home ngebug lamaaa banget. 15 menit muter terus, saya ga bisa pake fitur search-nya kalo gini. Ayolah perbaiki lagi, buku-buku terbaru juga tolong ditambahkan lebih banyak lagi. Tolong buku-buku yang bisa dipinjam tapi tidak bisa dibuka/baca diperbaiki juga. Tolong segera diperbaiki karena pasti banyak yang membutuhkan buku-buku di apk ini, seperti saya. Terimakasih",2026-02-14 10:50:16
A Google user,1,belum bisa pinjam buku dr bulan lalu. apa segitu lamanya utk perbaikan?,2026-02-14 08:07:03
A Google user,1,"e-perpus aja nggak bisa diakses, sok banget ajak inggris bangun world class university",2026-02-14 03:26:01
A Google user,1,setelah update tidak bisa pinjam buku lagi,2026-02-14 02:35:48
A Google user,1,Ini kapan perbaikannya selesai sih? Bermasalah terus tiap mau pinjam buku.,2026-02-14 00:51:27
A Google user,1,"Enggak bisa masuk, atau enggak bisa pinjam buku. Udah sebulan begitu",2026-02-13 15:36:14
A Google user,2,"gabisa minjam. udah coba bbrp buku, semuanya gabisaaaaaa. tolong benerinn 🥺",2026-02-13 12:10:28
A Google user,1,"perbaikan nggak selesai selesai, ini dana nya dipake mbg ya??",2026-02-13 11:29:00
A Google user,1,"It's a great app because it provides us a lot of book. But unfortunately, this app often error so it is really uncomfortable to use. Plus the notifications is not real time. There's no notification appear tho. AND NOW I CAN'T EVEN LOG IN AFTER UPDATING. LOL I KEEP EDITING MY REVIEW AND IT'S GETTING WORSE AND WORSE. WHAT'S THE POINT OF PROVIDING MANY COPIES BUT ALWAYS GETTING PROBLEM WHENEVER WE TRY TO BORROW. ZERO STAR. EVEN MINUS.",2026-02-13 06:11:09
A Google user,1,"Gak bisa dipakai sama sekali. Padahal buku sepenting itu buat mahasiswa. Udahlah harga buku fisik mahal. Perpustakaan kota gak lengkap. Eh, ini buku digital juga gak boleh dibaca. Tiap hari bermasalah. Pemerintah gak mau rakyatnya pinter kah?",2026-02-13 02:48:58
A Google user,2,Kenapa aku gak bisa minjam bukunya? Selalu ada masalah dalam mengirimkan data,2026-02-13 02:05:30
A Google user,1,Useless,2026-02-12 14:37:57
A Google user,1,error lama bangeeeett.. tidak bs diklik pinjam. padahal sudah eror kayak gini sejak awal tahun kemarin. Masak gak bs dipakai sampai berbulan-bulan??,2026-02-12 10:02:24
A Google user,1,udah berapa minggu ini ngga ada perbaikan,2026-02-12 07:29:53
A Google user,1,"Ada aja errornya. Gak niat memperbaiki, error kok lama amat.",2026-02-12 07:05:35
A Google user,1,"Ga pernah bisa pinjem buku tulisannya ""ada masalah saat mengirmkan data coba lagi nanti"" selalu gitu",2026-02-11 14:28:29
A Google user,1,selalu gkbisa baca buku,2026-02-11 13:48:12
A Google user,2,"Mimiinn, gimana iniii koq udah lama failed nya, ga bisa pinjam miiinnn",2026-02-11 13:35:16
A Google user,1,tidak bisa pinjam buku sama sekali. tidak tahu apa sebabnya. padahal kredensial saya sudah lengkap.,2026-02-11 12:49:13
A Google user,2,butuh peningkatan performa dari aplikasi ini,2026-02-11 11:42:26
A Google user,1,"Baru coba aplikasi nasional sangat menarik, Saat pertama kali buka aplikasi kita diminta daftar, dan ketika selesai daftar kita disuruh coba lagi. Pas dicoba lagi gagal lagi dan disuruh coba lagi terus. Benar benar aplikasi yang sangat menarik dan bermanfaat",2026-02-11 08:14:16
A Google user,1,"aplikasi pemerintah, selalu tidak memuaskan",2026-02-11 05:37:02
A Google user,1,sekarang cukup ribet ya sampai gak bisa pinjem buku,2026-02-11 05:22:28
A Google user,2,sering gagal ketika meminjam buku padahal bukunya tersedia banyak. semoga segera diperbaiki,2026-02-11 04:41:26
A Google user,1,"Udah di-update pun masih susah buat pinjem. Error, dll. Tolong segera diperbaiki.",2026-02-10 22:45:12
A Google user,3,"Kak, maaf saya nggak bisa pinjam buku kenapa ya? Muncul notifikasi ""Ada masalah saat mengirim data, silahkan coba lagi."" Bisa tolong diperbaiki, Kak. Saya sangat butuh referensi tersebut untuk penyusunan proposal skripsi saya. Terimakasih.",2026-02-10 17:42:55
A Google user,1,"unduh buku nya load lama banget, nge stuck disitu situ aja dan yauda gabisa baca cuma nge stuck di loading pengunduhan, duh ga deh mau pinjam buku aja errpr mlu, kok jdi gni sih? udh hampir mau 1 bulan",2026-02-10 16:29:31
A Google user,4,"""ada masalah harap coba lagi nanti,"" padahal udah di install ulang dan di refresh berkali kali. Namun, tetap sama. Apakah tidak ada keinginan untuk diperbaiki? Padahal saya sedang berminat sekali membaca. Bagaimana solusinya? Sudah seminggu saya buka berulang kali masih sama saja. Lucu",2026-02-10 15:18:42
A Google user,1,gak bisa pinjam buku,2026-02-10 14:48:31
A Google user,1,aplikasi bobrok. buang anggaran doang. mau pinjam buku malah gak bisa.,2026-02-10 12:12:34
A Google user,4,good,2026-02-10 12:07:12
A Google user,1,"the worst app ever, always error",2026-02-10 12:02:08
A Google user,1,"Akhirnya dh bisa log in, tapi tetep aja ga bisa minjem buku😮‍💨",2026-02-10 10:35:17
A Google user,1,sangat mengecewekkan karena sering error,2026-02-10 10:32:21
A Google user,1,"idk why but we can't borrow the books, since last year, pls fix this app",2026-02-10 09:41:48
A Google user,1,"tolong diperbaiki lagi sistem nya, login dan proses peminjaman buku gagal terus",2026-02-10 07:19:46
A Google user,1,perbaiki dong aplikasinya makin kesini kok makin jelek padahal sangat berguna tolong di dengarkan,2026-02-10 03:01:43
A Google user,1,Bapuk banget dah,2026-02-10 01:57:57
A Google user,1,"LAMA BGT BENERNYA KOCAK, AELAH MAKANYA PENDIDIKAN TUH DI PRIORITASKAN BUKAN MALAH MAKAN TRS KOCAK",2026-02-10 01:57:53
A Google user,1,sering ga bisa di buka,2026-02-09 22:48:28
A Google user,1,"Tidak bisa login, sudah coba versi webnya juga tetap tidak bisa",2026-02-09 17:29:08
A Google user,1,terlalu sering error untuk waktu yang lama. menghambat orang mau baca ebook,2026-02-09 14:38:34
A Google user,1,Orang Backend kerja woiii!!!!,2026-02-09 13:14:26
A Google user,2,"sebenarnya bagus bisa membantu mencari referensi, tapi aplikasi sering eror sulit dibuka 🙂",2026-02-09 09:20:31
A Google user,5,Ini bagus. Sangat bermanfaat. Tapi kenapa sering error ya. Tolong ditingkatin lagi ya aplikasinya. Karena ini bener-bener bermanfaat banget kalau kita bisa baca buku digital seperti ini.,2026-02-09 08:58:10
A Google user,1,aplikasi plenger,2026-02-09 08:09:19
A Google user,1,"Tidak pernah ada perbaikan terus. Berkali-kali saya terkendala login. Saya sudah jelas download secara resmi, tetapi masih sulit untuk login. Bahkan, saya sudah menggunakan akun Gmail yang sama namun masih terkendala terus.",2026-02-09 06:23:59
A Google user,1,"mau daftar aja susah nya minta ampun, ini sekelas nasional apinya kok gini bangeet",2026-02-09 01:57:52
A Google user,1,sebelumnya udah bener. sekarang bego lagi aplikasinya. gak bisa login.,2026-02-08 14:17:47
A Google user,1,"sy gk bs masuk2 selalu error. pdhl pertsma bs, tp bgtu keesokannya sdh bbrp hr ini error dah bolak balik unistall-install, gk bs jg.",2026-02-08 13:32:54
A Google user,1,"error terus, mau pinjem error, buka aplikasi error, mau login ulang error, perpus digital Indo gak ada yg bener, download hampir semua perpus digital, sama semua gitu. Ijakarta bermasalah sama sistem pencarian, ipusda mau pinjem error. Gimana mau ningkatin literasi, udah niat baca dipersulit. Mau lewat buku mahal, ilegal gak boleh. Giliran yang legal aja sulitnya minta ampun.",2026-02-08 11:24:37
A Google user,1,"setelah update terbaru aplikasi jadi tidak bisa digunakan sama sekali. sebelum uninstall bisa login tapi riwayat pinjaman dan buku yang sedang dipinjam kosong. halaman home loading terus, tombol pencarian tidak bisa ditekan, tidak bisa meminjam buku lain. sudah uninstall & install ulang malah error, tidak bisa login. kondisi sekarang benar-benar menghambat pengguna. mohon segera diperbaiki",2026-02-08 11:06:52
A Google user,1,"gak bisa daftar kakak, jadi gak bisa gunain app nya :(",2026-02-08 08:21:41
A Google user,1,aplikasi dr pemerintah pasti bobrok ..ini udh ga keurus apa gimana sih...jangankan baca..buka aja gak bisa!!!,2026-02-07 21:24:58
A Google user,2,"sebenarnya aplikasinya bagus dan berguna bgt untuk baca buku secara gratis, tapi di lain sisi apk nya sering bgt ngebug (sebenernya lebih sering ngebug ketimbang normal nya), sangat disayangkan apk yg berguna kaya gini gabisa di maintenance dengan baik.",2026-02-07 10:52:50
A Google user,1,"udah update version terbaru, masih aja ga bisa login",2026-02-07 05:52:44
A Google user,1,"UX nya gapernah beres, kerja yang bener dong, sir",2026-02-07 05:00:23
A Google user,1,"sering susah dibuka, gabisa login, ga loading halaman web nya. Sejak update malah semakin parah.",2026-02-07 00:50:41
A Google user,1,kok gak bisa buat baca ya,2026-02-07 00:18:21
A Google user,1,knp gabisa login/daftar ya,2026-02-07 00:02:19
A Google user,2,"Aplikasi ini sebenarnya bermanfaat banget. Tapi belakangan ada banyak kendala waktu digunakan. Eror, tidak bisa login/daftar. Padahal sebelumnya baik-baik saja",2026-02-06 19:41:47
A Google user,1,"Sudah tidak bisa login di website. app tidak bisa digunakan, hanya loading tanpa tampil apapun. Ini bug atau update?",2026-02-06 17:12:48
A Google user,1,abis upgrade malah gabisa dibuka,2026-02-06 14:56:12
A Google user,1,"apk jelek, banyak bug, masa pesan error mentahan tampil di user, login aja gabisa 🤌🏼",2026-02-06 13:07:04
A Google user,1,"normal dalam beberapa hari aja, abis itu error lagi... gabisa login lagi..",2026-02-06 09:19:30
A Google user,1,"ga bisa pinjam buku, sulit login, eror mulu padahal sudah update apk.",2026-02-06 05:16:39
A Google user,1,"setelah saya update, saya tidak bisa meminjam buku sama sekali, tidak bisa mengedit profile, bahkan tidak bisa log out. akhirnya saya uninstall, tapi setelah saya install lagi, saya tidak bisa login dan mendaftar, karena terus muncul java.lang.illegal blablabla.",2026-02-06 02:57:43
A Google user,1,"Di-update malah gak bisa pinjam buku, error mulu. Pas nyoba login ulang malah gak bisa juga.",2026-02-05 19:47:50
A Google user,1,"Kalau memang tidak berminat melakukan perbaikan, alangkah baiknya hapus saja aplikasi ini. Sudah ada banyak sekali kritikan akan tetapi pihak pengembang aplikasi rasa-rasanya enggan memperbaiki aplikasi ini. Padahal aplikasi ini bagus dan bermutu, tapi agaknya entah pengembang tidak dapat support atau entahlah kenapa, seperti tidak berminat melakukan perbaikan aplikasi. Betah sekali sepertinya menjadi manusia bodoh",2026-02-05 17:54:58
A Google user,1,aplikasi gak guna,2026-02-05 10:07:56
A Google user,1,kalo bisa gw kasi mines. maintenance mulu coy,2026-02-05 07:26:19
A Google user,1,terlalu sering mengecewakan,2026-02-05 06:31:46
A Google user,2,"parah banget sekarang, habis update malah ga bisa masuk. mau bikin akun baru ga bisa juga. niat bikin aplikasi ga sih??",2026-02-05 05:46:11
A Google user,2,"seringgg banget eror pas mau baca, tolong bangettt diperbaiki",2026-02-05 04:35:18
A Google user,1,"Tidak bisa masuk, ada tulisan java... dari tadi dicoba masaih belum bisa masuk juga. Tolonglah diperbaiki",2026-02-05 03:32:29
A Google user,1,mohon diperbaiki aplikasinya.,2026-02-05 02:37:42
A Google user,1,crash terus gak bisa dipake,2026-02-05 00:19:29
A Google user,1,"unusable. awal register bisa masuk akun, tapi enggak bisa pinjam buku sama sekali meski sama naskah kuno dengan kopi tidak hingga. coba di-reinstall dan sekarang tidak bisa login. versi web dan android sama saja. seharusnya bug seperti ini enggak selama ini enggak ditangani sama sekali. aplikasi tidak bisa dipakai selama 3 hari (bisa lebih) tanpa perubahan. percuma UI bagus tapi aplikasinya enggak bisa dipakai, cuman sebagai eye candy to a broken product.",2026-02-04 23:39:02
A Google user,1,"Sering banget nggak bisa baca di sini belakangan entah karena apa. Maintenance-nya lumayan berpengaruh ke flow membaca, apalagi buat aku yang lagi butuh referensi untuk mengerjakan. Semoga cepat berbenah.",2026-02-04 23:07:11
A Google user,3,"sebenarnya bermanfaat tapi kenapa lelet banget dibuka, padahal sinyal bagus, buka app lain pun lancar dan app ini juga ga sinkron dg device lain walau 1 akun, misal batas baca berbeda dg di device lain",2026-02-04 17:03:41
A Google user,1,"setelah upgrade malah gabisa dibuka, mending balik ke versi awal deh yang penting pengguna bisa baca :) jujur kecewa",2026-02-04 15:43:30
A Google user,5,"Baru 2 hari bisa diakses, sekarang ga bisa lagi. Admin tolong dipantau, errornya terlalu sering",2026-02-04 15:15:37
A Google user,2,"setiap mau login atau daftar baru susah bangett, padahal internet bagus tapi aplikasinya loading teruss",2026-02-04 13:24:41
A Google user,1,"can't login email method, 1 mont I can't login this App why?",2026-02-04 11:26:04
A Google user,1,"Aplikasi maintenance terus, udah gitu sekalinya maintenance lama lagi hadeh hadeh",2026-02-04 09:39:27
A Google user,1,"payah ah gak bisa pinjem buku. alesannya ada masalah mulu👎👎👎 perbaiki dongg segera, banyak yang ngalamin hal sama nih",2026-02-04 04:50:49
A Google user,1,"saya sudah mencoba uninstall dan install berkali-kali agar bisa meminjam buku, namun yang selalu muncul notifikasi ""ada masalah saat mengirim data, coba nanti"" ini aplikasi pemerintah namun kualitas dan pelayanan yang dihadirkan tidak sesuai dengan rakyat yang membayar pajak!",2026-02-04 03:20:12
A Google user,1,be for real you guys. just give it private programmer or something. you always mess it up in every update.,2026-02-03 21:19:16
A Google user,2,error mulu,2026-02-03 14:55:21
A Google user,1,"apa gunanya maintenance 3minggu, kalo masih eror gini... minat baca turun bukan karna males, tp krn ipusnas eror",2026-02-03 14:24:24
A Google user,1,bermingu minggu maintenance kaga bener juga tuh,2026-02-03 13:45:43
A Google user,1,"udah update masih blum bisa dipakai... ktanya ""ada masalah saat mengirim data, coba lagi nanti""",2026-02-03 09:59:45
A Google user,1,kok sekarang jadi ginni lah.buka pinjem buku torced close lah.,2026-02-03 06:38:42
A Google user,1,tidak bisa login di android. tolong bantuannya tim IT . 🙏 lebih baik dibuat full web saja tidak usah di android atau ios agar lebih mudah di maintenance.. repot kalo sampai di audit..🙏,2026-02-03 05:43:51
A Google user,1,"ERROR LAGI?!!!! Beneran aplikasi paling banyak gebrakan, kalo gak nge-lag, ya malah ga bisa login. Ditambah lagi, download buku 2MB doang mesti ngosongin memori internal ~1GB dulu baru bisa diunduh, bener-bener ya! Yuk bisa yuk tim developer ipusnas lebih gereget lagi ngerjain aplikasi ini. Masa kalah sama aplikasi buatan swasta sih :')",2026-02-03 05:03:14
A Google user,1,"pembaruan terakhir tidak memperbaiki sama sekali. dengan keterangan saat meminjam buku, masalah tidak dikenali. apa coba? lebih baik segera diperbaiki..",2026-02-03 01:49:44
A Google user,1,"Baiknya: Sudah ada improvement yang lumayan dibanding versi sebelumnya. Terlalu responsif, saya hanya berniat menggeser halaman dikira melakukan ""block"". Sangat mengganggu. Ayo devnya kerja keras lagi, atau perlu bantuan kah? Edit: Hari ini: Aplikasi Sampah, kondisinya bener2 unusable, butuh bantuan kah?",2026-02-02 12:23:54
A Google user,1,setelah update aplikasi tidak dapat dibuka,2026-02-02 11:51:52
A Google user,1,udah update ternyata sama aja. sekarang mau pinjam buku ada tulisan masalah tidak dikenali. rasanya update sia sia aja. tolong diperbaiki. terimakasih 🙏,2026-02-02 07:42:24
A Google user,1,"jujur lebih enak versi yang dulu ini lebih ribet, suka keluar-keluar sendiri dan gak jelas, btw ini dana pengembangannya gak di korupsi kan, sumpah semakin lama semakin gak nyaman, Tulung lah harusnya makin lama bisa lah makin canggih, makin nyaman digunakan, makin bagus tampilannya, ini malah makin lama makin mundur, dah bintang 1 dulu nanti aku tambahin bintangnya kalau udah lebih bagus kualitasnya.",2026-02-02 04:22:12
A Google user,1,kesalahan teross,2026-02-02 03:45:14
A Google user,1,"gila, dari tahun ke tahun ku kira akan ada peningkatan terhadap kualitas sistemnya, ternyata malah makin bobrok.",2026-02-01 21:20:44
A Google user,2,it keeps crashing😭 semangat buat dev nya,2026-02-01 09:19:37
A Google user,1,"tidak bisa meminjam buku. bahkan keterangannya ""masalah tidak dikenali"". Sayang banget sebesar nama Ipusnas kurang tanggap menyelesaikan masalah di layanan apps-nya. Semoga lekas berbenah",2026-02-01 04:01:36
A Google user,1,Setelah berhasil meminjam buku aplikasi selalu tertutup,2026-02-01 00:29:38
A Google user,1,"bukunya bisa diunduh tapi gak bisa dibaca, access denied katanya. device redmi pad se",2026-01-31 23:37:06
A Google user,3,"sering error, bikin format/sistem yang bisa dibaca di kindle please 🙏🙏",2026-01-31 06:34:50
A Google user,5,"Udah di update nih, udah bagus lagi keren",2026-01-31 06:15:54
A Google user,1,"masih belum bisa minjam buku,,",2026-01-31 01:45:53
A Google user,1,not even working. what a waste of our tax money,2026-01-30 18:31:21
A Google user,1,"kenap jadi gak bisa pinjam buku?tertulis ""masalah tidak dikenal""..tolong diperbaiki..",2026-01-30 12:39:20
A Google user,1,"eror, tidak bisa baca buku sama sekali!",2026-01-30 11:41:16
A Google user,1,"masih belum bisa dibuka di android per 29 januari. ayolah, saya ingin pintar jadi warga Indonesia",2026-01-30 08:03:56
A Google user,5,"30 Jan 2026: bisa digunakan juga akhirnya dengan ereader jadul, Nova Air, Android 10, RAM 3GB. thanks so much. 24 Dec 2024: mohon perbaikan App agar bisa digunakan pada ereader Onyx Boox Nova Air, android 10. Versi app sebelumnya lancar. Saat upgrade ke versi baru malah bermasalah. Ini lagi baca novel yg sedikit lagi tamat. (Bintang 1)",2026-01-30 05:23:55
A Google user,1,sangat buruk aplikasi tersebut tidak bisa login karena verifikasi perangkat gagal. padahal saya dawload dari play store. dan perangkat juga tidak di modif.,2026-01-30 01:40:06
A Google user,3,"kenapa setiap kali saya mau login, tidak bisa. muncul pesan ""Verifikasi Perangkat Anda. Pastikan perangkat Anda menggunakan aplikasi dari Google Play Store dan perangkat Anda tidak di modifikasi."" Padahal saya sudah install dari ps dan handphone saya juga ga ada modifikasi sama sekali. Pun, sudah saya coba ganti pw, siapa tau pw nya yang salah. eh setelah coba login lagi tetap sama. Sudah di uninstall dan install lagi juga tetap begitu terus.",2026-01-30 00:50:13
A Google user,2,"kenapa ada masalah di verifikasi perangkat, HP saya gak ada modifikasi apapun",2026-01-30 00:28:33
A Google user,2,"Plisss tim IT ipusnas perbaiki aplikasinya dehh, udah lama ini ga ada perkembangan, padahal kalau diperbaiki ini ratingnya bisa 5 karena ini sangat membantu buat saya yg jauh ke perpustakaan, apalagi ga bisa pinjam buku di sana karena bukan berdomisili Jabodetabek, Smg berbenah terus ipusnas 🫶🏼 gua edit bintang 5. klo ipusnas ga error lagi GABISAAA LOGIIIINNN, VERIVIKASI PERANGKAT GAGALLL TERUS!!!!!",2026-01-29 22:33:49
A Google user,2,gak bisa dipakai lagi ya?,2026-01-29 18:57:05
A Google user,1,"aplikasi log out sendiri terus, di dalam aplikasi lemot banget",2026-01-29 17:38:50
A Google user,2,woeh. ini Napa dari yang awalnya gabisa minjem buku jadi makin gabisa buka aplikasi jir,2026-01-29 15:46:57
A Google user,1,"plis boleh ga sih jangan aneh² dulu, mau baca buku susah bener😭. klo mau RnD aplikasi saranku bikin aplikasi lain aja buat dummy coba coba... ,,Ya Allahh 😭",2026-01-29 05:37:42
A Google user,1,"I can't even open the app, it says I have to use the official app from Google Play, even though I downloaded it from the Google Play Store.",2026-01-29 05:16:23
A Google user,1,"jelek ihh, perasaan sebelum di perbarui enggak separah dulu deh. Semenjak perbarui makin makin makin jelek, udah eror melulu. Sengaja kah supaya kita enggak baca buku? mana udah harga buku mahal hadehhhh",2026-01-29 05:15:30
A Google user,1,"aplikasi ini semenjak diupdate malah jelek, nggk seperti sebelumnya. masa tiap masuk harus ke PlayStore dulu, loading lama sekali aplikasi ini kenapa ya, kok gangguan terus. heran!",2026-01-29 04:53:22
A Google user,1,error benerin dong,2026-01-29 04:04:27
A Google user,1,Error tak bisa login,2026-01-29 02:33:07
A Google user,1,abis di-update malah gak bisa log-in,2026-01-29 01:43:11
A Google user,1,Parah bangettttt,2026-01-29 01:03:35
A Google user,1,"aneh bgt ni apk, ga bisa pinjem skrnh ga bisa login LOL",2026-01-28 17:35:12
A Google user,1,"di update, jadi lebih buruk. gabisa buka app sama selkali",2026-01-28 16:09:53
A Google user,1,kenapa jadi jelek sih app ini ? padahal dulu bagus bgt bisa buat baca buku,2026-01-28 10:26:59
A Google user,1,"useless, can't even borrow a single book.",2026-01-28 07:56:13
A Google user,1,"tolong perbaiki lagi masa tiap mau pakai selalu gak kebuka , giliran ke buka mau pinjam buku tiba² keluar muncul ket : verifikasi perangkat gagal.",2026-01-28 07:18:37
A Google user,1,banyakan error ny nih drpd warasny gws,2026-01-28 05:57:43
A Google user,1,ini kenapa jd dikira download ilegal deh 😠,2026-01-28 05:39:05
A Google user,3,katanya perbaikan di tgl 25 bukanya perbaikan malah makin parah login malah GK bisa keterangan apk bukan dari playstore lah gimana bukan dari playstore ini komen di playstore donwload juga udah di playstore aneh,2026-01-28 04:46:46
A Google user,1,this application doesn't work properly,2026-01-28 04:41:38
A Google user,1,perbaikannya lama bgtt🙁,2026-01-28 04:19:38
A Google user,2,"Baca reviewnya dari tahun jebot udah banyak bener yg kasih bintang satu, krn crash, error dll. Dan, udah tahun 2026 juga tetep konsisten errornya 😊. Udahan yuk, errornya, udah banyak banget yg pengen dan suka baca, cuma yaa kalo error mulu gimana 🙏🏻",2026-01-28 04:01:29
A Google user,1,"aplikasi bosokkkk, arep moco ae angel",2026-01-28 02:03:59
A Google user,1,Aplikasi tidak bisa digunakan setelah diperbaharui.,2026-01-28 01:42:42
A Google user,3,"Tidak bisa login, selalu muncul peringatan perangkat tidak bisa diverifikasi dan disuruh menggunakan aplikasi resmi dari playstore. Padahal saya download nya ya dari playstore. Sayang sekali, padahal buku-bukunya bagus.",2026-01-28 00:35:37
A Google user,1,"jelek, gangguan trs",2026-01-27 23:36:49
A Google user,1,aplikasi terambruk. udah tahun 2026 tapi masih aja tampilan ui/ux nya kampungan macam ga pake duit negara aja utk developnya. koruptor lu semua,2026-01-27 21:26:31
A Google user,1,"kalau enggak niat buat aplikasi mending dananya dipakai buat sesuatu yang lebih bermanfaat. Udah enggak bisa minjem lewat web, update aplikasi malah dikira enggak resmi dari playstore",2026-01-27 19:34:47
A Google user,1,error terus,2026-01-27 18:28:15
A Google user,1,"aplikasi setengah hati! baru download sehari, dalam sehari itu juga aplikasi susah dibuka dan digunakan dengan dalih aplikasi tidak resmi dan mobile phone yang tidak resmi, padahal semuanya resmi. untuk aplikasi sekelas lembaga nasional dan untuk kepentingan publik, aplikasi ini seperti aplikasi murahan tanpa adanya maintenance yang baik, banyak sekali bugs di sistemnya. sungguh sangat ironi dimana seharusnya setiap warga negara Indonesia bisa akses perpustakaan nasional, miris sekali",2026-01-27 17:56:28
A Google user,2,sering keluar sendiri,2026-01-27 16:57:54
A Google user,1,akun suka log out sendiri terus susah kalau mau log in lagi,2026-01-27 16:55:55
A Google user,3,"minn tolong dong kenapa setiap mau login di aplikasi verifikasi perangkat gagal mulu, pdhl kalau login di web Ipusnas bisa masukkk, mau baca jadi susah min, tolong dong min diperbaiki sistem aplikasinya",2026-01-27 15:48:04
A Google user,1,"makin kesini makin rewel, error mulu kocak",2026-01-27 15:16:22
A Google user,1,"aplikasi ini, seiring berjalannya waktu bukannya makin baik tapi makin buruk. sudah sebulan saya gak bisa download buku, sekarang saya malah gak bisa masuk GAK BISA LOG IN!!!!",2026-01-27 10:45:32
A Google user,1,Efek dana kena efisiensi aplikasi sepenting ini jadi ga ada dana buat perbaikan yang proper!,2026-01-27 09:45:35
A Google user,1,"why i can't open this app, pesan system muncul verifikasi perangkat gagal duhh, udah sekian lama maintenance dan setelahnya juga tambah parah, tolong dong adminnya dibenerin ini appnya",2026-01-27 05:47:01
A Google user,1,tidak bisa log in,2026-01-27 05:45:28
A Google user,1,"aplikasinya gajelas masa mau login aja udah kaya mau ketemuan sama muhammad ali, lama banget buset",2026-01-27 05:24:06
A Google user,1,"ga bisa daftar akun, dikira download aplikasi dari luar padahal dari PlayStore",2026-01-27 05:18:20
A Google user,1,gagal verifikasi perangkat,2026-01-27 04:31:33
A Google user,1,ini ipusnas lagi kenapa sih? kok aku gabisa masuk terus,2026-01-27 04:16:55
A Google user,1,"baru kemarin bener, skrg bapuk lagi. tolong laaah",2026-01-27 04:14:17
A Google user,1,Udah hampir sebulan maintenance ga selesai-selesai,2026-01-27 03:06:47
A Google user,1,"aplikasi aneh, update terus tapi malah jadi jelek. barusan mau buka aplikasi malah dibilang bukan download secara resmi. orang download pakai play store gimana sih",2026-01-27 02:58:14
A Google user,1,This app doesn't work properly. I can't even log in.,2026-01-27 02:35:58
A Google user,1,"busukk banget error terus, maintenance lama ga pernah bener anehhhhh",2026-01-27 01:56:15
A Google user,1,tolong ditingkatkan aplikasinya biar rating nya tinggi,2026-01-27 00:49:29
A Google user,1,Laaahh dalah.. malah nggak bisa dibuka. padahal katanye maintenance sampe tgl 25 Januari 2026?? 🥲,2026-01-27 00:25:25
A Google user,1,hadeeuh pada kerja oy. benerin ni app.,2026-01-26 19:16:27
A Google user,1,"lumayan melelahkan untuk bagian masuk, terutama data login yang terhapus secara terus menerus. Juga tidak terintegrasi antar platform, itu melelahkan untuk pengguna ketika ingin berpindah media membaca.",2026-01-26 18:59:45
A Google user,1,ngak bisa login,2026-01-26 16:53:57
A Google user,1,"Noooo, uang PPN yang aku bayar buat belanja belum digunakan buat bikin aplikasi iPusnas jadi crash",2026-01-26 16:09:16
A Google user,1,tidak bisa login,2026-01-26 15:02:27
A Google user,1,"habis update gabisa dibuka samsekkkk, mau baca buku aja dipersulittt😭😭😭😭😭🤌👎",2026-01-26 14:00:01
A Google user,1,dibuka aja kaga bisa bloon,2026-01-26 13:48:52
A Google user,2,"Dari beberapa hari ini kenapa bermasalah terus ya? uda coba dibeberapa device tetap tidak bisa. mulai dari tidak bisa pinjam, tdk bisa buka, notif apk yg yg katanya bukan unduh di play store?? sampai tutup sendiri",2026-01-26 11:33:39
A Google user,1,"Tidak bisa login, dibilang karena perangkat ga diverifikasi padahal emang udh download dari google play store langsung",2026-01-26 07:53:47
A Google user,1,kok udah di update tapi waktu masuk ga bisa ya pak? katanya verivikasi nya gagal? aneh bgt,2026-01-26 05:31:52
A Google user,1,kenapa setelah diupdate malah tidak bisa buka?,2026-01-26 04:48:19
A Google user,1,"Yang paling penting dulu, ini adalah aplikasi terburuk dengan banyak sekali masalah: gagal login, maintenance berminggu-minggu, masalah peminjaman, dan seterusnya. Ini aplikasi pemerintah, didanai dengan uang negara, tapi kok amburadul dan enggak beres sama sekali. Niatnya untuk mencerdaskan anak bangsa tapi eksekusinya sangat bodoh. Terus yang sama sekali nggak penting, harus banget yah pasang wajah presiden & wapres di halaman login? Emang ngaruh gitu? Bikin illfeel aja & bikin berat2 sistem",2026-01-26 03:46:44
A Google user,1,"aplikasi lu eror mulu dah, padahal di website bisa dibuka kok benerin dongg yaelahhh",2026-01-26 03:28:05
A Google user,1,"Every update to the latest version has actually caused the app's performance to decline dramatically. In addition to difficulties logging in due to device verification failures, the number of books available for borrowing has decreased and they are less interesting. The 2022 version is still better.",2026-01-26 02:54:04
A Google user,1,di edit bukannya makin bagus malah makin ampas,2026-01-26 02:39:05
A Google user,1,"sumpah kenapa gabisa masuk terus sama gabisa pinjam buku, perasaan dulu gak bapuk gini dah ipusnas?????",2026-01-26 02:17:50
A Google user,1,sering error,2026-01-26 01:22:45
A Google user,3,setelah update knpa ga bisa dibuka 😭 katanya verifikasi perangkat gagal. help min,2026-01-26 01:21:03
A Google user,1,"sungguh disayangkan, menunggu lama tapi pada akhirnya eror lagi🥲",2026-01-26 01:11:30
A Google user,1,yang bener kocak bermasalah mulu,2026-01-26 00:31:43
A Google user,1,setelah diupdate aplikasi malah tidak bisa diakses,2026-01-25 22:42:21
A Google user,2,"kenapa jadi tidak bisa masuk, verifikasi perangkat gagal Aneh",2026-01-25 22:02:58
A Google user,1,"maintenance lama gak bener2. disuruh update, abis update malah gak bisa login. verifikasi perangkat gagal",2026-01-25 20:57:17
A Google user,1,kok jadi gabisa login yaa??,2026-01-25 19:57:31
A Google user,1,"Update terbaru per 26 Januari 2026 tidak bisa login, keterangannya ""tidak bisa memverifikasi perangkat Anda, silahkan unduh aplikasi resmi dari google Store dan tidak memodifikasi perangkat"". Udah coba berulang kali, tetep ga bisa😔",2026-01-25 19:41:19
A Google user,3,"Setelah update, apk tidak bisa dibuka sama sekali. Keterangannya: tidak dapat verifikasi perangkat dan diharapkan pakai aplikasi resmi dari Google Play. Setelah uninstall dan install ulang, baru bisa dipakai normal. Tapi cuma sekali, beberapa jam kemudia kembali tidak bisa dibuka sama sekali",2026-01-25 19:40:12
A Google user,1,cant even login,2026-01-25 18:38:49
A Google user,1,"please tell me, kalian kena efesiensi anggaran kan?? Makanya maintenance hampir satu bulan? Dan sekarang disuruh update tp gabisa login dan kalopun bisa login pinjam buku pun gabisa.",2026-01-25 16:21:06
A Google user,1,GAK BISA DIBUKA LAGI KOCAKKK,2026-01-25 16:14:02
A Google user,2,Aplikasinya engga bisa dibuka karena gagal verifikasi perangkat dan selalu diminta untuk download dari aplikasi resmi. Padahal mah downloadnya udah dari playstore. Aneh banget!,2026-01-25 15:51:12
A Google user,1,ga niat elu bikin aplikasi,2026-01-25 15:17:30
A Google user,1,BUSUK BGT NIH APLIKASI,2026-01-25 14:32:24
A Google user,1,"sudah update, masih tidak bisa pinjam buku. tiba-tiba terlogout, katanya perangkat tidak bisa diverifikasi; harus download aplikasi dari Play Store dan perangkat tidak dimodif. padahal ini download dari play store, ponsel saya juga normal.",2026-01-25 14:32:20
A Google user,1,Di update malah ga bisa login,2026-01-25 14:21:09
A Google user,1,terlalu banyak problem,2026-01-25 14:12:49
A Google user,1,"got please install from play store without modified apps notice. Please fix it, thank you",2026-01-25 13:59:30
A Google user,1,gabisa masukk..,2026-01-25 13:54:19
A Google user,2,"Aplikasinya kok gk bs dibuka, padahal banyak buku yg pengen saya pinjam.",2026-01-25 05:43:56
A Google user,1,"update mulu tapi ga ada bagusnya, makin susah di akses",2026-01-25 05:15:38
A Google user,1,"sayang sekali koleksi buku bagus2 tapi aplikasi sangat buruk,",2026-01-25 04:54:46
A Google user,1,gak bisa pinjam buku,2026-01-25 03:45:02
A Google user,1,terdeteksi aplikasi dimodifikasi. padahal download dari playstore.. aplikasinya makin gak bisa digunakan 🥲,2026-01-25 03:29:18
A Google user,2,"BARUUUU aja semalam senang karena iPusnas sudah bisa pinjam lagi, sekarang ga bisa login karena tidak dapat memverifikasi perangkat :')))) semoga bisa di tindak lanjuti ya, download nya dari playstore aja ini, bukan dari app illegal dll",2026-01-25 03:15:37
A Google user,1,verifikasi perangkat gagal. trs gmn? kudu make perangkat desa kah? atau seperangkat alat sholat?,2026-01-25 03:00:55
A Google user,1,"After a long period of downtime due to maintenance, I couldn't log into the app. I was very frustrated🫠🫠🫠",2026-01-24 23:38:58
A Google user,1,gak bisa pinjem buku ini tolong diperbaiki dong:),2026-01-24 23:34:53
A Google user,5,di 2022 sih oke tapi sayangnya belakangan error mulu. hari ini dijanjikan bisa digunakan setelah maintainece lama ternyata malah ga bisa dibuka dianggap aplikasi yg diinstall bukan dari google play,2026-01-24 23:04:03
A Google user,1,"maintenance sampe sebulan, setelah ditentuin tanggal selesainya ternyata php, sgt mengecewakan",2026-01-24 21:36:28
A Google user,1,aplikasinya kok gabisa dipake sih. benerin dong,2026-01-24 21:14:42
A Google user,5,wah aplikasi yang sangat mengesankan dalam hal ribetnya untuk dipakai.,2026-01-24 19:02:28
A Google user,2,"ada error ketika login: ""Kami tidak dapat memverifikasi perangkat anda. Pastikan anda menggunakan aplikasi resmi dari play store dan perangkat tidak dimodifikasi"". Padahal instal aplikasi ini dari play store tapi masih tetap tidaj bisa login.",2026-01-24 18:24:15
A Google user,1,gk bisa pinjam buku,2026-01-24 17:52:54
A Google user,1,"Katanya perbaikan kelar tgl 25 Januari 2026, ini knp apk nya logout sendiri, dan pas mau login malah nggak bisa terus. Muncul keterangnya harus mengunakan apk resmi download dari playstore dan apk tidak dimodifikasi. Padahal apk di download lewat playstore loh, dan tidak ada modifikasi dalam bentuk apapun. Udh nunggu lama, masa hasilnya gini sii😭",2026-01-24 17:32:15
A Google user,5,Bagus aplikasinya berfungsi dengan baik dan cepat kerjanya.,2026-01-24 14:56:59
A Google user,1,"gak bisa pinjam buku. ""ada masalah saat mengirim data"" keterangannya",2026-01-24 13:13:29
A Google user,1,gak bisa minjem buku,2026-01-24 11:04:22
A Google user,1,"jelek banget banget sistemnya semenjak diperbaharui, malah gak bisa didowload sama sekali",2026-01-24 06:46:44
A Google user,1,"Tidak bisa download buku, pdhl kmrn2 bisa. skrg error muncul javailegalstate. tolong diperbaiki. nama doang perpustakaan nasional tapi ga bisa minjem buku",2026-01-24 00:28:31
A Google user,1,"menggunakan di 3 device,samsung A54,tab huawei matepad 11.5 s,ebook reader meebook.Di hp dan tab bisa log in tapi tidak bisa pinjam buku karena error,di ebook reader tidak compatible dan harus pakai apk,dan tidak bisa log in.Coba pakai versi web juga tidak bisa pinjam buku karena harus pakai Windows Hello (di laptop) dan perangkat tambahan (di tab) yg tidak tersedia. Semoga ada perbaikan,paling tidak compatible dengan ebook reader agar membaca lebih nyaman",2026-01-23 23:08:45
A Google user,1,"error terus, nggak bisa dipakai baca buku sama sekali",2026-01-23 16:27:33
A Google user,1,versi updatenya kacau,2026-01-23 15:57:13
A Google user,1,"eror mulu ngapa dah, gaguna njir tiap mau pinjem gabisa terus",2026-01-23 13:33:31
A Google user,1,Mau pinjam buku tidak bisa. CTA nya ga muncul.,2026-01-23 08:27:28
A Google user,2,"aplikasi tidak bisa dibuka sampai sekarang. mohon bantuannya, ipusnas",2026-01-23 08:15:29
A Google user,1,Kenapa ya udah gabisa pinjam buku di ipusnas?? Error kah atau gimana?,2026-01-23 06:37:58
A Google user,1,kak ga bisa pinjam buku kenapa,2026-01-23 01:21:15
A Google user,5,"When i klik pinjam, it shows java.lang.illegalstateexception: Expected BEGIN_OBJECT but was STRING at path $. please fix it🙏",2026-01-22 23:36:01
A Google user,1,saya mau download buku untuk dibaca namun tidak bisa di unduh muncul tulisan tolong segera diperbaiki sudah lama ini begini terus 🙏🏻🙏🏻,2026-01-22 16:20:23
A Google user,1,"ini gak pernah di maintenance apa ya, riwayat buku yang dibaca pada nggak ada 🥹 terus mau pinjem error terus. Kesel banget 😭😭",2026-01-22 15:03:24
A Google user,1,error melulu. buku apapun nggak bisa dipinjam. saya uninstall aja dah. bye-bye.,2026-01-22 15:02:52
A Google user,3,Saya suka. Baru 3x membaca buku disini namun selanjutnya mau pinjam buku kok ga bisa yaa 😮‍💨,2026-01-22 13:52:06
A Google user,1,"koleksinya gak ada yg bisa dibaca tiap kali klik PINJAM buku apapun itu tulisannya error mulu, nyesel nginstall",2026-01-22 13:39:37
A Google user,1,tidak dapat meminjam buku walaupun buku itu tersedia,2026-01-22 09:17:49
A Google user,1,ga bisa download satupun,2026-01-22 07:36:28
A Google user,1,"tidak bisa pinjam buku apapun, aplikasi tidak kunjung di perbaiki",2026-01-21 22:51:30
A Google user,5,"Perpustakaan digital dengan banyak genre buku seperti fiksi, literasi, ensiklopedia,dan buku cerita anak (masih ada genre lainnya). Juga banyak buku-buku dari penulis terkenal, seperti Buya Hamka, Douwes Dekker, Sapardi Djoko. Sedangkan User Experience masih perlu perbaikan di sana-sini. Terima kasih IPUSNAS untuk koleksi bukunya. Sangat bermanfaat. *update * muncul error saat meminjam buku yang direkomendasikan",2026-01-21 22:36:04
A Google user,5,"Update 22/01/2026 Sekarang saya menggunakan android 16, dan error java.lang.IllegalStateException, jadi ya tidak bisa pinjam 😔. Update : selalu force close saat mau baca buku yg sudah di pinjam, saya pakai android 14 Bagus banget, bermanfaat sekali semoga lebih banyak koleksi buku2 barusnya, termasuk buku2 yang lagu populer saat ini. Oh ya satu pertanyaan, bagaimana caranya memasukkan buku ke wishlist ya?? Dicari-cari kok gak ketemu..",2026-01-21 22:06:36
A Google user,1,Kenapa sih tiap mau klik pinjam buku selalu keterangannya error javascript melulu apapun buku yang mau dipinjam?,2026-01-21 18:01:22
A Google user,1,"Buku tidak bisa dipinjam, mohon bantuannya untuk memperbaiki bug pada aplikasi",2026-01-21 12:17:28
A Google user,1,"Tiba-tiba ga bisa pinjam buku 😭😭😭 sudah klik ""pinjam"" tapi ada tulisan java error dll... udah bolak-balik uninstall-install tapi tetep gak bisa pinjam buku",2026-01-21 10:29:52
A Google user,1,sangat tidak user friendly dan sering error,2026-01-21 04:40:50
A Google user,2,why I can't read the book? is always error If I borrow a book cannot open it.,2026-01-21 03:13:51
A Google user,1,"selalu error saat mau pinjam buku, maaf saya uninstall",2026-01-21 02:49:08
A Google user,1,ga bisa pinjem buku. eror terus,2026-01-21 02:26:28
A Google user,3,"Sejak semalam nggak bisa pinjam buku, sudah coba berulang kali. Apa servernya sedang bermasalah?",2026-01-21 00:11:48
A Google user,2,"kualitas sudah bagus, koleksi buku sudah banyak, tapi tidak bisa meminjam dan muncul java lang setiap klik pinjam. mohon bantuannya",2026-01-20 16:36:51
A Google user,1,Muncul error ketika mau pinjam. Error java.lang.llegalStateException: Expected BEGIN_OBJECT but was...,2026-01-20 13:37:47
A Google user,1,"force close, unable to download, confusing queue mechanism, great",2026-01-20 11:28:45
A Google user,1,"gak bisa pinjem buku, udah lbh dari 3x coba dan pas cek ke rak buku nya gak ada",2026-01-20 09:34:18
A Google user,2,"semoga ini dianggap kritik yang membangun ya. jujur awalnya aku suka nemu apps ini. dah berhasil beberapa kali pinjam. tp akhir2 ini setiap klik button pinjam, selalu ada error system java lang bla.. bla. bla.. dah coba report juga di menu bantuan juga belum ada respon dan perbaikan. bahkan udah sempat install ulang, masih sama saja. jadi ya kecewa si. kita kita ini butuh aplikasi seperti ini. baca mudah dan bisa dimana saja, gratis pula. jadi please noted concern saya ini ya.mksih",2026-01-20 09:25:19
A Google user,2,"ngga bisa2 pinjam buku dan udh lama kyak gini, ngga pernah ada perbaikan sama sekali. tolong lah",2026-01-20 06:19:11
A Google user,1,Useless app. Tidak bisa pinjam buku apapun.,2026-01-20 04:38:09
A Google user,1,"beneran ya min, sumpah jengkel bener. ini udah dari waktu itu loh ya, gua mau pinjam buku masi gabisa bisa sampe sekarang, ayolah min kalo rating apk lu udah jelek, ya improve lah, benerin apa yg perlu dibenerin, ini gua lagi butuh banget soalnya elah, masi aja tetep gabisa pinjam buku, perbaiki secepatnya error nya tolong.",2026-01-20 04:03:20
A Google user,1,ini kenapa sihh rusak bgt aplikasinya. jelek. kacau. ga kaya tahun kemarin sebelum tampilannya berubah kyk gini. mau download gabisa. udh uninstal juga gabisa. plis benerin aplikasi ya Allah pak bu. ini kita mau baca doang loh ya Allah istigfar ih,2026-01-20 03:22:23
A Google user,1,bangun Indonesia cerdas,2026-01-20 02:32:34
A Google user,1,gak bisa minjem buku udah 2 minggu. kacau,2026-01-20 01:22:23
A Google user,1,"lebih sering error, susah juga nyari buku kalo ga liat dari riwayat bacaan orang lain. masih banyak yg harus diperbaiki. KAPAN ANJIR DIBENERINNYA. LAMA BENER EROR",2026-01-19 22:38:02
A Google user,1,"Setelah diupdate, aplikasinya tidak bisa dibuka. Kalaupun bisa dibuka, ketika baca tiba tiba force close. Dan ini terjadi sudah lama, sudah berbulan bulan tapi tetap juga tidak diperbaiki, mengapa sih. edited: Beneran gak bakal diperbaiki, kah? Sekarang force close nya jarang terjadi, tapi nambah masalah jadi sulit pinjam buku padahal stok copy bukunya masih banyak. Mengapa, sih.",2026-01-19 22:12:18
A Google user,1,"Momen ketika Apps ngebug & Error : Swasta : update sistem, debugging, benerin server dll, 1-2 jam kelar bahkan lebih cepet. Pemerintah : Nyante dulu ga sih baru 1 bulan ngebug",2026-01-19 11:06:31
A Google user,1,ini kenapa ga bisa muluuu mau pinjamm.. baru jg nyoba udah kecewa,2026-01-19 08:06:50
A Google user,2,"Sayang sekali, selalu gagal mengunduh buku yang hendak dibaca. Bahkan ketika saya coba unduh buku random tetap tidak bisa.",2026-01-19 04:46:13
A Google user,1,Aplikasi eror. Saya tidak bisa meminjam buku apapun.,2026-01-19 02:28:12
A Google user,1,"Ada apa dengan ipusnas? gak bisa minjem buku, eror mulu. tolong diperbaiki",2026-01-18 12:34:00
A Google user,1,"nga bisa download bukunya, pdhal sebelumnya bisaaa",2026-01-18 10:04:59
A Google user,5,"For almost 2 weeks I couldn't borrow books via this apps. Every time I click ""pinjam"" the notification ""java.lang.illegal xxx"" appears. why does that happen? please fix it, so everyone can access again",2026-01-18 08:51:55
A Google user,3,"aplikasinya sebenarnya bangus banget, cuman kenapa ini udah hampir sebulan gak bisa pinjem bukuu?",2026-01-18 07:45:51
A Google user,1,Perbaiki dong muncul pesan error Java.lang.IllegalStateException terus,2026-01-18 06:50:47
A Google user,1,error saat meminjam. tolong cek BUGS,2026-01-18 06:48:04
A Google user,1,"Gak bisa pinjem buku ih, error apa ya?",2026-01-18 04:02:32
A Google user,1,Lama banget dibenerin bugnya astaga,2026-01-18 02:50:46
A Google user,1,"ngapain coba update ui tampilan kalau gak guna, buatlah yg simpel tapi bisa bermanfaat. kalau punya proyek program buat masyarakat mbok ya dirampungin tuntas bisa kannnn",2026-01-17 17:21:44
A Google user,1,2026 Malah gak bisa pinjam buku,2026-01-17 17:00:36
A Google user,1,"aplikasi literasi nggak keurus, yang penting makan sampai mampus",2026-01-17 15:53:13
A Google user,1,"ga bisa pinjem buku, selalu error. koleksi buku ga lengkap",2026-01-17 13:18:13
A Google user,1,aneh selalu g bisa mendownload buku yg ingin di pinjam. Tolong developer di perbaiki dan dibenahi lagi aplikasinya.,2026-01-17 13:05:35
A Google user,1,error mulu,2026-01-17 06:18:08
A Google user,1,tidak bisa pinjam buku🥲,2026-01-17 03:10:51
A Google user,1,"ga bisa pinjam buku, loading terus",2026-01-16 17:19:42
A Google user,1,Fungsi pinjam gagal terus. Tolong perbaiki bug. Trims..,2026-01-16 16:17:03
A Google user,1,"gimana sih ini? sering bgt error padahal sinyalnya lancar-lancar aja. belum lagi suka tiba-tiba keluar sendiri dari aplikasinya. terus susah buat ngunduh buku. ditambah stok bukunya dikit bgt, jadinya gk nyaman mau baca juga. mohon tanggapannya dan tolong ubah jadi lebih baik dong. (tambahan, 16 Januari 2026) ini kenapa jadi gk bisa minjem siiih? padahal stoknya full, lho. tolong dong ini solusinya gimana. harus ada perkembangan dong jangan gitu² aja, gimana siiih",2026-01-16 13:48:52
A Google user,1,"bukunya ga ada yang bisa dipinjam, keterangan error Java Lang Ilegal, apakah ada solusi?",2026-01-16 13:07:06
A Google user,4,"bagus, banyak banget buku nya, mulai dari yang popular sampai unpopular. minus nya kadang buku yang populer ngantri nya lama banget & kadang suka eror pas mau pencet ""pinjam"" lama banget nunggu nya.",2026-01-16 10:35:37
A Google user,3,"ga bisa pinjem buku, padahal sisa copy nya masih banyak",2026-01-16 07:51:06
A Google user,3,Bukunya gak bisa dipinjam,2026-01-16 07:17:33
A Google user,1,maintenance busukkkk,2026-01-16 04:36:48
A Google user,3,"Halo, akhir2 ini setiap mencoba mengunduh buku dari ipusnas knapa gagal terus ya? Mohon diperbaiki sistemnya ya. Saya akan berikan bintang 5 lagi kalo masalah sudah teratasi. Thanks",2026-01-15 16:00:53
A Google user,1,"jelek banget, kenapa tidak dapat meminjam buku, selalu dapat pemberitahuan error saat mencoba meminjam buku",2026-01-15 14:33:24
A Google user,1,"tidak bisa meminjam, error terus",2026-01-15 14:07:47
A Google user,1,"Dari mulai log in, pinjem buku sampai baca bukunya pasti salah satunya ada yang gak bisa. Kenapa ya masalah seperti selalu aja ada.",2026-01-15 13:30:20
A Google user,2,tidak bisa pinjam buku padahal tersedia. java lang error,2026-01-15 11:47:11
A Google user,1,mau pinjem buku error terus udah seminggu ini 🥲,2026-01-15 09:50:23
A Google user,2,Beneran deh udh hampir 2 tahun ini gabisa terus mau baca buku di ipusnas. sebelumnya aplikasi suka tutup sendiri/force close. sekarang malah mau pinjam loading lamaaa smpe ngga bisa udah di refresh pun gabisa. hmmm kapan ya bisa enak pinjam dan baca buku lagi di app ini :'(((,2026-01-15 09:35:55
A Google user,2,"Udah beberapa waktu gagal pinjam. Ada keterangan error setiap kali klik pinjam, padahal buku tersedia. Mohon diperbaiki.",2026-01-15 04:34:31
A Google user,1,sering error appsnya :(,2026-01-15 03:21:37
A Google user,4,"kenapa aku ga bisa baca bukunya. banyak stoked, udah ngeklik pinjam, tapi ga bisa di apa apain. udah dari lama",2026-01-15 02:34:26
A Google user,1,aplikasi nyebelin😑,2026-01-15 01:13:47
A Google user,1,"ini kenapa si minjem buku ga bisa, heran",2026-01-15 00:09:04
A Google user,2,"App nya error. Tidak bisa mendownload buku yg dipinjam. Sudah di reinstall tapi tetap sama saja, masih error. Tolong segera diperbaiki. Terima kasih.",2026-01-14 23:53:25
A Google user,3,"Ini udah semingguan aku mau minjem buku tapi ga bisa bisa, dengan keterangan error terus, tolong segera periakin dong, aku sampe uninstall dan install lagi tapi masih sama",2026-01-14 23:08:26
A Google user,1,"ini gimana sih eror terus bukunya mau dipinjam, TOLONG DIPERBAIKI DONGGG SAYA MAU BACA INI",2026-01-14 14:48:04
A Google user,2,"kenapa ipusnas ngga bisa didownload bukunya, semoga kedepannya bisa diperbaiki.",2026-01-14 12:31:55
A Google user,1,"Sering macet, buku yang sudah dipinjam, saat mau baca ga bisa di download, masih banyak lagi jenis macetnya, mohon diperbaiki dong😓",2026-01-14 04:09:35
A Google user,1,klo bisa dikasih ½ kukasih dah,2026-01-14 01:17:31
A Google user,5,aplikasi nyaa sangat membantu,2026-01-14 00:33:47
A Google user,4,sudah bbrp waktu aku tidak dapat meminjam ebook di Ipusnas tetapi dapat melakukan peminjaman di Eperpusdikbud,2026-01-13 19:56:14
A Google user,3,sudah ada perbaikan. lumayan lah,2026-01-13 14:05:57
A Google user,1,"sudah berhari-hari tidak bisa akses pinjam, gara-gara ga bisa akses ke databasenya. Mohon developer menangani kejadian ini",2026-01-13 13:54:45
A Google user,3,"aplikasi sering eror, tolonglah diperbaiki. saya sangat butuh ebook ini untuk referensi skripsi",2026-01-13 13:17:29
A Google user,1,"Baru balik lg ke ipusnas setelah beberapa tahun gak baca buku di sini. ternyata tampilan layar, tata letak, dll berbeda dgn versi lama. versi baru ini gak lebih bagus dari yg lama dlm hal kemudahan unduh buku. udah coba berkali kali unduh buku tapi gak ada keterangan progresnya. sempet hapus aplikasi dan unduh ulang tapi tetep gak berhasil terunduh bukunya. tiap coba unduh muncul ket. spt ""java script ..."", ket. yang sama sekali gak menjelaskan apapun dan gak bisa dimengerti :( gmn ya ini? :(",2026-01-13 13:15:37
A Google user,1,"#UpdateReview. Butuh perbaikan banyak sekali aspek: (1) banyak loading tanpa sebab padahal jaringan, tipe hp, dan lainnya oke; (2) tidak muncul notif ketika buku yang masuk 'antrian' tersedia padahal setting hp sudah allow notification; (3) fitur highligh/stabilo tidak nyaman dipakai",2026-01-13 11:12:31
A Google user,1,"tidak bisa pinjam buku, sudah saya email tp tidak response juga",2026-01-13 09:08:41
A Google user,1,aplikasi nya sering eror,2026-01-13 07:58:50
A Google user,1,"Sudah buku mahal, mau baca ebook gratispun banyak banget masalahnya, gimana Indonesia mau jadi negara dengan minat baca yang tinggi. (Edit 13/01/2026: katanya maintenance sampai tanggal 8, sampai detik ini masih error). Pada ngapain sih? :')",2026-01-13 07:50:02
A Google user,3,"Sudah beberapa hari ini selalu tidak berhasil meminjam, error terus",2026-01-13 05:25:56
A Google user,2,tidak bisa dipinjam bukunya,2026-01-13 04:51:28
A Google user,1,"makin ga jelas ini ipusnas, masa ga bisa pinjam buku. gimana orang mau baca",2026-01-13 03:28:41
A Google user,2,ga bisa pinjam buka.tolong diperbaiki,2026-01-13 03:05:36
A Google user,3,"bagus banyak buku terkini, tapi sering eror, mau pinjam eror berhari2",2026-01-13 01:16:12
A Google user,2,experience baca tidak senyaman Goole Play Book,2026-01-12 23:08:02
A Google user,2,eror teruss,2026-01-12 22:41:55
A Google user,1,"Tidak bisa login. Terakhir mencoba, meminjam buku juga tidak bisa. Mohon segera diperbaiki.",2026-01-12 19:54:50
A Google user,1,"I waited a long time to borrow a book and it couldn't even be borrowed. The application is very slow even though the network is good, so I don't want to use this application. Please fix it.",2026-01-12 19:27:05
A Google user,2,"Error mulu nih, nggak bisa pinjam buku. Tolong perbaiki 🥲",2026-01-12 16:27:09
A Google user,2,tolong diperbaiki. sudah lebih satu minggu tidak bisa meminjam buku apapun,2026-01-12 15:35:33
A Google user,5,"Sangat menyenangkan membaca buku-buku di sini, namun akhir-akhir ini aplikasinya tidak berjalan dengan baik (buku tidak bisa dipinjam padahal stoknya masih tersedia banyak). Mohon untuk segera diperbaiki ya, terima kasih 🙏🏻",2026-01-12 15:24:26
A Google user,1,"sejak diupdate history ilang semua? fiturnya makin aneh, tetep aja ke log out sendiri jatohnya malan downgrade BENER BENER, HAPUS AJA APLIKASINYA KALO KAYAK GINI, KATANYA LAGI PEMBARUAN SISTEM TAPI GA SELESAI SELESAI",2026-01-12 10:10:10
A Google user,2,"aplikasi selalu bermasalah dan eror! kadang tidak bisa login dan mengunduh file. kadang juga tiba-tiba tidak bisa untuk dibaca secara offline. mohon segera ditingkatkan kualitasnya, karena mood baca juga kadang bisa naik turun kalau selalu ada permasalahan dari aplikasinya. saya jadi malas pakai aplikasi ini kalau masalahnya selalu itu-itu saja dan tidak ada perbaikan yang permanen.",2026-01-12 09:56:42
A Google user,1,"Makin kesini, aplikasinya makin jelek udah ga bisa dipinjem bukunya, kadang ga bisa log in katanya mau diperbaiki, tpi sampai sekarang masih jelek!!",2026-01-12 08:40:07
A Google user,2,"error terus sudah berhari-hari, buku tersedia tapi tidak bisa dipinjam",2026-01-12 08:25:40
A Google user,1,"Banyak sekali penurunan kualitas aplikasi, setelah di uptade terjadi perubahan tampilan aplikasi, tetapi secara isi masih banyak yang yang perlu diperbaiki Banyak sekali data riwayat peminjaman hilang setelah di update, kemudian buku buku yang akan dipinjam begitu sulit lalu suka eror ketika mau meminjam buku. harapan dari saya tolong segera diperbaiki",2026-01-12 07:38:36
A Google user,2,sering eror parah,2026-01-12 07:11:59
A Google user,1,"Bukunya gak bisa dipinjam, tolong perbaiki",2026-01-12 04:48:44
A Google user,4,sekarang kok ga bisa download bukunya ya 😞,2026-01-12 01:43:58
A Google user,1,"Tolong ini kenapa update-an aplikasi jadi kayak gini? Lemot bgt, padahal aku coba check apps lainnya tetep normal-normal aja. Terus saat ini ga bisa pinjam sama sekali. Tiap pinjam selalu muncul tulisan java.lang.illegalStateException. Tolong lah diperbaiki yg benar. Aplikasi yg lama padahal udah bagus ini knp di-update malah jadinya gini!",2026-01-11 23:23:12
A Google user,1,"tdk bisa login dgn email lainnya, harus pakai gmail gitu????",2026-01-11 08:46:19
A Google user,1,ga bisa login sama sekali. gimana ini. parah banget!,2026-01-11 07:36:11
A Google user,5,"tdk bs akses beranda. mau lapor di bantuan tdk bs. uninstall, install ulang tdk bs masuk. install buat akun baru tidak bs isi kecamatan. mohon untuk diperbaiki.",2026-01-11 03:39:40
A Google user,1,"Lag, Setelah install ulang tidak bisa login",2026-01-10 15:09:25
A Google user,1,"setelah diperbarui makin GK jelas, dan sekarang gk bisa masuk akun selalu muncul java lang, strang lah. udah seminggu gk bisa login. perbaiki ya sistemnya sangat merugikan",2026-01-10 14:42:11
A Google user,4,"yaeelllaaa....tiba2 log out sendiri pdhal lg ada pinjaman, pas log in lg gak bs msk, error terus.... uda hr ke 3 nih, keburu abis waktu pinjamnya...benerin dong",2026-01-10 13:26:48
A Google user,4,"ini kenapa lama sekali erornya? aku gabisa masuk udh dua harii, sampai ganti 3 email tetep gabisa, tolong segera ditangani yaa",2026-01-10 12:55:59
A Google user,1,tidak bisa daftar dengan akun google. daftar menggunakan email lain lemot pisan saat mendaftar,2026-01-10 12:49:32
A Google user,3,"bagus si, cuma EROR MULU.",2026-01-10 12:24:33
A Google user,2,"Padahal suka banget sama Ipusnas, tapi sering error. Sekarang malah akses masuk aja error, gak bisa. hufff",2026-01-10 12:21:21
A Google user,1,"Update malah error mulu login, kalo bisa masuk juga kosongan.. gara-gara ganti page loginnya jadi fufufafa?",2026-01-10 12:00:49
A Google user,1,aplikasi ga bisa dibuka lama sekali perbaikannya,2026-01-10 09:08:39
A Google user,1,"eror mulu, kesel. Tertulis buku tersedia, tp ga bisa dipinjem. Berkali-kali juga eror ga bisa dibuka",2026-01-10 09:03:20
A Google user,2,it took so long to fully load. . i have no problem with my connection here,2026-01-10 08:56:04
A Google user,1,Hanya bisa download tidak bisa daftar. apa aplikasinya tidak support di tablet?,2026-01-10 07:36:35
A Google user,1,"akses masuk membutuhkan waktu lama hingga berhari-hari. Meski, berada di tempat dengan jaringan internet stabil tetap tidak ada perubahan. Setidaknya rutin melakukan pembaharuan server.",2026-01-10 07:32:47
A Google user,1,"perpustakaan sangat bermanfaat bagi banyak orang, saya harap kedepannya aplikasi ini akan lebih diperhatikan, mengingat seringnya error saat login.",2026-01-10 06:08:51
A Google user,1,"email ku dibilang ga bisa login,, pdhl bbrp hari lalu bisa... aneh JD ga bisa login...",2026-01-10 03:14:23
A Google user,1,"mau baca buku aja susah man, loading terus",2026-01-10 01:34:49
A Google user,1,tiap buka appnya malah gabisa trss,2026-01-09 22:51:52
A Google user,2,"Setelah ngga buka beberapa hari, tiba tiba ngelag, loading lama. pas uninstall terus install lagi, masa ngga bisa masuk atau daftar. Biar apa coba? dipersulit untuk menambah wawasan",2026-01-09 19:55:22
A Google user,1,gimana ni minnn g bisa search d pencet d bagian home aja g bisa,2026-01-09 16:25:37
A Google user,1,banyak bgt problemnya,2026-01-09 13:24:11
A Google user,1,eror terus,2026-01-09 12:59:58
A Google user,1,"crash terus, maintenance juga lama banget melebihi dari yang dijanjikan",2026-01-09 12:34:09
A Google user,1,the app is suck! many troubles,2026-01-09 11:47:26
A Google user,1,"after update jadi gabisa login, cacattt bgt pemerintah gimana mau naik minat baca orang indo kalau aplikasinya aj cacat gini",2026-01-09 09:44:55
A Google user,1,"erornya tiap hari, kayak negara",2026-01-09 04:03:22
A Google user,1,Tolong dong aplikasinya diperbaiki. sudah semingguan nggak bisa dipakai lagi. loading doang. mau minjem buku error mulu,2026-01-09 01:34:30
A Google user,1,"udah gabisa dipake kali, masuk akun aja gabisa. udah ganti email pun tetep gabisa. coba tolong diperbaiki lagi",2026-01-08 16:01:55
A Google user,1,dasar gak becus,2026-01-08 15:58:18
A Google user,1,selalu gagal untuk meminjam buku,2026-01-08 15:52:46
A Google user,1,"Keknya ngebug deh aplikasinya, tolong perbaiki, ada semingguan gak buka ni aplikasi langsung blank halaman depannya, aku coba re-install, malah gak bisa login, muncul pesan error java gitu. Tolong di perbaiki ya.. penting banget buat bacaan",2026-01-08 14:04:34
A Google user,1,gabisa login lagi nih,2026-01-08 12:36:01
A Google user,1,"Buat tampilan amplikasinya udah lebih baik dan lebih enak. Tapi kenapa, makin kesini makin gak bisa dibuka. kalau gak reload dia force close. kalau bisa termuat aplikasinya gak bisa pinjam bukunya atau tiba-tiba gak ada tombol pinjam bukunya. Mohon dong develeper, tingkatkan aplikasi ini lebih baik. soalnya saya suka banget dengan aplikasi ini. Terima kasih",2026-01-08 06:53:43
A Google user,1,error. nggk bisa masuk,2026-01-08 04:33:34
A Google user,1,"ini gabisa diakses aplikasinya, mau login gabisa, udh coba reinstall ulang ttp gabisa, bugnya tolong diperbaikj",2026-01-08 03:59:34
A Google user,1,tidak bisa login setelah pembaruan aplikasi.,2026-01-08 03:39:38
A Google user,1,"tolong diperbaiki dong, masa sering eror 😒",2026-01-08 03:29:30
A Google user,2,plis aplikasi ini berguna banget nget nget tapi kenapa sering crash😭😭 awalnya gabisa minjem buku (setiap mau minjem muncul peringatan error gitu) tapi kok malah sekarang berandanya juga jadi kosongg. plis perbaiki secepatnya😭,2026-01-07 23:39:07
A Google user,1,kenapa lagi sih astagaaaaa,2026-01-07 23:26:06
A Google user,1,"ini konsepnya gimana, masa aku mau daftar ga bisa terus, pdhl internet udah kenceng",2026-01-07 22:55:56
A Google user,1,Udah bbrp hari coba pinjam tetap ga bisa. udah di uninstall trs install ulang tetap sama saja.,2026-01-07 18:49:15
A Google user,2,PLZZZ DONK MW BACA BUKU NIE KENAPA ERROR MULU KITHATIQ,2026-01-07 16:24:06
A Google user,2,"Kenapa mau log in susah sekalii. Padahal jaringan, kuota internet lancar banget",2026-01-07 14:44:52
A Google user,1,Error terus gak bisa pinjam buku.,2026-01-07 13:10:51
A Google user,1,"Parah, minjam ebook aja gabisa!!!",2026-01-07 13:09:13
A Google user,1,Ini ko malah ga bisa pinjam ya habis do update 😭😭😭😭,2026-01-07 10:58:48
A Google user,1,"coba download lagi untuk yg kedua kalinya, alhamdulillah bisa masuk, tapi bukunya tidak bisa dipinjam. eror terus. mohon diperbaiki.",2026-01-07 10:56:42
A Google user,2,Min tolong diperbaikin dong min...masa ga bisa pinjem buku gegara bug,2026-01-07 10:31:29
A Google user,1,aplikasibjelek,2026-01-07 05:45:13
A Google user,1,mass ini kenapa saya tidak bisa pinjam bukunya ya padahal saya sudah memenuhi syaratnya mohon di perbaiki terimakasih,2026-01-07 00:58:49
A Google user,1,gabisa pinjem buku. error java terus. gimana ini developernya,2026-01-07 00:13:51
A Google user,1,"please fix the bug,i cant download or even read a book, fix the code on your app it says error",2026-01-06 23:51:32
A Google user,1,"mau lanjut baca, kenapa eror pula??!!!dan mau minjem judul lain sama aja😡😡",2026-01-06 23:41:19
A Google user,1,tidak bisa pinjam buku apapun meski tersedia untuk dipinjam,2026-01-06 21:54:53
A Google user,2,suka error,2026-01-06 20:09:29
A Google user,1,"Pecat programmer anda. Ini app gk berfungsi, error gk bisa pinjam buku. 2026 ngoding masih pake Java? Yg bener aje bos. Duit pajak gw dibayar buat nge hire programmer bingung yg bahkan nggak ngebaca review app nya sendiri. Tolong pihak perpustkaan Indo segera diatasi atau saya viralkan betapa sampahnya layanan aplikasi anda.",2026-01-06 16:46:48
A Google user,1,"gak bisa pinjam sama sekali meskipun buknya tersedia beratus ratus copy, string error atau apalah",2026-01-06 14:50:54
A Google user,1,"Tadinya saya hanya beri 3 bintang, sayang sekali malah ada kendala saat saya akan meminjam buku. Tidak bisa dipinjam. Setiap saya ingin pinjam selalu eror. Bukan 1 buku saja tapi semua buku eror 🤦🏻. Saya berharap banyak ada perbaikan sebelumnya tapi sepertinya tidak ada sama sekali.",2026-01-06 14:47:01
A Google user,1,Error terus. Gak bisa pinjam.,2026-01-06 12:21:41
A Google user,1,"Tiap klik pinjam selalu loading lama sekali, padahal internet lancar, buka aplikasi lain lancar. Gimana deh? liat dong review² netizen ini perbaiki, orang mau jadi pinter malah dipersulit sistem",2026-01-06 12:12:55
A Google user,1,mau minjem buku kenapa error terus?,2026-01-06 09:10:40
A Google user,1,habis update jadi ga bisa pinjam. tolong kembalikan ke versi sebelumnya atau diperbaiki,2026-01-06 03:11:11
A Google user,2,kenapa ga bisa ya pinjam gagal gabisa download pokoknya😭tolong kenapa ya,2026-01-06 02:58:04
A Google user,1,Edit: Gak bisa pinjam buku sama sekali haduh,2026-01-05 15:32:16
A Google user,1,"Udah beberapa hari inj error, gabisa pinjam buku :(",2026-01-05 13:41:23
A Google user,1,after the update I can't even read a book anymore istg,2026-01-05 12:39:43
A Google user,3,"tolong diperbaiki lagi appnya, masa mau unduh atau baca buku aja harus error :(",2026-01-05 08:03:11
A Google user,3,"Tidak bisa login. Sudah login berkali-kali dan memastikan akun, sungguh, tidak bisa login. Saya mau membaca buku yg telah dipinjam :) aku di akhir tahun 2025 kembali install dan yes awal awal mudah buat pinjam buku... tapi kok lama lama buat pinjam buku lagi pas mau pinjam error??? please tolong perbaiki min!",2026-01-05 06:50:25
A Google user,1,gabisa pinjam buku 😥,2026-01-05 03:03:53
A Google user,1,error terus ketika mau pinjam selalu tidak bisa walaupu jumlah copynya masih banyak. munculnya tulisan java.llng.illegalstate seperti itu terus. mohon solusinya,2026-01-05 02:19:51
A Google user,1,"buku tidak bisa dipinjam dan didownload, saat akan dipinjam terdapat pop up java.lang.illegalstateexception. saya tidak paham kenapa alhasil saya tidak bisa baca buku lagi",2026-01-05 01:46:56
A Google user,1,could not download to read at all.,2026-01-05 01:14:48
A Google user,2,"when I klik the ""pinjam"" button, suddenly the app is crashing and the book not eve loaded yet",2026-01-05 00:41:20
A Google user,1,"entah kenapa gabisa pinjam buku satu pun, sudah ganti device dan ganti akun pun ttp gabisa?. Kenapa jadi gini",2026-01-04 22:30:53
A Google user,1,"Terakhir awal Desember masih oke loh. Baru baru ini menyedihkan sekali. Fitur search buku tidak bisa, sudah unduh buku pinjam buka kembali di esok hari diminta unduh juga dan ada pop up error. Arghhhhhhhhhhhh. Ayo dong developernya perbaiki bugnya 😐😐😐",2026-01-04 20:10:05
A Google user,2,"ADMIN TOLONG DIPERBAIKI APLIKASINYA YA, INI NGEBUG UDAH LAMA BANGET. SAYA SENGAJA CAPSLOCK GINI SUPAYA DI NOTICE NIH KOMENNYA BIAR CEOET DIBENERIN SISTEMNYA, TERIMAKASIH YAAAA",2026-01-04 19:40:10
A Google user,1,"Bukunya masih tersedia cukup banyak, tapi saat dicoba dipinjam malah muncul error di sistem. Jadinya buku tidak bisa diakses sama sekali. Ini cukup mengganggu karena secara data buku masih ada, tapi aplikasinya tidak berjalan dengan baik. Harapannya sistem bisa segera diperbaiki supaya fitur peminjaman benar-benar bisa digunakan.",2026-01-04 17:01:58
A Google user,2,Sekarang saya tidak bisa meminjam buku karena ada popup error. Sebelumnya saya harus install ulang karena nge-hang ketika melakukan pencarian judul buku.,2026-01-04 15:36:13
A Google user,1,kakean bug,2026-01-04 08:48:19
A Google user,1,"java lang error, kalo ada pop up, pop upnya ditutup aplikasinya ikut ketutup.",2026-01-04 08:39:31
A Google user,1,KESELLL SUKA ERORR TERUS LELET BANGET DIPERBAIKINYAA,2026-01-04 02:39:10
A Google user,4,"Tampilan pada aplikasi sudah bagus, namun tidak bisa meminjam dan mengunduh buku, mohon perbaikannya",2026-01-04 00:45:21
A Google user,1,Gak bisa download buku.,2026-01-03 23:16:44
A Google user,1,app apa ini tuhan,2026-01-03 17:02:07
A Google user,1,Setelah diupate malah ga bisa dibuka😍😘😃 Sudah berbulan-bulan...,2025-12-31 15:14:45
A Google user,1,mau sampai kapan aplikasinya crashed terus? force close terus? ga akan diperbaiki?,2025-12-30 13:40:25
A Google user,1,Please fix the newest bugs,2025-12-29 11:43:32
A Google user,1,"Setelah d update pakai gaya baru, malah jdi sering keluar sendiri. Padahal dulu aman lancar dan gaada kendala lagi pemakaian. Sekarang aja inii setiap masuk keluar trs",2025-12-28 19:29:56
A Google user,2,banyak bug. aplikasi gabisa dibuka,2025-12-28 15:34:00
A Google user,1,Tolong ini kenapa aplikasinya terus menerus forced closed. Mohon diperbaiki.,2025-12-28 02:47:37
A Google user,1,"app nya tiba2 ketutup terus, jadi gak bisa pinjam online lagi.. sedih.. padahal ini sumber buku lengkap bgt..",2025-12-28 00:19:38
A Google user,3,"kenapaaaaaaaa ngga bisa download karena penyimpanan penuh mulu, padahal storage HP masih aman???? sedangkan kl baca harus download dulu??????? kenapa?????????",2025-12-27 22:27:51
A Google user,1,"The Problem : 1. App is can't be opened, when I'm in, is already out. And this issue is occur frequently. 2. Many people in queue, cause of limited copy",2025-12-27 17:01:02
A Google user,1,"ketutup sendiri mulu, kapan bacanya",2025-12-27 09:42:32
A Google user,1,unable to read any books cuz the app keeps crashing 😞👎🏼,2025-12-27 07:16:34
A Google user,1,error mulu tiap mau baca buku,2025-12-27 06:34:08
A Google user,1,download gagal terus di android,2025-12-25 11:07:32
A Google user,1,"UI nya jelek, tidak bisa bookmark.",2025-12-24 09:06:39
A Google user,5,very good,2025-12-24 07:58:49
A Google user,2,Toloong saya cuma mau baca noveel. Kenapa selalu nutup sendiri app nya😭😭😭,2025-12-23 17:10:25
A Google user,1,"Data operasional iPusnas nih dipotong buat MBG apa gimana sih? Error mulu perasaan. Susah bener tinggal di Indonesia, mau baca buku gratis dan legal aja susah bener.",2025-12-23 15:31:12
A Google user,2,gabisa daftar :)),2025-12-23 07:10:31
A Google user,1,jelek bgt error mulu,2025-12-23 06:10:05
A Google user,1,Banyak bug nya! Astaga. Aplikasi pemerintah untuk rakyat saja kalah dengan aplikasi rakyat untuk rakyat.,2025-12-23 05:17:06
A Google user,2,error terus 😮‍💨,2025-12-23 02:11:56
A Google user,2,Gabisa dibukaaaaaaaaa tolong,2025-12-23 00:12:19
A Google user,1,This app always crashes after being updated! It's completely unusable. Please fix it,2025-12-22 23:42:16
A Google user,2,"bagusnya cuma bisa baca buku gratis, sisanya eror lemot eror lemot",2025-12-22 23:23:27
A Google user,1,Aplikasi mahal pakai uang negara tapi ga bisa dipakai secara gampang oleh warga negara. Mau login masuk aja error. parah.,2025-12-22 22:21:08
A Google user,2,"gabisa dibuka error mulu, katanya appnya diperbarui tp malah gabisa dipake",2025-12-22 13:36:02
A Google user,2,"kenapa yaa nggak bisa masuk ke aplikasi nyaa, baru masuk langsung keluar dari aplikasiii padahal baru download, di download ulang pun tetep sama 😓😞",2025-12-21 11:12:56
A Google user,1,"Terlalu sering eror, padahal tadinya aplikasi ini sudah lumayan bagus",2025-12-19 14:47:07
A Google user,1,Enter the application and suddenly it exits itself,2025-12-19 13:38:09
A Google user,1,"aplikasi pemerintah = jelek, lemot, berat. padahal tujuannya buat baca, malah dibikin neko-neko",2025-12-18 08:55:45
A Google user,2,selalu crash dan menutup otomatis aplikasinya,2025-12-17 16:53:03
A Google user,1,"the app keeps crashing. everytime i open it, it closes immediately.",2025-12-16 06:17:13
A Google user,2,kenapa aplikasi lokal (buatan) pemerintah itu kok sering ERROR yaaa....,2025-12-15 13:36:10
A Google user,2,force closed terus,2025-12-15 10:45:55
A Google user,1,KENAPA FORCE CLOSED MULUUU TIAP MO BUKA BUKU PINAJAMANNYAA PADAHAL UDAH VERSI TERBARU DAN RAM AMAN AZAA HUHH JD GAK PERNAH KEPAKE KAN,2025-12-15 05:34:29
A Google user,1,keluar otomatis mulu :(,2025-12-14 12:50:24
A Google user,1,aplikasinya kenapa dah keluar sendiri mulu jadi gk bisa dipake,2025-12-13 13:31:07
A Google user,1,force stop. i cant open the app nor read a book.,2025-12-13 08:49:08
A Google user,3,"Aplikasi iPusnas sangat membantu! Tapi saya punya saran nih: – Bisa ditambah fitur Favorit untuk nyimpen buku yang mau dibaca lagi? – Dan fitur Daftar Baca buat nyimpen buku yang nemu tapi belom mau pinjam sekarang. Jadi pas lagi seru browsing, buku yang kelihatan menarik bisa langsung disimpan dulu. Semoga ada di update selanjutnya ya!",2025-12-12 10:46:37
A Google user,2,"Setelah diperbarui mau menemukan buku berdasarkan genre tidak muncul, hanya loading saja",2025-12-11 14:56:27
A Google user,1,"diupdate palah jadi makin gajelas, buat apa antre kalo dah dapet bukunya either gabisa didownload atau bisa tapi jadi gabisa buka aplikasinya. useless lama lama",2025-12-11 01:21:15
A Google user,2,Tidak bisa buka buku di android 🥲,2025-12-10 04:00:17
A Google user,1,"Udah dua kali setelah unduh buku yang dipinjam aplikasi jadi bermasalah. Sebelumnya aplikasi selalu force close, sekarang tiap bukunya mau dibaca aplikasi selalu kembali ke halaman rak buku. Buku yang udah dipinjam jadinya gak bisa dibaca. Tolong perbaiki.",2025-12-10 03:30:37
A Google user,1,semakin hari semakin jeleg,2025-12-09 01:44:11
A Google user,1,"kalau bisa minus, saya kasih bintang minus ini. e-book nya gak bisa di-download, buat apa coba. aneh banget ye konoha",2025-12-08 08:51:07
A Google user,3,aplikasi yang padahal berguna bangettt tapi sering eror kadang keluar sendiri. udah gitu waktu pinjamnya jadi dikit banget cuma 6 hari. mohon untuk diperbaiki lagi aplikasinya dan perpanjang waktu pinjamnya ya. terima kasih.,2025-12-08 06:52:10
A Google user,1,setelah update malah gak bisa login.,2025-12-07 11:50:50
A Google user,1,setelah update ga bisa dibuka :) KOK MAKIN GA BISA DI BUKA YAAA,2025-12-07 09:09:39
A Google user,1,i cannot do anything but add more books to the queue after this app is updated automatically. the app closes on its own after i click on the borrow button. pls fix this,2025-12-07 06:38:09
A Google user,1,"aplikasi sering keluar sendiri, aplikasi pemerintah memang nggak pernah bagus",2025-12-07 04:57:50
A Google user,3,"Not working on S23 ultra, pls fix it. Thx",2025-12-06 23:23:58
A Google user,1,error ni applikasi tolonglah di update perbaiki dengan optimal,2025-12-06 16:54:24
A Google user,1,"buset dah, ini app kenapa tiap bacaannya mau diunduh gagal terus ya?",2025-12-06 13:13:31
A Google user,2,"maaf harus ngerating buruk, karena dr beberapa hari kemarin selalu force closed mulu tiap buka🙏gimana mau baca dah🙏",2025-12-06 09:40:09
A Google user,1,i cant open this app.,2025-12-06 00:04:35
A Google user,1,"app nya crash terus di versi terbaru, bahkan cuman nambahin buku ke pinjaman gitu crash dan gabisa dibuka lagi appnya",2025-12-05 14:31:58
A Google user,2,please fix ur app 😔🙏🏻,2025-12-05 10:49:49
A Google user,2,"tiap kali buka aplikasi langsung keluar sendiri, udah berapa kali coba tetap keluar sendiri, trus udah hapus memory tapi tetap sama.",2025-12-04 11:39:59
A Google user,1,kenapa sih sering down,2025-12-03 02:03:22
A Google user,1,"app nya bgs buat baca2 ebook apalagi banyak juga yg gratis, tapi ditingkatkan lagi ya. sering tiba2 keluar dari app, sering error.",2025-12-02 17:46:37
A Google user,5,,2025-12-01 15:51:49
A Google user,1,pls help .why cant download the book,2025-12-01 15:43:22
A Google user,1,"The updated version doesn't work properly. The app keeps on force stopping. How am I supposed to read if the app can't even sit still for even a minute? Ugh, it sucks.",2025-12-01 08:56:41
A Google user,1,"Ipusnas noob bgt. Websitenya dihack judol dong wkwk. Kalian yg backend aplikasi ini beneran org IT bukan sih? fiturnya jg jelek ga berkembang. Minimal diupdate sikitt lahhhh keamanannya. Kapan majunya dah rakyat, mau baca buku gratis aja susah.",2025-11-30 11:03:54
A Google user,1,getting error. force close when i try to open it.,2025-11-30 09:56:58
A Google user,4,it keeps crashing,2025-11-30 00:53:44
A Google user,1,"pleaseee ini gabisa di buka padahal buku nya bagus"" tapii emang apk nya jelekk kaya lemott bangett terus nantii pas mau di buka kembali sendiri as mau minjam ngga bisa too bad",2025-11-29 15:10:47
A Google user,2,anonatenya jelek gabisa dikontrol,2025-11-28 14:51:29
A Google user,1,this app totally trash after being updated! my apps always closed when i want to read borrowed book and sometimes it's blank. also i need to wait for so long on the queue list. I don't know is it because less copied or people borrowed it for too long! please fix this!,2025-11-28 07:53:20
A Google user,1,"Yang awalnya sudah bagus, setelah beberapa Kali update, semakin banyak bug dan sekarang tidak bisa dipakai",2025-11-27 21:41:51
A Google user,1,Force closed every time I open the apps.,2025-11-27 09:00:40
A Google user,1,"Rating nya makin ancur padahal udah update jor joran, pantes sih emang soal connection emang parah bgt. Ini mau buka aja loading mulu padahal sinyal lancar. App mungil gini aja bukanya susah bgt?",2025-11-27 03:54:25
A Google user,5,Aplikasi yang bagus,2025-11-26 02:45:29
A Google user,2,padahal pas awal lancar2 aja tapi pas akhir2an sering eror dan saat ini tidak bisa login melalui akses apapun bahkan sampe saya coba hapus dan donlod ulangpun tidak bisa.,2025-11-26 01:02:21
A Google user,1,jelek banget sumpah. apa karena maintenance nya digaji UMR makanya jelek banget gini? 🤣,2025-11-26 00:18:24
A Google user,1,"Aplikasinya lag terus. Gampang logout sendiri, pas udah masuk ga bisa pinjam buku, langsung out sendiri 😭 Please perbaiki dong",2025-11-25 04:50:25
A Google user,4,"literasi sambil nahan emosi. tolong diperbaiki, terima kasih🙏",2025-11-24 11:18:03
A Google user,1,"error error error and still error, I have a headache😔",2025-11-23 13:12:27
A Google user,1,"balikin versi yg lama aja deh! versi terbarunya kebanyakan lag, aplikasi lama kebuka, download gagal mulu. versi lama bisa baca offline, versi skrg bisa ga si? udh diunduh eh pas mau baca offline disuruh ngunduh lagi, dan malah gabisa bisa! kocak",2025-11-23 04:13:54
A Google user,2,tidak bisa dipakai,2025-11-22 14:45:34
A Google user,3,can't work on tab mi pad 6,2025-11-22 03:13:25
A Google user,1,Gabisa kebuka lagi. tolonglah ipusnas. peminatmu banyak. tolong diperbaiki.,2025-11-21 23:21:34
A Google user,3,tolong tambahkan mode gelap,2025-11-21 20:41:18
A Google user,1,"setelah di upgrade bukannya makin bagus malah makin jelek, ngelag parah, gak respon mulu. bintang 1",2025-11-21 13:17:13
A Google user,2,"Jelek banget skr, banyak lag, ngga bisa masuk, ngga kayak dulu.. lancar",2025-11-21 12:10:30
A Google user,4,lumayanlah.. sebelumnya sempat error tapi sekarang ud bs baca lagi. smg bs terus meningkat pelayanan dan kualitasnya serta makin bertambah koleksi buku-bukunya.,2025-11-20 09:44:01
A Google user,1,"tidak bisa digunakan selama beberapa bulan terakhir, semoga bisa segera diperbaiki",2025-11-20 05:16:25
A Google user,1,"i cant open the app,",2025-11-19 14:58:17
A Google user,1,"sumpahnya selalu ngebug dan ga bisa dibuka, ga tau kenapa. Tolong dong dibenerin",2025-11-19 03:34:59
A Google user,3,"Sedih banget, mau baca buku buat nambah literasi aja susah bener yak. Apakah aplikasi ini sudah tidak ada team developer-nya, kak? Banyak keluhan tapi seperti tidak ditanggapi.",2025-11-18 14:57:58
A Google user,2,"Gimana minat baca orang kita bisa tinggi, orang salah satu aplikasi baca yang gratis ini aja ga bisa berfungsi secara maksimal. Tolong banget buat terus di eval dan diperbaiki dong.",2025-11-18 14:06:56
A Google user,1,"used to be my fave app, but updated version is getting worse, it keeps stopping, i can't use it, too bad, please recover it soon,",2025-11-18 13:32:05
A Google user,1,Eror mulu,2025-11-18 12:52:59
A Google user,1,aplikasi keluar sendiri ketika dibuka,2025-11-17 09:30:10
A Google user,5,Can you fix this app? Please..,2025-11-17 00:46:46
A Google user,1,always force closed when I click borrow the book,2025-11-16 14:13:32
A Google user,4,Koleksinya banyak dan bagus. Sayang tidak bisa diinstall di onyx poke 5,2025-11-16 14:09:11
A Google user,1,setelah diupdate aplikasi malah force close saat dibuka,2025-11-16 13:09:43
A Google user,1,"tolong perbaiki aplikasinya, sangat sering logout tiba2",2025-11-16 11:13:35
A Google user,1,setiap buka aplikasinya langsung kembali lagi ke home,2025-11-15 10:56:28
A Google user,2,"padahal sangat terbantu denga keberadaan aplikasi ini, tp sering banget bermasalah dan forced close.",2025-11-14 15:34:05
A Google user,3,"sebenarnya aplikasinya bagus bisa membaca buku gratis+legal, tapi seiring banget error, kadang keluar sendiri dari aplikasi, baca beberapa buku juga gabisa. lama gak di fix masalahnya.",2025-11-14 03:02:26
A Google user,1,Betulin bang app-nya,2025-11-13 23:14:11
A Google user,1,tidak bisa dibuka sama sekali. baru masuk sedetik lgsg terkeluar lg dari app nya. bayar pajak mahal tp app negara seperti ini tidak dibenahi dengan baik,2025-11-13 13:16:14
A Google user,1,"Please update, it always crashes everytime I open this app in this past few months :')",2025-11-13 08:28:10
A Google user,5,"terima kasih ipusnas, sudah memberi akses terbuka untuk kami masyarakat umum, semoga koleksi nya tambah banyak dan berkualitas",2025-11-13 05:46:55
A Google user,1,"kenapa ya saya ga bisa buka aplikasinya??? saya masuk, terus tiba-tiba keluar gitu aja? halo?? dari jaman nggak enak ini aplikasi kayak gitu?? diperbaiki dong",2025-11-13 02:53:34
A Google user,1,"mengecewakan, saya bahkan tidak bisa buka buku. Aplikasi berhenti sendiri dan tidak bisa digunakan.",2025-11-12 17:07:16
A Google user,1,"min tolong segera di perbaiki, aplikasi sering kali Hang atau auto close -_-",2025-11-12 12:16:45
A Google user,1,"fox this,I can't open the app because various bug",2025-11-12 12:12:02
A Google user,1,"parah bgt udh sebulanan tiap abis pinjem selalu crash. bener2 gabisa baca, force closed trs ih:(",2025-11-11 01:12:32
A Google user,3,"tolong di improve dan upgrade bagian searching buku yang dicari. Saat akan scroll ke bawah, hasil yang keluar sangat terbatas hanya 10 buku dan tidak bisa diperbanyak lagi buku yang munculnya, padahal diketerangan jumlah buku sangat banyak. Hal itu membatasi saya mencari buku yang relevan dengan apa yang saya cari",2025-11-10 15:20:15
A Google user,1,"setiap ada buku yang dipinjam malah force close terus. gimana mau bacaaaa?? tapi kalau sudah expired, ngga ada buku yg dipinjam lagi, bisa masuk dan cari-cari buku lagi",2025-11-09 16:15:59
A Google user,1,tidak bisa digunakan sampai sekarang !percuma download,2025-11-06 13:31:24
A Google user,3,"Kenapa crash terus, tidak bisa dibuka, tolong diperbaiki",2025-11-04 11:30:16
A Google user,1,"Lebih oke yang belum diperbarui setidaknya walaupun ui nya gak bagus tapi bisa pinjem dan baca buku, versi terbaru gak bisa dibuka sama sekali, aplikasi crash terus",2025-11-03 13:36:32
A Google user,1,"Emang ga niat developernya dan instansi terkait yang terlibat dalam pengembangan aplikasi ini, aplikasi ga bisa di buka tiba tiba force closed, idenya bagus tapi eksekusinya minus.",2025-11-03 10:20:22
A Google user,2,"Books that have been borrowed cannot be downloaded, a notification always appears saying the memory is full, even though there is still a lot of space. Please find a way out of this and other obstacles, hopefully there will be improvements.",2025-11-03 09:34:25
A Google user,1,"tolong dong perbaiki lagi aplikasinya, hp saya vivo y95 dengan versi android 8 (oreo), aplikasi tidak bisa dibuka sama sekali, setiap dibuka baru muncul logo ipusnas lalu keluar sendiri, Sudah saya coba hapus cache, lalu instal ulang pun masih tidak ada perubahan, tolong dong perbaiki lebih mendetail lagi, saya sudah berbulan-bulan tidak bisa pakai aplikasi ini sama sekali",2025-11-03 04:56:57
A Google user,1,delete deh makin jelek ini aplikasi,2025-11-03 02:18:02
A Google user,2,"buku nya sih oke, tapi gabisa ke download padahal koneksi oke, benerin dong",2025-11-02 10:18:59
A Google user,1,"kenapa sekarang jelek gitu sihh, suka not responding",2025-11-01 20:57:22
A Google user,1,"error terus. setiap kali mau pinjam, tiba-tiba force quit. dari tadi saya coba utk masuk ke aplikasi, keluar terus. kacau.",2025-11-01 15:33:25
A Google user,1,ngga bisa di buka nantii pas di buka kembali sendiri diaa pleaseee padahal mau baca bukuu🥲,2025-11-01 15:30:43
A Google user,1,"Ipusnas meskipun jarang dibuka, kenapa tiba-tiba buka aplikasi dan keluar sendiri, saya tidak dapat membaca. Mohon perbaiki kembali kestabilan aplikasinya.",2025-11-01 09:10:46
A Google user,1,setelah diupdate jadi nggak bisa dibuka.,2025-11-01 04:53:59
A Google user,4,Aplikasi yang mencerdaskan bangsa. Sayang banget sering logout sendiri dan login lagi susaaaahhhh. Edit: sekarang force close terusss,2025-10-31 06:21:35
A Google user,1,"kenapa aplikasinya crash? ga bisa dibuka? begitu terbuka, langsung tertutup lagi. kenapa ga diupdate dan perbaiki?",2025-10-31 05:55:09
A Google user,1,"suka ke log out sendiri, gabisa dibuka, buku yg dipinjem gabisa dibaca semua",2025-10-31 05:39:00
A Google user,5,sigma bgt,2025-10-31 02:42:51
A Google user,2,sering ngecrash dan maksa keluar,2025-10-31 02:20:59
A Google user,1,"demi allah, jelek bgt ini apk. tolong dong gabisa pinjem buku nihhhhh",2025-10-30 09:50:33
A Google user,1,Di update malah force close terus,2025-10-30 03:46:00
A Google user,1,habis pinjam buku kok force closed terus? cara baca bukunya gimana??,2025-10-30 01:45:15
A Google user,1,"🐛 Error Teknis: Setelah update, aplikasi crash dengan pesan “no such column: epub_read_locator”. Kemungkinan ada masalah pada migrasi database. Mohon diperbaiki. 👀 Privasi: Riwayat baca terlihat oleh pengguna lain di “Linimasa” tanpa opsi menonaktifkan. Ini berpotensi melanggar privasi karena data bacaan bersifat pribadi. 💡 Tambahkan pengaturan privasi untuk sembunyikan riwayat baca. Terima kasih.",2025-10-29 23:35:19
A Google user,1,ciri ciri org sabar ada ipusnas di hpnya,2025-10-29 22:44:57
A Google user,1,cant open,2025-10-28 22:45:24
A Google user,2,kebanyakan errornya,2025-10-28 14:23:16
A Google user,4,"saran, untuk ui, ketika membaca buku bagian atas & garis, bisa ngak diganti warna hitam saja, contrast sama yang pakai dark mode atau pas baca malam2. Untuk menu yang lain ngak masalah.",2025-10-28 07:16:25
A Google user,3,Lags often.,2025-10-28 01:53:19
A Google user,2,"aplikasi forced stop melulu, kenapa ya",2025-10-27 12:06:46
A Google user,1,minta update tapi gak jalan aplikasinya gimana siih,2025-10-27 09:14:34
A Google user,1,"JELEK BANGET. Setiap mau buka buku yang baru dipinjam (baru dipinjam, belum diunduh) langsung keluar sendiri!",2025-10-26 22:59:21
A Google user,1,"Setiap kali berhasil pinjam buku, aplikasi selalu forced close. tertutup sendiri. dibuka lagi aplikasinya tertutup sendiri lagi. sayang sekali, padahal ini aplikasi yang bagus supaya orang2 suka membaca. tapi masih banyak problem",2025-10-26 13:00:25
A Google user,2,mengapa aplikasi terus-terusan menutup sendiri.,2025-10-26 09:49:26
A Google user,1,"ini kenapa force close terus ya, versi sebelumnya masih bisa baca skrg abis pinjam langsung keluar tiba2 gabisa masuk lagi",2025-10-25 15:22:50
A Google user,1,di android v2.0.5 app crashed kk...,2025-10-25 13:27:36
A Google user,1,Aplikasi force close di tab A9,2025-10-25 11:22:24
A Google user,2,Aplikasinya sering error terus berat banget pas dipakai,2025-10-25 10:35:42
A Google user,1,"halaman buku tiba tiba tidak bisa dipindahkan padahal koneksi internet stabil. Dan terjadi berkali-kali, bukannya memudahkan pembaca malah bikin sakit kepala.",2025-10-25 08:17:02
A Google user,2,udah pinjem eBook disini tp pas mau dibuka malah out sendiri,2025-10-24 08:06:13
A Google user,1,masih banyak bug. gak bisa unduh buku dan ganti foto profil,2025-10-24 02:36:14
A Google user,2,apakah sudah tidak bisa di akses di android 11? kebetulan android saya sudah tidak bisa update dan aplikasi selalu crash ketika akan membaca. mohon bantuannya 🙏,2025-10-23 23:12:19
A Google user,2,setiap baru masuk aplikasi pasti langsung keluar-keluar terus,2025-10-23 14:46:51
A Google user,1,aplikasi pemerintah kok bisa begini ya? padahal tujuan pembuatan aplikasi untuk membantu orang membaca dimana saja. inilah mengapa SDM negara ini tidak pernah akan maju,2025-10-23 13:58:03
A Google user,3,"banyak pilihan bukunya, tapi aplikasinya error terus tolong perbaikiiii",2025-10-23 12:37:20
A Google user,1,"Setiap mau baca buku, aplikasinya selalu otomatis keluar.",2025-10-22 00:49:44
A Google user,1,"after forced me to update the app, i can't open the app because it's crash??? just go back tothe old ones d1psh!t",2025-10-21 20:32:30
A Google user,1,Forced Close Di Redmi note 9 dan 14. Please diperbaiki bugs nya.,2025-10-21 14:14:31
A Google user,1,"singkat aja, aplikasinya jelek. sering error. dan lucunya kalo lagi error, harus reinstall baru bener lagi. juga, sebelum ganti tampilan, list antrean hilang semua. catatan yang dibikin di dalam apknya juga lenyap — ini fatal banget sih. ada buku yang gak bisa diunduh juga (salah satunya LOTR), dan belum diperbaiki sampe sekarang. heran aja, sebenernya apk ini diperhatiin gak sih? padahal sangat sangat berguna, tapi bikin pengguna seneng aja gak bisa.",2025-10-21 10:20:47
A Google user,2,Aplikasi yang sangat bagus tapi sayang akhir-akhir ini force closed terus. Tolong dong perbaiki. Please,2025-10-21 08:32:00
A Google user,1,"ini kenapa app nya gak bisa dibuka lagi? ini memang disengaja atau memang app nya yang makin bapuk ya? tolonglah pemerintah biarkan rakyatnya suka baca buku, biarkan rakyatnya pintar, kenapa fasilitas ini yang sebelumnya mudah diakses dan sangat membantu dalam pendidikan, skrg malah diputus.",2025-10-21 02:39:16
A Google user,1,"jelek, nge bug mulu ni apk",2025-10-20 04:51:17
A Google user,1,please fix this app.. sering force close baik di ipad maupun android. sesusah itukah bikin aplikasi?? pdahal banyak buku bagus tp ampun bgt knp gak niat ya.. ini gak di QA apa gmn,2025-10-20 00:17:18
A Google user,1,"sekalinya berhasil minjem buku, app nya force close mulu. jelek bgt tutup aja app ga guna",2025-10-19 14:14:43
A Google user,1,app stress,2025-10-18 17:59:53
A Google user,1,IPUSNASNYA KOK TIDAK BISA DIBUKA YA,2025-10-18 06:46:03
A Google user,1,aplikasinya saat ini kerap force close,2025-10-18 05:37:46
A Google user,1,this used to work well now it's not functional anymore as it always crashes,2025-10-18 00:36:55
A Google user,1,"Sekarang Ipusnas forced-closed terus. Sangat mengganggu. Kalau DIPUSIP bisa bikin app sebagus JakLitera, kenapa Ipusnas gak keurus, sih?!",2025-10-17 22:35:00
A Google user,1,ngebug trs blok,2025-10-17 15:18:34
A Google user,1,baru dibuka keluar sendiri terus. padahal pengen baca buku,2025-10-17 14:04:17
A Google user,2,"plis perbaikin bugs nyaa, agak kurang nyaman",2025-10-17 03:06:15
A Google user,2,force close terus. padahal aku ingin baca. kenapa sulit sekali.,2025-10-16 12:59:37
A Google user,1,"Buka app selalu force close. Kenapa aplikasi dari pemerintah selalu jelek, aplikasinya cuma pencitraan kah",2025-10-16 07:58:35
A Google user,1,force closed mulu. Niat nggak sih?,2025-10-16 07:34:07
A Google user,1,Lebih bagus versi lamanya,2025-10-16 03:36:13
A Google user,1,"kenapa ya, tiap abis klik pinjam buku selalu keluar sendiri??",2025-10-15 23:07:37
A Google user,2,"Bisa dipinjam, tapi tdk bisa diunduh. Padahal memori kosong. Mohon diperbaiki. Tks.",2025-10-15 18:01:31
A Google user,2,"why is it getting worse?? Not a single book covers are properly shown—it's basically blank. There's no tag/shelf feature to list your TBR. And the filter doesn't do anything at all. Good luck trying to browse book genre of your liking among all those outdated self-help books. Defund IKN, build libraries instead.",2025-10-15 15:18:50
A Google user,1,Akhir-akhir ini kenapa aplikasinya langsung force close setiap dibuka ya?,2025-10-15 03:21:11
A Google user,1,ini kenapa aplikasinya sering keluar sendiri ya?,2025-10-14 02:12:47
A Google user,3,batasan pinjamnya jadi sedikit banget... masa cuman 6 hari??,2025-10-14 02:00:05
A Google user,1,Tidak bisa dipakai karena force close terus menerus.,2025-10-13 15:55:40
A Google user,1,"aneh, gabisa login",2025-10-12 02:58:00
A Google user,3,it keeps closing whenever i try to search for a book,2025-10-11 10:30:14
A Google user,2,"Ketika mau baca buku, aplikasi keluar sendiri",2025-10-11 03:44:17
A Google user,1,"Setelah update versi terbaru,aplikasi sering menutup sendiri, bahkan belum sempat melihat buku yang dipinjam",2025-10-10 21:59:38
A Google user,2,baru download kok gak bisa kebuka ya Aplikasi nya? pas buka aplikasi langsung logout sendiri.,2025-10-10 14:24:41
A Google user,1,"eror terus, gak bisa di buka app nya udah sebulanan. benerin tolonggg",2025-10-10 12:22:34
A Google user,1,gak bisa dibuka :',2025-10-10 03:20:12
A Google user,4,tolong tambahkan screen zoom setting di mode baca.,2025-10-08 09:41:43
A Google user,2,"Banyak buku menarik untuk dibaca, hanya saja aplikasinya sering me-restart sendiri. Dan sekarang buku2 yang ada dalam rak buku tidak bisa dikembalikan meski sudah berulang kali nengetuk ""return"". Update terbaru, aplikasi error dan sering keluar sendiri.",2025-10-07 23:08:19
A Google user,1,kenapa lagi ini sorotan text tidak ada pilihan hapusnya,2025-10-07 23:01:37
A Google user,1,"jelek batt satt, gw mau download ni yah semua buku pasti tulisan ""java.io blah blah blah"" inti nya error. kan arghhh bangett, apaan dah ni app, benerin satt developer nya ngapain",2025-10-07 19:20:54
A Google user,1,"Aplikasinya force close terus, di HP & tab sama2 gak bisa dibuka..",2025-10-07 15:53:33
A Google user,1,baru juga buka aplikasi langsung keluar sendiri,2025-10-07 11:04:02
A Google user,1,"Tidak berfungsi, force close terus. Dulu palingan butuh minor improvement untuk kenyamanan pengguna dan kelengkapan koleksi, setidaknya masih bisa dipakai, sedangkan sekarang bahkan tidak bisa dipakai.",2025-10-07 05:49:44
A Google user,3,suka nge lag,2025-10-06 15:02:54
A Google user,1,"sejak update UI besar-besaran, tidak hanya SEMUA history pinjaman saya hilang! Lalu yang paling konyol jadi tidak bisa bookmark halaman. What a joke. update 6 Okt 2025 : Aplikasi kerap kali forced stopped. Sama sekali tidak bisa membuka buku. Aplikasi pakai uang rakyat, please be considerate.",2025-10-06 12:30:43
A Google user,1,"kenapa sih akhir2 ini keep stopping mulu aps nya, gak bisa dipakai baca",2025-10-06 08:29:01
A Google user,1,"satu satunya perpustakaan digital yg diharapkan tapi gabisa ngasih buku yg berkualitas, aplikasi error terus, gimana bisa indonesia maju kalo cari referensi buku aja susah. buku gabisa di download, buffering, belum lagi close app sendiri. tolong diperbaiki, kita harus kemana lagi nyari sumber rujukan? perkaya buku2 yg ada.",2025-10-05 06:49:19
A Google user,1,"Setelah diupdate malah sekarang aplikasi ipusnasnya gak bs dipake, force closed terus. Baru dibuka home mau nyari buku udah auto ngeclose sendiri... Udah 3 minggu loh begini terus, parah banget ga dibenerin.. 😒",2025-10-04 20:35:05
A Google user,1,ngantri lama bgt najis,2025-10-04 10:14:26
A Google user,1,"Aplikasi selalu force close. Akhirnya terpaksa buka melalui website, ketika sudah masuk di website diarahkan untuk ke aplikasi lagi, sangat payah",2025-10-04 07:14:11
A Google user,2,"Tolong dong aplikasinya di-update, masa dikit-dikit error, ga bisa login, ga bisa anotate, ga bisa pinjam. Padahal suka banget baca di sini, please diperbaiki.",2025-10-04 01:32:34
A Google user,1,I can't login to this app,2025-10-04 00:41:47
A Google user,1,setelah update malah jadi error saat selesai pengunduhan buku jadi ngga bisa baca karena selesai unduh langsung keluar aplikasi,2025-10-04 00:12:18
A Google user,2,setelah di update buku yang sudah dipinjam tidak bisa dibaca lagi. sayang banget padahal buku di ipusnas ini termasuk lengkap dan diperlukan banget mohon segera diperbaiki ya,2025-10-03 15:21:30
A Google user,5,"Sumpah suka lag bangettttt... Padahal asik buat bacaa, bukunya juga termasuk lengkaapp",2025-10-03 05:08:16
A Google user,1,"Used to be able to borrow and read books. Now, I can't even open the app. What's the use of digital library if I can't access books?",2025-10-03 05:05:10
A Google user,1,Tolong dong dirawat perpustakaan digitalnya. Sedih banget lho skrg jadi gak bisa baca buku di sini. Padahal saya udah ngikutin aplikasinya dr awal dan udah pinjam ribuan buku. Ini kan aset berharga buat rakyat Indonesia di masa sekarang ataupun masa depan. Saya bisa baca buku-buku yg harganya mahal atau naskah kuno berkat aplikasi ini. Jadi mohon banget dirawat baik-baik ini aplikasinya 😭,2025-10-03 04:32:44
A Google user,2,"after update, I can't download and read a single book. why? :')",2025-10-03 04:08:02
A Google user,1,"Ini pakai pajak rakyat, seharusnya kami bisa menggunakan dg baik, tapi aplikasi tidak bisa digunakan. Saat aplikasi dibuka langsung keluar otomatis, jd saya tdk bisa membaca buku apapun. Padahal saya cek internet baik-baik saja krn aplikasi lain bisa berjalan dg baik. Terutama in this economy, tolong pajak kami untuk Ipusnas digunakan sebaik-baiknya dg memastikan aplikasi bisa kami gunakan untuk membaca buku. Saya tahu keluhan saya kemungkinan besar tdk dengar, tp saya tetap perlu menyampaikan.",2025-10-02 22:05:07
A Google user,1,app nya selalu force close tiap habis pinjam buku. benerin dong,2025-10-02 10:57:36
A Google user,1,gak dibuka mulu sumpah ngeselin bgt,2025-10-02 04:04:17
A Google user,1,Aplikasi bug terus,2025-10-02 01:55:28
A Google user,1,tidak bisa di buka,2025-10-01 08:20:55
A Google user,1,aplikasi force close di device galaxy tab A9,2025-09-30 19:51:04
A Google user,2,Mau tunggu berapa bulan lagi baru bisa buka aplikasi ini tanpa error ?,2025-09-30 14:52:10
A Google user,1,force closed,2025-09-30 07:59:48
A Google user,3,"Ipusnas ini sangat membantu untuk mencari buku secara daring, baik untuk referensi atau pun sekadar ingin membaca karya sastra. Ironi kalau pengoperasian aplikasinya begitu buruk. Tolong segera diperbaiki agar dapat kembali digunakan dengan nyaman.",2025-09-30 04:25:28
A Google user,1,"Apps close by itself, everytime i try to use it",2025-09-30 03:33:23
A Google user,3,bug,2025-09-30 01:26:58
A Google user,3,"Sebenernya aplikasinya bagus, ngembantu banget buat minjem buku digital, nambah ilmu, dan bukunya juga banyak. Tapi saat ngefilter buku lama banget, terus juga gak bisa search filter jadi harus ngescroll panjang, padahal filter gendrenya banyak, gitu juga dengan filter penulis. Tapi kalo nyari judul buku udah cepet kok, Terima kasih",2025-09-30 01:21:11
A Google user,1,Belum sempat baca. Aplikasinya berhenti mendadak. Ternyata beberapa review lainnya juga sama,2025-09-29 16:03:33
A Google user,1,"Saya kira karena ini aplikasi resmi, akan minim kendala—seperti error, nggak bisa dibuka, dan sebagainya. Tau-tau, malah menjadi aplikasi yang paling menguji kesabaran pengguna. Nggak bisa dibuka, sering log out sendiri, sering error. Mohon perbaiki, yaa.",2025-09-29 15:38:25
A Google user,1,"bintang satu karena lumayan lengkap bukunya, tapi errornya itu loh bikin ngeselin, plis deh ah cuma pengen baca dengan tenang doang pake ada acara keluar sendiri ck",2025-09-29 13:37:03
A Google user,3,"Sering tutup sendiri dan eror tak bisa dibuka, semoga bisa teratasi di update terbaru.",2025-09-29 10:58:22
A Google user,1,sering force closed. Setelah install ulang bookmark dan sorotan teks hilang semua.,2025-09-28 12:46:43
A Google user,1,"selalu keluar aplikasi setiap membuka app, sudah berulang kali mencoba tetap sama padahal baru update",2025-09-28 06:03:49
A Google user,1,habis diupdate makin jelek. gabisa login padahal sinyal bagus. selalu tiba-tiba keluar dari aplikasi,2025-09-28 02:56:35
A Google user,1,"3 hari tidak bisa digunakan. Setiap masuk, 5 detik kemudian keluar. Begitu terus sampai sekarang. Tolong segera perbaiki dengan niat yang baik.",2025-09-28 02:29:07
A Google user,1,"ini aplikasinya kenapa sih, tiba-tiba keluar sendiri",2025-09-27 17:28:36
A Google user,1,"Jelek banget, jir. Ini buku-bukunya gak bisa diunduh. Di-update bukannya makin bagus malah makin ancur, banyak bug juga. Please, lah ini kan aplikasi buatan pemerintah, malu dikit lah sama kualitasnya.",2025-09-27 08:52:15
A Google user,1,aplikasi paling busukkk.. ga niattt blokkk,2025-09-27 07:45:14
A Google user,1,crash mulu,2025-09-26 13:51:22
A Google user,2,kenapa gak bisa dibuka sihhh huhuuu,2025-09-26 13:19:37
A Google user,1,really bad,2025-09-26 08:06:09
A Google user,1,"Selalu forced close, sebulan lebih jd gak bisa baca buku. Ipusnas kena efisiensi kah? 😭",2025-09-26 05:40:09
A Google user,2,"This app often crashed, and it's so hard to run the program smoothly. fix it, please!",2025-09-25 06:23:37
A Google user,3,"mau baca buku aja ga bisa, app nya tau2 macet. koleksinya sih bagus, tapi ga bisa baca",2025-09-24 18:19:29
A Google user,1,"aplikasi udah updated, tapi bukannya bagus malah makin sering error. mana histori bacaan hilang semua lagi semenjak update. makin sering force closed. memori internal engga penuh, tapi dibilang penuh, jadinya ga bisa unduh buku. waktu lagi scroll juga sensitive banget, dikit dikit copy. mana notifikasi tetep ga muncul lagi. dah jelek banget pokoknya. tolong segera perbaiki lagi aplikasinya! mending balik yang last version aja kalo ternyata yang baru sejelek ini",2025-09-24 11:55:37
A Google user,1,"bolak balik eror ih sebel banget, koleksi bukunya juga💔😔",2025-09-24 09:33:53
A Google user,1,keluar terus :(((( pengen baca helpp😭🙏🙏😔,2025-09-24 07:33:12
A Google user,1,tidak bisa dibuka,2025-09-24 06:34:39
A Google user,1,banyak bug,2025-09-24 06:31:26
A Google user,1,"Aplikasi tidak stabil, ga bisa log in, butuh maintenance.",2025-09-24 04:47:57
A Google user,1,setelah update malah force close terus. apa yg mau dibaca jadinya.,2025-09-24 02:38:19
A Google user,1,apa sihhh ini apk kok sering bgt trouble. kembali sendiri bahkan ga bisa dibuka...tolong benerin dong. gimana sihh,2025-09-23 23:15:18
A Google user,3,"Koleksinya banyak dn penggunaannya mudah. Tapi ada bbrpa hal yg perlu diperbaiki : 1. Kategorinya tolong diurutkan berdasrkn abjad dong. Jdi lebih mudah buat menyeleksi buku yg pengen dibaca 2. Urutan bukunya juga tolong sediakan per abjad. Misalnya A, jdi d list itu cma ada bku dgn awalan A, dst.",2025-09-23 05:11:30
A Google user,1,"Padahal aplikasi ini sangat membantu saya dalam membaca buku. Tolong diperbaiki lagi, aplikasinya keluar sendiri saat mau di buka.",2025-09-23 02:32:51
A Google user,1,"APPNYA DIBUKA TAPI GA ADA 5 DETIK LANGSUNG KETUTUP MULUUUUU PLEASE, HELPP",2025-09-23 01:16:37
A Google user,1,"udah nunggu lama antrian buku 6 bulan, pas mau baca enggak bisaa udah ada di rak pinjam. tolong benahi segera. rugi.",2025-09-22 14:37:08
A Google user,2,harusnya aplikasi ini bagus kalo di maintain dengan baik,2025-09-22 13:30:42
A Google user,2,Aplikasi gagal diakses. Server down.,2025-09-22 13:18:59
A Google user,1,"Adakah teman teman PROGREMMER... atau SOFWER ENGJINER.... yang bisa bekerja di iPusnas dan MEMPERBAIKI sistem yang NGEBUG TIAP DETIK ini....???saya MENUA 10 tahun menunggu buku loading.. pls orang pinter n baik hati, do all of us a favor and fix this🙏🙏 peace love and gaul",2025-09-22 12:53:42
A Google user,1,why is it always suddenly closed every time i just borrowed the new book??,2025-09-22 04:41:42
A Google user,1,"jelek bgt aplikasinya, gak pernah berubah. selalu sulit mau login. gimana literasi masyarakat Indonesia naik kalau ipusnas yang online saja sulit diakses, terlebih harga buku pada mahal-mahal. Jelekkkk bgt gak pernah ada kemajuan sedikit pun. sebenarnya ada gak sih anggaran untuk ipusnas online ini?",2025-09-21 12:56:55
A Google user,1,"this app doesn't even work properly, so basically you can't do anything in this app. in simpler words, this app is purely GARBAGE!",2025-09-21 10:40:26
A Google user,1,gabisa minjem padahal stok copy ada. tbtb close app muluuuuu,2025-09-21 10:18:08
A Google user,1,"Kenapa sekarang pas mau buka langsung keluar terus, padahal lagi pinjam satu buku :""(",2025-09-21 06:55:58
A Google user,4,"apk nya membantu bgt buat yang suka baca buku gratis dan aman. tapi kenapa ya sering tiba-tiba logout sendiri jadi tertunda mau membaca. copy buku juga terbatas, jadi sulit klo mau pinjem novel populer. plis tambahin jumlah copy bukunya dan bikin notifikasi pas copy buku tersedia(di aku ini ada tp cm berlaku buat bbrp buku aja), dan satu lagi... adain fitur bisa cari akun temen lewat email/telp gitu biar bisa tukeran rak buku hihi. semoga cepet update deh biar makin banyak yg suka baca disiniii.",2025-09-20 15:31:13
A Google user,1,force close terus setelah diupdate 😓,2025-09-20 14:15:12
A Google user,1,"lengkap, tapi bukunya ga bisa diunduh. padahal copy-annya masih banyak",2025-09-20 13:38:07
A Google user,4,"bagus sih, cuman sering ngeleg, tambahin fitur bookmark kek...",2025-09-20 08:44:01
A Google user,1,"yee si kocak. makin di update makin kaga bisa di buka. keterangan update perbaikan bug, tapi makin parah. yang bener aje.",2025-09-20 05:11:24
A Google user,1,the app force closes everytime after I borrowed a book,2025-09-20 05:11:04
A Google user,5,"okey, nice e-library. aplikasi ini menyediakan banyak buku dan referensi yang bisa dibaca, walaupun tidak terlalu lengkap bukunya. Tapi secara keseluruhan, ini sudah bagus",2025-09-20 04:20:52
A Google user,1,the app keeps stopping...,2025-09-19 03:02:30
A Google user,1,"Sebetulnya senang ada aplikasi pinjam buku gratis kaya ipusnas gini, tapi tolong dong, sedikit-sedikit eror, udah pinjam buku ga bisa baca ktn aplikai ketutup sendiri.. lama bgt lg erornya 😩",2025-09-19 01:55:06
A Google user,2,suka hang aplikasinya,2025-09-19 00:48:04
A Google user,1,"aplikasinya banyak eror, sering banget nggak bisa ngunduh buku bahkan sering juga dibuka ga muncul apa-apa padahal sinyal lancar. sayang banget, mau baca aja kudu emosi dulu.",2025-09-18 12:46:59
A Google user,1,"Ini kenapa ya? setiap mau masuk berapa detik keluar, mau masuk, keluar lagi. Tolong diperbaiki ya, padahal sebelumnya aman aja",2025-09-18 06:25:17
A Google user,1,gabisa kebuka,2025-09-18 01:17:59
A Google user,1,bugny kacau,2025-09-17 16:46:52
A Google user,5,"people, if you want to read a book in hurry, go, buy the book. do not give this app bad revuew because you want free stuff to read.",2025-09-17 13:04:13
A Google user,1,"Aplikasi tidak mau mendownload apa pun, isinya putih saja. Benar benar menjengkelkan",2025-09-17 12:53:04
A Google user,1,"Aplikasinya tidak bisa dibuka setelah saya meminjam buku. Kesal juga, padahal pengen baca buku",2025-09-17 01:45:50
A Google user,1,force close,2025-09-16 22:45:44
A Google user,1,setiap buka aplikasi langsung keluar sendiri,2025-09-16 15:52:36
A Google user,1,"aplikasi bikinan pemerintah semuanya pada cacat dah, dikasi anggaran tu buat improve jangan dikorupsi mulu",2025-09-16 14:41:37
A Google user,2,"tolong perbaiki aplikasinya, kadang log out sendiri dan terlalu lalod aplikasinya. padahal jaringan lancar kadang katanya tidak ada jaringan internet",2025-09-16 12:06:31
A Google user,1,Habis update tidak bisa dibuka. Padahal versi sebelumnya bisa.,2025-09-16 11:24:27
A Google user,1,"lagi baca buku setelah masuk dan daftar , tapi tiba-tiba saja aplikasinya crash dan error , setelahnya mau baca d minta masuk dan daftar lagi , tapi di coba berulangkalipun tidak bisa lagi daftar dan masuk , masa pakai hanya satu jam , sungguh mengecewakan.",2025-09-16 03:15:57
A Google user,1,it crashed! keeps stopping over and over again 😭,2025-09-16 02:12:00
A Google user,1,tried to register several times for almost an hour but still cant. please fix it,2025-09-16 01:50:37
A Google user,1,dibenahin dong appnya. masa dikit-dikit error??? sehari ga eror gatel bgt apa?????,2025-09-15 14:50:16
A Google user,1,"This app is paid for by taxes, but even reading a book is INCREDIBLY difficult. Every time something happens, like the demonstration yesterday, it always crashes, and there's no notification about the book queue. Damn app.",2025-09-15 13:05:48
A Google user,1,the app automatically closes when im about to read Aplikasi tertutup otomatis sebelum saya membaca,2025-09-15 12:13:50
A Google user,1,"when I open the app, is always force close.",2025-09-15 12:13:10
A Google user,1,"setelah update malah jadi ga bisa dibuka, force close terus",2025-09-15 11:15:42
A Google user,1,"jelek, jelek, jelek banget!!!!! benerin dong gila parah jelek banget!",2025-09-15 09:30:08
A Google user,1,"please fix it a.s.a.p, app selalu force closed.",2025-09-15 08:27:13
A Google user,1,please fix it,2025-09-15 07:21:59
A Google user,1,"iPusnas adalah aplikasi yang ratenya sama kayak akhlak sebagain wakil rakyat, jelek banget",2025-09-15 01:55:31
A Google user,1,ini kenapa lagi sih aplikasi 😭😭😭😭,2025-09-14 23:14:05
A Google user,1,beneran perpusatakaan digital nasional seburuk ini? hadehhh,2025-09-14 16:23:50
A Google user,1,"min gimnaa ini, tiap buka ipusnas, langsung keluar sendiri (crash), bijimane mau baca buku dan jadi pintar kalo ""diusir"" terus begini 🥲",2025-09-14 15:11:50
A Google user,2,"cape banget sama ini apps, kek kebanyakan force close kocakk",2025-09-14 14:51:57
A Google user,1,app keeps on shutting down,2025-09-14 13:28:10
A Google user,1,belakangan ini ga pernah bisa dibuka.,2025-09-14 11:58:24
A Google user,1,"berkali-kali perbaikan tapi hasilnya nihil. kayaknya karena kebanyakan update aplikasinya jadi berat, balikin ke versi lama aja, selama pake versi lama ipusnas aku gapernah ada kendala, pinjam buku lancar, sehari baca satu buku ga masalah. waktu update semua masalah baru datang. buku gabisa diunduh, akun autologout mulu, semua masalah datang after update. tolong kalau diperbaiki yang bener, hampir setahun begini terus loh ipusnas",2025-09-14 10:14:59
A Google user,3,"aplikasi yg bagus karena menyediakan banyak ebook untuk dibaca gratis, tetapi sering sekali crash dan tidak bisa diakses. semoga bisa diperbaiki lagi.",2025-09-13 23:26:51
A Google user,1,"bug dan crash saat mau buka,,,",2025-09-13 18:40:28
A Google user,1,"Udah tanya admin di ig katanya udah bisa lagi, ternyata sama aja, udah re-installing berkali-kali tapi tetep force close kalo tiap dibuka :')",2025-09-13 15:43:44
A Google user,4,"Kategori bukunya mbo ya ada filter cari atau minimal urut abjad, mau filter buku yang tampil laya nyari jarum dalam tumpukan jerami😃",2025-09-13 14:17:42
A Google user,1,bug. ga mau dibuka,2025-09-13 13:34:47
A Google user,1,masa aplikasi pemerintah kayak gini? jelek banget sumpah,2025-09-13 12:24:47
A Google user,3,dulu tahun 2023-2024 sebelum dirombak abis2an ga pernah yang namanya force close atau error yang aneh2. sekarang setelah diperbarui dari tampilan dan segalanya kok malah jadi eror dan semua history jadi hilang jg. tolong diperbaiki lagi,2025-09-13 11:50:17
A Google user,1,"lemot, kadang gabisa dibuka",2025-09-13 07:46:30
A Google user,5,"alhamdulillah terimakasih bisa baca buku gratis dari rumah karena keterbatasan ruang dan waktu, buku yg tersedia juga bervariasi novel ada, untuk anak ada, dll",2025-09-13 04:08:16
A Google user,1,bad,2025-09-12 22:24:51
A Google user,1,"Udah berapa lama aplikasinya selalu force close. Sedetik kebuka, langsung keluar dari aplikasi detik berikutnya. When will this be fixed?",2025-09-12 15:55:34
A Google user,3,"ipusnas kenapaa sihh, lagi make tiba tiba keluar, mau download buku tiba tiba gabisa.. kenapa..",2025-09-12 14:47:25
A Google user,1,"Tolonglah, sebagai source membaca milik pemerintah bikin beneran accessible buat semua orang. Kenapa tiap kali update jadi gak bisa login, trus data history saya SELALU HILANG? Balikin history saya termasuk password etc. update 12 Sept 2025 : Beberapa hari terakhir apps selalu force closed due to internal error. Begini amat mau baca buku aja.",2025-09-12 02:06:23
A Google user,1,sering crash.,2025-09-12 01:42:48
A Google user,1,EROR MULU.....,2025-09-11 15:13:23
A Google user,3,sudah seminggu force close teruss.. padahal device sama OS masih compatible..,2025-09-11 14:19:56
A Google user,5,"Aplikasi membaca terbaik, sangat membantu. Terima kasih iPusnas ❤️🙏🏻",2025-09-11 04:52:02
A Google user,1,"waktu itu aman bisa dibuka, trus tiba-tiba minta diupdate, udah tuh aku update, eh abis aku update malah gabisa dibuka, aku diemin siapa tau ntar bener lagi, tapi ternyata tetep susah, trus aku hapus dan download ulang sampai dua kali, tetap ngga bisa. tolonglah gimana",2025-09-11 04:12:14
A Google user,1,"Aplikasi bikin tensi naik, baru dibuka selalu keluar sendiri, developernya ga niat bikin aplikasi, bener² underrated",2025-09-10 23:41:21
A Google user,1,"Setelah diperbaharui bukannya lebih baik malah lebih jelek. Sistemnya jelek, gak bisa masuk sama sekali, tiba-tiba keluar sendiri",2025-09-10 18:51:21
A Google user,1,"gk bsa daftar, apalah. ini aplikasi pling cmn buat money laundry para koruptor.",2025-09-10 14:46:19
A Google user,1,forceclose mulu eek,2025-09-10 14:31:59
A Google user,1,"error mulu dah, sering masuk ada notif gaada signal",2025-09-10 13:57:10
A Google user,1,"setelah update aplikasi, ketika dibuka sering berhenti tiba-tiba. padahal belum klik apapun. tolong developer nya ini diperbaiki. soalnya buku-buku yang tersedia termasuk sudah lumayan lengkap",2025-09-10 11:13:12
A Google user,3,sering eror dan kadang ga bisa dibuka sama sekali,2025-09-10 09:45:57
A Google user,1,force close,2025-09-10 06:48:25
A Google user,1,"kok nge bug?, buka aplikasi tiba² close 🥴",2025-09-10 06:42:28
A Google user,1,"The app keeps crashing, I couldn't read any borrowed books, please fix this",2025-09-10 02:51:27
A Google user,1,jelek bngt knp sih,2025-09-10 02:16:19
A Google user,1,"min apps nya tolong diperbaiki, force close terus",2025-09-10 01:08:28
A Google user,4,"bagus untuk literasi, namun masih perlu ditingkatkan lagi. ketika ingin menambahkan daftar buku pinjaman, seringkali aplikasi keluar sendiri. kedua, susah sekali untuk masuk ke dalam aplikasi menggunakan akun google.",2025-09-09 14:03:59
A Google user,2,berharap apa sih sama aplikasi yang dikelola pemerintah,2025-09-09 13:01:30
A Google user,1,Sudah berhari-hari error terus. Gak bisa masuk. Pas bisa masuk langsung nutup sendiri. Tolong segera dibenerin.,2025-09-09 12:25:31
A Google user,4,terakhir update malah kepental terus. it's been quite a time. semoga bisa lekas dibenahi,2025-09-09 04:37:22
A Google user,1,EROR MULU HIH,2025-09-09 04:18:07
A Google user,1,sejak di update malah tidak bisa di buka.,2025-09-09 03:47:05
A Google user,1,"aneh bgt aplikasinya, padahal lagi butuh buat nyari buku eh malah keluar2 sendiri dari aplikasi, nyebeli",2025-09-09 02:08:11
A Google user,2,"kenapa ya selalu nggak bisa buka aplikasinya. udah di buka, keluar-keluar sendiri🥲🥲🥲sedih banget padahal dulu dulu bisa buka",2025-09-09 01:26:49
A Google user,2,"navigasi halaman busuk. Aplikasi ini sebenarnya sangat bermanfaat, tapi dibuat dengan sangat cacat. salah klik halaman buku, tiba-tiba kembali ke halaman awal lagi. kemudian ketika keluar dari buku dan resume, halaman tidak kembali ke halaman terakhir saya baca. Tidak ada fitur wishlist juga.",2025-09-08 17:09:24
A Google user,1,"Saya update baru-baru ini kenapa begitu masuk aplikasi, belum ada lima detik sudah keluar sendiri, berulang-ulang kali seperti itu. Padahal dalam deskripsi, katanya bug sudah diperbaiki. Saya benar-benar kecewa dengan Ipunas versi sekarang. Semakin mengalami penurunan. Kesempatan Saya untuk membaca buku melalui perangkat ini menjadi berkurang dan sekarang, tidak bisa digunakan sama sekali.",2025-09-08 15:03:44
A Google user,1,"bercanda bgt sih developernya. duitnya dikemanin woy? beresin nih app. mending nge-lag, i can tolerate that. lha ini abis diupdate malah makin gak beres. udh login, tapi abs itu malah nutup2 sendiri mulu? sengaja mo bikin bego Indonesia bgt. udah buku mahal, dikasi akses gratis malah begini??? BERESIN ANJIR",2025-09-08 06:55:41
A Google user,1,i can't open the app. always force close,2025-09-08 03:53:58
A Google user,1,Sering error tiba-tiba keluar sendiri apps nya,2025-09-07 15:54:38
A Google user,1,"kalau bisa gua kasih setenga atau bhkan seperempat, gua kasih dahhh. nyoba di salah satu buku, ga bisa di download. aku pikir itu karena buku nya kurang populer(wlpn HARUSNYA sistem kerja ga milih milih rating buku). pas nyoba buku yang lebih populer ketsrsediaan copy nya masih 2 DAN AKU MALAH GA BISA PINJEM???? pls backend team pls do your work properly",2025-09-07 14:40:26
A Google user,1,"Aplikasi berfungsi dengan sangat baik, tidak pernah crash sekalipun",2025-09-07 14:39:36
A Google user,1,"tolong dong pemerintah, ini bentuk fasilitas negara buat membaca secara gratis dan bisa diakses dimanapun aja mas ngebug gini sih? duit nya abis buat gaji DPR apa gimana? mending alokasiin nih dana buat benerin sistem ini anjir",2025-09-07 13:23:55
A Google user,1,"gbisa daftar bro, tlong bnerin dong",2025-09-07 12:44:02
A Google user,1,"I can't login. Even though my network is good, it says please try again later. I tried almost ten times btw.",2025-09-07 12:35:48
A Google user,5,force close terus,2025-09-07 11:15:34
A Google user,2,"abis pinjam buku, appnya malah ga bisa dibuka. crash terus. bakal dibenerin atau didiemin aja nih?",2025-09-07 09:42:43
A Google user,4,setiap aplikasi dibuka tampil beranda langsung hilang,2025-09-07 02:15:36
A Google user,1,habis diupdate jadi ga bisa dibuka,2025-09-07 02:08:38
A Google user,1,force closed terus... tolong segera diperbaiki,2025-09-06 15:43:41
A Google user,1,Sudah sebulan ini aplikasi tidak bisa digunakan. setiap kali dibuka langsung tertutup lagi. Ada masalah apa ya? Mohon bantuannya.,2025-09-06 15:26:30
A Google user,3,"entah knp akhir2 ini selalu ""ipusnas keeps stoping"" padahal aku suka banget baca di apk ini",2025-09-06 14:46:33
A Google user,1,aplikasi gak niat dan sering eror,2025-09-06 14:04:52
A Google user,1,the app kept forced close though the connection is stable. pls fix this,2025-09-06 09:21:04
A Google user,1,apk jelek,2025-09-06 04:41:12
A Google user,2,"I cant borrow a book eventhough there is a copy available, please fix this.",2025-09-06 04:19:45
A Google user,1,"Aplikasinya gampang error, pas dibuka tiba-tiba keluar sendiri padahal baru diperbarui",2025-09-05 21:41:42
A Google user,1,"It keeps force closed, please fix it",2025-09-05 16:34:29
A Google user,1,"udah berhari-hari aplikasi force close mulu. ayolah perbaiki. gimana kita mau baca? aku buka di web pc, pad, dan hp sama aja.",2025-09-05 15:29:46
A Google user,5,"terimakasih, sangat membantu mahasiswa",2025-09-05 14:26:50
A Google user,1,jelek,2025-09-05 12:30:27
A Google user,2,"Minusnya aplikasi sering error, koleksi kurang lengkap, beberapa buku ada yang tidak bisa diunduh Plusnya bisa baca gratis",2025-09-05 12:04:03
A Google user,1,kenapa ya ipusnas semakin ke sini semakin buruk kualitasnya?,2025-09-05 08:28:06
A Google user,2,"dulu app ini msh bisa dipakai, sejak pindah ke versi terbaru tidak bisa lagi dipakai untuk download buku selalu gagal atau app keluar sendiri, ayolah perbaiki, sudah 6 bulan ini berlangsung",2025-09-05 07:00:19
A Google user,1,Kenapa pas masuk langsung keluar sendiri ya?,2025-09-05 06:58:55
A Google user,3,error terus☹️☹️,2025-09-05 06:39:08
A Google user,2,"the app isn't working, force closed.",2025-09-05 05:57:13
A Google user,5,"menurut saya aplikasi ini biasa² aja, ga ada bug atau apapun yang aneh👍🏽",2025-09-05 05:47:30
A Google user,1,"it crashed, always stops and logs me out of the app.",2025-09-05 03:25:37
A Google user,1,log in aja gabisa bang HADEHHH,2025-09-04 20:57:21
A Google user,1,"daeipada gelontorin pajak ke dpr mending lu benerin ni apps literasi negara, jelek bngt buset",2025-09-04 16:58:08
A Google user,4,IPusnas kenapa lagi ya ? kok keeps stoping terus ya ?,2025-09-04 16:27:42
A Google user,2,aplikasi buatan Indonesia yang paling sering aku akses karena bagus dan bermanfaat banget. masalah terbesarnya aplikasi ini sering banget trouble.,2025-09-04 13:45:16
A Google user,1,"Setelah diupdate malah jadi gak bisa dibuka sama sekali aplikasinya. Setiap klik aplikasinya, langsung ketutup sendiri. Parah banget.",2025-09-04 12:14:22
A Google user,2,aplikasi berguna tapi sering error mohon perbaikannya🙏,2025-09-04 11:46:22
A Google user,1,versi sekarang jelek banget jujur. kami ga dibolehin baca buku kah? setiap masuk ke aplikasi tbtb keluar dengan sendirinya,2025-09-04 10:45:50
A Google user,1,forced close terus,2025-09-04 03:23:19
A Google user,1,Situs perpustakaan negara tp daftar aja susahnya minta ampun....hapus aja ini aplikasi ga malu kalian ya!!!,2025-09-04 01:41:36
A Google user,2,Padahal dulu appnya termasuk lancar untuk digunakan. Tapi kenapa akhir-akhir ini sering gangguan ya :(,2025-09-04 01:27:08
A Google user,1,"Until now still many bug. I can't open any books :""(",2025-09-04 00:06:03
A Google user,1,always forced closed,2025-09-03 23:42:26
A Google user,1,dah seharian ga bisa dibuka kocak,2025-09-03 22:42:38
A Google user,2,aplikasi tidak bisa digunakan. setiap mau masuk aplikasi malah keluar,2025-09-03 14:18:37
A Google user,1,"apk buruk rusak terus, sulit login. percuma punya negara tapi kualitas buruk",2025-09-03 14:12:30
A Google user,1,anggaran gede buat apa? maintenence aja nggak konsisten,2025-09-03 12:43:45
A Google user,4,terkadang suka nge-bug,2025-09-03 10:47:17
A Google user,3,"WHY IT'S SUDDENLY CLOSED WHEN I JUST OPENED THE APP?? U better fix it br, I want to borrow sum books pls💔✌thanks",2025-09-03 07:44:03
A Google user,1,Force close immediately lol,2025-09-03 07:43:54
A Google user,1,"semuanya aman sampe login, tapi pas mau dipake aplikasi sering keluar sendiri berulang kali",2025-09-03 05:37:35
A Google user,1,"susah bgt kak mau minjem buku, tertera masih ada bbrp copy, tp mau dipinjem muncul kalimat ""copy tidak tersedia""",2025-09-03 04:36:00
A Google user,1,"Tolong dong aplikasinya dibenerin. Saya coba buka di web, sebelum-sebelumnya bisa dan ga ada masalah, tapi tiba-tiba harus download app nya dulu. Terus saya ganti ke app yang ada di ponsel, udah di update ke versi terbaru tapi malah gabisa ngapa-ngapain. Ada notif 'tidak ada koneksi internet' padahal saya buka app lain ga ada masalah, berarti bukan internet saya. Terus klik pinjam buku malah ke log out, nyoba log in tapi gabisa, antara ke log out terus atau dapet notif koneksi internet buruk.",2025-09-03 02:20:31
A Google user,2,"please diperbaiki,di android apknya keluar mulu😭",2025-09-02 23:38:26
A Google user,1,ini sistemnya lagi eror apa gimana? udah diperbarui malah jadi eror ga bisa masuk aplikasi. INI GAAKAN ADA PERBAIKAN?!,2025-09-02 21:49:46
A Google user,1,"Setelah update app versi terbaru hr ini, setiap kali mau searching/pinjam buku loading lama. Tombol utk pinjam & unduh buku terlalu lama munculnya dibanding versi app sblmnya. Setelah berhasil pinjam & unduh buku pun, saat mau klik tombol baca malah app forced closed. Mohon segera diperbarui bugs nya admin krn banyak yg mngeluhkn hal yg sama dr review pengguna yg lain 🙏🏼",2025-09-02 15:15:54
A Google user,1,just updated the app then I cannot read the book i borrow. it keeps force closed.,2025-09-02 14:16:42
A Google user,1,"I've tried to register tens of thousands of times, I've downloaded this app over and over again but I still can't register. Why is this happening? Please fix this app. It's really annoying.",2025-09-02 14:15:08
A Google user,1,"error loginnya, padahal udah di versi terbaru dan keterangan update itu fix perihal bug dan segala macamnya",2025-09-02 13:08:54
A Google user,1,"baru mau login aja gk bisa2, parah banget padahal aplikasi pemerintah yg didananin make duit pajak, tp jrlek bangetttt",2025-09-02 07:35:18
A Google user,3,"Misi, para developer. Ini sebelumnya bagus banget loh bisa dibuka. Saya aja sering banget baca buku dari sini juga. Tapi pas update, ni aplikasi tutup terus. Jadinya gak bisa baca lagi ini. Mohon diperbaiki kesalahannya",2025-09-02 06:53:50
A Google user,2,kenapa setelah upgrade aplikasi saya tidak bisa masuk lagi? tolong cepat diperbaiki ya🙏,2025-09-02 06:15:11
A Google user,1,error,2025-09-02 04:20:32
A Google user,1,"ini kenapa selalu tiap dibuka “tidak ada koneksi internet” padahal wifi dan kuota aku masih oke-oke aja, dan aku bisa buka apk lainnya. tp disini selalu blank dengan keterangan gitu",2025-09-02 03:05:00
A Google user,3,"nge bug mulu, apalagi kalau pakai d laptop",2025-09-02 02:33:24
A Google user,1,aplikasi ga bisa mendeteksi jaringan. padahal saya pakai wifi dan lancar sinyalnya. tapi aplikasi ini malah memberi notif kalau saya ga memiliki jaringan. tolong perbaiki.,2025-09-02 01:25:28
A Google user,4,"What's wrong with you guyss😔 aku cuma mau baca doang padahal, tapi kenapa tiap kali update selalu gabisa dipakai? Apa gaperlu update kah? Kirain update buat perbaikan. Masih banyak PR kalian, tolong segera diperbaiki. Love banget sm Ipusnas, isinya banyak buku bagus. Thank u. Tapi sabilah diperbaiki biar gak crash mulu.",2025-09-01 23:43:33
A Google user,1,"permisi kak admin, tolong ih aplikasinya diperbaiki. aku mau ngerjain skripsi jd terkendala, soalnya g bisa login padahak semuanya sudah bener (email & kata sandi)😭😭",2025-09-01 21:46:45
A Google user,2,"bagus sebenarnya banyak buku yg mau au baca, tapi aplikasnya jelek tiap mau buka gak bisa udah gitu pas awal login juga gak bisa terus. gangguan mulu kayaknya",2025-09-01 18:35:35
A Google user,4,kok sering forced close sih? mohon untuk lebih diperbaiki lagi yaa,2025-09-01 17:14:18
A Google user,2,apk kocak ...habis update kagak bisa di buka samsek,2025-09-01 16:59:14
A Google user,1,"Aplikasi error, tidak bisa login. Dikatakan tidak ada jaringan internet, pdhl jaringan internet sy tidak ada masalah",2025-09-01 15:16:18
A Google user,2,"jelek bgttt pleasee tampilan, ux, DAN LOADING LAMA BGT TRUS KELUAR KELUAR SENDIRI???",2025-09-01 14:38:36
A Google user,1,"i used to like this app, in fact i love to read in this app. But after not login for maybe 3+ month, i can't login",2025-09-01 13:57:22
A Google user,3,"habis update, gabisa buka aplikasinya. udh coba uninstall, terus mau login lagi malah error, padahal mau ngerjain tugas😔",2025-09-01 11:42:35
A Google user,5,"Halo kak, kenapa saya gak bisa buka aplikasi lagi ya? setelah update, loading sebentar langsung tutup aplikasi otomatis. 😀",2025-09-01 07:28:54
A Google user,1,Setelah update crash. Ga bisa dibuka!,2025-09-01 00:19:19
A Google user,4,"Lumayan suka sama app ini, buat aku yang suka baca novel, selain novel indo, ada juga novel terjemahan, inggris juga ada, pokoknya banyak buku lainnya juga, app ini beneran sangat membantu. Walaupun ada minesnya, ngga masalah buatku. Overall it's pretty good. Beruntung aku nemu nih aplikasi. Cheers",2025-08-31 16:01:45
A Google user,1,"sedih banget, kenapa pas login ke logout terus:(",2025-08-31 14:57:22
A Google user,2,"hii iPusnas!! sebelum nya terimakasih sudah menciptakan aplikasi ini, sebenarnya update terbaru nya sudah cukup bagus, tapi akun saya yang lama jadi hilang, padahal sudah bookworm, riwayat bacaan dan antrian buku saya juga hilang, padahal banyak yang belum sempat dibaca, apalagi masih terdapat banya bug ya, tolong segera diperbaiki yaa, smoga juga akun lama saya dapat kembali, terimakasih dan terus semangat tim iPusnas!",2025-08-31 13:51:59
A Google user,1,force close,2025-08-31 10:41:39
A Google user,1,"ipusnas sepertinya hampir setiap hari mengalami error. banyak yang ingin membaca tapi aplikasi ipusnas justru tidak mendukung. apakah terkena dampak efisiensi sehingga aplikasi ini tidak ada perubahan menuju lebih baik? tolong, dengarkan keluhan kami sebagai pembaca dan penikmat ipusnas.",2025-08-31 08:11:05
A Google user,2,ngecrash mulu ni kenapa ya? kena bungka. juga?,2025-08-31 07:23:16
A Google user,2,Mohon maaf aplikasi sering tertutup/keluar tiba-tiba setelah saya update. Mohon perbaikannya.,2025-08-31 02:39:29
A Google user,1,"WOY APAANSI KELUAR KELUAR MULU, GAK DAPET DAPET BUKU YG DI MAU, GABISA DI BACA SETIAP DI BACA KELUAR KELUAR MULU 😡😡😡😡😡😡😡ERORRR MULUUUU NGESELIN😡😡😡😡😡😡",2025-08-31 00:49:38
A Google user,1,abis update force close terus,2025-08-30 14:26:45
A Google user,2,"suka error padahal mau baca buku :) tolong diperbaiki lagi ya, kok ini malah abis di update malah gk bisa dibuka dah? tolong diperbaiki dong ini saya mau baca buku digital jadi terhambat.",2025-08-30 13:47:24
A Google user,2,"udah update tapi malah gak bisa dibuka, keluar terus",2025-08-30 12:10:47
A Google user,1,crash parah stlh update,2025-08-30 10:45:01
A Google user,2,"error after update, can't open the app at all. please fix",2025-08-30 06:19:41
A Google user,1,"jelek, dikit-dikit keluar, dikit-dikit error, dikit-dikit update, makin update malah makin error, aplikasi gajelas",2025-08-30 04:33:31
A Google user,1,unresponsive,2025-08-30 03:57:00
A Google user,1,ini kenapa jadi ga bisa dibuka pas udah update? hanas update atuh,2025-08-30 03:38:43
A Google user,1,"Min, ini setelah saya update aplikasinya jadi sering forceclose muluu, padahal aku mau lanjutin baca buku yang aku pinjam tempo hari yang lalu. Tolong segera diperbaiki minnn",2025-08-30 03:07:46
A Google user,1,"Ya Allah, kemarin seenggaknya aku masih bisa baca meski loadingnya lama dan cover buku gak muncul, tapi sekarang pas udah di update lagi malah auto keluar sendiri pas buka appnya. Kenapa semakin diupdate kinerjanya malah makin buruk? Mohon segera diperbaiki. Padahal suka banget baca di sini.",2025-08-30 02:37:37
A Google user,1,"bener bener ampas banget, aplikasi untuk rakyat yang notabennya buatan negara tapi sering gabisa dibuka? MIRIS MEMANG NIAT BANGET MEMATIKAN LITERASI.",2025-08-30 01:40:54
A Google user,1,update version malah force close terus nih,2025-08-29 23:46:07
A Google user,1,force close,2025-08-29 15:44:42
A Google user,1,diupdate malah jadi gabisa di buka!,2025-08-29 14:27:10
A Google user,1,"aplikasi tergajelas, tiap abis diupdate malah eror",2025-08-29 14:24:22
A Google user,1,"gimana mau baca buku, orang aplikasinya aja sering error 🤣",2025-08-29 13:42:36
A Google user,1,habis update malah ngecrashhh,2025-08-29 12:34:24
A Google user,3,"Barusan update setelah dibuka langsung tutup/close sendiri, diulang-ulang tetap sama.",2025-08-29 11:31:37
A Google user,1,Crash terus. Keluar sendiri.,2025-08-29 10:11:19
A Google user,1,diupdate malah gak bisa dibuka 🙂,2025-08-29 06:41:44
A Google user,2,aku suka tampilan yang sekarang. lebih rapi dan gampang dipakai. tapi habis diupdate malah gabisa dibuka:(((,2025-08-29 05:48:14
A Google user,1,user tersabar di dunia jatuh pada pengguna aplikasi ipusnas,2025-08-29 01:35:39
A Google user,5,"setelah di update aplikasi tidak bisa login, menutup sendiri, dibuka dengan luar jaringan juga tidak bisa",2025-08-29 01:11:42
A Google user,2,"setelah update, tidak bisa di buka",2025-08-28 22:05:51
A Google user,1,heran banget perpustakaan online di indo ini buat membaca saja susah minta ampun,2025-08-28 14:47:05
A Google user,4,Tolong sinkronkan antara bookmark di web ipusnas dan aplikasi. Supaya kalau pindah device gampang untuk melanjutkan bacaan. Mungkin juga bisa ditambah wish list bacaan min 👍,2025-08-24 01:28:26
A Google user,1,"cover bukunya aja gak bisa diliat, nyari buku sesuai genre gak muncul muncul",2025-08-23 12:16:27
A Google user,2,kak ini kenapa gak bisa nampilin cover buku nya ya? semuanya malah,2025-08-23 01:53:22
A Google user,3,"Aku suka app nya oke bisa baca buku gratis nambah ilmu tapi ini saran aja semoga diperbaiki :koleksi buku kurang lengkap,kursor buat ngeblock kata2 atau kalimat nya nge bug,kyk mau ngutip kata2 atau quotes yang bagus tapi kursornya nge bug gak bisa di block rapih,kalo bisa juga untuk fitur ""bacakan teks"" nya diganti voice nya soalnya voice yg ini artikulasi nya inggris sedangkan buku2 nya gak semua berbahasa inggris jadinya kedengerannya aneh dan malah kesel karena ga paham apa yang di bacain.",2025-08-22 03:21:53
A Google user,1,"keluar akun terus, padahal lg dipake",2025-08-22 02:29:35
A Google user,1,"Aplikasi ini sering tiba-tiba log out sendiri. Antri buku tidak berdasarkan siapa yang duluan tapi untung-untungan aja. Pernah complain di medsos tapi enggak di respon padahal akun aktif entah musti kemana. Ada beberapa buku yang tidak bisa dibuka dan dibiarkan seperti itu walau banyak yang kecewa di reviewnya. LEBIH PARAHNYA LAGI PERNAH NEMU AKUN JUDOL LAGI PROMOSI DI HOME. IYA, MODUS PINJAM BUKU SAMBIL PROMOSI.",2025-08-21 23:25:37
A Google user,3,i cant log in,2025-08-21 16:11:49
A Google user,2,"Halo Min, mau nanya kenapa buku Sihir Perempuan karya Intan Paramaditha ketika diunduh responsenya 404 Not found ? apakah ada alasan khusus terkait dengan perizinan dari penulis/penerbit terkait ? jika ada lebih baik buku tersebut disembunyikan sementara dalam pencarian buku di Ipusnas hingga perihal perizinan tersebut selesai dan jika tidak ada mohon segera diperbaiki files untuk mengunduh buku tersebut terima kasih",2025-08-21 05:31:58
A Google user,1,"lots of bugs, borrowed books are lost, can't load even though the signal is good, server down, server error",2025-08-20 00:20:20
A Google user,3,"halo, why is my app always stated java failed once I want to download the book?",2025-08-17 02:44:22
A Google user,1,Kenapa UI nya sekarang makin susah dan membingungkan :(,2025-08-16 15:05:23
A Google user,4,"seneng banget sama aplikasi ini, bisa pinjam dan baca buku secara online. tapi sudah 3 hari ini saya ga bisa masuk melalui email maupun melalui pendaftaran. ada apa ya? tolong diperbaiki secepatnya.. terima kasih",2025-08-15 13:04:10
A Google user,1,stupid application,2025-08-12 18:12:42
A Google user,2,kenapa banyak bug nya ya .. suka logout sendiri account nya,2025-08-11 15:41:01
A Google user,1,kenapa harus ke logout setiap hari? mana pas mau login laginya error mulu,2025-08-11 14:54:20
A Google user,2,"Ini aplikasi membingungkan banget. Tulusannya jumlah copy tersedia 1 tapi begitu klik pinjam ""jumlah copy tidak tersedia"". Udah gitu tampilan depannya kurang enak dilihat, harus diimprove sih ke depannya.",2025-08-09 15:23:37
A Google user,1,"bangga sih, perpustakaan indonesia bisa menjangkau fitur digital. suka baca baca buku dari aplikasi ini, tp plis kenapa setelah update jadi susah loginnya? sekalinya bisa login, sampul buku jadi tidak ter-display dan jadi blank biru sehingga tidak bisa melihat sampul buku aslinya. tolong perbaiki ya untuk developernya, semoga tidak ada pengalaman yang kurang menyenangkan untuk kemudian hari",2025-08-09 04:25:32
A Google user,3,tolong diperbaiki lagi aplikasinya agar tidak sering ke log out soalnya kadang malah gabisa buat log in samsek,2025-08-07 07:25:42
A Google user,2,"koleksinya banyak dan lumayan lengkap, sayang appnya sering ngebug. saran ditambahkan fitur wishlist/TBR untuk buku yg ingin kita baca",2025-08-07 06:37:43
A Google user,3,"Habis diupdate malah bukunya ga muncul gambarnya, ini yang salah aplikasinya atau hp ku?",2025-08-06 17:18:53
A Google user,5,"saya banyak baca buku disini, tolong koleksinya di perbanyak hihihi",2025-08-05 05:55:42
A Google user,4,Aplikasi ini sangat membantu sekali namun sejak 2 bulan terakhir kendala gagal unduh bukunya masih belum teratasi. Tolong dong admin kendala bug-nya segera diatasi.,2025-08-03 18:33:35
A Google user,2,"hallo kenapa loading terus ya? kalau pakai data seluler bisa lancar, tapi diganti memakai wifi tidak bisa.",2025-08-03 07:28:10
A Google user,5,"aplikasi yang menarik tapi andaikan [SARAN] ada fitur untuk reading list (list buku untuk dipinjam dan dibaca kemudian) menurut saya bagus untuk orang seperti saya yang pengen baca buku ini tapi masih pengen baca buku itu juga, tapi gamau lupa judul atau harus cari² lagi hehe, kaya kan ga perlu pinjam dulu untuk keep bukunya",2025-08-01 20:13:21
A Google user,5,"Akan lebih baik jika di bagian filter bisa ditambahkan berdasarkan penerbit bukunya. Kemudian, mohon diperbaiki kembali, di android 9 itu cover bukunya tidak muncul, jadi harus repot-repot dulu buka versi websitenya hanya untuk melihat cover bukunya. Terima kasih.",2025-08-01 14:43:20
A Google user,1,"sejak update, jadi banyak error. suka logout sendiri. buku yang sudah diunduh juga mendadak minta diunduh ulang setelah aplikasi ditutup.",2025-08-01 03:11:13
A Google user,2,versi baru gabisa dipake di boox onyx🥲💔,2025-07-25 15:10:52
A Google user,3,koleksi buku belum lengkap,2025-07-24 12:02:05
A Google user,5,Saya sudah pakai app ini 3 tahun lebih dan sangat bersyukur karena buku kedokteran hewan sudah semakin banyak. Terima kasih yah.,2025-07-24 02:35:27
A Google user,1,ini kenapamya kok gabisa unduh buku yang udah dipinjam? makin hati makin gajelas ini aplikasi,2025-07-23 17:01:00
A Google user,1,"gimana sih error mulu?? ini udh ada sebulan lebih gabisa dibuka, kerja ga sih anda semua ini??",2025-07-23 13:47:46
A Google user,1,jlek,2025-07-22 03:44:51
A Google user,1,jadi pelit stock buku,2025-07-21 04:12:04
A Google user,2,"tambahin stoknya love hypothesis dong ipusnas, sama cuma tiga biji tp yang antri ada 500 orang😔🫵🏻",2025-07-20 18:03:05
A Google user,5,"Terima kasih karena dgn tersedianya aplikasi ini membuat saya merasa lebih mudah, hemat dalam membaca buku. Meskipun masih ada beberapa hal yang perlu diperbaiki di aplikasi ini, tapi manfaat dari aplikasi ini begitu banyak",2025-07-20 06:21:22
A Google user,1,Error mulu heran,2025-07-19 09:16:01
A Google user,3,"koleksi buku banyak, mudah diakses. tapi ada beberapa yg kurang membuat nyaman. apps sering crash, tidak bisa dibuka, seringkali harus log in ulang. untuk menandai kalimat juga agak sulit, tidak bisa tepat pada tulisan yg ingin diblock. juga tidak ada fitur seperti 'baca nanti', akan sangat berguna saat menemukan buku yg menarik tapi belum mau meminjam karena masih membaca buku lain",2025-07-18 07:39:35
A Google user,5,"sekarang gabisa login, kenapa ya?? aku review 5 kalau nanti udah bisa",2025-07-17 10:06:18
A Google user,3,"tolong diperbaiki tidak bisa login, aplikasinya sudah bagus dapat membaca ebook secara gratis",2025-07-14 12:57:43
A Google user,4,"walau sering error (be it maintenance or not), belum ada notif kalao buku tersedia, sistem antrian masih belum bs seperti digilib pny developer sebelah, beberapa buku error bisa dipinjam tp gabisa diunduh, buku2 viral copynya either cm 3 or 10, tp tetep merasa bersyukur dan terbantu sekali dg adanya ipusnas, 2th ini bisa baca hampir 100 buku gratis tanpa harus keluar uang. Semoga keluh kesah komplen user ipusnas bs didengar sm staf perpusnas dan segera dibenerin app nya.",2025-07-14 12:30:11
A Google user,1,"sering sekali error, bahkan sampai log out dan tidak bisa log in lagi",2025-07-14 10:03:59
A Google user,1,Kenapa app nya gabisa diakses sama sekali bahkan gabisa log in,2025-07-13 17:24:16
A Google user,1,"BENERIN APLIKASI NYA PLEASE ANJIR AKU GABISA MASUK BERKALI2. UDAH MASUK TP GAK BISA NGAPA""IN",2025-07-13 17:15:49
A Google user,1,mohon dikembangkan lagi jangan asal jadi,2025-07-13 14:05:51
A Google user,1,jelek banget sering error!!!!! kenapa mau baca buku aja dipersulit,2025-07-13 06:21:41
A Google user,3,makin sering nge lag app nya 😔,2025-07-13 04:41:03
A Google user,4,"sekitar sebulan menggunakan aplikasi ini dan membaca banyak buku dengan lancar. Dua hari ini tidak bisa dipakai ( loading terus ), unistall lalu reinstall, saat login masih bermasalah setelah mengisi password. Ada apa ?",2025-07-11 04:55:48
A Google user,5,bagus. tapi kok sekarang tidak bisa dibuka? loading terus? tolong dijawab ya Admin... Tadi aq coba uninstall terus mau masuk. eh malah gag bisa. Admin tolong 😭😭😭 Belum selesai baca novelnya 😭😭💔💔,2025-07-11 00:01:13
A Google user,1,"JELEK BANGETTT, pas dibuka ngeblank putih doang layarnya terus coba uninstall dan install lagi tapi pas masukin akun pake 3 email yang berbeda ga bisa😠 terus coba daftar pake 3 email yang berbeda juga gabisaaa. tapi yaudah sih, ini pemerintah harusnya ngasi dana kek biar aplikasinya bener dikit biar masyarakatnya jadi pinter asdfghjkl",2025-07-10 23:53:11
A Google user,1,Honest review: it's just that bad I couldn't even come up with reasons. I just wish this app could run as smooth as Libby app. Or at least like Wattpad but with good quality books and novels.,2025-07-10 14:46:41
A Google user,3,"iPusnas menurutku udah cukup bagus, kecuali untuk 3 hal: 1. UI nya kurang menarik. 2. Masih menggunakan file PDF. 3. Sistem antriannya kacau. Untuk sistem antrian, mungkin lebih baik betul2 dibuat dengan nomor antrian (jangan rebutan seperti sekarang). Meski antriannya ribuan, setidaknya pembaca tau pasti kira2 kapan akan mendapatkan bukunya. Sekarang ini mengandalkan untung2an, dan kasihan pembaca yg ga pernah berhasil pinjam buku populer. Semoga dipertimbangkan.",2025-07-10 13:58:37
A Google user,1,tolong banyakin persediaan buku.,2025-07-10 12:18:33
A Google user,1,kembalikan yg versi RAM 2GB. Saya membaca sehari-hari dengan perangkat ebook reader. Tidak ada ebook reader punya RAM 4GB kecuali produk highend nya,2025-07-09 04:14:33
A Google user,1,gak bisa download bukunya,2025-07-07 14:15:43
A Google user,5,woww aplikasi yang kerenn,2025-07-06 05:37:27
A Google user,4,"HII, first of all, am gonna say thanks a bunch to this app! Karena sudah menyediakan tempat baca buku secara digital yang gratis, sejauh ini aplikasinya sudah bagus. Berkat aplikasi ini, aku bisa baca buku yang selama ini pingin aku baca, walaupun enggak semuanya ada, tapi sebagian besar ternyata sudah tersedia! Kalau boleh kasih saran, aku sarankan agar ada fitur DM di aplikasi ini.. I think it's gonna be fun if we can discuss 'bout books to someone who love books 😆",2025-07-06 05:00:22
A Google user,1,diupdate malah gak bisa dibuka.,2025-07-03 08:22:15
A Google user,5,"Sudah bagus sekali, sangat mudah digunakan dan ringan serta diperkaya dengan berbagai fitur-fitur yang bikin gak bosen berlama-lama di aplikasi ipusnas.",2025-07-03 02:02:48
A Google user,1,"padahal sinyal lancar, hp gak lemot, tapi semuanya putih, tetep ada di home screen teross. gak bisa baca buku, gak bisa cari buku, dan cuma stuck disitu. sebelum up padahal biasa aja. kek mana lah, apa kena efisiensi juga? baru kali ini mau baca di ipusnas susah banget. upgrade lah minimal, masih banyak loh yang mau baca buku. oke, satu lagi saat aku uninstall dan instal lagi, bukannya bener nambah ga bisa masuk ke akun aku. padahal aku tau password nya, aku tau emailnya, tapi gak bisa masuk.",2025-07-02 17:17:50
A Google user,4,"Hai ipusnas, aku mau kasih saran boleh? Bisa nggak ipusnas menyediakan tema gelap?🙏🏻 Hehe.",2025-07-02 16:25:55
A Google user,3,"Masih perlu banyak pengembangan lagi mulai dari pengaturan font size yang seharusnya ada, tapi ternyata di menu gak ada sama sekali, sampai perubahan foto profil yang keterangannya berhasil tapi berakhir kembali ke foto sebelumnya.",2025-07-01 17:54:34
A Google user,1,"eror terus, muter"" terus",2025-07-01 05:20:25
A Google user,1,suka ngelag parah dan sering ke logout,2025-06-28 17:48:01
A Google user,5,Sudah lebih baik terima kasih,2025-06-27 09:46:08
A Google user,1,"aplikasi yang sangat bermanfaat tapi sudah beberapa hari ini error terus, loading terus, login tidak bisa, load buku tidak bisa",2025-06-27 02:07:02
A Google user,3,Cover gambar bukunya gak muncul.,2025-06-24 10:28:30
A Google user,1,Sudah dua bulan selalu gagal unduh,2025-06-23 20:28:49
A Google user,2,versi yang sekarang malah ga bisa dipakai di e-reader saya. sayang banget,2025-06-23 15:13:16
A Google user,1,"Sebulanan ini tidak bisa mengunduh buku apapun, mohon diperbaiki",2025-06-21 20:04:21
A Google user,2,"fitur ipusnas diperbaharui Malah jadi eror terus. Bila dulu eror sebatas buku pinjaman hilang Dari rak peminjaman sebelum waktu pinjaman habis atau tidak bisa dibuka untuk beberapa hari. Sekarang selalu bisa dibuka tapi buku nggak bisa diunduh. sudah 1,5 bulan seperti ini. Mohon diperbaiki.",2025-06-20 05:59:17
A Google user,4,Versi sebelumnya lebih bagus.,2025-06-18 08:56:13
A Google user,2,"buku yg udah diunduh tinggal dibaca ga bisa, harus diunduh lagi, EMOSI, MALEM² MAU BACA TP GABISA DIUNDUH PADAHAL JARINGAN BAGUS, STORAGE HP JUGA AMAN² AJA, ANEHHHHHH",2025-06-14 17:33:54
A Google user,1,"Sedih banget fasilitas milik negara tp kayak gini kualitasnya, mau baca jd ga mood gara2 loading melulu padahal koneksi Internetnya bagus",2025-06-13 12:53:46
A Google user,1,"updateannya ANEHHHH ih, bikin kesel 🙄",2025-06-13 06:05:18
A Google user,5,adakan darkmode,2025-06-10 17:11:57
A Google user,1,"sayang banget, gagal download mulu",2025-06-10 07:40:03
A Google user,3,Now totally can't read.,2025-06-06 04:52:07
A Google user,1,"sayang banget ga bisa unduh e booknya, padahal koleksinya oke",2025-06-03 20:59:32
A Google user,1,"selau keluar tiba-tiba, waktu lagi baca lagi, jadi buatt semuanya buyar. masa sekelas aplikasi buatan pemerintahan kayak gini si perbaiki lagi lah, recruit orang-orang yang kompeten.",2025-06-02 17:28:49
A Google user,3,"Why i cannot read the book even i've borrowed it, said cannot download. I've been logout and login again even uninstall and install back still cannot download the book.",2025-06-02 17:02:48
A Google user,5,nice,2025-06-02 06:43:19
A Google user,2,ANTRI,2025-06-01 23:31:22
A Google user,5,Semangat literasi indonesia,2025-06-01 04:15:39
A Google user,3,"Kenapa saat mau dibaca ""Download gagal :("" ya? padahal ga antre and dah aku pinjam :(( sering banget kayaa gini",2025-05-30 17:41:20
A Google user,5,Beberapa bulan lalu uninstall karena tidak bisa baca offline dan selalu tiba-tiba logout. Sekarang install lagi makin bagus fiturnya dan gak ada eror. Makasih tim developer dan IT 💜,2025-05-30 10:47:24
A Google user,1,"Tolong lah, ini Perpustakaan Digital sekelas negara lo tapi kualitas sangat jelek. Tidak ada upaya untuk pengembangan server atau upgrade aplikasi samasekali. Fitur bookmark tidak pernah bisa, aplikasi kelewat lemot. Mana wujud nyata upaya meningkatkan literasi masyarakat kalau Perpustakaan Digitalnya saja seperti ini??",2025-05-29 18:54:12
A Google user,1,"aplikasinya baguss. tapi sekarang sudah tidak mendukung e reader laya eink seperti onyxboox atau pun meebook. akhirnya cuma bisa baca di hp atau tablet yang mana itu bener bener bikin sakit mata kalau kelamaan. tolong lah, kami para heavy reader kadang nggak nyaman kalau harus baca di layar led/lcd",2025-05-28 23:51:29
A Google user,1,trash app,2025-05-27 16:49:42
A Google user,2,kak kenapa setiap mau aku untuk tulisannya download gagal ya ??,2025-05-26 01:17:36
A Google user,1,"nggak tahu lagi harus gimana sama aplikasi ini. tadinya baca di onyx boox, sekarang sudah nggak bisa. oke lah pindah baca di tablet samsung tab S, eh di tablet juga suka tiba tiba ke log out dan nggak bisa masuk lagi. kenapa jadi segininya sih ipusnas",2025-05-20 13:14:11
A Google user,2,"Saya baru sahaja install apps ini di telefon saya. Malangnya, semua buku yang dipinjam, tidak bisa di download. Harap dapat baiki dengan kadar segera",2025-05-18 18:54:35
A Google user,3,"aplikasinya bagus, kadang loadingnya terlalu lama. buku yg dipinjam beberapa kali tidak muncul di rak pinjam. kalau aplikasinya bisa dibuat mode gelap gitu. semoga bisa",2025-05-18 14:32:41
A Google user,3,"saya berharap buku digital punya standar format, seperti di google book. lalu ada menu bantuan untuk menerjemahkan atau menjelaskan makna kata.",2025-05-17 06:27:49
A Google user,1,lemooooootttttttt,2025-05-16 12:15:18
A Google user,1,not compatible with a lot of e-reader devices,2025-05-14 09:43:35
A Google user,1,ERROR TERUS TIDAK BISA DIPAKAI. Ini anggaran pemeliharaan aplikasi di korupsi ya? edit: gak bisa login kalau pakai wifi,2025-05-13 05:03:18
A Google user,1,jelek banget suka error gak jelas,2025-05-12 02:33:01
A Google user,3,Aplikasi yang bagus dan sangat berguna. tapi udah satu minggu ini nggak bisa download buku yg dipinjam. tolong diperbaiki,2025-05-12 00:57:53
A Google user,1,can't change the theme color,2025-05-11 23:04:20
A Google user,2,"Untuk buku Harlequin Koleksi Istimewa: An Inheritance Of Shame - Belenggu Skandal karya Kate Hewitt ini bisa dipinjam, tapi tidak bisa diunduh. Sudah dicoba berkali-kali, install ulang aplikasi Ipusnasnya, refresh jaringan juga tetap tidak bisa. Saat diklik unduh tertera selalu muncul tulisan ""Download gagal :("" Mohon bantuannya. Terima kasih.",2025-05-11 08:03:31
A Google user,1,saya selalu gagal mengunduh buku buku yg dipinjam :(,2025-05-11 04:03:22
A Google user,2,"ngantri buku, berbulan2 lamanya.",2025-05-10 08:29:52
A Google user,1,Still cannot download the books for almost a week. Please fix this,2025-05-08 05:46:44
A Google user,5,"aplikasi terfavorit untuk baca e book secara legal, koleksi lengkap, gratis. gak gabut dan mati gaya kalo di perjalanan. makasih Ipusnas. terbaik.",2025-05-07 03:59:26
A Google user,1,"Kenapa tidak bisa di unduh beberapa hari ini, selalu File not found.?",2025-05-07 01:52:09
A Google user,1,sering banget error,2025-05-07 00:24:11
A Google user,1,tidak bisa unduh buku,2025-05-06 23:28:47
A Google user,2,sudah berkali kali logout login bahkan download kembali aplikasi nya tetap saja tidak bisa meminjam buku yang ada di app. tolong minta bantuannya 🙏🏻,2025-05-06 22:44:30
A Google user,1,"Habis diubah tampilannya, jd makin jelek bgt performa aplikasi ini. Sejak kemarin waktu ingin mengunduh buku untuk dipinjam selalu ada eror, tidak satu buku saja, beberapa buku yang saya coba tidak bisa diunduh semua",2025-05-06 22:37:27
A Google user,1,bug parah..,2025-05-06 18:21:18
A Google user,3,"aplikasi yang sangat bermanfaat tapi sering error dan kadang ngga bisa diunduh, tolong segera diperbaiki",2025-05-06 13:11:38
A Google user,1,gak bs unduh udh msk library jg,2025-05-06 12:38:43
A Google user,1,"buku tidak bisa didownload, padahal kl pake iBI Library bisa. Perpusnas perlu belajar ke pustakawan Bank Indonesia deh gmn aplikasinya bs bekerja 🤣🤣🤣🤣",2025-05-06 08:19:23
A Google user,1,"Sudah unduh, tetapi tulisannya 'download failed', tetapi masuk di library dan tidak bisa dibuka. Mohon diperbaiki.",2025-05-06 05:13:07
A Google user,1,g bisa unduh buku walau dah bisa minjem + halaman eror karena banyak yang g bisa nampilin gambar walau internet kecepatannya baik,2025-05-05 23:47:27
A Google user,1,3 hari ini kok Ipusnas di Android susah sekali aksesnya? loading terus,2025-05-05 06:07:35
A Google user,5,"Great, very great! But it would be more helpful if there is a add to wishlist button so i can save my books for future reading. --(4/5/25 update) I cannot open the app since the app keep crashing.",2025-05-04 04:03:18
A Google user,1,"Sebenernya bagus banget apk ini, tapi ya gitu selalu error mulu. Setiap log out trus login di email yang sama selalu gagal. Masa setiap login harus buat email baru. Setelah buat email baru juga gabisa masuk. Akses lewat web juga gitu selalu error padahal jaringan internet lancar banget tetep aja gabisa dibuka. Tolong dong segera diperbaiki, ga kasian apa orang"" yang mau baca malah terhambat mulu gara"" gabisa akses.",2025-05-02 02:29:28
A Google user,1,"not to mention the web on PC, but this app it's just anjir lah",2025-05-01 13:34:54
A Google user,1,ngga bisa login,2025-05-01 12:36:06
A Google user,1,error mulu,2025-05-01 10:59:39
A Google user,1,"app sekelas nasional tapi banyak bug-nya, unduhan hilang, nggak bisa online, nggak bisa login... please developer perbaikannya",2025-05-01 06:18:46
A Google user,3,Ini pertama kali saya memberikan 1 bintang. Sebelumnya saya ucapkan terima kasih. Selama ini saya gunakan di perangkat onyx boox note. Namun saat ini perangkat ini sudah tidak didukung. Mohon untuk dibuat supaya kembali mendukung perangkat e-reader seperti milik saya. Terima Kasih,2025-05-01 05:12:26
A Google user,1,"IPUSNAS NIH BUKANNYA MAKIN BAGUS MALAH TAMBAH JELEK, SAMPE GABISA LOGIN PULA :) TOLONG DIPERBAIKI LAGI DONGG, SAYA PKE EMAIL YG BERBEDA KETIKA LOGIN TETEP GABISA JUGA!! JELEK BGT APLIKASINYA :(",2025-05-01 04:47:50
A Google user,5,Terimakasih iPusnas 🙏 tolong tambahin fitur wishlist 🙏😭,2025-04-30 03:20:22
A Google user,2,"buku anne's house of dreams gabisa dibukaa, perbaikin dong",2025-04-29 03:56:27
A Google user,5,it's been helpful to satisfy our thirst for free knowledge...,2025-04-28 15:59:07
A Google user,4,"TOLONG KASIH FITUR REPLY PESAN ATAU ULASAN ORANG LAIN DONG, BIAR BISA DISKUSI",2025-04-26 18:05:28
A Google user,1,many books are corrupted and can't be downloaded,2025-04-24 16:22:43
A Google user,1,eror parahh,2025-04-24 10:54:02
A Google user,1,contohlah libby biar orang pada betah pake ipusnas,2025-04-23 08:17:07
A Google user,1,tolong. aplikasinya sering error seperti lagi down servernya muter terus. sering log out juga.,2025-04-23 07:02:52
A Google user,1,don't login,2025-04-23 05:39:01
A Google user,3,kenapasih sering banget eror dan ngebug 🥲,2025-04-23 05:34:16
A Google user,1,Surely I'll uninstall this garbage apps,2025-04-23 04:24:21
A Google user,1,tolong ini aplikasi nya tiba tiba offline terus padahal sinyal saya bagus,2025-04-23 03:00:27
A Google user,1,baru mau daftar aja lama bgt astaga padahal jaringan bagus bgt loh,2025-04-21 15:56:39
A Google user,4,Tolong berikan text field untuk menu filter kategori penulis. Saya mencari penulis dengan awalan S harus scroll panjang sekali,2025-04-21 02:44:09
A Google user,1,Mau reset password aja nggak bisa,2025-04-20 08:09:17
A Google user,5,nice,2025-04-19 14:12:52
A Google user,4,"senangnyaa.. membaca dan meminjam buku jadi mudah sekali untuk dilakukan. sepertinya sekarang bukunya juga jadi jauh lebih banyak daripada sebelumnya, tapi semoga kedepannya ada fitur wishlist/penanda untuk buku-buku yang rencananya ingin dipinjam dan dibaca untuk memudahkan terima kasih",2025-04-17 03:14:24
A Google user,5,"terimakasih ipusnas.. masih bisa dinikmati di hp versi jadul, mengingat sudah tidak bisa mendownload ikaltim dkk😢 semangat menebar manfaat ya..👍😊",2025-04-16 10:49:17
A Google user,1,Tidak pernah terima kode verifikasi jadi aplikasi tidak dpt digunakan. Sudah coba puluhan kali. Tidak pernah masuk baik di inbox ataupun spam. Email ke beberapa alamat email ipusnas juga tidak pernah dibalas.,2025-04-16 06:01:23
A Google user,4,"aplikasi ini sudah bagus klo hanya untuk sekedar membaca tapi saya harap akan ada update kedepannya untuk meningkatkan aplikasinya. misalkan menambah fitur penanda untuk buku yg akan di baca, dan saya juga mengalami kendala pada mewarnai kalimat atau paragraf, agak kesukitan",2025-04-14 13:22:13
A Google user,5,aplikasi yang bagus dan bermanfaat,2025-04-14 07:18:04
A Google user,1,keren,2025-04-14 04:49:38
A Google user,1,i had a very buggy experience while trying to read,2025-04-14 04:44:43
A Google user,4,"terima kasih telah kembangkan app ini. menurut saya, ini hrus byk di sharing. karena shrsny msh byk masyarakat yg tdk mengetahui adanya app ini. Saya berharap bisa ditambahkan fitur add to wishlist. jadi buku yg blm saya mau pinjam, saya simpan dlu. nanti kedepan bisa saya pinjam 1per1 tanpa hrs cari2 lagi. Ke2, fitur pengarang. Tinggal klik nama pengarang saja, sdh bisa tampilkan semua judul buku yg di tulis oleh pengarang tersebut. semoga bisa menjadi masukan, thanks",2025-04-13 16:02:14
A Google user,5,KEREN BANGETTT UDAH BAGUS UI UXNYAA I KNOW YOU GUYS COULD DO BETTER,2025-04-11 11:26:10
A Google user,1,gabisa log in,2025-04-07 07:56:59
A Google user,2,Versi updatenya malah makin lemot,2025-04-07 05:26:10
A Google user,4,"secara umum sudah sangat baik, tapi experience saat berpindah halaman agak kurang enak. alangkah lebih baiknya dibuat 1 tap di sisi kanan untuk ke halaman berikutnya dan 1 tap di sisi kiri untuk ke halaman sebelumnya.",2025-04-04 21:51:02
A Google user,1,Ipusnas kenapa sekarang lambat banget ya? Mau log in aja ngga bisa terus dari minggu lalu,2025-04-04 03:19:28
A Google user,3,"ini aplikasi sudah jadi fav saya sejak 2022, tapi setelah setengah tahun ga saya buka saya kaget dengan update yang ada, banyak buku jadi hilang dan suka ngelag, tolong diperbaiki, sebenarnya jujur saja, versi lama lebih bagus dan nyaman karena simple dan ga susah cara aksesnya",2025-04-01 15:03:54
A Google user,5,bagus banget,2025-03-30 14:33:19
A Google user,3,"kalo bisa ada mode baca di mana di tepi layar itu bersih, soalnya terasa ganggu banget kalo baca tapi layarnya ga penuh",2025-03-29 14:39:11
A Google user,1,"application for reading books but can't be used on e-books (onyx boox tab mini c), it's a shame",2025-03-25 22:54:27
A Google user,1,"instead of getting better, it actually gets downgraded. my book queue and borrowing history don't appear, lol. bad app",2025-03-25 22:08:33
A Google user,1,"tolong, diperbanyak jimlah copyan bukunya. masa aku antri sampai 40k lebih, yang bener aja berapa taon lagiiii🥲",2025-03-25 11:18:31
A Google user,3,"3/5 karna improve nya bagus!, awalnya bener-bener lag, sama sekali ga bisa dibuka, bikin org males baca. Kemarin iseng download ulang ternyata udah ga lag & udah lumayan lancar aplikasinya BUT STILLLLLL keluar sendiri kalo lama baca (harus log in ulang), memang ga hilang histornya tapi masih cukup mengganggu. Terima kasih udah dengerin kritik masyarakat, di tunggu improve lainnya🙂‍↕",2025-03-25 09:05:48
A Google user,5,"mantap, keren",2025-03-23 05:29:26
A Google user,1,"setiap mau baca buku harus mengunduh dulu padahal tadinya sudah diunduh, terus terkadang ketika mau diunduh tidak bisa, download gagal terus😌",2025-03-20 22:15:15
A Google user,1,"Jelek bgt ni ipusnasss makin kesini malah makin gajelas layanannya, udah di update bukannya makin bagus malah sering erorr, mau pinjem 'copy tidak tersedia' muluu. PLISS benerinnn dengan sriusss😞🙏🏻",2025-03-17 18:01:54
A Google user,1,Can't open,2025-03-15 09:41:02
A Google user,3,kenapa sih sering down? bisa nga ipusnas diperbaiki buat lebih bagus lagi?,2025-03-15 06:31:01
A Google user,3,"the collections are kinda mehh barely find anything, some of the features are working good, but I cannot un-highlight a text I've selected, to select a text is already hard enough for some reason, and then when I managed to select a text I cannot leave the select menu this results in me not being able to move the page. Please fix these issues, I'm rooting for you devs",2025-03-15 04:04:26
A Google user,1,"dulu baguss bgt tapi setelah update jadi sering bug, tiba tiba logout waktu login lagi semua data di account saya hilang, semua buku diantrian terus riwayat semuanya hilang, cover buku buku juga gaada yang ke load, aplikasinya sebelum di update lebih bagus",2025-03-09 13:05:36
A Google user,5,"Saat ini sudah ada updating software, jadi lebih ringan dan cepat. Terimakasih banyak.",2025-03-06 23:01:03
A Google user,5,iPusnas v2 bagus udah web based. Tapi kalo lewat hp atau reader android seperti Boox Poke 5 tetep ga bisa baca lewat browser. Kenapa ya? Tolong diatasi please,2025-03-06 12:23:56
A Google user,1,"Mohon maaf kepada ipusnas Saya ingin menyampaikan keluhan mengenai bug, mohon diperbaiki segera, karena sangat mengganggu, bug ini menyebabkan halaman buku blank/kosong, bagaimana mau bisa baca? Lalu apk terlalu lambat dalam merespon. Terimakasih, mohon tanggapannya kk.",2025-03-06 12:07:59
A Google user,1,Apan dri kmrn muter2 doang,2025-03-04 09:03:26
A Google user,1,Aplikasi menguji kesabaran banget muter2 mulu! 😭 😤👎,2025-03-03 14:09:58
A Google user,2,"aplikasi ini ngebantu bgt buat orang (termasuk aku) yang mau baca buku, tapi nggak bisa beli fisiknya. tapi versi upgradenya bener-bener bikin kesel dan menguras kesabaran, sampai akhirnya aku uninstall. pls kalo belum ready buat upgrade, stay di old version aja gpp, yang penting lancar dan bikin pembaca nyaman. :(",2025-03-03 12:39:13
A Google user,1,"Aplikasinya parah. Selalu ke-log out sendiri, tiap buka app harus log in lagi dan lagi. Tiap lanjut baca buku juga mesti download ulang, lebih parahnya tiap download kadang error terus. Fitur bookmark juga ga berfungsi, masih ""coming soon"". Riwayat baca/pinjam juga ada yang entah bagaimana bisa ada yg terhapus.",2025-03-01 16:04:49
A Google user,1,"Mau baca buku udah di unduh tapi gabisa kebuka, keluar² muluu udah di refresh segala macammm masih samaa ajaa, berarti emang aplikasinya yang bermasalahhh, tolong ini gimanaaa pgn bgt bacaa, mana udah mau habis masa peminjamannyaa, duh.",2025-03-01 04:47:47
A Google user,1,"Setelah diperbarui makin jelek, cover buku gak muncul, buku yg available juga gak ada pemberitahuan, tampilannya juga bagus yg dulu",2025-03-01 03:16:03
A Google user,1,"ipnusnas lagi kenapa, ya? error mulu pls😞 aku pikir internet ku yg ga bagus, tapi aku udah uninstall dan download berkali-kali tetep aja error. terus akhir-akhir ini ga dapet notif. tolong perbaiki, dong!!",2025-02-28 08:17:41
A Google user,3,"Dear iPusnas. Mohon buku2 yg high demand ditambah copy-nya, supaya tidak terlalu lama menunggu antrian. Warga Indonesia ini udah dicap minat membaca paling rendah secara global, ditambah membeli buku fisik banyak yg tidak mampu krn daya beli rendah. Jadi tolong dukung yg masih punya kesadaran meningkatkan literasi dgn membaca, jangan dihalangi dengan jumlah antrian panjang copy e-book.",2025-02-25 13:28:43
A Google user,1,"mau login gabisa, error mulu, ckckck.",2025-02-25 11:17:08
A Google user,5,Better after latest update,2025-02-25 07:43:00
A Google user,5,ga bisa login gimana sih ini,2025-02-24 14:18:58
A Google user,1,bad app,2025-02-24 13:00:29
A Google user,2,"Coba lihat aplikasi readera sebagai referensi, saya yakin akan lebih bagus dan menarik pembaca. Alangkah baiknya pada filter buku terdapat pilihan filter dengan pembaca terbanyak, jadi pembaca dapat melihat buku yang populer, kemudian masalah font,mohon diberikan opsi untuk memberbesar font, buku yang pdf sebaiknya diubah ke epub.",2025-02-24 12:02:42
A Google user,2,"Masih banyak bug-nya, sering error dan juga bufferingnya lama, scroll kadang terhalang dengan fitur blok, copy, etc.",2025-02-23 13:21:26
A Google user,1,"Semoga search engine nya segera diperbaiki & dioptimalkan, karena search judul apa munculnya lain lagi...",2025-02-23 01:15:49
A Google user,4,Makin oke,2025-02-22 22:32:05
A Google user,1,"Updated. Setelah mengupdate aplikasi Ipusnas ke versi terbaru rasanya sangat buruk. Sering terlogout sendiri, susah untuk login kembali. Fitur notifikasi buku tersedia dihilangkan, riwayat peminjaman buku ngaco terhapus juga. Buku yang sudah dipinjam pun masih harus download ulang kembali apabila lama tidak membuka aplikasi. Buruk sekali.",2025-02-22 20:53:13
A Google user,4,"Setelah di update gak bisa masuk akun... Keluar mulu, tolong diperbaiki Edit: skrg sdh agak lancar dan minim error, mohon pertahankan, terimakasih",2025-02-22 14:08:03
A Google user,1,lag,2025-02-22 07:09:12
A Google user,5,"Halo bisa tambahin fitur TTS secara lengkap? jadi gak perlu highlighting dulu, langsung dari paragraf pertama atau paragraf yang diklik selanjutnya, makasih :) Sejujurnya teks yang di highlight nya kenapa suka hilang ya? Saya tetep kasih bintang 5 karena berharap aplikasi ini bisa lebih baik :)",2025-02-22 05:12:32
A Google user,1,App not open,2025-02-22 00:01:26
A Google user,1,bad app,2025-02-21 02:58:38
A Google user,1,Eror teroooos,2025-02-20 17:43:45
A Google user,4,"Bagus banget... jd bisa baca buku gratis dan ttp legal, bahkan bisa offline! Mana waktu pinjamnya diperbanyak sampe 2 minggu😭 tp harus baca saban hari gengs..soalnya klo nggak, lo harus unduh bukunya lagi. Kenapa bintang 4? Karena kadang2 loading lama dan yeah tentunya gk pengen unduh2 lagi heheh tp ya sejauh ini itu aja sih..👍",2025-02-20 07:02:23
A Google user,1,Ga bisa login daftar.... segera perbaiki,2025-02-19 16:31:10
A Google user,1,"I thought it just reading but actually it's the procedure how to rent a book, lol.",2025-02-19 06:24:04
A Google user,5,"Pilihan bukunya banyak, kalau yang populer harus ngantri dulu, tapi sejauh ini interface untuk baca bukunya juga mudah dan nyaman. Belum ada kendala apa-apa.",2025-02-17 00:06:56
A Google user,1,"UI/UX udah bagus dari yg sebelumnya, tapi kalau mau filter buku susah gak ngurut huruf A-Znya dan gagal unduh bukunya terus, percuma pinjem kalau gak bisa dibaca. untuk developernya tolong benerin semua bugnya.",2025-02-16 12:24:30
A Google user,1,"sering log out sendiri. tampilan kurang menarik. loading lambat. rekomendasi yg diberikan tidak sesuai dg yg biasa dibaca. sulit eksplor buku melalui genre, hanya bisa melalui menu pencarian. fitur quote bacaan kurang menarik, kadang warna tulisan dan backgroud sama, jadi tidak terbaca. fitur antrian buku tidak jelas cara kerjanya, apakah harus berebut atau sesuai nomor antrian, tidak ada notifikasi juga. banyak yang perlu ditingkatkan.",2025-02-16 04:44:00
A Google user,1,sering eror gak jelas. logout sendiri dst,2025-02-14 12:43:26
A Google user,5,Udah lancar gusy❤🖤,2025-02-13 07:29:07
A Google user,1,I cannot do anything even register or log in,2025-02-11 12:50:20
A Google user,1,wah bisa digunakan,2025-02-11 06:01:25
A Google user,3,"I just re-install the app, and it has improved. Let see if it could be more comfortable to use.",2025-02-10 13:55:11
A Google user,5,Maju terus Perpustakaan Nasional RI,2025-02-09 14:19:59
A Google user,5,"UI sekarang bagus banget tapi semua progress ku hilang 🙃 terus juga tolong update versi desktopnya dong, karena saya termasuk salah satu usernya",2025-02-08 09:23:26
A Google user,1,"JELEKKKKKK masa loading terus, mau baca juga error terus. bilangin suruh benerin sistemnya, gimana org indo mau rajin baca, perpusnya aja begini😤😤",2025-02-08 07:53:37
A Google user,1,"Ini kenapa ya kok aku download buku gagal terus, semenjak di perbaharui malah ga bisa download buku. Jadi otomatis ga bisa pinjem buku dan ga bisa baca. Aneh banget si aplikasinya",2025-02-03 21:39:16
A Google user,1,JELEK JELEK JELEK,2025-02-03 14:46:24
A Google user,1,GAK BISA DIBUKA,2025-02-03 09:19:03
A Google user,4,Suka tampilan lama,2025-02-02 11:24:27
A Google user,3,Love-hate sama ipusnas. 🥲 Semoga ditingkatkan lagi supaya apk-nya gak suka bikin logout tiba-tiba dan bahkan ngebug seharian.,2025-02-02 08:44:57
A Google user,1,"kecewa banget. sejak di update, tiap buka apk mesti log in lagi. buku-bukunya ga bisa dibaca offline. pas dipinjam, ga bisa keluar dari apk soalnya nanti buku itu harus diunduh lagi. duh berharap banget sistemnya segera diperbaiki.",2025-02-01 10:09:58
A Google user,1,"I don't know how to describe my feeling right now, This version more worst than previously Please fix it,",2025-02-01 01:55:01
A Google user,3,"Enak sih bisa baca buku gratis, tp navigasinya bikin gemes, ada pilihan tap to slide aja dah. Suka tiba2 pindah ke hal pertama terus nih, jadi harus nyari2 lg halaman terakhir baca",2025-01-31 15:53:21
A Google user,1,"Versi terbaru ipusnas malah sering nge bug, akun selalu keluar sendiri. Mohon diperbaiki biar pembaca bisa nyaman baca di app nya",2025-01-31 05:23:05
A Google user,1,"error mulu, ga bisa pinjem buku meskipun copy nya banyak",2025-01-29 23:49:17
A Google user,4,"Update terbaru dari aplikasinya bikin ngga bisa search pake nama penulis aja ya? Padahal dulu bisaa dan plis butuh perbaikan biar bisa gantian baca huhuhu, antriannya panjang banged 😢",2025-01-29 07:50:12
A Google user,1,Makin di update malah makin lemot.. 😔,2025-01-29 04:46:29
A Google user,3,"Capek banget sama versi terbaru, niat baca buku udah lelah sama loading tampilan beranda. Lebih nyaman sama tampilan lama. Tampilan terbaru cuma buang waktu saking ribet nampilin ini itu. Mending banyakin buku dan stock daripada bingung ngasih tampilan berita artikel yang hadeh",2025-01-29 00:04:43
A Google user,1,Setelah update ke versi terbaru ternyata saya mendapatkan pengalaman terburuk!!!,2025-01-28 17:51:03
A Google user,1,"gabisa log in kocak. ""ada masalah saat pengiriman data, silakan coba lagi"" mulu padahal koneksi kenceng",2025-01-28 02:29:08
A Google user,1,"Aplikasinya sangat bagus, tapi tidak setelah mendapatkan versi terbaru. Bukunya tidak dapat diunduh sama sekali setelah dipinjam. Sudah terjadi semenjak pembaruan aplikasi ke-versi terbaru, saya harap bug atau hal ini dapat diselesaikan dan saya dapat membaca seperti yang sudah-sudah.",2025-01-28 02:12:52
A Google user,1,"sering banget error, di keterangan masih ada 9 dari 10 copy, eh pas mau dipinjem ga bisa. tapi gapapa aku tetep pake app ini karena gratis☺️🤝🙏",2025-01-28 00:12:24
A Google user,1,"Beberapa buku tidak bisa diunduh. Tidak bisa mencari buku lewat nama penulis, harus judul. Memang agak susah karena tidak semua hafal judul bukunya",2025-01-27 22:13:22
A Google user,2,"sudah satu minggu tidak bisa unduh buku dengan alasan ""Jumlah copy tidak tersedia"" padahal jumlah copy tertera ratusan",2025-01-27 13:59:37
A Google user,1,"Tidak bisa membaca buku, javascript error tiap mengunduh",2025-01-27 11:01:15
A Google user,1,"Padahal kllo diseriusin ni aplikasi membantu banget, cuman gaada political will buat ngerjainnya.",2025-01-27 10:43:37
A Google user,1,lemot. banyak bug. fitur notif ga berfungsi. tolong dibetulkan...,2025-01-27 05:02:46
A Google user,3,"Please back to the old version. - Sering logout sendiri - Meski masih tersedia copy buku yang bisa dipinjam tapi ketika diklik pinjam, error dan muncul tulisan jumlah copy tidak tersedia - Pencarian dahulu bisa berdasarkan nama Author, sekarang hanya bisa dari judul buku. Padahal sangat berguna karena mau melihat karya lainnya dari Author. Tolong diperbaiki lagi aplikasinya bahkan aplikasi versi lama jauhh lebih baik. Terima kasih.",2025-01-26 19:24:46
A Google user,1,"gimana orang indo mau maju kalo aplikasi bacaan aja kaga jelas sistemnya. padahal kalo dimaksimalkan aplikasi ini sangat sangat berguna. plis, deh.. adminnya baca ulasan disini 🙂🙂",2025-01-26 17:03:39
A Google user,1,Trouble mulu,2025-01-26 15:27:47
A Google user,2,Error terus sejak update.,2025-01-26 11:13:27
A Google user,1,"Sudah lumayan lama tidak buka ipusnas, lalu pas saya buka kembali, coba pinjam buku yang kebetulan liat salinannya banyak, ternyata ga bisa. Saya kira memang sedang galat di satu buku itu saja, ternyata galatnya di seluruh isi apk ipusnas. Tolong segera diperbaiki ya developer, eman banget setelah tampilan menarik, malah fungsinya yang ga berjalan baik.",2025-01-26 08:55:55
A Google user,1,jelek,2025-01-26 07:18:17
A Google user,1,"Kerja aplikasinya jelek banget. Loadingnya lama, padahal koneksi internet bagus-bagus aja. Sering log out sendiri, jadi harus sering log in. Dulu search bar bisa dipake buat cari buku dari pengarang yang sama, tinggal masukin nama pengarangnya aja. Sekarang ga bisa, cuma bisa dipake buat nyari judul buku. Histori dan antrian peminjaman dari sebelum update aplikasi juga ga kesimpan. Tadi mau minjam buku, copy nya masih ada, tapi ga bisa, katanya 'jumlah copy tidak tersedia'. Perbaiki lagi dong!!",2025-01-26 07:12:24
A Google user,1,Setelah di perbarui malah Tidak bisa dakses melakui PC. Menyebalkan sekali.,2025-01-26 07:07:33
A Google user,1,Setelah pembaharuan malah tambah kacau. Tidak bisa log in. Tiba-tiba log out. Rak buku dan riwayat tidak keluar. Lebih parahnya buku tersedia tapi tidak bisa dipinjam.,2025-01-26 06:11:58
A Google user,1,Please fix the bugs.,2025-01-26 03:15:39
A Google user,3,Mohon sistem lebih di perbaiki lagi menjadi lebih baik. Tolong🙏🏻,2025-01-25 18:53:26
A Google user,1,"Versi yang baru ini entah kenapa nyari keywordnya susah, ga bisa cari dengan nama penulis. Padahal kebanyakan buku fiksi pasti nyarinya nama penulisnya, ga hafal judul-judul bukunya. Selain itu, ketika meminjam selalu ada keterangan salinan tidak tersedia, padahal disitu tertera masih ada beberapa salinan yang bisa dibaca. Sudah tidak antri lagi keterangannya. Semakin update rasanya semakin menyulitkan pengguna. Semoga semakin berbenah yaa:)",2025-01-25 13:23:35
A Google user,4,kalo ngantri buku ga ada notif nya pas buku nya udah ready. overall bagus,2025-01-25 12:33:03
A Google user,1,bosok banget ya Allah 😭😭 aku cuma mau membaca secara gratis,2025-01-25 12:20:06
A Google user,1,"kenapa tiap mau pinjem selalu ""copy tidak tersedia""? padahal ada 519 copy",2025-01-25 09:52:02
A Google user,1,App jelek. Error terus gak bisa dibuka.,2025-01-25 03:49:22
A Google user,1,"Sering coba pake 3 akun tetep aja ngga bs log in. Tolong diperbaiki lagi sistemnya. Aplikasi kan dibuat biar lebih mudah diakses, kalau banyak complain karena ngga bisa log in berarti memang ada masalah dari sistem. Masa berbulan2 error terus. Gimana mau bangun literasi di tengah masyarakat klo aksesnya susah? Sedangkan byk org ngga pny waktu ke perpus",2025-01-25 02:55:03
A Google user,1,Tolong perbaiki segala-galanya. Saya sudah tidak mampu berkomentar lebih banyak.,2025-01-25 02:21:18
A Google user,1,"SANGAT AMAT MENGECEWAKAN IPUSNAS INI SEMENJAK GANTI DEVELOP. DULU TUH MEMANG SUDAH JELEK IPUSNASNYA TAPI SETIDAKNYA MASIH BISA DIAKSES DAN BISA UNTUK MEMINJAM BUKU. SEKARANG????!?!? JANGANKAN MEMINJAM BUKU, UNTUK LOGIN SAJA SANGAT SUSAH. GILIRAN SUDAH BISA LOGIN TERTIPU DENGAN JUMLAH STOK DI APK. KATANYA JUMLAH COPY ADA SEKIAN-SEKIAN GILIRAN AKAN DIPINJAM STOK TIDAK ADA. LIKE??????? BENERAN AMPAS NI APK.",2025-01-25 01:12:35
A Google user,4,"Apakah aplikasi iPusnas sedang problem ya? Soalnya sejak melakukan pembaruan versi jadi tidak bisa meminjam buku. Padahal di buku tersedia 389 copy tapi waktu dipinjam malah muncul tulisan ""copy tidak tersedia"". Ini sudah hari kedua saya coba. Kemarin tidak bisa hari ini juga masih tidak bisa sejak ada pembaruan mohon informasinya terima kasih.",2025-01-25 01:08:39
A Google user,1,Jelek. Error terus,2025-01-24 14:29:25
A Google user,1,"a lot of bugs and errors, very unnecessary updates too. yang dikeluhin sama penggunanya padahal cuma update perihal buku antrian biar masuk notifikasi bar sama bugs, sisanya ok, tapi malah dirombak besar-besaran dan idk, i can't bear using it anymore, makenya jadi repot dan berat",2025-01-24 14:21:30
A Google user,1,"Lebih baik kerjasama dengan OverDrive agar terintegrasi ke Libby, Pak/Bu. Ini aplikasi udah sering banget down servernya.",2025-01-24 14:18:23
A Google user,1,"I like this aplication, but always error is very annoying💔💔💔",2025-01-24 13:40:06
A Google user,1,"sumpa deh emang aplikasi dari pemerintah ni ga bisa diharepin lagi ya, makin di-update makin ga jelas. gimana orang ga males baca dah sekelas apk ipusnas aja mau diakses susah betul. tiap mau akses harus login. mana sekarang tiap buku cuma tersedia 10 copy. pliss tell me whyyyyy. guaa capeeeeeekkk. capeeekkk betull dah jadi wni. capeeeeeeeekkk. please ipusnas be kind, i beg u 😭😭😭🙏🙏🙏🙏",2025-01-24 13:34:42
A Google user,1,Setelah diupgrade ko malah makin susah di buka. Kaya gada sinyal padahal bagus ko,2025-01-24 12:16:07
A Google user,1,Abis update jadi jelek bgt. Gak bisa pinjem buku.,2025-01-24 12:13:18
A Google user,1,"Sering error, please perbaiki bug nya 🙏🏻🙏🏻🙏🏻",2025-01-24 11:40:02
A Google user,1,"LEMOT. Sering eror, ga bisa dibuka, stok banyak ga bisa dipinjam, bisa dipinjam ga bisa dibuka. Tolong sistemnya segera diperbaiki.",2025-01-24 10:57:30
A Google user,1,"kok apknya makin jelekkk, gak bisa di download bukunya.....",2025-01-24 10:23:34
A Google user,1,"Serius ini aplikasi milik pemerintah? Maaf, tapi ipusnas versi update lebih buruk dari sebelumnya. Pertama, aplikasi sering log out sendiri atau bahkan error. Kedua, riwayat pinjaman juga sering hilang tanpa jejak. Ketiga dan paling disayangkan adalah koleksi buku ga lengkap dan kuantitas yg ga mumpuni. Sedih banget, gimana masyarakat bisa melek literasi kalau support dari pemerintah aja kualitasnya kayak gini. Mohon segera diperbaiki lagi, terima kasih 🙏🏻",2025-01-24 10:06:21
A Google user,2,"Tolong diperbaiki, sayang banget koleksi bukunya udah bagus, tapi ga bisa dibaca/diunduh. Versi tebaru ini malah ga bisa sama sekali",2025-01-24 09:50:43
A Google user,2,"Sebelumnya sempat bermasalah dengan akun yang tiba-tiba logout sendiri. Buku yang musti di download berulang kali dan loading yang lama di home (sinyal stabil dan memory juga cukup). Hari ini, masalahnya tiba-tiba buku baru enggak bisa di download (Buku bisa dipinjam tapi pas download gagal terus ). Coba 5 buku sama hasilnya. Sampai clear chace dan uninstall tapi enggak ada perubahan. Satu lagi, jumlah copy tersedia sekian cuma pas di klik pinjam muncul tulisan jumlah copy tdk tersedia.",2025-01-24 08:30:00
A Google user,1,"males banget gak bisa buat download buku, terus login lama banget gak bisa bisa",2025-01-24 08:29:00
A Google user,1,"Error terus, loadingnya lama banget.",2025-01-24 07:35:14
A Google user,1,ni aplikasi error mulu dah heran gue,2025-01-24 07:03:46
A Google user,1,Can't download the book,2025-01-24 06:57:17
A Google user,1,"Dulu suka, stelah di update loading dan akses buku terbtas",2025-01-24 04:40:35
A Google user,5,"pak/bu saya bersyukur sekali dengan adanya aplikasi ini. tapi tolong diperbaiki lagi, apk sering tbtb log out trus pas masuk lagi loadingnya lama. segitunya kah gada biaya untuk perbaikan apk. saya yakin kok banyak orang Indonesia yang mumpuni dibidangnya. saya tetep kasih rating 5 karena saya masih butuh apk ini dan saya lihat ratingnya sudah jelek sekali 1.8. maka, segeralah dibenerin pak/bu, dengan adanya ipusnas ini bisa jadi jembatan bukan untuk generasi jadi suka membaca? saya berharap!",2025-01-24 03:19:28
A Google user,5,"Salah satu aplikasi favorit untuk baca, namun sayangnya banyak terjadi trouble. Mulai dari sulit login, tidak sinkronnya aplikasi jika digunakan di lebih dari satu perangkat, sering mendapati buku yang tidak dapat dibuka, detail pada buku mengenai jumlah copy yang tersedia tidak sesuai, semua cover buku tidak terlihat sehingga harus ekstra jeli dalam membedakan mana buku yang dikehendaki, menu pencarian sering tidak berfungsi dengan baik. Mohon segera diperbaiki ya, sayang jika terus demikian.",2025-01-24 02:18:32
A Google user,1,"ini masuk aplikasinya lemot banget. bahkan untuk mencari buku kelamaan loadingnya. dan untuk peminjaman buku tolong diperhatikan lagi, beberapa ada yang eror dan tidak bisa dibaca.",2025-01-24 01:38:54
A Google user,1,Setelah di-update tambah buruk. Mau mengunduh gagal terus,2025-01-24 00:09:56
A Google user,1,Bug,2025-01-23 21:27:49
A Google user,1,Ui/ux is bad. I can't borrow a book,2025-01-23 20:49:50
A Google user,1,"Sering tiba-tiba log out dan ketika mau login malah eror. Aplikasinya lemot sekali, loading lama, cari buku dan rekomendasinya juga ribet. Tolong diperbaiki dan ditingkatkan lagi kinerja aplikasinya, biar pengguna juga minat bacanya bertambah bukan malah berkurang karena sebel dengan aplikasinya",2025-01-23 17:32:16
A Google user,1,"Setelah update menurut aku ux nya lebih buruk daripada ux versi lama. Sangat disayangkan padahal ui nya sudah lebih bagus. Satu hal lagi yang sangat disayangkan adalah tidak ada notifikasi update untuk buku yang sudah dikembalikan jadi agak susah harus cek satu satu terlebih dahulu Update: GEMESSS BGT SM IPUSNAS couldn't expect more I JUST WANT TO READ LET ME READ, pake acara jumlah copy tidak tersedia pdhl jelas jelas ditulis ada 9 copy, trs tiap mau baca harus unduh ulang GMN SIH CAPE TAU GA",2025-01-23 16:57:29
A Google user,3,"halo admin, sebelumnya aku sering menggunakan apps ini untuk alat belajarku. tapi sudah beberapa bulan ke belakang ini, aplikasinya selalu eror. aku gabisa unduh file bukunya (gabisa baca bukunya) setelah menekan tombol pinjam. akan selalu timbul tulisan ""download gagal, file not found exception"". aku gatau ini kendalanya dimana. aku udh pernah pinjam akun temanku untuk nyoba juga ttp gabisa, kenapa ya min? aplikasinya juga lemot. tolong berikan saran dan solusi untuk masalah ini, terimakasih.",2025-01-23 16:48:25
A Google user,1,Aplikasi ini telah gagal menjalankan tugasnya dengan baik. Tidak dapat mendownload (meminjam) buku. Mungkin ini dibuat hanya untuk gimmick semata. Payah.,2025-01-23 16:47:05
A Google user,1,update makin jelekk najisss. entah apa tau yg pengen dirubah dari yang dulu. udah server lemot. nyusahin pembaca buat bacaa,2025-01-23 15:09:42
A Google user,1,"Benar-benar makin jelek aplikasinya, loading terus ga bisa di buka",2025-01-23 15:01:15
A Google user,1,"Setelah update malah bikin lemot parah banget. Eror pula, buka di rak peminjaman gaada. Tapi waktu nyoba cari buku yang udah dipinjam ada (bisa klik baca). Percuma tampilan diperbaiki kalau sistem operasi nya malah lemot.",2025-01-23 14:48:54
A Google user,1,"Sebelumnya ipurnas cukup bagus di old version nya, tapi memang sebelum ganti ke new version sudah sering ke logout sendiri, ditambah sekarang aplikasi sangat lagging 🙂🙂 mohon diperbaiki karna potensi aplikasi ini untuk meningkatkan literarsi masyarakat",2025-01-23 14:28:26
A Google user,1,"Demi allah lemot banget ini aplikasi, perbaiki kek, makin hari kok makin bikin emosi",2025-01-23 14:26:09
A Google user,2,Terlalu lambat loadingnya kadang mau log in juga sering eror padahal jaringan bagus,2025-01-23 14:00:47
A Google user,3,sering error,2025-01-23 13:57:17
A Google user,2,"Awalnya bisa, lalu bbrpa hari ini tidak bisa diakses, lalu yerlogout, login g bisa2. Katanya tdk ada koneksi, udh cb pke paket data dan wifi jg g bs. Sedih dehh. Buku di rak jg pd ilang, pdhl masih lama wktu peminjaman. Cb mau pinjam lg, tombol unduhnya ga ada. Hiks hiks",2025-01-23 13:50:40
A Google user,1,Aplikasi bosok. Eror tross,2025-01-23 12:59:12
A Google user,1,my profile is blank dan lemot banget,2025-01-23 12:55:03
A Google user,1,"Jelek banget setelah update di versi baru ini bukan malah makin bagus jadi makin lemot, lemot yg lemot banget dan belum tentu bisa. Sangat sangat tidak membantu jadi mau baca, malah jadi males baca.",2025-01-23 12:24:55
A Google user,1,"Entah kenapa IPusnas setelah mode baru leletnya minta ampun. Apa ga bisa app nya lebih ringan. Oke lebih berat tapi tolong dong gimana caranya supaya lebih cepat. Sayang bgt padahal koleksi buku""nya bagus. Pleaselah, app IPusnas harusnya bisa diakses semua orang, termasuk luar daerah yg jaringan internet terbatas dan berbagai jenis ponsel. Mending kembali ke mode lama deh, lancar daripada model sekarang tapi ga bisa digunakan. Kelihatannya doang lebih fresh.",2025-01-23 12:19:40
A Google user,1,"Diperbarui malah jauh makin jelek, lemot. Log out sendiri tapi susah banget untuk log in kembali. To bad!!!",2025-01-23 10:35:51
A Google user,1,Loading lama,2025-01-23 09:32:09
A Google user,2,"Aplikasi versi Android makin berat dan loadingnya data nya makin lama, setelah update banyak data yg hilang dan wishlistnya juga antrian jadi satu menu. Aplikasi versi desktop juga ga bisa login, memuatnya lama dan sering close app",2025-01-23 07:53:57
A Google user,3,"Sebenernya suka sama app nya, kebantu banget buat yang nggak bisa pinjem buku fisiknya. Tapi sayang loadingnya lama banget, terutama di beranda. Dan seringkali kalau mau baca harus unduh terus.",2025-01-23 07:05:18
A Google user,2,"Mau pinjam satu buku saja, loadingnya lama sekali. Tolong diperbaiki ya. Versi yg lama lebih baik, satu klik halaman langsung berpindah.",2025-01-23 06:39:42
A Google user,2,"Interfacenya udah ada perkembangan, gak terkesan jadul seperti versi sebelumnya. Tapi loadingnya jadi lama banget.. mau buka rak pinjaman ada nunggu 3 menit (mungkin lebih). Bisa dimaksimalkan lagi, gimana caranya biar loadingnya lebih cepat. Karena lebih penting kecepatannya itu daripada interface diperbaharui. Untuk apa tampilannya bagus tapi lemot minta ampun.",2025-01-23 05:29:58
A Google user,1,"Tolong yah kepada pemerintah, tolong bgt server atau mungkin big data atau apalah itu (aku msh awam dan nggak tahu banyak hal) lebih diperbaiki lagi. Sering bgt gak bisa login atau error loadingnya lama. Gimana kita mau ningkatin tingkat literasi anak bangsa kalau platform milik negara aja kayak begini. Udah buku tuh sekarang harganya mahal yhaa... (Jujur enggak murah di kantong) Trs kalau platform baca yg paling murah dan mudah dibuat sulit kayak begini gimana mau berkembang yg lbh baik.",2025-01-23 05:17:40
A Google user,1,"Loadingnya parah sih lama banget, padahal jaringan saya stabil.",2025-01-23 05:14:19
A Google user,1,"Sebelum update, buku gaada yang ke load, dicari ada judulnya tapi gaada yang bisa dipinjam. Setelah update, malah gabisa login. Gimana sih",2025-01-23 04:58:27
A Google user,1,Tolong pajak dari w buat perbaiki aplikasi ini,2025-01-23 04:46:16
A Google user,1,"Tampilan jauh lebih bagus daripada yang sebelumnya tapi performanya luar biasa hancur. Masuk akun lambat, loading homepage jauh lebih parah lambatnya. Setelah loading homepage mau add buku malah loading lagi. Kacau aplikasinya.",2025-01-23 02:15:53
A Google user,1,The app crashes whenever I try to open it.,2025-01-23 00:22:26
A Google user,1,"never had a good experience, it always kicked me from my account and said ""token revoked"" and a neverending buffering, the best app if you want to see a neverending buffering 😍🤩🤡",2025-01-23 00:04:11
A Google user,5,Best,2025-01-22 14:57:12
A Google user,1,Lemot,2025-01-22 13:36:49
A Google user,1,Leley kali buat buka aplikasinya. Padahal banyak buku buku bagus,2025-01-22 11:07:06
A Google user,1,LEMOT BANGET KENAPA SIIHHHH,2025-01-22 06:57:56
A Google user,4,"Halo iPunas, saya senang dengan UI iPusnas yang sekarang, lebih fresh. Kekurangannya ada, aplikasi yang sekarang tidak tersedia untuk Huawei. Semoga ada update juga untuk perangkat Huawei sehingga bisa diakses juga.",2025-01-22 05:31:43
A Google user,1,Kenapa akhir2 ini error terus??,2025-01-22 00:28:09
A Google user,1,"tolong dong, saya tidak bisa mengakses aplikasinya sama sekali :( semuanya blank, bahkan di bagian profil pun blank ... gimana yaaa??? bukan hanya saya, banyak pengguna lain yang mengeluhkan hal ini jugaa :( sedihhhh, mau baca buku.",2025-01-21 13:14:37
A Google user,1,"kocagggg idah di update malah makin lag/bug dahal internet lancarrr. ini nih yang buat orang orang makin males buat ber literasi. kocagg beut gw udah 3 bulanan setelah update jadi kaga baca buku lagi nih. minimal kalo mau majuin sdm tolong dahh ya fasilitas yang mendukug memadai kocaggg. ini gw udah 10 menitan masi ae muter muter ga karuan woilah. TOLONG DI UP LAGI YA!!! BANYAK BUG, LAG PARAH DAHAL INTERNET NYA LANCARR",2025-01-21 11:58:18
A Google user,1,Loadingnya terlalu lama,2025-01-21 10:09:54
A Google user,2,Setiap di buka yang muncul hanya blank space bahkan setelah saya log in ulang tetap saja begitu tolong segera diperbaiki,2025-01-21 08:23:45
A Google user,1,Selalu loading padahal internet bagus tapi aplikasi loading,2025-01-21 07:35:23
A Google user,1,"The bugs and errors are crazy, please fix that asap.",2025-01-21 05:44:58
A Google user,1,🤢,2025-01-21 01:50:23
A Google user,1,Loading take ages,2025-01-20 23:41:17
A Google user,2,"Please aplikasinya diperbaiki lagi, sering banget erorrr , bikin mood baca ilang! Nanti kalo udah nyaman dipakai saya ganti rating lebih tinggi",2025-01-20 16:36:14
A Google user,1,"Jan 2025: Setelah di update dan tampilannya berubah, malah makin jelek UXnya. Tiba2 keluar dari aplikasi, history peminjaman tidak terdata, atau tidak bisa diakses sama sekali aplikasinya. Mengecewakan 2018: Aplikasi sering force stop. Malam ini malah keterangannya ""no connection nor DLS found"" padahal wifi lancar",2025-01-20 16:16:17
A Google user,1,"makin parah, loading lama banget padahal internet lancar, history buku yg dipinjam juga gak ada, dll, entahlah sampai kapan begini, gak nyaman banget",2025-01-20 14:17:41
A Google user,3,Loading di pencarian lamaa padahal sinyal bagus,2025-01-20 13:06:40
A Google user,1,"apk versi terbaru malah lebih jelek dari yang sebelumnya, setiap masuk apk log out padahal sebelumnya udah login, dan juga loading lama, blank space sampe keburu cspe nungguin nya karena lama blank space nya, tolong diperbaiki",2025-01-20 12:12:39
A Google user,1,Sebelum update bagus banget lah sekarang udah loadingnya lama trus gak bisa unduh buku selalu ada masalah kalau mau unduh buku,2025-01-20 11:44:52
A Google user,1,"Gak bisa kebuka udh berkali2 re-install😀 kalau ada yg butuh banget bukunya, buka website ipusnas di PC aja",2025-01-20 11:16:06
A Google user,3,"Ayolah, aplikasinya terlalu berat dan kurang simple.",2025-01-20 09:45:17
A Google user,1,jelek,2025-01-20 08:31:12
A Google user,2,"Sir pls..... what's going on after this update? When I tried to reading my borrowed book, it's did nothing like the page just buffering. Well I tried to waiting but in the end my book doesn't pop up. The UI design looks lit tho",2025-01-20 07:49:46
A Google user,2,Lebih suka tampilan yang dulu 😭😭 kok jadi lemot ya,2025-01-20 07:05:55
A Google user,1,"First,i'd like to say THANK YOU for providing us so many good books for FREE dan masa peminjamannya sampe 2 minggu. Tapi kalian tuh dari dulu budek banget ya tiap disuruh buat benerin app-nya. Error mulu. Ini udah seminggu lebih loading terus. Masa harus buka di pc mulu sih. FIX YOUR APP! Kalian nyiptain app ini juga pake pajak yg kita bayar. Jadi dengerin kata user kalian.",2025-01-20 05:40:09
A Google user,1,"tolong aplikasi diperbaiki, sudah install dan login tp loading terus",2025-01-20 04:45:59
A Google user,1,i can't access the app. the worst version ever!!!,2025-01-20 04:16:41
A Google user,1,"Aduh, kok sekarang tambah lemot ya kalau mau buka aplikasinya. Bug nya tambah berat. Mohon di optimalkan lagi ya",2025-01-20 04:09:45
A Google user,1,"kenape abis update malah tambah jelek, gabisa ngapa2in, loading doang ampe kiamat",2025-01-20 03:12:56
A Google user,1,Jelek banget appnya. Ketika buka maka kita akan berhadapan dengan loading tanpa henti dari appnya untuk memuat laman utama... Dan tolong perlengkap bukunya,2025-01-20 01:58:40
A Google user,1,"Udah berapa hari loading mulu, padahal mau baca buku",2025-01-19 15:33:52
A Google user,1,JELEK BANGET KENAPA SIHHHH. mau cari buku dipencarian gabisa. abis download malah suruh unduh lagi. tiba tiba ilang jd nya antri lagi. stok sedikit. ga bener bener semenjak pembaharuan deh.,2025-01-19 15:20:23
A Google user,1,parah parah 🤣,2025-01-19 14:40:04
A Google user,1,It is kinda frustrating to see the app keep logging out,2025-01-19 13:26:53
A Google user,1,i can't open it,2025-01-19 12:21:59
A Google user,1,Loading lama banget. History buku yg dulu dulu juga hilang. Tolong segera perbaiki,2025-01-19 11:29:28
A Google user,1,"Aplikasi di upgrade malah tambah jelek. Akun suka tiba-tiba logout sendiri, terus loading mulu aplikasinya, nyari buku jadi nggak bisa. Tolong diperbaiki dong aplikasinya, banyak bacaan bagus soalnya, sayang kalau error mulu.",2025-01-19 11:26:09
A Google user,1,Berandanya loading mulu,2025-01-19 10:43:10
A Google user,1,Jelek banget lemot,2025-01-19 08:58:08
A Google user,1,Update bukannya tambah baik malah tambah buruk. Mending balikin ke versi sebelumnya aja deh. Ga butuh tampilan 'kekinian' yang penting bisa dipake buat baca dan gak lelet!,2025-01-19 07:13:59
A Google user,2,"halo ini knapa sering lemot ya:*(, boleh di perbaiki , soalnya penting bgt buat nyusun skripsi huhu",2025-01-19 02:46:50
A Google user,1,Makin jelek loading dan log out mulu,2025-01-19 02:24:15
A Google user,1,"Gak bisa log-in sama sekali, heran loh. Katanya mau mencerdaskan anak bangsa, bangsa yang mana? Mau baca aja susah bgt aplikasi rusak!",2025-01-19 01:03:57
A Google user,1,Lemot bgt,2025-01-18 15:45:59
A Google user,1,This app is unusable due to how long it is to load. It's very unstable that I can barely use it. The old version is so much better than this.,2025-01-18 12:52:09
A Google user,1,loading nya lama banget,2025-01-18 12:05:33
A Google user,1,lola bgt tiap dibuka kenapa sih?,2025-01-18 10:03:37
A Google user,1,"Tampilan baru malah makin buruk, gak bisa buka :) minat baca kita tinggi kok, makanya kita pengen ipusnas bisa berfungsi sebagaimana mestinya",2025-01-17 15:44:56
A Google user,1,"Kalian yang baca di ipusnas asli sabar banget. Kalau aku jujur aja kurang sabar :""",2025-01-17 14:22:15
A Google user,1,Too slow. The turtle is faster than this app.,2025-01-17 11:31:04
A Google user,3,"Terlalu terang buat dibaca, kalau bisa ditambahkan fitur atau tema gelap supaya ketika dibaca mata tidak terlalu perih",2025-01-17 11:20:08
A Google user,1,"sangat sangat memuaskan cuman saya masih mencari cari novel the scorch trials ngga nemu nemu btw saya kasih saran kasih preview beberapa halaman dong di setiap bukunya biar seengganya bisa tau apa yang akan kita pinjem hehe bintang lima deh buat layanan customer service nya disini 💕💕 . itu review saya di th 2019 yg notabene appnya masi jelek, skrg th 2024 bukannya upgrade, malah downgrade gakaruan, jelek bgt! minimal bisa dipake lah, dikit2, nah ini buat search buku aja gabisa, ANEHHH",2025-01-17 11:04:45
A Google user,1,"Min tolong perbaikin aplikasinya dong, updated version malah makin ngaco. Loading ga selesai-selesai, rekomendasi buku ga berfungsi, fitur pencarin cuma nampilin sedikit buku padahal pasti ada banyak banget",2025-01-17 08:07:51
A Google user,1,Dulu udah bagus padahal. Sudah bisa dipakai pinjam buku digital dan baca dengan nyaman. Sekarang sejak update jadi loading terus saja. Sudah coba uninstall dan install ulang tetap sama. Loading saja terus di halaman awal. Mohon segera diperbaiki,2025-01-17 00:57:33
A Google user,1,nganu alias banyak bugsss,2025-01-16 16:30:58
A Google user,1,tidak bisa masuk,2025-01-16 07:58:16
A Google user,1,Parah.. abis diupdate malah buffering lama. Mana UI nya jadi jelek ribet. Tolong diperbaiki atau dikembalikan aja ke versi lama. Versi baru malah lebih bapuk.,2025-01-16 05:06:36
A Google user,2,"aplikasi nya gak bisa di akses, loading lama",2025-01-16 05:00:27
A Google user,1,"Tolong banget di benerin sistemnya lagi, minimal kalo tampilan update, sistemnya juga update kak",2025-01-16 01:03:27
A Google user,1,App is unopenable,2025-01-16 00:06:39
A Google user,1,"Semenjak update aplikasi jelek bgt ke log out sendiri terus, jd notif antrian buku gak pernah bunyi! Tolong dong diperbaiki dan copy buku di perbanyak krn jarang kebagian buku yg tersedia, hampir rata-rata harus antri.",2025-01-15 16:48:00
A Google user,2,"error mulu tiap mau baca, mana harus logout login dulu tiap buka aplikasi",2025-01-15 15:40:24
A Google user,1,Aplikasinya lemot banget saat dibuka. Koleksi pinjaman buku hilang semua. Trus temen yang diikuti juga hilang. Kembalikan versi yg lama! Jelek banget versi terbaru ini,2025-01-15 15:05:16
A Google user,1,WORSE!! UI-NYA GAK PERNAH BENER. Jadi kapan warga Indonesia bener-bener mulai gemar membaca?,2025-01-15 14:58:50
A Google user,1,Why isn't not working,2025-01-15 12:50:19
A Google user,1,tidak kompatibel.dengan onxy boox lagi,2025-01-15 03:10:10
A Google user,1,"kenapa setiap keluar dari aplikasi selalu otomatis log out, padahal penyimpanan hp baik-baik aja, jaringan juga tidak masalah, kesal sekali setiap kali mau baca buku harus log in ulang ya ampun, sekarang hampir semua buku tidak bisa di download",2025-01-14 06:02:11
A Google user,3,"Servernya tolong diperbaikin, terimakasih",2025-01-14 05:39:00
A Google user,1,loadingnya lama banget,2025-01-14 03:25:22
A Google user,1,"Udah Indonesia tingkat literasinya rendah, ditambah i-pusnas yang errornya dianggurin dari bulan Desember. Padahal akses i-pusnas 2 tahun lalu masih oke loh. Akses buat baca aja diabaikan. Emang ini negara gak ada niatan buat provide fasilitas yang baik",2025-01-14 02:52:50
A Google user,1,APP JELEK ERROR TERUS,2025-01-14 02:15:34
A Google user,3,Habis update jelekkkkkkkkk banget. Bukunya harus di unduh lagi,2025-01-14 01:42:36
A Google user,1,aplikasi nya gk bisa dibuka loading trus di homenya,2025-01-13 15:05:42
A Google user,1,"Perpustakaan nasional dengan kualitas buruk di dunia, perlu di tingkatin lagi aplikasinya",2025-01-13 13:50:51
A Google user,5,"Terima kasih, harapannya bisa lebih banyak akses untuk ilmu dan sumber bacaan. Keren sih! Terima kasih, pak Menteri 🤓",2025-01-13 11:02:31
A Google user,1,"eh jelek bgt njir habis di update semua history nya ilang, yg di queues ilang semua cok aelah masa harus cari masukin ulang ke queue☠️",2025-01-12 16:08:54
A Google user,1,The app is getting worse. My reading history is lost. My followers and followings is lost. My profile is back to basic. The app is also slower badly.,2025-01-12 13:37:15
A Google user,1,"The F is that?? Buka aplikasi, berandanya loading lamaaa bangett, oh God, i've never seem a worse app than this😭😭🙏🏻",2025-01-12 12:48:05
A Google user,1,"tolong perbaiki, tidak bisa dibuka, untuk apa download mau baca gak bisa",2025-01-12 10:02:39
A Google user,1,"Gak bisa diakses sama sekali. Layar blank, gak bisa nyari buku, selalu nunjukkin 'unknown error'. Ada apa?",2025-01-12 07:50:46
A Google user,1,lag banget tidak bisa login apk,2025-01-12 07:41:51
A Google user,1,Setelah diperbaharui malah tidak bjsa digunakan.,2025-01-11 22:08:04
A Google user,1,aplikasi kg jelass,2025-01-11 16:24:14
A Google user,1,perbaiki bugg,2025-01-11 14:08:43
A Google user,2,"Kenapa ya sering error? Loading terus, menu nggak muncul. Kalau antrian udah selesai ngga muncul notif jadi sering ketinggalan buku yang mau dibaca. Please diupgrade lagi",2025-01-11 12:28:42
A Google user,2,"Setelah update, aplikasi tidak dapat berjalan baik. Bahkan, tidak bisa menampilkan beranda. Notifikasi pun tidak muncul. Sering log out sendiri.",2025-01-11 11:04:06
A Google user,1,Kapan diupdatee? Lemot bgttt buka beranda aja muter2 aja,2025-01-11 09:37:54
A Google user,1,Cant open the apps,2025-01-11 03:15:41
A Google user,1,"bagus versi lama, bagus gabisa lewat web, sejak bisa pake web malah jadi lemot, gabisa dipencet samsek juga, mau baca malah badmood duluan kocak",2025-01-10 15:03:23
A Google user,1,"Setelah pembaharuan aplikasinya semakin tidak menarik, dan pilihan bukunya kurang variatif. Penerbit buku yang muncul berulang dibeberapa penerbit yang sama. Lebih bagus versi yang lama.",2025-01-10 14:46:09
A Google user,1,"Lemot banget sumpah, jadi males buka ipusnas!?!!!!",2025-01-10 13:14:15
A Google user,1,susahh dibuka di onyx boox poke5,2025-01-10 06:18:32
A Google user,2,aplikasi sangat bagus kalau dikelola dengan Baik. Bisa pinjam dan baca buku online. Kendala terjadi setiap masuk aplikasi selalu loading lama dan logout. sayang sekali,2025-01-10 03:00:41
A Google user,1,Aplikasi terburuk,2025-01-10 02:44:47
A Google user,1,"Sebetulnya perlu dan suka sekali dgn app ini di versi sebelumnya. Tapi sejak update, ya ampun, makin jelek :( mau login susah sekali, loading super lama bahkan nggak terbuka. Sangat kecewa.",2025-01-09 16:41:13
A Google user,1,"So much bug, and i can't log in to the app",2025-01-09 10:10:57
A Google user,1,Lemot banget buffering waktu baru buka aplikasinya.,2025-01-09 05:13:10
A Google user,5,Suka banget sekarang buku yg lagi diomongin di sosmed spt laut bercerita udah masuk juga di ipusnas. Jadi akses lebih mudah buat pemerataan literasi masyarakat Indonesia. Semoga ipusnas makin terdepan menyuguhkan berbagai macam buku nasional maupun internasional yg lagi viral agar daya baca anak muda Indo meningkat juga merata ke seluruh pelosok.,2025-01-08 15:18:11
A Google user,1,"Udah update versi yg baru tapi malah ialng semua ulasan dan list following???? Trus appnya lambat dan gk bs minjam buku, please fix this, gmn ceritanya perpus negara pake uang pajak rakyat modelnya kek gini???",2025-01-08 15:04:17
A Google user,3,Loadingnya lama. Nggak pernah dpt notif ketersediaan buku yg maauk dlm antrean,2025-01-08 13:16:06
A Google user,2,"idk why the developer didn't do anything to response all the rating section. Eventho, this app is take long time to load, but i hope they will upgrade with the best version, bcs we need to make reading as a habit, so please fix all the problems",2025-01-08 11:57:21
A Google user,1,Diupdate malah gak bisa dibuka kocak,2025-01-07 18:26:39
A Google user,1,"Kocak, menu rak pinjamnya ilang. Trus aku baca bukunya gimana 🙃",2025-01-07 13:58:41
A Google user,1,"banyak kali error nya, padahal koneksi gak ada masalah tapi sering kali loading yang sampe gak bisa tekan apa-apa selain buku yang dipinjam.",2025-01-07 04:00:22
A Google user,1,"Ipusnas ini setelah update aplikasi malah berantakan begini. History peminjaman ga ada, buku yg dipinjam tiba2 ilang, ga bisa balikin buku, aplikasinya makin lemot. Ini developernya lulusan mana sih? Bisa bikin app ga? Dibayar murah pasti nih!",2025-01-06 15:11:48
A Google user,2,"Semenjak update ke versi terbaru malah makin jelek. Sering logout, kdg bisa masuk tp mau input search bar gk bisa. Gmn sih ini",2025-01-06 15:08:14
A Google user,1,Why do the apps still on blank page????,2025-01-06 13:10:42
A Google user,2,"blm apa"" udah lemot bgt :(",2025-01-06 12:30:23
A Google user,2,gabisa kebuka samsekkk udah ganti2 jaringan pun hasilnya tetep samaaaa gmn niii 🥲,2025-01-06 12:15:19
A Google user,2,Automatic logout and blank space after log in,2025-01-06 11:37:52
A Google user,1,"This app helps in reading activities, but the more the app is updated, the more it gets downgraded👎",2025-01-06 11:16:18
A Google user,2,"Loading berandanya lama min, tolong diperbaiki soalnya aplikasi versi lama cepet",2025-01-06 10:32:17
A Google user,5,aplikasi bagus,2025-01-06 08:29:32
A Google user,1,kok error mulu sih? developernya niat gak sih?,2025-01-06 07:01:53
A Google user,1,Aplikasi kammpret nyusahin,2025-01-06 02:32:39
A Google user,1,"Payah banget. Setiap keluar aplikasi, mau lanjut baca buku, harus unduh lagi. Saya bingung, iPusnas kenapa ya tidak berbenah? Dari dulu seperti ini terus. Kalo nggak logout tiba-tiba, nggak bisa diakses. Bahkan sangaaaaaaat lambattt. Banyaknya rating jelek, harusnya bisa menjadi evaluasi...",2025-01-05 15:31:09
A Google user,1,"Aplikasi baca, ayo jangan dibiarkan bugging dan error, supaya masyarakat tidak malas baca buku legal, hehe",2025-01-05 14:40:35
A Google user,3,"Sejauh ini, aplikasi iPusnas berjalan dengan cukup baik. Walaupun memang beberapa kali terkendala dalam proses login dan peminjaman bukunya. Saya mau izin kasih saran boleh min? Apakah bisa iPusnas mengembangkan kembali fitur ""chat"" di aplikasi tersebut? Saya rasa ini dapat menjadi alternatif untuk meningkatkan kuantitas literasi dan komunitas pecinta buku. Karena ada wadah untuk dapat berkomunikasi dan berbagi dengan lebih intens. Terima kasih banyak, mohon dipertimbangkan min. 🙏🏻",2025-01-05 06:40:42
A Google user,1,"The UI/UX after update was good, but the server is so bad, event before are better than now. [Update. January 5,2025] If I can, I want to give this app a zero star.",2025-01-05 05:04:42
A Google user,1,"zolim bgt ini pemerintah sama rakyat indonesia. minat baca kami tinggi, dibuat gembel sama pemerintah indonesia!!!",2025-01-05 02:01:24
A Google user,1,lemot parah,2025-01-04 14:45:44
A Google user,1,just make it simple and easy to use,2025-01-04 14:28:37
A Google user,1,Aplikasinya sangat lemot padahal suka.banget bisa pinjam buku gratis. Tolong petbaiki,2025-01-04 12:01:29
A Google user,1,"Jelekkk banget ngelag parah, mau buka loadingnya lambat pdahal koneksi bagus kencang juga. Mana pilihannya di laman utama suka ilang²an💔👎🏻",2025-01-04 11:55:48
A Google user,1,"semenjak diupdate malah lebih sering bug nya, terus ke logout sendiri, dan juga tiap mau baca buku harus unduh terlebih dahulu, tetapi pas diunduh selalu saja gagal, mau baca online pun tetep gabisa. gimana mau baca coba, online gabisa, offline juga gabisa",2025-01-04 06:48:29
A Google user,2,Apaan dah kok jadi ga bisa??,2025-01-03 15:51:14
A Google user,1,"jelek banget aplikasinya suka logout sendiri, buku ngga bisa dikembalikan tiap selesai baca padahal udah klik opsi kembalikan, suka tiba-tiba loading lama kalau lagi scroll antrian padahal udah mentok, koleksi buku A tapi pas dipencet malah yang keluar buku B",2025-01-03 14:31:35
A Google user,1,SEBALLLL,2025-01-02 15:27:09
A Google user,1,"Constant automatic logout is weird as this app is not a bank app! The categorization is unhelpful, especially for children's books, which throw all kinds of books under one umbrella instead of creating more sub-categories (e.g.: Fiction, Religion (this category seems to dominate), Non-fiction, Picturebooks). There is no clear distinction for middle grade novels as it falls in both Children and Teen Fiction labels. Queue system with no chronological priority and notification is bad. Full of bugs.",2025-01-02 14:42:07
A Google user,3,"kenapa sih sering error, padahal buku di dalamnya banyak. udah oke awalnya, tapi akhir akhir ini login aja susah",2025-01-02 11:13:28
A Google user,1,Updated version did not work on tablet Onyx Boox.,2025-01-02 01:29:15
A Google user,5,Bukunya bagus-bagus. Awal-awal update sempat sering error. Sekarang alhamdulillah dah oke.,2025-01-01 10:26:32
A Google user,2,"Kok engga bisa diinstal di onyx boox poke 3,padahal versi sebelumnya bisa,setelah diupdate malah engga bisa",2025-01-01 05:59:56
A Google user,4,okay sekarang udah mendingan,2024-12-31 10:13:00
A Google user,4,LOADING MULU KENAPA INI???,2024-12-30 13:21:52
A Google user,1,"sangat buruk setelah diperbarui. selalu keluar akun meskipun saya sedang membaca, sering tidak bisa masuk akun setelahnya. makin kesini makin buruk yah, sekarang lagi baca tiba-tiba sistem eror. sayang gabisa ngasih bintang 0 atau minus",2024-12-30 10:07:47
A Google user,1,Kenapa setelah update aplikasi ini ga bisa lagi dipake di ereader meebook m7? Mengesalkan,2024-12-30 09:35:30
A Google user,1,"Perbaiki filenya dong, min. Percuma sering update tapi error terus format filenya.",2024-12-29 00:52:34
A Google user,1,"Kecewa sekali, setelah diupgrade appsnya malah jadi makin jelek. Mutual hilang, list antrian hilang, history hilang, fitur ngga penting malah muncul kayak quotes sama berita bla bla bla. Mending benerin yang ada dulu, daripada nambah yang aneh-aneh. Appsnya lemot banget, lebih lemot dari yang versi lama.",2024-12-28 06:43:38
A Google user,1,"ini kenapa yah buku yang saya pinjam sebelum update tau2 menghilang?? Bahkan riwayat peminjaman saya juga berkurang tau!! Serta entah kenapa beberapa kali saya terkeluar dari aplikasi karena katanya token ipusnas saya habis?? Ini maksudnya apa coba?? Tolong deh, kalau bikin aplikasi itu jangan seperti ini orang yang kepengen baca akan kesusahan tau!. Riwayat baca ama que yg lama sebelum update bulan November masih hilang, gatau kenapa. Pliss kembalikan data akun lama saya",2024-12-27 12:44:56
A Google user,2,"kenapa setelah diupdate jadi lemot dan susah diakses ya bukunya? menurut saya juga fitur video dll itu tidak perlu karena orang butuhnya baca buku aja di ipusnas, itu juga yang mungkin membuat aplikasi ini jadi lemot 🙏🏼 mohon perbaikannya ya 🙏🏼",2024-12-26 12:55:16
A Google user,1,Tidak bisa dipasang di Onyx Boox Go. Capek baca dari ponsel.,2024-12-26 12:43:22
A Google user,4,Aplikasi tidak bisa dibuka. Search bar tidak bisa di klik. Queue hilang semua. Gimana ya ini?. Edit: 26 Dec. Sudah bisa. Terima kasih iPusnas,2024-12-26 11:20:29
A Google user,1,Update versi bikin banyak buku hilang Bagusan yang lama,2024-12-26 08:40:31
A Google user,1,down mulu,2024-12-25 14:57:12
A Google user,1,"Banyak bug, sering error.",2024-12-25 01:58:47
A Google user,4,Bukunya tidak bisa diunduh.,2024-12-24 14:20:25
A Google user,1,"Makin kesini makin bobrok bjir Banyak buku yang nggak bisa didownload padahal stoknya masih tersedia banyak. Bekum lagi rekomendasi buku yang sama sekali nggak relevan. Terus nggak ada notif buku antrean udah tersedia kaya versi sebelumnya, bikin kesusahan buat tracking buku inceran kita. Belum lagi buku buku antrean/history yang ilang after updated. Itu uang anggaran buat gaji developer yang bener dongg jangan dikorupsi mulu",2024-12-24 12:14:44
A Google user,1,Stop sok-sokan update.,2024-12-24 08:30:27
A Google user,1,"saya sama sekali gabisa login, padahal udah punya akun dan pakainya udah lama. berkali-kali nyoba tetep aja gabisa login. udah coba lapor di twitter ga direspon, saya harus gimana? 24 des'24 : aplikasi gabisa baca data, gamuat profil, buku di rak hilang gabisa dibaca. abis di update malah jadi jelek banget, aneh",2024-12-24 08:26:42
A Google user,1,Kembalikan iPusnas yg dulu min tolong lah. Masa mau buka aja perlu login ulang. please lah 😭😭😭😭😭,2024-12-24 08:26:40
A Google user,3,"Koleksi bukunya banyak, cocok untuk hampir semua usia. Hanya saja untuk pengalaman membaca kurang nyaman. Tidak seperti di playbook yang bisa ganti halaman dengan geser kanan kiri, aplikasi ini cuma bisa baca buku seperti pdf. Jadi ga enak buat baca novel. Dan tidak kompatibel dengan ereader meebook dan hampir semua jenis ereader standar. Rata2 e reader punya 2-3 Gb RAM, sedangkan aplikasi ini minta 4Gb. Tolong buat supaya bisa instal di ereader lagi",2024-12-24 08:00:01
A Google user,3,Terima kasih atas aplikasinya. Tetapi ada suatu masalah besar. Saya baru membuka lagi iPusnas setelah beberapa minggu tidak menggunakannya. Tetapi loadingnya sangat lama dan bahkan tampilan utama/beranda tidak kunjung muncul (hanya tampilan loading saja). Tombol pencarian juga tidak dapat ditekan. Mohon bantuannya untuk perbaikannya. Terima kasih.,2024-12-24 06:37:32
A Google user,1,eror terus tiap hari😒,2024-12-24 00:28:28
A Google user,1,Banyak buku yang error. Mohon ditambah fitur 'add to favorite' atau save to categories or tags biar gampang manage mau baca apa kalo lagi antre.,2024-12-23 23:54:17
A Google user,3,"Untuk fitur yg disediakan aplikasi cukup bermanfaat, seperti Pencarian berdasarkan buku atau penulis, bisa juga membagikan buku yg telah kita baca ke platform media sosial. Tapi yg disayangkan adalah kestabilan dan performa aplikasi. Seringkali akun tertaut keluar dengan sendirinya. Semoga kedepannya bisa diperbaiki 😁.",2024-12-23 02:17:28
A Google user,1,setelah update malah g compitable dg e reader Onyx book huuuuuuu,2024-12-21 10:48:50
A Google user,1,"Apa apaan malah jadi gabisa download. Kenapa ya sudah didownload, saat mau dibaca offline malah tdk bs dan download ulang",2024-12-21 05:03:56
A Google user,1,Kenapa tampilan halaman bukunya malah tampilan buku digital? Kembalikan tampilan buku fisik!!! So uncomfortable😭😭😭,2024-12-21 04:00:08
A Google user,2,"Bisa diinstalndi galaxy tab A 2018. Tapi tidak bisa diinstal di meebook p78 (android 11). Tolong developer memahami bahwa bahyak ebook reader masih menggunakan android versi jadul. Masukan berikutnya, masa pinjam sebaiknya diperpanjang ke 1 atau 2 minggu. Tidak hanya 5 hari. Supaya tidak bolak balik meminjam ulang",2024-12-20 06:52:44
A Google user,1,gak bisa login sama sekali,2024-12-20 03:59:40
A Google user,1,"Already had an account but once I logged out accidentally, I couldn't log back in and it kept saying ""invalid token""",2024-12-20 02:01:12
A Google user,1,"Ga bisa log in, tampilan doang update, sistem tetep lemot banget bahkan dibanding versi sebelumnya ini lebih amit2 invalid token mulu",2024-12-20 01:57:25
A Google user,2,"The app frequently encounters errors and often logs me out unexpectedly, which means I have to log in every time I open it. Additionally, please allow screenshot access, as I'd like to save some important sections to my gallery, but unfortunately, there’s no option for screenshots. And i also need original books in English. Mohon segera diperbaiki ya. Terima kasih. Pls diperbaiki lg, sering eror :') tbtb token invalid.",2024-12-20 01:56:43
A Google user,2,Ga bisa login terus,2024-12-20 01:55:06
A Google user,5,Lancar,2024-12-19 16:27:35
A Google user,1,Masa ga bisa pinjam bukuuu padahal bukunya tersedia. Gimana sii ipusnas.,2024-12-19 06:39:27
A Google user,1,Jelek,2024-12-19 05:06:51
A Google user,4,"Suka sama apk nya, tapi tiap keluar dari apk harus login ulang. Selalu gitu. Mohon pencerahannya 🙏🏽 bagus banget aslinya tuh ini apk. Cuman ya itu tiap keluar apk, harus log in lagi log in lagi. Sama asli, ini ngeselin banget fitur penanda.. Tiap keluar dari halaman buku terus masuk lagi penandanya ilang.. Kalo gitu buat apa itu fitur ada astagfirullah. Semua buku gabisa dipinjam hadeh. Padahal jelas jelas copy nya masih tersedia. Gimana si. Makin di update makin jelek.",2024-12-19 04:00:05
A Google user,3,Setelah diupdate malah semakin lemoooot😭🫵🏻,2024-12-18 17:56:44
A Google user,1,pada saat saya mau baca salah satu buku yaitu sirah nabawi buku yang tersedia masih banyak namun pada saat saya mau pinjam tidak bisa mohon diperbaiki (cepat direspon cepat dihapus rating ini dan saya kasih bintang 5),2024-12-18 11:04:17
A Google user,5,sejauh ini pihak pengembang responsif terhadap keluhan pengguna. Aplikasinya juga makin sini jadi makin stabil. Terima kasih. Tetap pantau kekuarangannya ya :),2024-12-18 08:33:44
A Google user,2,"app versi terbaru sering banget error. setiap mau baca harus download ulang, dan masih sering error kalau mau download. untuk baca offline juga susah. overall, lebih suka versi sebelumnya, terutama dari segi kelancaran dan kemudahan",2024-12-18 05:10:36
A Google user,1,"Jelek banget, diupdate bukannya bagus, malah bapuk. Gini amat mau baca doang juga",2024-12-18 04:20:59
A Google user,3,Setelah update malah error tu gimana? Zzz Edit: sudah lancar kembali! Semoga aplikasinya trs membaik agar orang2 bisa mengakses buku legal dan gratis dengan mudah,2024-12-17 23:34:23
A Google user,2,"Ga ngerti banget kenapa ini aplikasi ga pernah bener, ada aja bugnya. Progamernya gimana sih? Bisa kerja ga sih? Ga masuk akal sekali dari awal aplikasi ini ada smpe sekarang ga pernaaahh bener. Ga ada perkembangan signifikan ke yg lebih baik. Entah programernya ga becus atau emg anggarannya yg mepet",2024-12-17 14:34:49
A Google user,2,"Halo, sayang sekali setelah update ke versi terbaru malah sering loading dan makin buruk",2024-12-17 13:40:59
A Google user,1,"Versi updatenya jelek banget, mau login susah, loading lama, history peminjaman dan antrian buku hilang, buat apa diperbagus tampilannya tapi fungsinya malah makin bobrok? Tolong perbaiki segera",2024-12-17 13:01:51
A Google user,1,Cuma muter-muter loading doang. Ga bisa kebuka apa-apa.,2024-12-17 12:56:22
A Google user,1,"Setelah update jaringannya malah susah, lelet, loading lama, fiturnya kurang,untuk besar kecil huruf tolong ditambahkan, warna background tolong ditambah warna krem, masa ""Tersedia Copy 19"" tapi pas dipinjam ""Jumlah copy tidak tersedia"" + suka log out sendiri",2024-12-17 11:18:05
A Google user,1,"Saya install ipusnas di device yang baru beberapa hari yang lalu. Awalnya it was great. Kemudian saya tidak bisa masuk ke aplikasi lagi, dikatakan ada kendala saat pengiriman data. Sayang sekali padahal koleksi ebooks ipusnas banyak dan wish list saya juga tersedia banyak. Tolong diperbaiki pelayanannya.",2024-12-15 22:16:34
A Google user,1,"recently buy onyx boox poke 5 so I can use this app on an e-reader, but it only last for a few moments before they updated it and now my device isn't compatible with this app. plsss fix this, and I re-rate the app, you all use government funds anyway",2024-12-15 06:29:56
A Google user,1,kenapa susah banget sih untuk download buku ya???,2024-12-14 14:15:30
A Google user,2,"Aplikasinya lemottttt banget, bahkan suka keluar sendiri. Tolong dongg sistemnya benerin lagi.",2024-12-13 13:02:45
A Google user,1,"Astaga, ipusnas! Aku udh pake aplikasi ini udh hampir 5 tahun lebih. Dari jaman awal diluncurin. Berubah presiden, masa dataku di aplikasi ini ikut berubah juga? Aku udh lama gak buka aplikasi ini, tau2 update baru, ganti tampilan, dan jadi keseringan antri. Loadingnya lama pula. Dulu2 gak begini dah perasaan. Yasudahlah. Aku kecewa. Jadi aku kasih satu bintang karena ipusnas udh hapus data lamaku yg banyak history pinjem bukunya. Bahkan di data lama ada banyak buku yg belum kubaca.",2024-12-13 12:22:13
A Google user,5,"Sejak pake ipusnas dari 2017-an ga pernah ngasih rate. Sekarang balik sini cuma mau ngasih bintang 5, apresiasi buat Ipusnas versi sekarang yg udah banyak perubahan.. UI/UX nya jauh lebih baik.",2024-12-13 10:21:06
A Google user,1,"Yang sekarang jelek banget app nya, suka lemot, suka ga bisa diunduh terus suka tiba tiba ga ada riwayat pinjaman. Hadeh, harus banget sih diperbaiki soalnya yang mau baca jadi harus ketunda dulu. Banyak cover buku juga yang ga ada, dulu sekali klik buku ada banyak rekomendasi sekarang rekomendasi bukunya cuma itu itu aja, covernya ilang",2024-12-13 02:00:09
A Google user,1,"It's so bad, for real. Aku mau masuk pakai akunku di perangkat lain malah katanya belum terdaftar emailnya padahal jelas-jelas itu ada akunnya di perangkat yang sekarang. Kucobalah buat ganti kata sandi, tapi malah eror, ga bisa. Ini gimana sih? Update aplikasi bukannya makin bagus malah makin jelek. Padahal aku udah mau berdamai semua data akunku dari versi lama tuh hilang, padahal sayang banget. Nah ini, malah gini lagi. Sebelum bikin update-an aplikasi tuh, dipertimbangkan, diperhatikan lagi.",2024-12-11 17:36:51
A Google user,1,"lemot, tiba2 ke log out sendiri, antrian buku ilang!!!",2024-12-11 12:05:30
A Google user,4,Ereader meebook m6 saya kok jadi nggak compatible ya? Padahal versi androidnya 11. Tolong dibantu ya min.,2024-12-11 00:12:09
A Google user,1,Makin update bukannya makin bagus malah ga bisa dibuka,2024-12-10 13:33:28
A Google user,5,Need more quality book and improvement,2024-12-09 06:25:13
A Google user,2,"Sudah bisa login, aplikasi berjalan dgn baik tapi menurutku UI sangat ramai dan bikin ga fokus baca. Ada bbrp hal yg bisa diperbaiki : 1. Halaman pertama ditambahkan tampilan ""Buku yg sedang dibaca"" dan ""sedang dipinjam"" 2. Bagian search buku sudah bagus, tapi saat ngetik tidak berfungsi tolong diperbaiki lagi. 3. Sortir buku per genre, lalu ada opsi per jumlah berapa kali dipinjam sehingga pembaca tau buku apa yang sedang banyak diminati",2024-12-08 09:54:59
A Google user,1,"Riwayat ulasan, bacaan, antrean, bahkan sampai daftar akun pengikut dan mengikuti hilang semuanya. Stres liatnya, padahal udah susah payah antre malah hilang semua datanya. Design aplikasi juga ribet. Males.",2024-12-08 08:27:44
A Google user,3,setelah update jdi sering logout dari akun sendiri. Mana kalau udah logout harus di unduh lagi buku yang di rak.,2024-12-08 07:26:20
A Google user,1,"saya baru hari ini download apk ipusnas, saya baru tau ternyata baca E-BOOK perlu mengantri, ini kan dibaca secara digital ya bukan fisik",2024-12-07 21:43:50
A Google user,4,"info:buku dari atomos hingga quark tdk bisa di download,java.io not found, Toling dong tambahi kategori buku paling populer di baca..bagian info admin jg gak tau di mana",2024-12-07 13:37:34
A Google user,2,"Aplikasi ini sebenarnya sangat membantu dengan ketersediaan buku yang semakin banyak. Hanya saja server yang selalu down membuat aplikasi ini jadi tidak bisa dibuka sama sekali, versi terbaru juga justru lebih buruk dari sebelumnya. Susah login dan setelah login, data"" sebelumnya seperti riwayat buku yang dipinjam, dll. hilang seperti pengguna baru. Saya harap bisa lebih diperhatikan pengembangan aplikasinya, masa harus re-install terus setiap mau pinjam buku🙃",2024-12-07 01:33:17
A Google user,1,"Mengecewakan, dulu saya sangat suka sama ipusnas karena sangat simple dan bisa dipakai secara offline setelah mendonwload buku. Tapi sekarang malah tidak bisa, bahkan semua antrian buku saya ilang, komen dan review saya juga ilang di buku-buku yang telah saya baca. Apa-apaan deh? Kecewa banget jujur, bahkan list buku yang sudah dipinjam saja hilang tak bersisa. Mening balik ke setelan awal kalo gini mah, yang versi baru pun tidak helpful jadinya malah bikin kecewa saya sebagai book lover. 🥲",2024-12-07 00:20:27
A Google user,1,"Versi update nya jelek banget. Mesti login tiap kali mau masuk aplikasinya. Susah mau cari buku padahal udah masukin nama penulisnya. Rekomendasi bukunya itu2 doang, padahal di versi yg sebelumnya ada beragam rekomendasi buku",2024-12-06 13:43:41
A Google user,2,"Cukup sukaa dengan versi terbaru ipusnas, tapi kenapa jadinya gak bisa di-install di perangkat e-reader onyx boox ya? Padahal sebelumnya aman-aman aja :(",2024-12-05 16:31:24
A Google user,3,"Setelah diupdate, tampilannya berubah dan berbeda dari sebelumnya, tapi jujur lebih suka yang dulu. Followers ku pun hilang, bahkan riwayat meminjam pun hilang juga, termasuk komentar review-review di buku yang pernah dipinjam hilang juga, tapi di ipusnas yang terbaru ini, waktu pinjam agak lebih panjang dari versi sebelumnya yang hanya kurang lebih 4-5 hari, yang versi sekarang bisa hampir 2 minggu.",2024-12-05 14:43:46
A Google user,1,Aplikasi yang sangat sangat jelek,2024-12-04 02:30:46
A Google user,5,"aku revisi review ku, setelah update ternyata waktu pinjamnya lebih lama dan udah bisa liat koleksi buku langsung dari epustaka nya seperti Popular dan iDonasi, itu udah cukup buat aku, makasih tim ipusnas",2024-12-03 23:44:57
A Google user,3,"Dengan menghadirkan perpustakaan online gratis dimana berisi buku bacaan terlaris sudah sangat bagus idenya, tapi sayang sekali aplikasinya tidak mumpuni dimana banyak bug dan loading saat klik antrian, daftar antrian tidak muncul dan tidak ada notif saat buku antrian telah tersedia. Mohon untuk segera diperbaiki agar pengguna lebih nyaman. Terima kasih.",2024-12-03 15:12:21
A Google user,1,"versi upgrade nya jelek bangeeetttttttt butut banget males, gabisa liat antrian, gabisa ngembaliin buku, gabisa nyari buku padahal udah nulis judul+penulis lengkap, beberapa buku judulnya malah ga sesuai, semuanya loadingggg padahal sinyal dan wifi lancar aman, tiap masuk apk harus login dulu, UDAHLAH MENDING GAUSAH DI UPGRADE KALO UJUNG²NYA MALAH DOWNGRADE BIKIN SEMANGAT BACA HILANG GIMANA INDONESIA GA MINIM LITERASI KALO APK DARI KEMENTRIAN AJA GAJELAS BEGINI",2024-12-02 18:18:34
A Google user,1,Semua buku tidak bisa diunduh? Padahal masa pinjam buku sudah lebih panjang tapi buku-bukunya beneran gak bisa dibaca sama sekali.,2024-12-02 04:27:29
A Google user,1,Buku tidak bisa dibaca dan diunduh,2024-12-01 13:55:09
A Google user,1,"Edit: Versi terbaru lebih buruk dari versi lama. Semua buku yg sdh saya pinjam, antrian, dan riwayat peminjaman hilang semua. Pengikut dan mengikuti juga 0 semua. Kenapa semua di restart? Versi sekarang jg sangat lama loadingnya",2024-12-01 13:09:25
A Google user,1,"stok bukunya jadi semakin sedikit, bisa dapatin buku tapi gabisa diunduh, riwayat bacaan cuma ada 10 padahal sudah lebih dari 10 buku yg dibaca, followers dan following pun hilang. masih bagusan tampilan ipusnas yang lama.",2024-12-01 00:11:18
A Google user,5,Ipusnas sudah lebih baik. Sudah memperbaiki keluhan saya. Sudah bisa search penulis/judul buku langsung. Sama auto bookmark. Jadi sekali buka langsung muncul ke halaman yang terakhir dibaca. Itu membantu banget buatku. Terima kasih para developer. Selanjutnya tolong buku yang banyak dipinjam bisa diperbanyak copynya hehe.,2024-11-30 14:40:09
A Google user,1,aneh banget ga bisa pinjem padahal copynya masih banyak,2024-11-30 09:15:52
A Google user,1,"Gak bisa login. Salah password terus. Udah reset password, tetep salah juga pas login lagi. Gak jelas.",2024-11-29 09:13:18
A Google user,1,"Masih banyak fitur yang kurang lengkap dan kendala di aplikasi: 1. Tidak ada fitur untuk menyimpan buku yang ingin dibaca seperti ""wishlist"". 2. Bookmark di buku tidak bisa disimpan lama karena terbatas akses ke Ebook yaitu 14 hari. 3. Tidak bisa melakukan search di fitur ""Filter buku"" padahal datanya ada sangat banyak, terutama Pengarang. 4. Loading ketika scroll sangat lama 5. Akun sering tiba-tiba keluar dengan sendirinya",2024-11-28 01:57:23
A Google user,1,"After updating the apps, my account always lost, or my history get lost. Its annoying. Geez, do you guys updating with main server?",2024-11-27 13:42:15
A Google user,1,"Kecewa banget sama updatenya, awalnya seneng karena ui/ux better tapi semua datanya hilang, following hilang, dm hilang, history dan buku lainnya hilang. Loading juga lebih lama banget, kalau memang cuma sekedar update doang mending gak usah. Versi lama juga lumayan kok, karena member ipusnas lebih mentingin bukunya bukan hanya sekedar tampilan aja. Yang perlu di perbaiki itu, bukunya lebih di tambah seperti jumlah copy, supaya gak antri dan durasi pinjam.",2024-11-27 13:38:59
A Google user,3,"sebenernya ini apk bagus karna menunjang masyarakat untuk mengakses bacaan jadi lebih mudah, tapi tolong sistemnya diperbaiki lagi karna akun saya tidak bisa login sudah hampir 1 bulan ini, pakai akun lain juga tidak bisa. saya harap segera diperbaiki. terima kasih",2024-11-27 11:02:31
A Google user,5,"Semakin bagus dan lengkap buku-bukunya, waktu pinjam pun semakin lama. Terimakasihh luv sekali",2024-11-27 02:27:08
A Google user,1,Tidak bisa antri buku,2024-11-27 00:53:12
A Google user,1,"Untuk versi update Ini sudah lebih bagus karna tampilannya sudah lebih modern. Sayangnya file buku tidak bisa dibuka secara offline padahal sudah diunduh sebelumnya. Dan saat mengunduh file buku sering muncul masalah pada jaringan internet padahal jaringan internet saya baik-baik saja. Tolong untuk diperbaiki ke depannya, supaya bisa baca e-book lagi meskipun offline, dan dimudahkan untuk mengunduh buku",2024-11-26 14:47:09
A Google user,1,"Jumlah copy tersedia, tapi tidak bisa meminjam. Bukan pula masuk antrian tapi “copy tidak tersedia” padahal tertulis tersedia ratusan copy. 🤡",2024-11-26 12:47:47
A Google user,1,"Halo iPusnas, bisakah kembalikan seluruh pertemanan di iPusnas? Itu memudahkan kami untuk melihat bahan bacaan segenre dengan teman. Juga mohon kembalikan seluruh history buku yang sudah dibaca Tks",2024-11-25 20:25:41
A Google user,1,Kenapa habis diperbarui malah sering eror?,2024-11-25 08:37:46
A Google user,2,Kenapa nggak bisa di download ya bukunya?,2024-11-24 05:53:32
A Google user,1,Nggak bisa diinstal di e reader. Payah,2024-11-23 15:29:03
A Google user,5,Luar biasa membuka cakrawala literasi digital pada masyarakat luas dalam era globalisasi yang haus akan bacaan ini.,2024-11-22 12:51:29
A Google user,4,Yeey...The application is gradually returning to normal.. thank you... now it's more comfortable to use...,2024-11-22 08:30:16
A Google user,3,"Hai iPusnas, Mohon dicek apakah antrian buku bila tersedia bisa diberi notifikasi. Karena saya tidak menerima notifikasi di ponsel apabila buku dalam antrian saya sudah tersedia. Tolong cek & mohon perbaikannya. Terimakasih",2024-11-21 15:31:22
A Google user,1,I can't log in,2024-11-21 08:38:56
A Google user,1,I can't use this application in my phone (Tecno Spark 20). I don't know why.,2024-11-20 11:14:56
A Google user,3,Aplikasinya suka eror jadi lama bufferingnya terus suka ke logout sendiri. Tolong diperbaiki dong.,2024-11-20 10:45:13
A Google user,3,"+ jumlah copy semakin banyak linimasa ga jalan✅ \\ riwayat, antrian baca hilang✅ \\ penerbit bisa diklik untuk menambilkan daftar buku \\ pencarian berdasar penulis tidak muncul✅ \\ setiap keluar aplikasi diminta login✅ \\ tidak bisa mengembalikan buku✅ \\ notifikasi badge tidak hilang \\",2024-11-20 06:06:56
A Google user,1,"halaman beranda tdk terbuka, muter terus, tolong diperbaiki bug nya",2024-11-20 05:36:17
A Google user,1,Updated version doesn't work. I can't login at all. It keep saying wrong data all if the time.,2024-11-19 23:16:58
A Google user,4,Saya balikin lagi jadi *4 karena sudah bisa cari buku pakai nama penulis. Nice! Maaf belum bisa kasih *5,2024-11-19 18:24:55
A Google user,1,"Setelah diupdate, ada buku yang gak bisa dibuka setelah diunduh (terjadi kesalahan pada sistem internal. Open failed : invalid password), fitur bacakan teks sama highlight juga masih kurang praktis karena gerakan kursornya gak sesuai dengan yang diinginkan.",2024-11-19 10:33:50
A Google user,5,"Update kali ini lebih baik dari sebelumnya, riwayat dan sesi login sudah lancar, thanks",2024-11-18 09:59:41
A Google user,1,"Setiap buka, selalu minta login ulang. Tolong perbaiki",2024-11-18 09:08:47
A Google user,1,"Tiap keluar aplikasi disuruh log in dlu. Sering error, padahal dlu ga gini. Riwayat peminjaman dan antrian hilang semua",2024-11-18 01:36:55
A Google user,1,log out mulu,2024-11-17 11:17:36
A Google user,5,Akhirnyaaa diperbagus juga app ini. Moga aja tetep dipertahankan kualitasnya. Dan tentu aja saya berharap lebib baik lagi kedepannya🙏,2024-11-17 10:02:18
A Google user,1,"diupdate bukannya makin bagus malah makin jelek. tiap buka harus masuk dulu, padahal kau itu bukan mbanking, nagapin harus login terus? belum tidak ada notifikasi buku antrian. aku masuk pake akun lama kereset semua dan gaada history-nya. banyak buku yang tidak bisa didownload dan eror padahal jaringanku bagus. tolonglah, siapapun pengembangnya diperbaiki aplikasinya. bagusan versi lama.",2024-11-17 07:38:39
A Google user,1,"Update terbarunya benar-benar buruk. Aplikasi ter-logout otomatis setelah ditutup, mutual/follower hilang, list antrian buku hilang dan setelah update buku yg disimpan di antrian tidak bisa dilihat, sebagian buku tidak bisa di search. Aku suka banget app ini jadi tolong diperbaiki sistemnya, terima kasih.",2024-11-17 02:39:45
A Google user,1,Baru banget update lagi. Fitur riwayatnya masih tidak bisa digunakan.,2024-11-17 02:35:19
A Google user,2,"Buku tidak bisa diunduh untuk dibaca, tidak bisa dikembalikan, tidak bisa kirim laporan, ini terjadi baik via app android maupun via web.",2024-11-17 02:02:12
A Google user,1,worse than ever.,2024-11-16 12:56:08
A Google user,2,"Saya sangat suka dengan aplikasi ini karena memudahkan kita dalam membaca di manapun hanya dengan menggunakan ponsel, tetapi itu dulu. Sekarang, ipusnas bukan lagi aplikasi bacaan favorit saya, karena ada banyak sekali masalah yang membuat saya jengkel, akun sering keluar sendiri, halaman yang blank, loading lama (padahal wifi rumah saya kencang, tidak bermasalah). Menurut saya ini sungguh di sayangkan, saya meminta dengan sangat untuk segera di perbaiki, terima kasih.",2024-11-16 12:13:51
A Google user,1,"Tiap buka selalu kelogout dan login ulang semenjak versi update baru, capek banget. Tadinya semangat baca malah jadi males. Versi yang lama jelek tapi nggak seribet sekarang harus bolak-balik login tiap buka.",2024-11-16 07:22:16
A Google user,3,"This application is very good. But, there is something wrong when opening ebook and automatically block the article which disturbs me because I could not scroll so well. I have to close the ebook first and could read again. Thank you",2024-11-16 01:15:54
A Google user,1,"iPusnas, please! Setelah aplikasinya ter- update kenapa malah sulit sekali untuk baca dengan nyaman. Bukunya sudah nyata-nyata memiliki banyak kopian, sudah diunduh, tetapi kenapa sulit untuk dibacaaaa? Semua riwayatku selama ada di iPusnas juga hilang setelah update aplikasi. Kenapa sih? Ada masalah apa? Banyak yang ngeluh loh. Sayang banget. Padahal ini aplikasi penyelamat bagi kita-kita yang ingin baca buku. Miris, sih. Saya sudah excited padahal. :(",2024-11-15 23:41:03
A Google user,2,"Gimana ini gabisa dibaca, invalid password terus. Padahal lagi butuh buat skripsian hadeeh",2024-11-15 14:30:30
A Google user,2,Setelah diperbarui setiap keluar apk harus login ulang.,2024-11-15 11:37:21
A Google user,1,"Awalnya bisa download pakai e-reader. Kemudian setelah update, aplikasi susah dipakai. Setelah uninstall, ternyata gak mau diinstall kembali dg e-reader. Program bener² perlu diperbaiki.",2024-11-15 08:41:32
A Google user,1,tiap buka aplikasi kenapa harus login ulang??? capek,2024-11-15 05:13:01
A Google user,1,"Bukunya ada yang ga bisa diunduh, ada yang udah diunduh tapi lamaaaaaaa bgt bukanya. Tolong perbaiki lagi",2024-11-14 15:44:25
A Google user,2,"Ada apa sama ini aplikasi setelah di update? Baru tadi pagi saya login, masa sekarang malam mesti login lagi? Kalau yang dulu mana ada kayak gini. HP saya yang bermasalah atau emng aplikasinya error sih?!",2024-11-14 13:53:46
A Google user,1,"Kenapa setelah ada update baru jadi jelek banget kualitasnya. Setiap buka aplikasi harus log in lagi. Ini sangat mengganggu buat semua pembaca. Antrian buku Yg dulu mau dipinjam juga ilang, sedih banget padahal banyak banget buku yang uda jadi wishlist. Ulasan buku juga ilang semua, ada yg baru aja. Padahal ini juga membantu loo buat para pembaca sebagai referensi waktu mau pinjam. Terserah kalian mau update ditambahi video atau artikel apa. Tapi seharusnya tau dong apa yg harus diprioritasin.",2024-11-14 13:51:54
A Google user,1,Not working,2024-11-14 12:29:09
A Google user,1,"Yaampun kecewa banget, udah agak lama gak buka ipusnas, pas dibuka suruh login ulang, pas berhasil masuk, foto, follower, following, history peminjaman buku semua hilang :''( jadi kayak dari ulang lagi padahal uda 5 thn",2024-11-14 09:43:49
A Google user,1,"Gabisa login, server error berhari hari",2024-11-14 03:48:19
A Google user,2,"Buku sudah diunduh, tapi tidak bisa dibaca secara offline. Tidak ada gunanya diunduh kalau begitu. Log out sendiri terus.",2024-11-14 02:10:05
A Google user,1,"Serius, kenapa sih setiap update harus login ulang? Mana habis diupdate ini bukannya tambah baik malah tambah buruk. Dari minggu kemarin mau login gak bisa. Dicoba ganti sandi sama buat akun baru tetep sama aja. Pake cara install berkali-kali juga gak ada gunanya. Tolong banget lah ini diperbaiki lagi. Sayang banget punya aplikasi baca gratis tapi jelek kek gini.",2024-11-14 01:17:13
A Google user,1,"Terpaksa update walaupun tahu versi yang baru buruk juga, yang lama bisa masuk tapi koneksinya nggak bisa. Nggak ada notifikasi ataupun bjsa minjam buku. Hadeeh.",2024-11-14 01:00:08
A Google user,1,"Sesudah di-update, malah harus log-in tiap buka aplikasi. Muncul pop-up Token Revoked tiap buka apps. Ga bisa pinjam buku walau ketersediaan 10eks. Bukannya jadi baik malah pengguna jadi ga bisa baca sama sekali. Alasan harus di-update karena buku yg dipinjam jadi tidak bisa dibaca",2024-11-13 23:04:13
A Google user,1,"Mohon maaf, kenapa jadi banyak banget ya bugnya? Pusing saya",2024-11-13 22:16:37
A Google user,1,"The previous version was bad, but the revamp version is the worst. I have to log in every time i open this app. Some of the books that i have borrowed can't be downloaded, and the error message is ""File Not Found""?????",2024-11-13 20:21:06
A Google user,2,Ebook tidak bisa dibuka padahal masih 4 hari masa meminja. mau meminjam buku lain tidak loading. padahal wifi normal. padahal sebelumnya komaptible dgn fire kindle tablet. ini jadi tidak bisa diakses,2024-11-13 11:28:33
A Google user,1,di update jadi jelek bgt,2024-11-13 10:21:58
A Google user,1,"aneh, padahal buku sudah diunduh, tapi kalo mau balik baca harus unduh lagi",2024-11-13 09:43:25
A Google user,3,"Kak tolong dong dibantu, padahal aku udah minjem buku, tapi waktu baca bukunya, loading mulu dan alhasil balik lagi ke halaman awal, padahal beberapa buku yang aku pinjem lancar-lancar aja. Buku yang udah ku pinjem tapi nggak bisa dibuka judulnya ""Friend Zone in Jakarta"" karya Vanesa Marcella. Tolong dibantu ya kak",2024-11-13 08:34:29
A Google user,2,"Terakhir pake iPusnas sekitar setahun lalu, sebelumnya ga pernah ada satu notif pun untuk antrian buku. Akhirnya baru beberapa hari lalu coba buka aplikasi ini lagi setelah sekian lama, eh udah ga bisa dipake jadi yaudah update aja. Pas udh di-update, lupa akun yg sebelumnya log in dan pake akun baru. Pas coba dipake, akun sering ke-log out sendiri dan hampir selalu harus log in lagi. Hadeh, cape deh. Plusnya sih untuk antrian buku ada notifnya. Semoga diperbaiki lg deh ke depannya.",2024-11-13 05:42:52
A Google user,1,"Setelah di update setiap mau masuk ke app nya harus masukin email dulu, lalu saat mau baca bukunya tersedia tapi tidak bisa di unduh :(",2024-11-13 04:53:38
A Google user,1,"Diupdate kok malah ngebug terus ya, tiap mau buka apk malah disuruh login lagi. Gabisa login pake akun lama juga. Tolong diperbaiki yaa",2024-11-13 01:49:10
A Google user,1,Kenapa tampilannya jadi aneh setelah update,2024-11-13 00:38:43
A Google user,1,ini sampai kapan ngebig terus. udah lama tapi ga oernah ada perbaikan,2024-11-12 22:48:54
A Google user,1,"tiap masuk hrs login trus even tho maj minjem buku jg harus download, sgt tidak efisien",2024-11-12 22:24:24
A Google user,3,"it was fine until this app updated to a new version. problems that i have: i keep getting kicked out of the app for no reason and have to sign back in. then, it's super slow when I try to change my profile, return books, and stuff. in conclusion, i really hope iPusnas gets better soon so that everyone can enjoy reading again",2024-11-12 15:59:30
A Google user,1,Versi terbaru kacau bener,2024-11-12 15:49:01
A Google user,2,"Setelah update aplikasi, data buku pinjaman sebelumnya hilang, followers dan following juga hilang. UI memang baru dan lebih bagus dari sebelumnya, tapi di beberapa buku yg saya pinjam, setelah didownload malah tidak bisa dibaca, loading terus. Mungkin perlu pembenahan sistem lagi utk app iPusnas versi baru ini. Semoga dimudahkan ya! Karena app iPusnas sangat membantu untuk bisa menjaga habit baca buku, tentu saja dengan fitur dan sistem yg mendukung ya 😊",2024-11-12 15:26:04
A Google user,5,"6/11/24 Update ke latest malah ga bisa login sama sekali, muter loading doang. 12/11/24 dicoba lagi sudah bisa",2024-11-12 11:20:43
A Google user,1,"Dari beberapa buku yang saya pinjam dan unduh, hanya beberapa yang bisa saya buka dan baca. Apakah ada solusinya?",2024-11-12 10:05:34
A Google user,1,"Jadi jelek aplikasinya, lemot bangett. Data-data riwayat peminjaman dan buku-buku yg sedang dipinjam dari akun yg sama hilang semua setelah diperbarui 😠",2024-11-12 09:11:42
A Google user,1,"Semakin diupdate malah makin jelek ni apps gimana sih?! Mutunya tambah turun dibandingkan yg versi lama 1.6.4 lho. Tadinya ga mau update, tp krn di versi old buku gabisa direturn dan ga bs pula minjem,terpaksa ku update. Kagetnya,setahun aq jdi anggota ipusnas,700 buku history yg tlah dibaca hilang smw. Tmn yg kufollow brubah 0. Follower0.Wishlist jadi 0. Min klo emg apps diupdate,data2 ga hilang,ga masalah. Ini hilang smw. Yg tdny lagi dipinjam buku jg hilang,antri lagi.balikin ke old versi lg",2024-11-12 08:08:51
A Google user,2,saya pengguna setia i pusnas sejak 2021. tapi setelah versi update terbaru banyak data saya yang hilang. data pengikut dan mengikuti followers dan following saya jadi hilang. data riwayat pinjaman juga hilang. masih banyak bug juga. susah log out. tolong perbaiki bugnya ya. rasanya lebih berfungsi dan fungsional versi sebelumnya daripada versi terbaru yang kesannya hanya mementingkan visual tampilan saja. mohon diperbaiki ya.,2024-11-12 07:58:26
A Google user,1,Data hilang semua setelah update versi baru hahahaha.,2024-11-12 05:24:05
A Google user,1,"The worst reading app ever. Ga normal banget ini app. Udah pernah kirim email buat komplain tapi tetep aja kualitasnya begini terus, malah makin parah sih.",2024-11-12 02:22:53
A Google user,1,"Ereader banyak yang RAM masih 2 GB lalu sudah tidak bisa lagi, update pun minimal RAM 4 GB.",2024-11-12 02:17:16
A Google user,2,"halo kak, saya sangat apresiasi dengan update iPusnas, Sayangnya di device saya (onyx boox) versi update-nya tidak kompatibel, mohon perbaikan, terima kasih",2024-11-12 01:56:52
A Google user,4,"Setiap masuk ke aplikasi saya diminta login kembali dengan memasukkan email dan password, bahkan saat saya baru saja membuka aplikasinya dan hanya melihat aplikasi lain sebentar saya tetap harus login kembali. Apa memang seperti itu?",2024-11-12 01:06:48
A Google user,2,"aplikasi jelek, bagusnya cuma bukunya lumayan lengkap selebihnya tolong perbaikin",2024-11-11 22:31:09
A Google user,1,"Update sendiri menjadi tidak berjalan dengan cepat dan benar seperti versi awalnya. Saya suka versi awal, karena dia cepat dan tidak loading lama. Sekarang justru menjadi lelet sekali. Versi sekarang membuat saya menjadi gemas.",2024-11-11 17:02:28
A Google user,3,"Beberapa fitur belum bisa digunakan, dan juga sering log out dengan sendirinya, setiap kali buka app harus selalu log in, semoga cepat diperbaiki 🙏",2024-11-11 15:57:22
A Google user,2,"payah setiap buka aplikasi selalu harus masukim email dan password terus?? gk bisa liat buku yg kita antri, loading terus. tolong dibenerin.",2024-11-11 13:20:56
A Google user,1,Aplikasinya stressss parah. Di update bukannya makin bener malah tambah lag,2024-11-11 11:21:16
A Google user,1,"Yang ga rusak, jangan dirusakin dong hadehh",2024-11-11 03:16:57
A Google user,2,"Setelah diupdate, buku yang dipinjam tidak bisa dibuka :(",2024-11-11 00:09:59
A Google user,2,Banyak buku yang tidak bisa didownload,2024-11-10 19:16:53
A Google user,1,"Berat banget aplikasinya. Download versi windows jg gabisa kebuka samsek padahal udh versi terbaru. Makin update makin lemot, kacau banget.",2024-11-10 16:05:00
A Google user,2,"UI terbarunya masih jelek, rak antrian ga loading. Jadi meski udah antri buat satu buku, nggak muncul di bagian antrian",2024-11-10 14:55:00
A Google user,1,Aplikasi selalu ke logout sendiri dan sangat lemot :(,2024-11-10 14:45:12
A Google user,1,The new version is extremly BAD !!,2024-11-10 11:16:24
A Google user,1,Bagus isinya. TAPI DIPERBARUI MALAH TAMBAH ERROR SERING LOG OUT SENDIRI. CEPETAN DEH DIBENERIN. JADI MALES BACA DI IPUSNAS. Kalo bisa dikasih rating 0,2024-11-10 06:08:40
A Google user,1,"I know I probably shouldn't judge too much, but this is too much. Jeleeeeek! Tiap buka app harus login ulang, gak bisa nyari buku berdasarkan nama penulisnya, daftar antrean selalu loading, riwayat buku yang pernah dipinjam pun gak ada. Ini gimana deh, kok malah jadi ancur begini? Tampilan update jadi bagus enggak malah jadi unusable. Please, I know there are tons of competent people there, JUST WHY ARE YOU MAKING THIS APP WORSE?",2024-11-10 02:59:51
A Google user,1,"I love this appl, but after several updated, the appl is getting worst. Please fix it",2024-11-10 01:54:10
A Google user,1,Pleaseee balikin ke versi sebelumnya dong. Versi terbaru ngehapus semua history peminjaman dan gak bisa minjem buku 😭😭😭,2024-11-10 01:35:24
A Google user,1,"Astaghfirullah, gue update malah jadi burik, ga bisa login, sekalinya login, malah ilang buku yang udah gue pinjem, ah elah",2024-11-10 00:57:16
A Google user,1,UI UX nya malah makin berantakan di versi terbaru. Kembaliin ke versi lama aja lah,2024-11-09 18:07:29
A Google user,3,"idk why i can't open my account since last month. without any info from the app, my account was logs out by itself. please fix it",2024-11-09 10:30:27
A Google user,2,"gajelas deh hrus login² ulang mulu tiap di buka, yg bener napa kocak",2024-11-09 10:09:32
A Google user,2,"Pengguna dibuat kesusahan saat login, akun tiba-tiba keluar sendiri dari aplikasi, apalagi kalau pengguna baru dan ingin mendaftar untuk membuat akun, selalu gagal. Kenapa ya??? padahal sudah memasukkan data yang sesuai. Tolong untuk lebih diperhatikan lagi si pengelolaan aplikasinya supaya lebih nyaman dan lebih banyak orang pinjam buku secara legal lewat ipusnas daripada nanti pada nyari bajakan di internet.",2024-11-09 08:18:23
A Google user,1,"Makin jelek. Baru aja tutup apk, udah suruh login lagi. Jadinya banyak buku antrian yg ilang. Dibatasin gak bisa langsung search buku langsung dari nama pengarang. Buku udah ke download tapi gak bisa di buka. Nyesel babget update. Mending balikin ke tampilan sederhana kaya dulu. Banyak bug hadeuhhhh.. Update tuh yang bener dong, harusnya makin glow up. Ini mah glow down",2024-11-09 06:15:21
A Google user,1,"Tidak bisa login dengan id yang sudah didaftarkan sejak zaman Jepang belum mendarat. Password dibilang salah, tapi begitu masukin email untuk reset password, emailnya nggak sampaisampai. Gembus bercula nian!",2024-11-09 03:03:10
A Google user,1,"jelek, sangat mengecewakan aplikasi nya berubah dan heran tidak seperti dulu isinya, jelek jelek jelek",2024-11-08 16:16:48
A Google user,1,"Ipusnas jelek banget setelah di update app nya. Kenapa harus login terus setiap mau baca dan riwayat buku yang udah aku pinjam juga kehapus semua. Parah sih parah, updatenya bukan tambah bener -_-",2024-11-08 11:12:38
A Google user,2,"begitu di update versi terbaru jadi kayak ibi library, dan cara pemakaiannya benar-benar membingungkan. Tolong versi dulu itu udah yang terbaik, buku yang dicari juga gak ada",2024-11-08 11:06:35
A Google user,3,Sering terlogout sendiri semenjak maintenance. Buku susah diakses di pencarian.,2024-11-08 06:41:14
A Google user,1,I can't log in with a new version,2024-11-08 04:36:27
A Google user,1,"update versi sekarang jadi nggak bisa pinjam buku, pasti selalu eror",2024-11-08 02:02:15
A Google user,1,The account is automatically logged out when trying to enter the application. What the hell?,2024-11-08 01:38:07
A Google user,4,"Setiap buka aplikasi, selalu harus login ulang. Tolong diperbaiki agar login hanya perlu dilakukan sekali saja.",2024-11-08 00:47:36
A Google user,1,"tampilan yang dulu lebih ringkas, sekarang udah pi jam buku gak unduh otomatis, terus proses unduhnya yang satu halaman penuh mengganggu kenyamanan pengguna, khususnya buat pengguna dengan kecepatan internet yang rendah -_- AKUN GUE KE HAPUS KESEL BANGET. riwayat buku yang udah pernah dipinjam hilang semua. bintang satu.",2024-11-07 09:18:55
A Google user,1,"Setiap mau buka app ipusnas pasti harus login, padahal sebelumnya sudah login selain itu riwayat buku yang telah dibaca juga tidak ada",2024-11-07 07:00:30
A Google user,1,Saya sempat log out dan log in lagi namun riwayat peminjaman buku saya tidak ada atau hilang. Tolong dievaluasi. Terima kasih.,2024-11-07 04:07:27
A Google user,1,Aduh jelek banget updatean terbarunya. History peminjamannya jadi ilang,2024-11-07 03:41:58
A Google user,1,"Bukannya makin bagus setelah di-update, malah makin buruk. Setiap dibuka harus login. Koleksi juga tidak selengkap versi sebelumnya",2024-11-07 01:05:52
A Google user,2,nge bug tiap mau baca buku yg udh didownload loading lama banget abis itu keluar ke halaman buku. hadeh kocak.,2024-11-07 00:19:14
A Google user,1,update besar besaran bukannya makin bagus malah makin jelek 1. setiap beberapa jam akun keluar sendiri 2. gabisa nyari buku melalui nama penulis 3. riwayat peminjaman buku hilang 4. antrian hilang semua yang bener aja dah,2024-11-06 23:41:22
A Google user,1,"Setelah diupdate malah akunnya selalu ke logout sendiri. Yang versi lama jelek, yang versi baru lebih jelek lagi. Tolonglah ditinjau ulang. Nggak perlu ada fitur tambahan yang penting lancar saja aplikasinya dan nyaman dipakai.",2024-11-06 14:02:21
A Google user,1,"Tolong dong ipusnas diperbaiki lagi. Kok setelah update malah ke logout terus ya, dan setiap mau pinjam buku harus diunduh berkali-kali dulu baru bisa dibaca",2024-11-06 11:49:26
A Google user,2,"Tolong udh beberapa hari ini ipusnas susah banget buat diakses, mulai dari ke log out terus tiap masuk aplikasinya sampe ada beberapa buku yang pas udh dipinjem malah loading lama banget dan ujungnya malah gak bisa dibuka. Dari segi tampilan aplikasi memang lebih baik, tapi perfomancenya justru lebih jelek dari versi sebelumnyaa🙏",2024-11-06 11:11:29
A Google user,1,"Sering ter-logout otomatis. Buku yg sudah dipinjam tidak bisa diunduh. Sudah tidak bisa mencari buku berdasarkan penulis lagi. Riwayat peminjaman dan antrian semuanya hilang! Aplikasi terlalu banyak gimmick, tapi fungsi utamanya untuk membaca malah tidak beres 👎 Update bukannya makin baik malah makin hancur.",2024-11-06 05:26:38
A Google user,1,"Aplikasi tidak sebagus sebelum terkena update. Tolong diperbaiki, terima kasih",2024-11-06 04:50:13
A Google user,1,"Update terbaru ini sangat tidak baik. Selalu minta login, jadi ribet bgttt. Tolong untuk waktu peminjaman dibuat lebih lama 5-7 hari. 4 hari terlalu cepat 😭",2024-11-05 17:14:35
A Google user,1,tidak bisa login,2024-11-05 15:44:16
A Google user,3,INI SERIUSAN MASIH MAINTENANCE????,2024-11-05 10:25:21
A Google user,1,aplikasi jelek dikasih tambahan fitur jelek jadi tambah jelek. nyari buku aja gabisa sosoan ngasih video.,2024-11-05 05:44:51
A Google user,1,"Versi update lebih buruk dari versi sebelumnya. Lebih menyukai versi sebelumnya yang lebih simpel. Versi terbaru malah kesulitan untuk meminjam buku, terus loading saat mengklik menu baca, tampilan buku yang dipinjam tak kunjung tampil.",2024-11-05 00:45:21
A Google user,1,Apasih lu jelek bgt,2024-11-04 21:48:37
A Google user,1,"Di versi terbaru tidak bisa mencari berdasarkan nama penulis. Di ePustaka bahkan tidak ada fitur search, mau menggunakan filter berdasarkan nama pengarang, tidak ada fitur search juga. Secara UI juga tidak lebih menarik, Lebih bagus performa versi sebelumnya. Antrian juga hilang, apakah versi terbaru merujuk ke DB baru? Karena saya juga harus membuat password baru. Saya harap versi baru ini bisa diperbaiki.",2024-11-04 21:39:57
A Google user,1,"Kecewa ah sama ipusnas versi terbaru ini, mana mau balik ke versi lawas udah gabisa",2024-11-04 15:46:13
A Google user,1,INI APLIKASI APA SIH JELEK JELEK LEMOT,2024-11-04 12:57:39
A Google user,1,"Versi terbaru ui ux nya better tapi banyak banget bug nya, riwayat buku semuanya ilang, tiap buka pp harus login lagi gitu aja terus ngulang",2024-11-04 12:56:28
A Google user,1,Kasih tau aku kalo aplikasinya udah bisa diakses 🥱,2024-11-04 10:18:01
A Google user,1,BUTUTTT JELEKKK 😡,2024-11-04 07:27:55
A Google user,1,"Makin diupdate makin aneh. Ke logout mulu, antrean jdi ilang semua. Susah nyari buku. Di epustaka populer g bisa di search",2024-11-04 07:15:36
A Google user,3,"Saya baru reinstall ipusnas versi terbaru, tetapi riwayat peminjaman saya hilang. Kemudian di versi terbaru hanya bisa searching buku dari judulnya saja, tidak bisa dari nama penulis. Kalau versi yg lama jika kita ketik nama penulis akan muncul semua buku karangan penulis tersebut. Mohon diterapkan juga di versi yg baru.",2024-11-04 02:03:37
A Google user,1,Harus scroll jauh utk mencari genre atau nama pengarang. Versi terbaru ini lebih buruk daripada versi yg sebelumnya,2024-11-04 01:23:37
A Google user,1,Aplikasinya logout sendiri terus. Capek huhu,2024-11-03 22:54:54
A Google user,2,Di-update malah jadi ruwet gabisa login &gabisa search penulis hadeuhhh,2024-11-03 20:56:58
A Google user,3,"Kenapa harus di-update dg versi baru yg justru lbh jelek dari versi lama? Di versi baru sering ter-log out, daftar riwayat, pencarian, komen pembaca semua hilang. Parahnya, tdk bisa search berdasarkan pengarang. Tolonglah, kembalikan saja ke versi lama kl yg baru justru lbh jelek",2024-11-03 20:30:44
A Google user,1,"Tidak bisa login ke akun lama harus buat baru lagi, tidak bisa mengembalikan buku yg sudah dipinjam, riwayat buku hilang semua. Please lebih baik kembali saja ke versi lama jika versi upgrade belum siap untuk digunakan. Downgrade 👎",2024-11-03 18:30:57
A Google user,1,"Better sebelum di update deh, ini setelah ku update bagus sih tampilannya tapi untuk kegunaannya, nope. Kayak aplikasi baru, kayak pengguna baru padahal aku pengguna lama di ipusnas. Semua antrian, riwayat kosong melompong padahal sebelumnya aku udah antre banyak buku tiba-tiba ilang gitu aja",2024-11-03 17:29:25
A Google user,1,"Aplikasinya lemot padahal jaringan bagus, tolong perbaiki",2024-11-03 11:58:02
A Google user,1,"Baru download trus searching bukunya ada .udah seneng mau baca eh malah ga bisa dibaca, loading mulu . Trus balik keawal lagi. nyoba baca lagi loading lagi. Balik keawal lagi. Gitu aja terus. Bisa minjem buku kalo ga bisa dibaca buat apa. Dan juga buat apa ada fitur download buku diawal? Udah download dibuka masih loading. Lawak",2024-11-03 11:53:35
A Google user,1,"Versi terbaru ini sangat buruk sekali. Histori peminjaman hilang, selalu harus log in, daftar antrian tidak bisa dibuka. Buruk sekali!!!",2024-11-03 11:49:12
A Google user,1,"Ni aplikasi makin banyak usernya bukannya makin diperbaiki, malah makin downgrade!",2024-11-03 05:59:56
A Google user,1,"Tolong dong kembaliin ke versi sebelumya, lebih enak lebih nyaman di mata. Kekurangan versi terbaru (mohon dibenahi) 1. Tidak bisa mencari buku by author. Dulu di pencarian kalau nyari nama penulis langsung berjejer buku yang sesuai. Kalaupun ga ada tetap berjejer buku2 yang mendekati. Sekarang mah kata kuncinya ga sesuai aja kosong, ga ada rekomendasi buku apa2. Adasih search by author, tapi ga guna sumpahh, harus scroll lamaa, eh pas ada nih, bukunya yg kaga ada wkwkwk, kocakk Gacukupp, pt2",2024-11-03 03:21:27
A Google user,3,"Setelah update, permasalahan login teratasi. Hanya saja ada session login nya (toke revoked) alhasil tiap ingin masuk app harus masukan email dan password lagi, ini kurang praktis 😞",2024-11-02 14:21:43
A Google user,1,"Sejak aplikasi diperbarui, fitur penting untuk mencari buku berdasarkan Pengarangnya tidak ada. Sebuah kemunduran.",2024-11-02 11:27:54
A Google user,1,"Setelah di-update jadi ampas loading lambat buku yang sudah dipinjam gak bisa dibuka. Setiap buka aplikasi pasti diminta login lagi, sangat merepotkan",2024-11-02 10:06:03
A Google user,1,KENAPA GAK BISA LOGIN,2024-11-02 05:07:25
A Google user,2,"Versi terbarunya sangat tidak efisien, selalu minta login setiap buka aplikasi, hal simpel tapi bikin malas. Tolong dijadikan bahan pertimbangan untuk hal ini. Jika tidak dibuka sebulan masih mending minta login lagi, ini hanya ditinggal mengerjakan hal lain beberapa jam sudah minta login lagi.",2024-11-02 03:22:25
A Google user,2,Setelah di update banyak kurangnya. Saya tidak bisa track history peminjaman saya. Laman antrian juga membutuhkan waktu lama untuk memproses. Versi terdahulu lebih baik. Yang sekarang kurang bisa dinikmati,2024-11-01 15:49:38
A Google user,2,"Update-an terbarunya tidak memuaskan. Tidak bisa pilih kategori buku seperti sebelumnya, tidak tersedia fitur catatan pribadi seperti sebelumnya, tidak dapat mencari buku dengan nama penulis. Ada buku yang dikatakan tersedia tetapi galat ketika dibuka. Setiap buka aplikasi harus login ulang.",2024-11-01 15:13:36
A Google user,4,file bukunya kenapa tidak bisa di download ya?,2024-11-01 14:51:16
A Google user,1,"Auto logout, history buku yang pernah aku baca hilang semua. Sok sok an update",2024-11-01 14:26:53
A Google user,3,"Tolong perbaiki versi yang sekarang, jadinya buku yang sudah saya unduh, malah harus diunduh lagi ketika offline, dan itu selalu berulang, saya baruuu saja mulai tertarik lagi membaca buku, Kuharap app ini mengalami perkembangan ya...",2024-11-01 13:53:02
A Google user,1,Kecewa banget sama update an terbarunya. Buku yang udah aku antri semuanya hilang😭,2024-11-01 13:21:14
A Google user,1,Jelek najis kgk bisa login. Sialan betul ni apk. Udh di update bknnya bagus malah kgk bisa login. Shibal shiball,2024-11-01 10:23:03
A Google user,1,"sumpah semenjak di update knp jd downgrade bgt ya, sblmnya udh lumayan bgt walaupun msih suka ngelag/bug. tp ternyata ini lebih parah, pendingnya bukan main udh gt harus login2 lagi trs mau baca aja loadnya bner2 lama bgt sampe ngira hp yg eror kesel sendiri.. mohon diperbaiki lagi ya",2024-11-01 08:25:21
A Google user,4,"aplikasi yang sebenernya bagus banget...cuma kadang error (kalo gag mau disebut sering) sesudah update yang terakhir..pengalaman bacanya jadi tersendat-sendat karena buku yang sedang dibaca mendadak menampilkan cover buku yang mulai dari awal alih-alih halaman yang dibaca terakhir, atau malah gag bisa dibuka sama sekali...tapi saya suka aplikasi ini! sabar menanti ah,mudah-mudahan cepet lancar jaya..",2024-11-01 06:53:58
A Google user,1,Diupdate malah error. Ga bisa masuk pakai akun biasa. Kudu buat akun baru😑 Tampilannya tambah ribet. Ngunduh bukunya lamaaa. Kembalikan ipusnas versi yg sebelumnyaaaaaaaaa😭,2024-11-01 05:51:43
A Google user,1,"tolong kalau belum siap semua fiturnya, jangan langsung dirilis. susah banget masa setiap masuk app harus login dulu?",2024-11-01 05:11:11
A Google user,1,"Aplikasi sering hang, banyak buku yang jadi susah dibuka dan error saat mau dibaca padahal tadinya di versi yang lama bisa diakses dengan mudah.",2024-11-01 02:54:31
A Google user,1,Jelek sekali,2024-10-31 18:29:17
A Google user,1,Aplikasi tidak bisa dibuka setelah melakukan pembaharuan.,2024-10-31 16:00:40
A Google user,1,"Terimakasih telah membuat aplikasi ini. Namun sayangnya, setelah update tidak bisa digunakan. Hanya mentok di halaman awal doang. UI nya juga kurang ramah, tambah ribet. Kalau pun bisa dibuka selalu minta login ulang. Menu menu nya pada ngeleg, jadi gk tau apa isinya. Semoga bisa diperbaiki lebih baik.",2024-10-31 14:29:47
A Google user,1,"Kalo punya duit buat kelola server aplikasi tuh di pake jing, jangan di tilep itu dana buat ngembangin aplikasi.",2024-10-31 12:06:27
A Google user,2,"kenapa ya pas saya update, buku buku dalam penyimpanan saya hilang, terus following dan followers nya juga hilang, bahkan profile saya juga jadi kosong? padahal saya udah banyak nyimpen buku, pas mau dibaca malah data datanya kosong semua karna di update. makin lemot juga, mau ganti foto di profile aja lama banget muter terus",2024-10-31 08:38:02
A Google user,1,"Sudah mengunduh bukunya, tetapi tidak bisa dibaca. Hanya berhenti pada halaman loading screen",2024-10-31 07:13:05
A Google user,2,"Haloo, ini kenapa gabisa digunain yah aplikasinya, bisa masuk tapi hilang semua buku antrian, riwayat sama pinjaman. Even mutualan dan followers pun hilang. WHYYY????",2024-10-31 03:59:54
A Google user,1,"updated version was sucks, i lost all of my books",2024-10-31 03:29:53
A Google user,3,"setiapkali keluar aplikasi akun saya terlog out. jadi harus didaftar ulang lagi. so far aplikasinya bagus. buku-bukunya juga lengkap. tapi bagian aku terlogout ini yang menyebalkan. tolong diperbaiki lagi ya. saya suka aplikasi ini tapi, sayang.",2024-10-31 02:14:59
A Google user,1,"Error terus, padahal saya ingin mencari buku untuk mengerjakan tugas",2024-10-31 01:01:56
A Google user,2,"Mau lanjutin baca di ipusnas. Tiba-tiba disuruh update aplikasinya. Masalah pun tiba: 1) Gak bisa login tanpa alasan 2) Mau login dibilang salah password (padahal itu udah autofill dari HP) 3) Terpaksa pakai ""Forgot Password"" 4) Setelah bolak-balik cek email dan ganti password, baru bisa login 5) Koleksi buku pinjaman, wishlist, history hilang semua 😭 6) Coba pinjem buku lagi 7) Buku gak bisa dibuka. Muncul peringatan ""Terjadi kesalahan pada sistem internal""",2024-10-30 18:26:12
A Google user,1,Setelah update ga bs di access sama sekali. Ga bs login,2024-10-30 16:10:26
A Google user,1,"parah, setelah di update semuanya malah loading lama. keluar mulu dan harus masuk akun terus",2024-10-30 12:29:23
A Google user,1,Kenapa jadi ga bisa di backa offline...ini bakal jadi seperti aplikasi junk seperti ruang guru dll...yg harus berbayar??...itukah tujuan uodate,2024-10-30 09:39:46
A Google user,1,"Nggak nyaman banget ini yang baru, malah makin ke sini makin ke sana gajelas dan nggak berjalan dengan baik. Semua² eror. Masih lebih suka yg lama (meski jelek gitu, masih nyaman pakainya).",2024-10-30 08:07:57
A Google user,1,"Kembalikan ke versi lama, versi baru ga jelas, terlalu banyak fitur yg ga penting. Versi lama jauh lebih ringkas, simple dan nyaman untuk membaca. Cari buku pakai nama penulis ga muncul, ga seperti yg lama. Selain itu setelah update malah gabisa login, alasan password salah, padahal gapernah ganti password. Setelah berhasil login malah semua buku yg sedang dipinjam, queue dan history hilang semua. 1 lagi, harus login tiap buka aplikasi, ini bukan aplikasi banking yg perlu protect tiap saat.",2024-10-30 06:42:31
A Google user,2,"Pengalaman membaca di Ipusnas sebelumnya menyenangkan. Tapi update terbaru SANGAT mengecewakan. Selain susah login, saya kehilangan seluruh history peminjaman buku dan pertemanan. Beberapa buku yang dipinjam dan diunduh juga tidak bisa dibuka dan tidak bisa dikembalikan. Search enginee belum berfungsi maksimal. Saya tidak baik-baik saja.",2024-10-30 01:54:27
A Google user,1,Tidak ada opsi bahasa swahili,2024-10-30 01:09:14
A Google user,1,"Versi terbaru ini kenapa jadi membuat saya susah untuk cari buku dibanding yang versi lama? Dari kemarin hampir sering munculnya ""pencarian tidak ditemukan"" setiap masukkan keywords entah judul atau authornya. Meskipun itu buku sebenarnya ada di database ipusnas karena saya sudah pernah pinjam. Padahal di versi lama itu selalu muncul result ketika saya lakukan itu untuk cari buku.",2024-10-29 22:28:59
A Google user,3,Banyak bug dan fitur-fitur yang belum diselesaikan. Saya beri bintang 3 karena fitur utama untuk pinjam buku sudah membaik.,2024-10-29 16:05:59
A Google user,2,"Bagus sih, membantu juga untuk cari sumber referensi yang dibutuhkan. Tapi masih belum lengkap koleksi bukunya, sayang banget. Dan versi sekarang kenapa ya harus login setiap kali mau masuk ke aplikasinya?? Bikin ribet dan memakan banyak waktu. Lalu, tulisan dalam aplikasi juga semakin kecil, kasihan bagi para pembaca sangat tidak enak dilihat. Tolong ya dibenahi lagi, karena ini berguna banget loh, sayang kalo disajikannya masih mengundang banyak kritikan.",2024-10-29 15:11:13
A Google user,1,"Ipusnas knp deh? Dulu pertama kali install totally fine, pas update pertama ada error.. yg terbaru ini tiap mau buka apps harus log in dan gbisa search by author :)",2024-10-29 15:06:48
A Google user,1,Updated version-nya kacau banget! Saya nggak bisa log in dan sign up sama sekali!!,2024-10-29 14:28:46
A Google user,1,"Aplikasi nya jadi jelek banget ""Token revoked"" terus, tiap masuk keluar sendiri, akun ipusnas saya dulu gabisa login. Fitur buat liat berapa menit yang lalu orang nambahin buku itu ilang. Pokoknya jadi jelek",2024-10-29 12:37:05
A Google user,1,Applikasinya error melulu.... dan sekali error bisa sampe berminggu2...Ga bisa login dll... Setelah diupdate kok ni perpus jd ga punya koleksi buku mira w sama sekali? Dijual lagi kah bukunya demi bayar biaya update applikasi? Parah bgt... Riwayat peminjaman jg ilang semua... Perpustakaan nasional kebanggaan indonesia tp ky gini. Gimana mo menggerakkan masyarakat indonesia supaya gemar membaca? Lagi pengen baca tapi applikasinya ga bisa diakses / bukunya pada ilang. Payahhhh...,2024-10-29 11:20:54
A Google user,1,"Saya mau login pakai akun yang sudah didaftarkan tapi tidak bisa masuk, norifnya authentification failed. Coba daftar dengan akun yg baru juga tidak bisa.",2024-10-29 11:03:08
A Google user,5,Versi 2 sudah mulai stabil,2024-10-29 07:54:55
A Google user,2,Baru aja update kemarin malah aplikasinya berulang kali gabisa dibuka (forced stop) padahal saya lagi baca 🙄,2024-10-29 06:37:58
A Google user,3,"Terimakasih telah menyediakan berbagai Ebook untuk dibaca gratis, dan sangat menolong saya dalam belajar. Namun di versi terbaru ini tiap aplikasi dibukak, log out otomatis mulu kak. Semoga bisa diperbaiki kembali oleh tim pengembang aplikasi.",2024-10-29 03:18:02
A Google user,2,Gak ngerti kenapa harus di update ditambah fitur2 gak penting yang membuat aplikasi tidak bekerja. kami hanya butuh pinjam buku dan baca buku. Tidak perlu ada tambahan2 lain yang tidak penting dan malah mengganggu kenyamanan.,2024-10-28 17:07:16
A Google user,1,"Habis update jadi gak bisa login. Udah berhari-hari begini terus, buku kelar semua masa pinjamnya. Huft.",2024-10-28 16:17:36
A Google user,1,"jangan pake muka prabowo gibran lah, jelek. jijik banget liat muka penjahat HAM sama anak hina konstitusi yang bahkan nggak suka baca",2024-10-28 13:03:16
A Google user,1,Masih ora iso login,2024-10-28 10:13:13
A Google user,3,"Setelah diperbarui malah jadi sulit nyari buku. Cari pakai kata kunci penerbit dan penulis tidak bisa. Lebih user friendly yang versi sebelumnya. Riwayat sebelumnya juga hilang, padahal ada buku yang mau dipinjam lagi.",2024-10-28 04:58:33
A Google user,1,"Tampilan baru IPusnas yg bikin mabok. Jadi semua riwayat (histori) buku yg pernah dipinjam 👉 HILANG Pertemanan 👉 HILANG Antrian buku 👉 HILANG Search 🔎 menggunakan nama pengarangnya 👉 TIDAK BISA. Jadi sekarang harus ketik judulnya ya, teman-teman. Waktu pinjam baca sekarang 4 hari, GAK 5 HARI LAGI. #iPusnas oh IPusnas 🫨🫨🫨🫨",2024-10-28 02:25:09
A Google user,3,"Kenapa ya ngga bisa login di versi update? Padahal email & password sama, untuk daftar barupun sulit, berkali2 gagal. Minta tolong diperbaiki dong dev, aplikasi ipusnas sendiri sangat membantu agar saya mencari bacaan secara mudah tanpa harus beli/pinjam buku fisik.",2024-10-28 02:19:09
A Google user,2,Setelah di update saya tidak bisa log in ataupun daftar baru. Please fix it. Sayang sekali tidak bisa masuk dan pinjam buku,2024-10-27 16:19:18
A Google user,1,"Updatean barunya jelek, gak bisa masuk terus",2024-10-27 11:53:29
A Google user,3,"Applikasi lemot min, loading terus..and then klo tutup aplikasi pasti otomatis ke logout jg deh ;(",2024-10-27 11:01:16
A Google user,2,"Overall i love this app and recently i updated the app. It has new display and that's a good improvement but sadly there was an error. It was so hard to logged in. My followings and followers, queued books, also borrowed books are missing. Help, please.",2024-10-27 07:22:54
A Google user,1,Tidak bisa login,2024-10-27 05:15:17
A Google user,1,"BUG & EROR-NYA BANYAK BANGET. UDAH DEH KENAPA GA BIKIN LIBRARY CARD TERUS GABUNG SAMA APP LIBBY AJA? SUSAH AMAT. NEGARA TETANGGA AJA BISA SAMA LIBBY, INDONESIA PUNYA IPUSNAS TAPI BAG BIG BUG EROR",2024-10-27 04:43:37
A Google user,2,"Now bad application, I can't login",2024-10-27 02:47:58
A Google user,3,Saya bersyukur karena setelah sekian lama akhirnya aplikasi ini di update. Tapi versi terbaru ini malah membuat saya tidak bisa log in. Aku hanya berharap beranda diisi dengan buku-buku populer,2024-10-26 15:05:29
A Google user,1,jelek,2024-10-26 08:08:20
A Google user,1,"Setelah ada update baru ini, banyak masalah. Mulai dari bermasalah saat login, bahkan setelah login kadang akun tidak terkoneksi, database buku tidak terkoneksi, pencarian buku sudah tidak semudah dulu (harus lebih spesifik), sepertinya juga sudah tidak bisa pencarian melalui kategori. Bahkan yang paling parah, kenapa tidak bisa mendownload buku yang telah dipinjam? Selalu error. Bagaimana bukunya bisa dibaca kalau tidak bisa didownload?",2024-10-26 08:03:04
A Google user,1,Sampai detik ini blm bisa log in. Sudah seminggu lebih. Tolong diperbaiki,2024-10-26 06:11:02
A Google user,1,jelek bgt huft bete,2024-10-26 03:32:36
A Google user,1,Habis diupdate malah nggak bisa log in. 😡😡,2024-10-26 02:45:52
A Google user,1,"Sehabis di update tampilan sih oke tapi kenapa ya suka keluar keluar terus? Udah gitu kalo minjem buku suka gabisa di download padahal tersedia copynya... tolong ya ipusnas di perbaiki lagi aplikasinya, yang minat baca itu banyak lohhh literasi indo bisa meningkat kalo aplikasinya enak dipakai.",2024-10-26 02:09:18
A Google user,2,"The latest version is messy. Koneksi bagus dibilang tidak ada koneksi. Buka buku lama sekali, kadang tidak terunggah. Cari buku dengan nama pengarang, hasilnya tidak muncul, tapi kalau cari judul buku, hasilnya muncul. Tim QA ngapain aja?",2024-10-26 01:58:30
A Google user,1,the latest app is very unpleasant,2024-10-25 16:37:31
A Google user,2,"Setelah terupgrade ke versi terbaru, akun malah keluar dan saat mau login lagi gagal terus. Padahal sebelum diperbarui iPusnas nyaman banget dipake. Tolong diperbaiki!",2024-10-25 11:58:15
A Google user,1,"Buruk sekali aplikasi Pemerintah satu ini. Begitu banyak Bugs, Error, Setiap tutup dan buka aplikasi selalu ke menu daftar. Kenapa semua yang berbau Pemerintahan selalu payah.",2024-10-25 10:10:48
A Google user,3,gabisa login terus,2024-10-25 05:04:22
A Google user,1,aplikasi jelek ga pernah ada kemajuan. mau baca buku aja dipersulit,2024-10-25 02:44:13
A Google user,1,Lemot bgt,2024-10-25 02:15:05
A Google user,4,"Sebelum update, aku suka sama aplikasi ini, bantu banget untuk baca baca buku baru. tapi setelah update akun aku nggak bisa masuk. pertama disuruh ganti kata sandi. setelah itu nggak bisa masuk-masuk lagi. mohon bantuannya kak",2024-10-25 01:15:29
A Google user,2,"Setelah update malah tidak bisa login, dan tidak bisa search nama pengarang (ipusnas lama bisa) Ayoo diperbaiki nanti ratingnya saya naikkan lagi",2024-10-24 22:08:40
A Google user,1,"maaf kok ini malah makin lemot dan gak jelas ya aplikasinya? tiba tiba logout sendiri, buku yang dipinjem ilang, gabisa login, ada keterangan ga ada sinyal padahal kenceng internetnya. gimana sih?",2024-10-24 16:44:14
A Google user,1,App logout dengan gaib ~ Login pun mustahil ajaib ~ Literasi rakyat hebat ~ Hanya ilusi sesat. |Apakah engkau sekarat wahai iPusnas?,2024-10-24 16:37:14
A Google user,1,"Setelah update malah makin gajelas:( what's wrong ipusnas? Koleksi pinjaman buku saya juga ilang semua, ngeblank. Kecewa",2024-10-24 12:10:08
A Google user,1,saya tidak bisa log in dan tidak bisa buat baru. Sudah uninstall dan download lagi tetap tidak bisa masuk. Tolong segera perbaiki,2024-10-24 11:05:46
A Google user,1,Can't login after update,2024-10-24 10:25:21
A Google user,1,Tolong segera diperbaiki versi barunya biar bukunya bisa dibaca,2024-10-24 04:27:09
A Google user,2,"Setelah update, saya tidak bisa login ke akun saya. Mohon diperbaiki.",2024-10-24 03:17:21
A Google user,1,Eror gak bisa login,2024-10-24 01:31:04
A Google user,5,Halo ko abis update buku nya ga lengkap ya kaya dulu????,2024-10-23 18:27:05
A Google user,1,"woi ini kenapa dah sering error, bukunya jg copynya dikit lg susah dapetnya",2024-10-23 15:39:28
A Google user,1,Ga bisa login setelah update.,2024-10-23 14:40:40
A Google user,1,"Halo, UI sekarang bagus, modern, tapi bukunya nggak bisa dibaca/diunduh, lebih baik seperti yg lama aja. Search enginenya pun sulit, harus cari by judul. Lebih baik by autor aja kayak dulu. Terima kasih.",2024-10-23 12:17:35
A Google user,1,"versi terbarunya ttp masi susah utk diakses, semua history pinjaman hilang, mau baca buku yg sudah disimpan jg tdk bisa pdhl sdh di download datanya. tolong diperbaiki lagi",2024-10-23 12:12:41
A Google user,5,"Bagus, namun apakah sekarang ada masalah ya di aplikasinya sehingga tidak bisa masuk?",2024-10-23 11:07:16
A Google user,1,"I like this app, it's like having your own library. But since last week this app close on its own and i can't log in back. Please fix it",2024-10-23 08:01:22
A Google user,2,"After updating the newest version in october, I can't log in to my account until now. I don't know what's wrong with this newest version.",2024-10-23 05:28:51
A Google user,1,error terus heran,2024-10-23 03:29:00
A Google user,2,"Tampilannya jadi bagus, tapi pas di update malah bukunya gak ada yang bisa di buka. Udah dua hari nij",2024-10-23 02:43:39
A Google user,1,Tiba2 minta update trus ke log out dan gabisa masuk lg. App jelek bgt,2024-10-23 02:40:58
A Google user,2,"Berkali-kali reinstall ipusnas tetep gabisa login berbulan-bulan, baru kali ini pake app dgn user experience sejelek ini...",2024-10-23 01:34:43
A Google user,1,"Sunting (23/10/24) : tiba-tiba keluar dari aplikasi iPusnas dan tidak bisa masuk kembali. Ketika akan masuk, dalam penginputan username/email dan password, terdapat galat dalam prosesnya. Tolong diperbaiki secepatnya. Aplikasi ini sangat membantu akademisi dengan akses buku yang sulit karena berada di ujung Timur Indonesia.",2024-10-22 23:36:25
A Google user,2,"Apa yang terjadi dengan ipusnas? Setelah diupdate banyak buku2 yang tidak bisa ditemukan sebagaimana sebelumnya.. loadingnya begitu lama, dan tidak bisa kekuar akun.. ditunggu update perbaikannya..",2024-10-22 17:17:46
A Google user,2,"Jelek sekali, update diperlukan untuk memperlancar. Ini aplikasi sebenarnya sangat berguna, tapi karena masalah lag & bug yang sangat mengganggu semua kegiatan dalam aplikasi jadi terhambat",2024-10-22 15:27:39
A Google user,1,"After update, can't login",2024-10-22 15:16:08
A Google user,1,"Bukannya makin bagus, malah makin jelek. Mau login aja susah banget harus pake akun lain, akun yang lama enggak bisa di login. Mana lama banget pas loginnya, minusnya banyak banget, plusnya cuman copyan sekaranh dibanyakin. Jeleekkkkk 👎🏻👎🏻 harusnya 0/5 buat ratenya nih",2024-10-22 13:35:44
A Google user,1,sudah update versi terbaru tetapi tidak dapat log in sama sekali,2024-10-22 13:05:49
A Google user,1,Tidak bisa diinstal di onyx book poke 3 :(,2024-10-22 12:59:15
A Google user,1,"Waktu mengunakan ipusnas versi lama tidak ada hambatan, justru ketika beberapa hari yang lalu aplikasi terupdate otomatis dan belum bisa login hinga sekarang karena ada persoalan dalam pengiriman data 🤔",2024-10-22 10:28:16
A Google user,1,"Banyak bugnya padahal banyak manfaatnya. Log out terus, log in susah.",2024-10-22 08:26:15
A Google user,1,"Waktu pinjem dari yg cuma 5 hari sekarang jadi 4 hari aja. Dalam kondisi ui masih jelek dan gk bisa login, gimana saya mau lanjutin bacaan saya? Aplikasi keberatan di fitur gak penting (news, friends, posts, etc) dan susah login. Harusnya fokus supaya reading friendly, bukan fitur gak jelas yg cuma bikin aplikasi lemot dan error. Betulin dong secepatnya, (i can't believe i say this) mending balikin ke ui lama kalau sejelek ini performa ui baru.",2024-10-22 07:05:50
A Google user,1,Gak bisa daftar,2024-10-22 06:18:14
A Google user,3,"ud hampir sebulan ya maintenance ni aplikasi. nyebelin bgttt. baru aku unduh lagi bbrp hari ini eh skrg ud gabisa buka lagi. mau sampe kapan perbaikan terus, bikin ga nyaman ini. mana catatan2 lama ilang semua krn beda tampilan skrg.",2024-10-22 06:03:48
A Google user,2,"Dear Admin Kenapa setelah update aplikasi,kok malah jadi susah banget buat log in ya?mudah mudahan bisa segera diperbaiki",2024-10-22 03:38:20
A Google user,3,Susah login kenapa yaaa?,2024-10-22 03:21:03
A Google user,1,Cannot register,2024-10-22 03:07:38
A Google user,1,aplikasi base milik negara... tapi kok sering banget error? padahal butuh referensi buku...,2024-10-22 02:56:01
A Google user,1,"Awalnya oke2 aja, tapi setelah update aku ke log out otomatis dan sampe sekarang nggak bisa masuk app. Sedih banget.",2024-10-22 02:34:51
A Google user,2,"Whats wrong with ipusnas,why cant I open it?",2024-10-22 00:39:03
A Google user,1,Saiki rak iso mlebu ning app ne aneh!,2024-10-22 00:00:19
A Google user,1,"too much bug, can't access",2024-10-21 23:29:30
A Google user,3,"Tampilan baru update daaan lamaaa sekali loadingnya. Klo yg sebelumnya download cepet. Yg sekarang download lama, dan saat akan baca pun lama sekali... Smg segera ada perbaikan.",2024-10-21 15:53:00
A Google user,1,"Aneh gak bisa masuk, lebih baik menggunakan aplikasi yg dulu daripada update tp gak bisa masuk",2024-10-21 07:16:29
A Google user,1,versi terbaru malah makin gak jelas. sering terjadi gagal download karna file tidak ditemukan. padahal udh nunggu buat dpt pinjam.,2024-10-21 06:43:08
A Google user,1,Error tuh,2024-10-21 05:57:46
A Google user,1,sangat susah untuk login baik di aplikasi hp maupun pc,2024-10-21 05:45:37
A Google user,1,"Ada masalah apa sih ipusnas, knp stlh update jd bolak balik ter logout sendiri smp susah login lg. Kmrn pas bs login, dg tampilan baru, ga bs search dg kata kunci nama pengarang. Pdhl yg versi lama itu bisa...",2024-10-21 04:04:24
A Google user,2,Setelah update tanggal 20/10/2024 malah gak bisa login...,2024-10-21 01:17:26
A Google user,5,"terima kasih sudah normal aplikasinya, semoga copy dari buku filosofi teras dan retorika aristoteles diperbanyak supaya tidak rebutan pinjam..hhe",2024-10-20 21:01:23
A Google user,1,"Kecewa sama ipusnas yg baru. Tdk bisa cari buku dgn nama pengarang, tdk spt versi yg lama. Buku yg sudah dipinjam tdk bisa diunduh pula.",2024-10-20 15:27:28
A Google user,1,"Semenjak di update dengan tampilan baru, jadi jelek banget. Ke logout sendiri ga bisa log in bug terus menerus😭",2024-10-20 14:26:10
A Google user,1,sangat tidak bisa digunakan karena error terus tolong untuk lebih ditingkatkan lagi agar tidak sering error l,2024-10-20 13:08:58
A Google user,1,Setelah update malah tidak bisa buka karna tidak bisa login.,2024-10-20 10:48:05
A Google user,1,"Sekarang ipusnas gampang eror, apalagi kalo ada update baru malah susah buat masuk",2024-10-20 07:19:34
A Google user,5,Aplikasi versi 2 lebih keren 👏,2024-10-20 03:01:22
A Google user,1,"Hi, Mengapa setelah update aplikasi iPusnas ( update tgl 20/10/2024), jadi tidak bisa login?(device Tablet). Sebelum update, masih bisa login dan baca buku. Dimana bisa download apk aplikasi iPusnas yang versi lama (sebelum update)?",2024-10-19 20:49:28
A Google user,5,"App pada update terbaru berjalan baik, dan buku yg available juga makin banyak",2024-10-19 12:21:48
A Google user,1,"Ribet, log in susah, cuman bisa di akses lewat jaringan gsm/mobile..lwt jaringan wifi ga bisa diakses..ngasih ilmu kok pelit.. uninstall!",2024-10-19 05:53:43
A Google user,3,Bagus. Tapi bugnya banyak banget,2024-10-15 06:10:21
A Google user,1,Ngecrash parah di update terbaru langsung ke close sendiri waktu mau buka,2024-10-14 16:05:15
A Google user,1,"UI kurang nyaman, adakan fitur filter misal dari buku paling populer, atau berdasarkan penulis, buku terjemahan dsb, sulit mencari buku yang diinginkan, harus lihat rekomendasi dari pihak luar kalau buku tersebut ternyata ada di ipusnas",2024-10-14 06:27:32
A Google user,1,Lemot sekali. Konsepnya bagus. Masih perlu banyak perbaikan. Semoga bisa lebih baik.,2024-10-14 00:32:19
A Google user,1,"Absurd, the app asking access to photos",2024-10-13 14:37:04
A Google user,3,"The book collection is incomplete. The queue to borrow is quite long, even up to hundreds of queues.",2024-10-11 04:14:27
A Google user,1,"what an awful app 😭 tolong, perbaiki lagi kecepatan aplikasinya. sering error dan tidak sinkron.",2024-10-10 23:59:56
A Google user,4,"Koleksi bukunya lumayan lengkap, ada buku self improv, novel, resep masakan, cerpen dsb. Saran aja buat aplikasi ini bisa tambahin fitur share kutipan tulisan atau screenshot tapi diberi watermark/di batasi gitu ... Biar bisa review ebook jg di medsos 🙏🙏🙏",2024-10-10 11:18:24
A Google user,5,"terimakasih, berkat ini aku bisa mendapat banyak literasi secara gratis🤝",2024-10-10 07:28:58
A Google user,1,gampang eror anjir ah males,2024-10-07 16:29:04
A Google user,1,seperti biasa apapun yg dipegang pemerintah selalu cacat,2024-10-07 00:51:43
A Google user,5,Tidak bisa login sejak ada update baru. Selalu forced stop.,2024-10-06 14:06:59
A Google user,1,lama lodingnya,2024-10-06 12:48:01
A Google user,1,I have updated the app but still cannot open it. Why???,2024-10-06 09:22:03
A Google user,1,Setelah diupdate malah tidak bisa masuk ke aplikasi sama sekali.,2024-10-06 05:14:51
A Google user,3,"Mungkin, untuk sekarang masih baik.. tapi kenapa ya, saya tidak bisa menandai teks pada buku yang saya baca? Apa terjadi eror? Mohon perbaikan nya ya kak.. Terima kasih 🙏🏻",2024-10-05 23:22:18
A Google user,3,"Dear iPusnas Please, fix the bug. Kemarin-kemarin kalo mau minjem buku bisa, baru aja sekarang log in lagi malah ga bisa minjem buku. Gimana nih, wahai iPusnas??? Dimohon untuk kasih pencerahannya. Apl ini beneran ngebantu banget buat sumber karya tulis, buat yang males ke perpus langsung. Tolong dengarin apa kata rakyat (user apl maksudnya), ya? Bantuin, jelasin, benerin, pls banget ini mah",2024-10-05 19:24:57
A Google user,5,Thanks. Setidaknya dengan baca buku walau ga ada buku bisa mengalihkan depresi ke arah yang lebih positif ketimbang terjebak pada dunia hitam yang kelam,2024-10-05 16:42:46
A Google user,1,"Astaga, register ga bisa, load book tanpa login ga bisa, kalau buat tender aplikasi jangan kebanyakan dipotong untuk panitia atau pokjanya.",2024-10-05 16:17:02
A Google user,1,"After updating, i can not access/sign in.",2024-10-05 10:52:27
A Google user,4,"Terima kasih sudah mengembalikan iPusnas mobile ke versi lama. Next time kalau mau rilis versi baru, pastikan sudah stabil dan siap dirilis karena kemarin banyak fitur seperti History yg jd hilang, lalu buku yang sudah dipinjam jg hilang. Semoga bisa lebih baik lagi. Love, iPusnas!",2024-10-05 10:01:55
A Google user,1,Tolong segera perbaiki bugnya. Ada banyak sekali tbr yang ingin saya baca dan sudah saya pinjam. Saya takut saat sedang perbaikan buku yang saya pinjam sudah dikembalikan secara otomatis.,2024-10-05 07:56:57
A Google user,1,"Sering maintenance tapi masih banyak bugnya. Saya kecewa dengan kinerja aplikasi ini, entah itu aplikasi versi mobile maupun pc. 👎",2024-10-05 06:27:25
A Google user,1,gabisa dibuka aplikasinya,2024-10-04 23:32:13
A Google user,1,gabisa dibuka,2024-10-04 16:13:57
A Google user,3,"Suka banget karena bisa pinjam banyak buku scr gratis dan nambah wawasan. Sayang, aplikasinya cukup sering gangguan. Baru aja update, suka ngeclose sendiri. Lagi baca buku, mau lanjut eh ngga bisa masuk lagi. Sedih soalnya ada buku yang belum selesai dibaca. Saran tambahan, mungkin history scr otomatis halaman terakhir dibaca bisa dipertimbangkan. Soalnya di fitur saya, blm ada.",2024-10-03 23:46:14
A Google user,1,Tidak bisa login setelah diupdate,2024-10-03 21:11:08
A Google user,3,Mohon bisa diakses disemua macbook min,2024-10-03 10:41:50
A Google user,1,Sampah kgk bisa dibuka samasekali,2024-10-02 12:55:35
A Google user,2,Gak bisa login di update terbarunya,2024-10-01 21:46:37
A Google user,1,Aplikasinya gak jalan,2024-10-01 03:06:59
A Google user,2,"susah bacanya.. halman nya suka keulang sendiri, bookmark nya juga gaguna. Nge highlight nya susah banget, kadang pas baca halamannya ke highlight sendiri. Tolong dibenerin😓STRESS BANGET TAU BACANYA!!!😇😇",2024-09-30 09:15:24
A Google user,4,Min saya gk bisa login sedih bgt semenjak interface baru...tolong perbaiki,2024-09-29 14:18:34
A Google user,3,"Ini aplikasi aneh bgt ya, udah update dengan tampilan baru yg lebih bagus dan ada keterangan waktunya eh tiba-tiba disuruh update lagi malah ke tampilan lama. Itu update buat apa?",2024-09-29 14:06:29
A Google user,5,"Hai tim Ipunas,terima kasih sdh kmbali ke setelan awal,smoga yg diperbaharui adalah bobot kualitas bukunya🫶",2024-09-29 12:47:55
A Google user,1,the year is 2024 but your app is 1994,2024-09-29 08:09:58
A Google user,3,balik ke tampilan awal lagi? 🥲,2024-09-28 23:04:14
A Google user,2,Tolong.. ini kenapa habis di-update pas login data gue kereset... Riwayat baca gue gada... Rak peminjaman gue kosong... TOLONG DONG BJIR 😭😭,2024-09-28 19:14:15
A Google user,1,"This is the second time I download this app and can't even use it. Man, we just want to read some books. Why don't you guys just keep the app simple? You don't need to add any unnecessary features. You know, this app could really help Indonesians get more into reading",2024-09-28 16:21:12
A Google user,5,"Koleksi buku cukup lengkap, tapi sistem antriannya agak membingungkan.",2024-09-28 14:22:05
A Google user,1,Server dan UI tolong diperbaiki.,2024-09-28 12:17:14
A Google user,1,Habis di update malah tidak bisa log in. Bisa log in pun cuma muter2 doang.,2024-09-28 07:18:18
A Google user,3,Knp ga bisa login setelah update?,2024-09-28 06:54:47
A Google user,1,Belum bisa login kenapa ya? Apa memang lagi maintenance? Bintang 5 kalo udah bisa login,2024-09-28 04:56:47
A Google user,2,"Saya suka sekali aplikasinya, tapi kalo mau login lama banget masuknya, pas udah masuk malah keluar sendiri. Tolong perbaiki aplikasinya.",2024-09-28 04:18:42
A Google user,1,Tolong diperbaiki setelah update bukannya semakin baik malah tidak bisa login. Setiap login selalu keluar sendiri tanpa sebab padahal jaringan saya bagus,2024-09-28 03:51:22
A Google user,1,Gak bisa login.. --- iPusnas akhirnya.. saya sangat senang dengan aplikasi ini. Saya berharap koleksinya makin banyak dan ada preview buku sebelum dipinjam. Bravo!,2024-09-28 03:40:29
A Google user,1,"After the update, i can't even login. Please fix this app or undo the update",2024-09-28 03:04:26
A Google user,1,apasih mau login malah auto close,2024-09-28 03:03:11
A Google user,1,"Jelek banget suka ngebug sendiri, terus pas masuk lagi malah ke logout mau login malah gak bisa bilangnya data gak sesuai trus pas udh log in malah ngebug, gak jelas banget",2024-09-28 02:37:39
A Google user,2,"Lemot bgt aplikasinya, mau daftar lemot, mau masuk halaman utamanya juga lemot. Niat lanunching aplikasi gak sih sebenernya. Percuma kalo bikin aplikasi cuma nanggung kayak gini.",2024-09-28 02:16:02
A Google user,1,"Setelah diupdate malah ga bisa dipake, terus data-data sebelumnya jadi hilang",2024-09-28 02:16:02
A Google user,1,"setelah diupdate bukannya semakin bagus malah jadi jelek, gabisa diakses. mengecewakan bgt 👎 walaupun yang versi lama emang tampilannya ga bagus bagus banget tapi setidaknya bisa buat baca.",2024-09-28 01:05:41
A Google user,1,The app sucks. Period.,2024-09-27 19:22:42
A Google user,2,"Why now ipusnas can't open like as usual ? This one my favorite aps actually, but after update can't do anything",2024-09-27 16:36:47
A Google user,1,Sudah 3 hari error. Return book ga bisa. Edit: Udah bener 👍 Edit2: Setelah update makin jelek. Hebat.,2024-09-27 15:52:38
A Google user,1,aplikasinya tidak bisa digunakan.,2024-09-27 15:10:41
A Google user,1,"Sudah lebih 3 hari saya tidak bisa mengakses aplikasi, beberapa kali instal uninstall, login berulang kali tetap tidak bisa, mungkin sedang ada pengembangan aplikasi. Tapi saya pikir ini terlalu lama, semoga pihak terkait segera memperbaiki ini.",2024-09-27 15:03:24
A Google user,1,"Updated version doesn't work properly. I can finally log in after a week. But after logging in, I cannot do anything. All blank space. Cannot search for books, even my profile is blank. Just get back to the old version, but make it so that the page that we bookmarked stay marked, even after we close & reopen the app.",2024-09-27 14:43:58
A Google user,1,Terjadi bug pada UI-nya setelah update!,2024-09-27 14:34:16
A Google user,1,"Ga bekerja terus saya harus apa.. ini yang disuruh kerjain aplikasinya dikasih gaji yang sesuai apa gak.. Sedih banget, saya cuma mau baca,perpus jauh, kenapa susah banget.. apa tidak bisa dibuat versi websitenya..",2024-09-27 14:18:31
A Google user,2,"it used to be my fave app, but not anymore after it was updated. it is getting unuseful, i cant read my saved book anymore because of the error. hope u can fix it quickly.",2024-09-27 13:31:16
A Google user,1,Aplikasinya tidak jelas saya tidak bisa mendaftar saat mengisi alamat kecamatan tolong untuk lag nya.,2024-09-27 13:16:29
A Google user,1,tampilannyaa ngebug,2024-09-27 13:15:38
A Google user,1,the application is trouble,2024-09-27 12:52:01
A Google user,5,Semenjak di update kok jadi error mulu. Login aja susah. Please diperbaiki lagi.,2024-09-27 12:48:06
A Google user,1,Niat buat aplikasi ga sihhh.. Masak ngelaag mulu...,2024-09-27 12:17:48
A Google user,1,"Tolong dong ini setelah update gabisa login sama sekali, selalu muncul notifikasi terjadi masalah, bagaimana solusinya",2024-09-27 11:34:50
A Google user,1,"Bug terus nih semenjak update udah 3 hari gak bisa buka. Padahal sengaja gak mau update krn baca review orang bug terus, eh tbtb punya saya forced close terus jd terpaksa diupdate ternyata semakin parah :) Lebih baik perbaiki ini dulu tolong.. 1. Sistem peminjaman 2. Search bar 3.Tambah mode lock ketika membaca supaya minim salah tekan 4. Perbaiki kategori buku, masih berantakan 5. Penanda stabilo ketika diselect juga susah diatur masih harus diperbaiki",2024-09-27 10:29:37
A Google user,1,"Yang belum upgrade, lebih baik gak usah diupgrade. Punya gue setelah di-upgrade malah susah login, sekalinya bisa langsung nge-bug dan gak lama logout sendiri lagi. Please developer, kalo belum ready buat di-update, mending gak usah daripada bikin sebel. Cepetan benerin gak 🫵🏻",2024-09-27 08:16:39
A Google user,1,Tidak bisa login sama sekali. Padahal sebelum update bisa.,2024-09-27 06:25:04
A Google user,1,"Sudah bisa log in tapi aplikasi tidak menampilkan apa2, hanya menu utama bagian bawah saja. Selebihnya kosong semua. Fitur-fiturnya pun tidak muncul dan tidak bisa digunakan. Mohon bantuannya 😔",2024-09-27 05:16:02
A Google user,1,"Just updated the app, and God only knows how it infuriates me that this app is so BAPUK!!! I can't even log in, and if I did successfully log in, the app would just stop working ENTIRELY. It's frustrating to know that what is supposedly to be the main Indonesian's digital library turns out to be in a very low and poor quality. Dear developers, please just PLEASE release the updated version once you guys know that the app will work 99% with minimum bugs.",2024-09-27 04:58:27
A Google user,1,Aplikasi di-update namun tidak bisa diakses. So sad.,2024-09-27 03:53:06
A Google user,5,Best,2024-09-27 02:34:28
A Google user,1,"Niat gak sih bikin aplikasi? Anggaran minta gede2an, kinerja asal2an, gak becus!",2024-09-27 02:27:53
A Google user,1,Can't login,2024-09-27 02:08:08
A Google user,1,"The app has still bug and others. I can't login into my account for a week so I unistalled this app (I already used mobile data and wifi + clear cache etc but it doesn't work). To be honest, this is one of my favourite app because I can read so much e book from there. Please fix the bug so I can use this app easily",2024-09-26 22:57:44
A Google user,1,Lebih baik fitur video tidak usah ada karena takut aplikasinya jadi berat. Sistem antrian lebih baik dibuat daftar tunggu jadi ga usah rebutan dan user lain ga memungkinkan untuk ngekeep satu buku buat temannya atau return terus dipinjam sendiri lagi sampai waktu yang ga jelas Bookmark usahakan jangan hilang terus,2024-09-26 22:22:58
A Google user,1,Mohon maaf bug nya tolong diperbaiki karena dari awal dan sudah dicoba beberapa kali hingga saya install dan uninstall lagi tetep gak bisa sign up dan log in,2024-09-26 15:51:34
A Google user,2,"gak bisa login😣, padahal suka banget baca di ipusnas, ayo dongg perbaiki lagi sistemnya, bisa kok bisaa",2024-09-26 12:58:05
A Google user,2,Tolong deh tiba tiba update jadi ga bisa login udah 4 hari ga bisa login,2024-09-26 11:55:02
A Google user,1,I can't get in,2024-09-26 10:52:27
A Google user,1,"Habis di update mlh ga bisa login, mana lemot bgt. Tau gitu mending ga usah update. Tolong ini sistemnya diperbaikin dong, bukannya makin bagus mlh makin error. Mau baca buku aja susah bgt heran.",2024-09-26 10:46:50
A Google user,3,Tampilan sudah oke tapi kecepatan akses semua halaman tidak sesuai perkiraan.,2024-09-26 10:23:40
A Google user,1,"Beres update langsung log out otomatis, terus gak bisa log in lagi. Kenapa aplikasi pemerintah jelek jelek sih. Mendingan duit korupsi noh dipake buat benerin aplikasi pemerintah. Katanya mau digitalisasi, tapi ngerjainnya setengah-setengah. Proyek minim manfaat buat masyarakat malah jor-joran.",2024-09-26 10:14:06
A Google user,2,"Aku gangerti ya kenapa layanan pemerintah itu payah lemot banget buat log in aja susah, nyusahin aja",2024-09-26 09:20:37
A Google user,1,always eror when I have to learn for my task,2024-09-26 08:37:34
A Google user,1,"bug terus, gabisa masuk.",2024-09-26 07:54:47
A Google user,3,After the lates update.. most of user can't login.. this issue has been came out in all social media.. please kindly recheck and fix it.,2024-09-26 07:03:21
A Google user,1,"Sangat disayangkan, login aj gk bisa, aplgi meminjam buku, pdhal aku bner bner pengen baca buku",2024-09-26 06:32:33
A Google user,1,Semenjak update malah jadi ga bisa login. Selalu nyangkut,2024-09-26 05:45:02
A Google user,3,"This app is actually very useful and I liked it a lot. Its easy to borrow and read a book. However, the app bug (?) a lot (especially after I read more than two books), forced closing, and cannot be opened and thus I have to reinstall. Please fix this issue. And please add a feature when we can read a book offline.",2024-09-26 04:49:04
A Google user,1,"Ke-update sendiri, tiba-tiba keluar gitu aja, mau login lagi gak bisa terus padahal sudah diinstal ulang juga. Jeleeeeeeeeek. Sayang sekali, koleksi bukunya bagus tapi selalu begini tiap update. Seperti tidak ada perbaikan. Downgrade.",2024-09-26 04:27:35
A Google user,1,"Aplikasi lemot, pas mau minjam malah eror terus. Tolong di perbaiki lg aplikasi nya",2024-09-26 04:27:15
A Google user,1,"Unable to login, problem with data",2024-09-26 03:41:11
A Google user,1,I cant log with any of my google account.. please fix it,2024-09-26 02:21:20
A Google user,1,"aplikasi kok ga bisa di login, padahal sinyal oke. oh aplikasinya emg ga ok kali ya?",2024-09-26 02:13:17
A Google user,1,Ga bisa login. Gimana mau baca buku¿,2024-09-26 01:22:15
A Google user,1,"Aplikasinya ke update sendiri, terus ga bisa login lagi udah berhari-hari. Orang-orang yang udah update juga banyak yang ga bisa login. Tolong diperbaiki",2024-09-26 01:17:53
A Google user,1,Tolong kepada developer apps untuk meningkatkan kualitas iPusnas agar lebih ramah baca. Update terbaru justru semakin merepotkan pengguna.,2024-09-25 18:56:03
A Google user,2,abis diupdate kok malah gabisa dibuka sihh??,2024-09-25 16:30:08
A Google user,1,"parah bangetttt inii, abis diupdate malah ga bisa dibuka sama sekaliii",2024-09-25 16:03:31
A Google user,2,"Tampilan baru tapi performa mengecewakan. Semenjak di install sampai sekarang cuma bisa login sekali, dan keesokan hari tidak bisa di akses lagi, sampai sekarang. Semoga lekas ada perbaikan ya.",2024-09-25 15:36:52
A Google user,1,"Setelah diperbarui malah jadi jelek, keluar terus akunnya. Sekarang susah log in padahal mau baca buku 🥲 nyoba jam 5 pagi ternyata bisa diakses kemudian siang dikit gabisa lagi. Susah amat cuma mau baca buku doang padahal 🥲 ayolah min cpt perbaiki apk nya 💔💔💔🥲 Percuma tampilan jadi bagus kalo gabisa dipake",2024-09-25 12:53:19
A Google user,1,"Tolonglah ini ada update atau apa, malah gak bisa masuk ke app-nya sama sekali",2024-09-25 12:51:05
A Google user,3,"kata gue mah benerin bug-nya asli. problemnya dari dulu kaga berubah2, sering ngga bisa login. cmon men >:(",2024-09-25 12:21:24
A Google user,3,Kenapa jadi ngebugg gtu ya? Selalu keluar pas mau log in atau sign in,2024-09-25 12:13:18
A Google user,2,Apakah IPusnas lagi perbaikan?,2024-09-25 11:59:49
A Google user,1,Update baru malah gaberhasil2 masuk udah nyoba bolak balik uninstall install tetap gabisa. Kecewa banget lg asik baca buku krn auto update jd eror dn gabisa baca bukunya lg.,2024-09-25 11:51:29
A Google user,1,sering gangguan,2024-09-25 11:22:14
A Google user,2,"secara keseluruhan bagus apknya cuma suka log out sendiri, giliran log in malah ga bisa",2024-09-25 10:38:16
A Google user,1,"sayang sekali saat aplikasi ini selesai di update, saya hanya bisa menggunakannya satu kali, kemudian logout dengan sendirinya.. sekarang sudah berhari-hari dan loginnya selalu gagal. saya tidak bisa masuk..",2024-09-25 10:30:19
A Google user,1,Update malah bikin errror,2024-09-25 06:45:33
A Google user,1,"Koneksi server sering error, highlight bacaan sulit, sering terlogout dan sulit untuk login kembali",2024-09-25 04:45:44
A Google user,5,"Kenapa wajib allow Camera, Phone, Photos and Video dan Music and audio? Emang fungsinya apa?",2024-09-25 02:23:25
A Google user,1,gabisa log in,2024-09-25 02:05:48
A Google user,1,Gabisa login atau daftar (dev nya gen boomer),2024-09-25 00:12:00
A Google user,1,"Edit: Worse than previous versions. I can't log in, app says my account doesn't exist. Even if I've been a member before the update. Trying to create a new account just force stops the app! Are you serious? The drop down subdistrict menu doesn't even load after 10 minutes waiting. Please, consider functionality very carefully before you update!",2024-09-25 00:07:41
A Google user,1,"Setelah diupdate malah gabisa login, crash terus app nya. Padahal seneng bgt karena bisa baca buku legal secara gratis. Ayo perbaiki lagi min",2024-09-25 00:02:02
A Google user,2,"Aplikasi yang sebenarnya sangat membantu, menyediakan berbagai macam buku secara gratis. Hanya saja, utk akses dan tampilan masih sangat perlu diperbaiki. Juga utk update terbaru, saya malah tidak bisa akses ke akun saya. Turn out, bukan hanya saya saja yg mengalami. Ribuan pengguna jg mengeluhkan hal yg sama. Sdh sounding di sosmed, sayangnya admin tdk update.",2024-09-24 22:46:16
A Google user,1,"Sering error, sebaiknya segera diperbaiki",2024-09-24 15:09:17
A Google user,2,Aplikasinya berhenti befungsi serelah update. Tolong diperbaiki cepat.,2024-09-24 12:14:04
A Google user,2,"Setelah aplikasi diperbaharui, saya tidak bisa login",2024-09-24 11:33:33
A Google user,2,"aplikasinya masih nge-bug, belum bisa log in dari kemarin. saya masih menunggu perbaikan supaya bisa segera masuk akun dan baca buku lagi.",2024-09-24 10:51:47
A Google user,1,Crash di Android 14.,2024-09-24 10:30:09
A Google user,1,gagal login terus,2024-09-24 09:44:49
A Google user,1,"Mohon diperbaiki min, kendala bug pas mau daftar malah force close. Secepatnya",2024-09-24 06:38:06
A Google user,2,"Koleksi bukunya beragam, ada buku populer juga. tapi habis update kemarin sampai sekarang masih belum bisa login😭🙏",2024-09-24 06:04:42
A Google user,1,"After updated, difficult to connect to server. After connected, need more time to read, need to re download again. Always disconnect after use. Always need re login. Not used animation. Difficult to search book. Heavy loading..... Now, i cannot login. Ada masalah dalam pengiriman data infonya",2024-09-24 04:37:40
A Google user,1,Jelek suka error,2024-09-24 02:13:13
A Google user,1,setelah update malah gak bisa masuk ke iPusnas. Padahal sebelum di update bisa dengan baik digunakan. tolong dong betulin..,2024-09-24 01:53:05
A Google user,1,"Everytime I logging in to my email, the apps always forced close and I don't know why this apps keeps closing",2024-09-24 01:27:46
A Google user,1,"habis update malah gabisa dibukaaa. mau baca buat tugas, ayo diperbaiki segera‼️😭",2024-09-24 01:05:44
A Google user,1,"jelek banget.. sering bug, sering logout tb2, gajelas",2024-09-24 00:57:45
A Google user,3,Aku suka baca di sini. Minta tolong maintenance jangan lama-lama. Trouble segera diperbaiki. Terima kasih.,2024-09-23 23:10:39
A Google user,1,Ini app bagus buat baca cuman susah bgt login. Suka logout sendiri. Makin hari makin jelek padahal dulu bagus,2024-09-23 22:48:12
A Google user,1,"Jadi males baca buku di ipusnas, versinya ga lebih baik dari sebelumnya..ngetik nama pengarang, langsung muncul semua yang berkaitan dengan nama pemgarang itu, buku yang ditampilkan pun ga cuma satu, tapi semua",2024-09-23 18:09:18
A Google user,1,"update baru, jadi lebih lama bukanya. dan membutuhkan koneksi yang lebih cepat (koneksi dibawah 100mbps sulit mengakses)",2024-09-23 16:00:28
A Google user,3,"Kemarin baik2 aja deh, sekarang kenapa error yaa?",2024-09-23 14:39:56
A Google user,1,WHY I CANT LOG IN? I WANT TO REAAAADDDDD T___T,2024-09-23 14:10:24
A Google user,1,Habis update gak bisa log in sama sekali,2024-09-23 13:43:47
A Google user,2,"Setelah update kok Aplikasi nya lemot ya, tolong diperbaiki.",2024-09-23 13:39:10
A Google user,1,"Really bad after i updated this app,, uninstall this already",2024-09-23 12:42:52
A Google user,4,great app but suddenly got log out and can't log in back,2024-09-23 11:27:32
A Google user,1,"Big L. After they updated it, I can't even access the web one. Both app and web are suck 😡. Like ini sekelas perpusnas lo. Plis kerja yg bener dong, kecewa banget",2024-09-23 11:21:47
A Google user,1,"awalnya suka sama app ini karena bisa baca dan pinjam buku gratis. Tapi semenjak diperbarui loadingnya lama sekali, dan semua buku yang sudah saya pinjam hilang",2024-09-23 10:52:32
A Google user,1,Aplikasi terberat yang pernah aku rasakan .. mana loadingnya lama banget ...,2024-09-23 09:08:09
A Google user,2,"Kak ini lagi maintenance ya? Tadi update versi terbaru tapi ngebug terus, harus login lagi dan foto juga hilang. Untung di tablet belum diupdate.",2024-09-23 08:34:02
A Google user,1,"Sejak update error gak bisa masuk, login aja lama bgt sekalinya udah masuk lemotnya minta ampun. Tutup aplikasinya sebentar pas mau buka harus login lagi dan masih susah banget untuk loginnya. Sudah 3 hari tapi belom ada perbaikan apa-apa🙄",2024-09-23 07:12:24
A Google user,1,Error mulu,2024-09-23 07:08:07
A Google user,1,"Ipusnas kenapa ya? Tbtb logout sendiri dan ngga bisa login lagi. Udah saya coba login dari kemarin, tapi ga bisa-bisa. Tulisannya ""ada masalah mengirim data, coba lagi nanti. "" :)",2024-09-23 07:06:05
A Google user,1,update makin jelek,2024-09-23 06:22:42
A Google user,1,"Setelah pembaruan semakin jelek. Versi sebelummya lemot, ini semakin lemot. Tampilannya makin bagus, tapi banyak bug dan crashnya. Sudah clear chache tapi tidak membantu.",2024-09-23 05:59:32
A Google user,1,"UI udah bagus, UXnya kurang, tolong perbaiki servernya biar bisa memuat koleksi bukunya.",2024-09-23 05:54:22
A Google user,1,gabisa login terus dari kemarin gak tau kenapa,2024-09-23 03:57:53
A Google user,1,aplikasi jelek,2024-09-23 03:03:30
A Google user,1,Habis update bukannya tambah bagus malah tambah lemot. Login aja gabisa 👎,2024-09-23 01:07:44
A Google user,2,"jelek, ngelag parah sekarang lemot juga",2024-09-22 23:32:24
A Google user,1,can't login after the newest update,2024-09-22 22:22:36
A Google user,1,MENDING GAUSAH DI UPGRADE KALO UJUNGNYA ERROR MULU GABISA LOGIN,2024-09-22 16:43:50
A Google user,3,"Saya penggunanya, tiap hari download buku cerita untuk anak tapi saat ini tidak bisa dibuka karena ada bug. Tolong diupdate agar bisa digunakan kembali",2024-09-22 15:19:40
A Google user,2,"Aplikasinya bermanfaat banget sebenernya untuk nyari bacaan gratis, sayangnya sering error bugnya, suka force closed sendiri gitu dan susah buat login lagi",2024-09-22 15:07:35
A Google user,1,"Tidak bisa daftar akun, berkali-kali coba tetap keluar sendiri dari aplikasi",2024-09-22 15:06:39
A Google user,2,"Kenapa sekarang malah tidak bisa dibuka? Harus daftar akun, tapi setiap mau daftar apps nya close sendiri",2024-09-22 14:47:47
A Google user,2,"Kenapa jadi susah login, aplikasi jadi banyak bug, sebercanda ini negara ngasih fasilitas kepada masyarakatnya.",2024-09-22 14:06:24
A Google user,1,"Gimana sih update malah jadi lemot parah, gabisa login, sekalinya bisa taunya riwayat peminjaman ilang semua, riwayat follow sama dm jg ilang, terus nge bug, akhirnya gabisa login lagi. Padahal mau lanjutin baca buku. Kalo kaya gini mending balikin versi lama aja udah. Nanti aku ubah reviewnya kalo udh diperbaiki",2024-09-22 14:06:23
A Google user,1,"Kenapa tidak bisa masuk, padahal saya sudah punya akun sebelumnya",2024-09-22 13:50:38
A Google user,1,"The interface is old fashioned, and whenever I was on a waiting list for a book, the notification never appeared in my phone.",2024-09-22 12:59:10
A Google user,1,Tidak bisa login,2024-09-22 12:26:20
A Google user,1,"Always force close after update,",2024-09-22 12:14:20
A Google user,1,semenjak ada update terbaru aplikasi jadi tidak bisa dibuka dan terus keluar 😢,2024-09-22 11:58:08
A Google user,1,"Tiba2 mati logout sendiri, dan ngga bisa login lagi. Di tunggu bbrp hari tetap ngga bisa juga.",2024-09-22 11:14:51
A Google user,2,"habis di update malah makin ga jelas sistemnya, berulang kali login malah gabisa², awalnya bisa login tapi lemotnya minta ampun trs waktu mau masuk ke apk nya lagi malah disuruh login ulang",2024-09-22 10:58:48
A Google user,1,diupdate malah ga bisa login,2024-09-22 10:56:13
A Google user,3,"Sebelum update aman bisa diakses, sekarang sesudah update malah gak bisa login, tiap login tiba tiba keluar terus",2024-09-22 10:45:00
A Google user,1,"ipusnas sebelum ada versi baru sering bgt error (keluar akun tbtb), sekarang udh ada versi baru malah gak bisa login, tiap buka seering bgt bug, trs jadi lelet bgt??? pedahal jaringan di sini stabil. fiturnya ada yg oke sih tp menurutku jauuuh lebih nyaman pake versi lama. please diperbaiki min, waktu pinjemnya cuman 4 hari😭😭",2024-09-22 09:25:07
A Google user,2,"Ayo lah diperbaiki, saya percaya bisa lebih baik lagi aplikasi ini. Tahun kemarin saya kasih bintang 5 tahun ini pas mau digunain minta update eh setelah di update malah gabisa masuk kendala terus padahal lagi butuh butuhnya. Semangat tim buat perbaiki apk ini ya, jujur apk ini sangat membantu dan bermanfaat.",2024-09-22 08:42:27
A Google user,1,Cape banget deh tiap buma app suruh login ulang.. Mana susah bgt klo login. Mending versi lama juga krn bisa search nama penulis,2024-09-22 07:46:13
A Google user,1,Update terbaru malah nga bisa masuk,2024-09-22 07:42:16
A Google user,1,Never ending loading. Never ending crash and the app keep shut. Keep sign out after I close the app. Hard to download the book. The feature is lacking. Very down grade,2024-09-22 06:16:16
A Google user,1,"Setelah update, sulit login.. Akses internet tidak ada saat buka aplikasi ini, padahal jaringan internet tdk ada masalah",2024-09-22 06:09:37
A Google user,1,"lemot banget!!! harusnya kalo update ui itu makin bagus, tapi malah makin jelek dan lemootttt!!!! 👎🏻👎🏻",2024-09-22 05:43:53
A Google user,1,Setelah update malah crash,2024-09-22 05:41:20
A Google user,1,Cant log in using my existing account,2024-09-22 05:33:39
A Google user,1,"aplikasi update otomatis, tetapi tidak bisa masuk akun.",2024-09-22 05:10:29
A Google user,1,"Ada bug, pas daftar langsung keluar, tidak bisa masuk",2024-09-22 05:02:23
A Google user,1,"Aplikasinya sering galat. Sering keluar sendiri, eh, pas mau masuk malah gak bisa. Tulisannya sih ""ada masalah saat mengirim data"". UI-nya sudah diperbarui, tapi lemotnya minta ampun. Sistem pinjam belum pakai sistem antre kayak Libby (plis, tirulah Libby!). Ada fitur baru yang bisa bikin quote dari buku yang dibaca, bagus sih, tapi mohon divariasikan lagi supaya keterbacaannya dan nilai estetikanya lebih baik. Tolong perbaiki sistemnya supaya pengalaman baca pengguna bisa maksimal baiknya.",2024-09-22 05:00:02
A Google user,2,Setelah update jd jeleg,2024-09-22 04:50:32
A Google user,1,"To be honest, I like this app.. Cz it so helpful, if I wanna read the college material here. But I dunno, time by time this is so BAD! This app usually stopped to work and doesn't wanna opened. I'm so regret, pls u must check and solve it!",2024-09-22 04:39:32
A Google user,1,"apk always crash, bad",2024-09-22 04:00:06
A Google user,1,gabisa logiinnnn. ngebug. udah clear cache padahal. semalaman nyoba login gabisa² dan stuck terus di halaman awal login. tolong dibenerin lagi,2024-09-22 03:28:39
A Google user,1,"jelek banget suka error gabisa log in, kadang ke log out sendiri, sistem antrian cepet-cepetan jadi gak jelas harusnya pake sistem kaya libby jelas diurutan berapa dan kapan dapetnya, overall reading experience tidak menyenangkan",2024-09-22 02:08:07
A Google user,1,"setelah update susah login, baik di ponsel, laptop, bahkan web. kalaupun bisa login pasti ke logout sendiri. kalau abis update tolong gercep ngefixnya, mau berapa lama gini terus?",2024-09-22 01:44:15
A Google user,1,"Kenapa aplikasinya tidak bisa digunakan? Tidak bisa login? Kenapa? Sungguh mengecewakan, padahal katanya buku jendela dunia, kalau kayak gini jendelanya ga bisa dibuka bagaimana? Kecewa banget.",2024-09-22 01:29:55
A Google user,1,setelah diupdate aplikasi gabisa jalan👎🏻👎🏻👎🏻,2024-09-22 00:59:17
A Google user,5,"Suka banget aplikasi nya buat yang memiliki keterbatasan untuk membeli bukuuu Edit: Ini kenapa aku nggak bisa masuk akun terus yaa? Padahal mau bacaa, kemarin nemu hidden gem :(",2024-09-22 00:15:28
A Google user,3,Kenapa buku-buku yang saya pinjam hilang semua ya?? Akun saya susah dibukanya,2024-09-21 23:37:03
A Google user,3,Kenapa tiba tiba berubah tampilan dan hilang semua buku pinjaman saya. Yang terbaru ini membingungkan. Saya sudah menggunakan aplikasi ini bertahun- tahun. Sekarang jd berubah dan tidak bisa pinjam buku lagi,2024-09-21 23:26:58
A Google user,2,"Semenjak update, sering ke-log out dan lola, antrian buku, dan mutualku juga hilang 👎",2024-09-21 23:24:49
A Google user,1,"Saya kira aplikasi ini tidak terawat,loading lama,pengunduhan juga terkadang error,bahkan login pun lama. Sayang sekali kan. Aplikasi yang berkaitan dengan ilmu tapi terlihat di biarkan apa adanya tanpa usaha membuatnya menjadi lebih menarik.",2024-09-21 22:27:15
A Google user,2,"aplikasi diperbarui malah ga bisa login. sudah 3 kali beri penilaian, tetep jelek aja heraannn. tidak pernah berbenah sama sekali. dapet dana triliunan buat apa ajaaaaa. beli loh server yg layak, ga habis 1 miliyar kok.",2024-09-21 14:12:07
A Google user,1,Ngebug seharian bikin frustasi ihhhh. Aku bakal ubah bintangnya kalo udh lancar dan good improve,2024-09-21 13:46:02
A Google user,3,Kenapa ya abis di update kok apknya tidak bisa login lagi? loading terus menerus. Tolong dibantu ya,2024-09-21 13:42:12
A Google user,2,"Aplikasi yang menarik untuk bisa meningkatkan literatur dan budaya baca. Tetapi beberapa kali sangat sulit untuk login, bahkan untuk membuka app nya sering keluar. Ini terjadi berulang kali",2024-09-21 13:40:06
A Google user,1,"Please kenapa habis di update malah jadi super lemot, dan auto ke log out terus yaaa? Tolong dong ipusnas perbaiki lagi aplikasinya",2024-09-21 13:36:47
A Google user,1,Bad system,2024-09-21 13:34:16
A Google user,1,"Ipusnas kenapa sihhh, udah di upgrade tapi kok ngelag terus dan akun saya keluar terus menerus ga bisa liat riwayat, ga bisa pinjam buku, ga bisa baca",2024-09-21 10:58:37
A Google user,1,"I can't log-in for the past few hours, ongod the update makes the app so slow.",2024-09-21 09:46:20
A Google user,1,"Lemot bgttt, pleaseee bikin selayaknya app baca ya bisa buat baca aja ngapain ditambah video. Udah jelek, makin jelek pula hfffttttt",2024-09-21 08:57:12
A Google user,1,"Setelah update lemot bgt, mau liat deskripsi buku aja setaun",2024-09-21 08:56:59
A Google user,2,"Setelah dikembangkan, aplikasinya justru susah diakses.",2024-09-21 08:28:52
A Google user,1,"Aplikasi dongok muter"" Terus, yg buat anak magang",2024-09-21 06:37:21
A Google user,2,"The app is really bad. So many bugs! I've been logged out automatically, and hardly get back to my account. Please fix this issue as soon as possible!",2024-09-21 06:22:43
A Google user,1,"So ugly, updated but I logged off from my account out of sudden. And also, I couldn't log my account in after the update.",2024-09-21 04:35:01
A Google user,1,can't even log in after updating it,2024-09-21 04:11:41
A Google user,1,"lag bgt, ke log out mulu ih.",2024-09-21 02:47:56
A Google user,1,Kalo bisa ngasih bintang 1 berkali-kali udah saya spam ini kolom review. Ga ada perbaikan sama sekali,2024-09-21 02:42:18
A Google user,3,"Setelah update terbaru, malah sering gagal login menggunakan akun Google. Kadang loading menu utama pun gagal.",2024-09-21 00:25:08
A Google user,2,Woe app nya malah nge bug mulu nih min abis diupdate,2024-09-20 16:10:18
A Google user,2,"Ngebug, ga bisa dibuka.",2024-09-19 16:07:45
A Google user,3,"Tolong sistemnya diperbaiki, desain aplikasi lebih dipermudah dan simpel, untuk memudahkan pembaca dalam menyortir buku dengan baik. Saran saya, update keseluruhan aplikasinya, mulai dari icon dan desain (terlalu old-fashioned dan ribet), arsip buku yg telah dibaca, tambahkan perpustakaan khusus dari antrian buku.",2024-09-17 16:07:54
A Google user,1,"Gak jelas, gak bisa dibuka",2024-09-15 14:43:26
A Google user,1,Bukunya ga lengkap :( pdhl ini nasional loh,2024-09-14 15:18:03
A Google user,1,"tidak ada notifikasi dari buku yang akan dipinjam, dan sistem antreannya lama.",2024-09-13 12:11:08
A Google user,5,Niceee,2024-09-13 07:23:18
A Google user,1,"Loading awal lambat banget sampe bosen nunggu nya, agak aneh utk aplikasi membaca tapi minta permission utk akses music library, foto dan contact",2024-09-11 08:10:23
A Google user,1,Too much bugs that my phone suggested me to put this app in deep sleep in order to get my phone running smoothly,2024-09-09 16:20:39
A Google user,3,sering gak bisa dibuka,2024-09-09 07:19:33
A Google user,2,"Overall good, but now if i want use app, it crashed, and my borrowed books just disappear after 2-3 days",2024-09-03 15:22:54
A Google user,4,kok aplikasi yg paling update gabisa download buku ya?,2024-09-02 15:46:54
A Google user,5,"Dulu ini adalah aplikasi terampas, udah mah buku bukunya jadul, sering error lagi. Sekarang ini aplikasi favorit saya huhuhu seneng banget aplikasi ini bisa berkembang dan dananya tidak di korupsi. Sangat bermanfaat sekali. Banyak banget sekarang buku buku terbarunya, semoga bisa terus berkembang dan di update terus buku buku terbarunya huhuhuhu terharu pemerintah sudah mulai peduli terhadap literasi. Terimakasih kepada siapapun yang terlibat dalam pembuatan aplikasi ini. Ini seperti mimpi",2024-09-02 15:41:07
A Google user,1,bad app..take so much time to open,2024-08-31 02:02:37
A Google user,1,ada jokowinya,2024-08-29 00:22:39
A Google user,2,"Copy buku cuma sedikit (jadi sering ngantri buku, dan ofc yang ngantri banyak), buku dan penulis ga begitu lengkap, sering error nyari apa yang keluar apa, kadang pas buka aplikasi aplikasi ketutup sendiri, atau penanda buku hilang... What's good just I can read from this app secara gratis. Fix the bug n banyakin judul buku for the better",2024-08-22 16:20:51
A Google user,5,"Tidak terlalu buruk, perbanyak lagi buku-bukunya supaya para pembaca makin senang untuk mendownload seperti beberapa rekan saya",2024-08-19 12:01:24
A Google user,1,"the look is very old, so many bugs😝😨🥶👿🤡🥸",2024-08-15 02:06:15
A Google user,2,"aplikasi pemerintah kok jelek bat heran. ui ga menarik, banyak bug, ga ada notif buku available ketika ngantri, pun sistem ngantrinya gak jelas. udah namanya antri tapi ketika ada orang return kita harus war lagi, apanya yang antri kalo gitu... plis sistemnya diperbaiki lagi. app ini sebenernya ngebantu banget ketika lagi pengen baca buku tapi nggak ada budget banyak, tapi sistemnya huft bikin elus dada",2024-08-08 05:52:07
A Google user,2,"sebulan terakhir ini aplikasinya selalu force stop setiap kali saya mau baca buku, padahal seharusnya device saya masih kompatibel. dan saya tidak memiliki masalah dengan koneksi internet. karena saya gak bisa pake aplikasi ini lagi, akhirnya saya uninstall.",2024-08-06 20:37:56
A Google user,2,"Gak bisa login sama sekali itu kenapa yaa. Daftar akun baru juga gak bisa padhal internet lancar. Semenjak ada bug bbrpa hari yg lalu sampai sekarang masih ga bisa dipake, udah coba uninstal lalu di instal ulang lagi ttp gak bisa dipkakai.",2024-08-05 04:05:53
A Google user,1,"Nggak lengkap, buku banyak yang jelek (banyak tulisan kosong), koleksinya nggak nambah",2024-08-03 11:25:32
A Google user,3,"Aplikasi ini sebenernya bagus. Saya yang bukan domisili Jakarta jadi bisa lihat koleksi perpustakaan nasional dan bisa pinjam buku kapan saja dimana saja. Tapi app ini tuh seriiiiing bgt gangguan. Sudah seminggu ini homepage saya ngeluarin rekomendasi buku yang sama terus. Saya refresh ga pergaruh apa2. Halaman log peminjaman orang lain lancar2 aja, di refresh bisa update. Tapi page rekomendasi buku udh di refresh berkali2 ga pengaruh apa2. Tolong performanya ditingkatkan lagi!!",2024-08-03 06:17:01
A Google user,2,"Error nya banyak bangettt. Cepettt perbaikiiii pleasee. Demi kenyamanan pengunjung, tolong jugalah perbaharui tampilan nya, terlalu kuno.",2024-08-02 00:26:32
A Google user,5,bagus bgt fasilitasnya,2024-08-01 12:40:18
A Google user,1,aplikasinya ngestuck di loading screen,2024-07-31 08:32:43
A Google user,3,"Koleksinya sih lengkap, tapi fiturnya kurang memuaskan dan bikin nggak bisa eksplore banyak buku yg tersedia. Kadang beranda nggak bisa di refresh, padahal sudah dicoba berulang kali. Saran, untuk memberi filter misal buku paling populer, buku terbaru, dsb.",2024-07-31 05:15:09
A Google user,1,"Lol mau baca buku aja gabisa, gimana mau literasi indonesia mau tinggi hahahahahah",2024-07-31 00:23:49
A Google user,5,"So far so good. Aplikasi ini ngebantu banget untuk cari bahan bacaan atau sumber data untuk kepentingan yang lain. But, I've a question, Admin iPusnas. Aplikasi ini memang dirancang untuk tidak memunculkan notifikasi (pop-up) ketersediaan buku yang dalam antrean? Dalam hal ini, notifikasi meskipun aplikasinya tidak dibuka. Saling serobot memang seru, tapi di aplikasinya itu loh yang awalnya provided, tiba-tiba statusnya tetap queue. Terima kasih. Semoga dijawab. Panjang umur literasi.",2024-07-27 21:51:39
A Google user,2,"Too much bugs and errors in this app, that's really annoying.",2024-07-26 23:59:19
A Google user,5,Excelent😎,2024-07-26 06:30:19
A Google user,5,Keren,2024-07-24 03:34:29
A Google user,1,"mau ubah kata sandi karena lupa password aja pun gak bisa-bisa haduh tolong di perbaiki bagus padahal ni aplikasi, gw pengen login ke akun lama tapi gabisa ganti kata sandi 😩😩😩",2024-07-22 07:44:14
A Google user,1,"Tujuan aplikasi bagus, bermanfaat, tapi sayang sering eror",2024-07-21 04:10:24
A Google user,3,"Aplikasinya bagus banget sayangnya sering galat. Tampilan oke, minimalis tp perlu diupdate too old menurutku. Semoga ke depannya ada perbaikan signifikan",2024-07-19 16:09:32
A Google user,5,Nice app,2024-07-19 04:25:30
A Google user,5,"Baguuss sekali, sangat bermanfaat.",2024-07-19 02:33:09
A Google user,1,Udah banyak yg review jelek tp masih ga dibenerin juga.,2024-07-18 04:22:15
A Google user,1,"juli 2024 mau pinjam buku gk bisa, error gitu, trs diinstal ulang ternyata malah gak bisa login, mohon diperbaiki error ini secepatnya",2024-07-16 13:11:59
A Google user,2,"Tidak bisa login, internet tidak ada di keterangannya, padahal internet saya lancar.",2024-07-12 16:05:06
A Google user,3,"Saya suka aplikasi ini karena bisa meminjam buku gratis, tapi tolong dikembangkan lagi untuk kategori buku lebih detail, supaya pembaca lebih mudah mencari buku yang ingin dipinjam, karena untuk saat ini cakngkupam kategori yang tersedia masih terlalu luas Dan membingungkan. terimakasih",2024-07-12 03:51:53
A Google user,1,"bagus emg, tp ga lengkap buku nya, batas pinjam cuma 5 hari, stok nya cuma dikit, aplikasinya masih sering lelet",2024-07-10 16:05:57
A Google user,5,"Aplikasi yang bagus, koleksi bukunya banyak, enak buat bahan referensi ngebacain cerita pengantar tidur ke anak. Tapi gak tau kenapa kok hari ini gak bisa masuk ke aplikasi ipusnasnya",2024-07-07 16:16:43
A Google user,3,"interaksi UI-nya saat membaca cukup mengganggu ketika sedang scroll full-page bacaan, tapi sering kali berubah tampilan ke halaman yang dilengkapi sub judul, bookmarks, swipe-scroll, dll.",2024-07-07 11:13:52
A Google user,3,Bagus aplikasi sangat membantu bagi orang orang yg hobby membaca tapi tidak punya dana utk beli buku tsb. Catatan : tolong untuk developer untuk memperbaiki sistem ipusnas yg didownload utk windows. Karena aplikasi ini sering forceclose,2024-07-07 01:52:32
A Google user,2,tolong di tingkatkan lagi pemeliharaan aplikasi nya kak agar tidak terus terusan down server,2024-07-06 16:13:56
A Google user,5,"Saya mendukung dan mengapresiasi langkah besar dalam literasi Indonesia terutama dengan aplikasi ipusnas ini. Edit: Maaf developer, mengapa di aplikasi ipusnas ini hilang semua thumbnail bukunya dan sering terjadi kegagalan saat meminjam ? Terimakasih",2024-07-06 04:46:17
A Google user,2,"sistemnya tingkatin lagi dong, masa iya kadang ngga bisa dibuka aplikasinya terus aku coba uninstall terus download lagi malah susah login harus pake akun baru lagi",2024-07-04 16:35:39
A Google user,2,Banyak buku yang tersedia apalagi kumpulan buku populer namun jumlah koleksinya cuma sedikit 1-10 dan selalu kosong. Saya kurang suka dengan fitur mengantri pinjaman queue buku karena tidak bisa dimatikan dan otomatis setiap buku tersedia selalu menambahkan notifikasi pemberjtahuan buku tersedia berulang kali sampai bertumpuk namun saya tidak menerima notifikasi buku tersedia saat berada di luar aplikasi. Saya harap ada pembaharuan pada fitur antrian buku ini sehingga tidak memenuhi kotak notif.,2024-07-04 00:58:27
A Google user,3,"Aplikasi nya oke bangett, tp knp sih suka tiba tiba error😭",2024-07-03 16:19:31
A Google user,2,"overall saya suka aplikasi ini, cuman tolong developer masa mau baca fc?? aneh bgt woy. tingkatkan lagi kompabilitasbya dengan berbagai macam device, masa update terakhir 2023?? semalas apa bruh??",2024-06-28 13:25:07
A Google user,2,"Masih ada kendala saat membaca dan mengunduh buku, tampilannya UI dan UX kurang menarik dan fiturnya kadang tidak bisa di klik, kecepatan unduhan sangat lambat, kadang sampul buku tidak sesuai judul, dan terlalu jadul, semoga ada perbaikan dan perubahan, terima kasih..",2024-06-26 10:06:34
A Google user,3,"bagus sih ak jd bs pinjem buku dgn mudah, tp ui uxnya jelek betul. suka ngelaggg jg ya Allah, huft cape bgt",2024-06-25 12:18:32
A Google user,1,"maaf ya sebenarnya berguna bangettt, bikin aku dan teman-teman suka baca tapi apk ini sering down & tidak merespon ketika dibuka, juga sering terjadi bug, mohon perbaikannya iPusnas💗😿 hi, masih error sampe sekarang ih T-T (bln juni going to juli) pdhl minat baca sedang tinggi-tingginya. maaf kalau kasar, tp kalian lama mengatasinya",2024-06-25 11:54:30
A Google user,1,"Banyak masalah. Benerin pls, masa sekelas perpus nasional apknya kaya gini. Gimana minat baca mau tinggi kalau gitu!",2024-06-24 18:21:21
A Google user,3,"I USED TO LOVE THIS APP. Good varied books and features. Unfortunately, there are so many bugs now, the apps often forced to close itself and I can't even open the app or download the books with my wifi, but it works well with mobile data.",2024-06-23 04:42:07
A Google user,3,"Banyak buku yang tidak ada, tapi di internet tertulis bahwa buku yang dicari ada. Mohon di update",2024-06-23 03:30:41
A Google user,1,"saya ingin meminjam buku2 di sini dan mengharuskan saya untuk verifikasi email. dari sekian banyak update, saya tetap todak menerima verifikasi email setelah saya request terus-menerus. tolong diperbaiki karena saya tidak bisa meminjam.",2024-06-23 01:29:15
A Google user,1,Percuma anda membuat aplikasi seperti ini jika tidak bisa diakses saat ingin membuat akun,2024-06-19 10:48:16
A Google user,1,I can't borrow book there!! I'm just can add book to my whishlist,2024-06-19 04:55:19
A Google user,2,"Diupdate dong, diperbaiki bug bugnya. Berkali-kali keluar, login ulang, tapi tetep ga bisa masuk. Entah password benar atau salah, tetep stuck ga ada load-nya.",2024-06-18 04:09:06
A Google user,3,"Susah banget mau masuk, log in nggak bisa registrasi juga nggak bisa",2024-06-17 14:44:28
A Google user,1,kenapa gak bisa dibuka,2024-06-16 07:23:35
A Google user,1,"How about managing this Application more professional ...? There are a lot of readers out there, waiting for reading quality books from Indonesian Library.",2024-06-15 07:13:15
A Google user,1,Mau register aja gak bisa :(,2024-06-14 15:52:21
A Google user,3,"Bisa baca ebook di aplikasi ini. Tapi saya bingung kenapa harus ngasih phone, photo & video, music& audio permission? Apa urgensinya? Kalau gak ngasih permission, appsnya gak bisa dijalanin 🥺",2024-06-13 05:54:38
A Google user,2,"apps nya oke lah buat minjem buku, tapi kenapa batas peminjaman nya cepet bgt... juga dia tuh gabisa di bookmark, kalo di tutup bukunya selalu balik ke awal, malah jadi bete kan kaya gtu. dari kapan tau mode bookmark nya coming soon mulu ih sebel",2024-06-12 10:29:18
A Google user,2,"1. Tidak ada fitur untuk wishlist secara manual. Wishlist baru aktif saat ingin meminjam tapi buku tidak tersedia dan ingin mengantri. Bedakan antara wishlist (buku yg ingin dibaca) dan queue (mengantri untuk meminjam). Bisa saja orang memiliki wishlist untuk dibaca di masa mendatang, bukan untuk dibaca saat ini. 2. Tidak ada notifikasi saat buku yg di queue telah tersedia, sehingga sering terlewat dan mengantri ulang.",2024-06-08 23:58:00
A Google user,1,Aplikasinya jelek. Suka crash dan gak bisa login.,2024-06-08 10:23:33
A Google user,4,"Secara keseluruhan bagus bisa mengakses buku buku apapun secara gratis dan bisa dibaca sat offline tetapi terkadang terjadi ketidaknyamanan seperti lag, ngebug dll, tampilannya bisa dipercantik lagi secara kekinian, sukses terus untuk tim ipusnas dan semoga bisa berkembang terus dan tidak berhenti",2024-06-08 07:14:23
A Google user,1,Sungguh mengecewakan!!! Tailahh,2024-06-07 17:13:00
A Google user,1,"Lagi-lagi dengan masalah yang sama, sudah berapa kali ganti akun karena hal seperti ini. Tidak bisa masuk aplikasi. Sudah reinstall, tapi saat masuk dengan akun lama tidak bisa, forgot password juga tidak ada email masuk.",2024-06-07 00:40:41
A Google user,2,i can't even open the app.,2024-06-03 02:01:35
A Google user,3,"Seneng banget ada aplikasi ini, bisa pinjam buku gratis dan baca dimanapun. Sudah satu tahun pake ipusnas, permasalahannya cuma sering ngebug. Makin kesini makin sering ngebug 😭😭",2024-05-28 07:54:14
A Google user,5,"Seneng bgt ada apl buku online free, thankyou ipusnas",2024-05-26 13:25:42
A Google user,5,Good,2024-05-25 08:09:41
A Google user,5,"Wah.... Luar biasa... Sebelumnya saya mengalami kendala log-in dan registrasi.. Setelah menghubungi pihak ipusnas melalui email, keluhan saya langsung diatasi... Bahkan tidak sampai 24 jam meskipun email keluhan saya kirim di malam hari... Saya berharap mendapatkan pengalaman yang menyenangkan bersama ipusnas.. Semoga ipusnas semakin berkembang kedepannya.. Salam literasi 📚",2024-05-24 03:38:21
A Google user,1,belakangan ini aplikasi sama sekali tidak dapat diakses.,2024-05-22 13:20:47
A Google user,5,Terimakasih ipusnas sudah bisa diakses kembali.,2024-05-21 13:01:17
A Google user,4,"Terima kasih sy haturkan atas responnya, sy telah bisa kembali log in di aplikasi ini,mudah2n aplikasinya tetap stabil. Ada baiknya memberitahu pengguna jika aplikasi sedang melakukan pembaharuan data",2024-05-21 11:57:05
A Google user,1,"Aplikasinya suka hang sendiri, tolong segera diperbaiki",2024-05-21 00:41:22
A Google user,2,"Saya selalu menggunakan aplikasi Ipusnas untuk kegiatan sehari-hari namun udah beberapa hari ini aplikasinya tidak bekerja dengan baik dan terdeteksi ada bugs. Saya harap dengan menulis review ini, tim developer bisa segera menangani masalah aplikasi ini. Terima kasih",2024-05-20 23:46:50
A Google user,1,"Akun sering keluae, buku terbatas. Memang pemerintan layanannya kureng",2024-05-20 22:29:07
A Google user,1,"So many bug, I cant open the app and always in loading screen",2024-05-20 14:43:26
A Google user,4,"I love everything about this app, tpi tolong diperbaiki lagi. Aku sering ter-logout sndiri dan malah susah masuknya😢",2024-05-20 14:34:50
A Google user,1,appmya bagus tapi sering crash,2024-05-20 13:55:00
A Google user,3,"sebenernya sistem peminjamannya cukup bagus,namun aplikasinya banyak banget bugnya...dan paling sering adalah appnya tidak bisa terbuka ( entah itu stuck di loading,force closed,ataupun no signal ... padahal sudah berganti jaringan,mulai dari wifi, paket data, bahkan hotspot. ). tolong diperbaiki untuk aplikasinya🙏. terkadang appnya sudah benar & berfungsi dengan baik tapi terkadang tetap force close ataupun tidak render. ini app banyak banget masalahnya,error terus + gk bisa login",2024-05-20 10:55:26
A Google user,2,"For a few days, I can access and read the books, although it's not that convenient to use but still okay, but today i cant open the app, then i can open it but i have to login, i forget the password but it keep saying no connection, my internet connection is good btw, the collection n epustaka page cant be reload also, it says data not found.",2024-05-20 10:02:43
A Google user,1,error terus knp ya,2024-05-20 09:33:54
A Google user,1,"kenapa gini apk nya sih, katanya mau majuin sdm tp apk aja ga nyaman buat dipake. tau tau ke logout sendiri, buat login susah bgtt, uda stabilin jaringan sama aja hasilnya. bahkan hapus data, restart hp, install ulang ngga membantu sama sekali. tolong diperbaiki lagi.",2024-05-20 09:33:22
A Google user,2,"Kadang apknya suka ngebug sama tiba-tiba akunnya keluar sendiri berkali kali. Kadang juga kalau mau login nggak bisa-bisa, mohon untuk diperbaiki ya, padahal bukunya udh beragam, sayang banget suka eror 😭",2024-05-20 09:31:23
A Google user,1,Aplikasi erorr,2024-05-20 07:08:10
A Google user,3,Baru buka app sering banget ada bug jadi ganggu banget mau baca,2024-05-20 06:52:33
A Google user,1,The apps keep force close,2024-05-20 04:09:19
A Google user,1,servernya gajelas kaya sampah,2024-05-20 04:03:43
A Google user,3,"Kenapa akhir akhir ini banyak bug nya, gagal login mulu :'(",2024-05-20 03:40:43
A Google user,3,"Suka karena bisa minjam buku secara gratis, tapi bugnya yolong diperbaiki.",2024-05-17 13:17:18
A Google user,1,"Terlalu banyak bug, tidak bisa login. Tolong segera diperbaiki.",2024-05-17 09:33:43
A Google user,1,"Ngga bisa2 login entah kenapa. Pas bisa login, sering keluar aplikasi & stop tiba2. Baru juga mau mulai rajin baca lagi, udah diuji sama iPusnas. 🥲",2024-05-17 07:47:39
A Google user,4,"halo mau tanya, apakah aplikasinya sedang under maintenance? karena loadingnya lama sekali dan langsung keluar sendiri. terima kasih",2024-05-17 06:54:33
A Google user,1,"Mohon diperbaiki ya. Ini parah sekali aplikasinya, ngebug terus. Tidak bisa dibuka, sering force close.",2024-05-17 05:25:13
A Google user,5,"Bug, tolong ngga bisa diakses",2024-05-17 05:00:48
A Google user,2,Kenapa ya tiba² ga bisa dibuka aplikasinya? Padahal lagi butuh bgt karena mau ngelanjutin baca buku referensi yg aku ambil dari sini,2024-05-17 04:38:56
A Google user,4,"Sangat membantu memperkaya bacaan tanpa harus beli buku. TAPIIIII tadi baru otw baca buku ke-2, eh aplikasinya tiba-tiba nutup sendiri. Udah dicoba berkali-kali bahkan sampe restart hp, ternyata masih sama aja. Mohon bantuannya kak :)",2024-05-17 04:11:33
A Google user,1,"aplikasi baca gratis tapi jelek banget! kalau close/keluar apk dikit bacaan nya balik lg ke awal. ga ada notif samsek tentang buku. sering error. hpku bbrp kali stuck di waiting waktu mau download buku. lamaaa bgt. aku close. eh gak bisa download lg. malah masuk ke history, gak ada di rak buku. benerin dong bug nya! mau komplain ke twt gak aktif, ig gak punya. nyebelin bgt. BENERINNNNNN!!!!!",2024-05-17 03:06:20
A Google user,1,"Tidak bisa baca, sudah registrasi, tp pesan verifikasi tidak terkirim ke email..",2024-05-12 11:25:39
A Google user,1,"KENAPA SIH APLIKASINYA LAMA DIBUKANYA??? BUKAN SEKALI DUA KALI KAYAK GINI! BERULANG KALI TERJADI ☺️ KENAPA APLIKASINYA JUGA SENSITIF BGT, LAGI BACA TIBA-TIBA NEXT LAH, KE PENCET YANG LAIN LAH. TOLONG DONG DIPERBAIKI. TOLONG YA. TRIMS.",2024-05-10 16:01:31
A Google user,2,Knp yaa ini di tablet aku gak bisa kebuka?? Padahal internet lancar2 ajaa tolong dong min,2024-05-05 10:20:07
A Google user,5,"Bagus, ga ada masalah apapun.",2024-05-05 09:11:34
A Google user,5,Suka freezing ya,2024-05-03 12:45:40
A Google user,4,"Ada bug yang membuat aplikasi tidak bisa dibuka dan digunakan sama sekali, meskipun sudah menghapus cache aplikasi",2024-04-29 15:23:57
A Google user,2,There is a problem that i cant reset the password because the link that IPusnas send to me in GMAIL cannot be open. Please fix it,2024-04-29 11:44:51
A Google user,3,"Saya suka aplikasi ini sangat membantu.namun sayang banyak bug, apk nya sering tidak bisa di buka, skrg saya copot dan pasang lagi malah login gabisa, padahal saya perlu untuk ambil teori skripsi saya",2024-04-29 06:57:36
A Google user,5,"Maaf, hari ini iPusnas sedang error kembali ya? Atau memang perangkat saya saja yang sedang bermasalah?",2024-04-29 06:45:30
A Google user,4,"terobosan menarik utk tingkatkan minat baca terutama buat kaum miskin & mendang mending utk beli buku & jauh dr perpus fisik. hanya saja di android lebih sering error, forced close. smtr di ios lebih stabil, hanya saja utk versi ipad, blm nemu dimana tombol book return nya, jd ngerasa bersalah krn ga ngembaliin buku segera stlh selesi baca, pdhl antreannya masih banyak. sama, bookmarked nya sering hilang 😭 semoga segera dibenahi",2024-04-29 06:35:23
A Google user,3,"lag mulu ipusnas deh, males",2024-04-29 06:34:13
A Google user,2,Fix the bugs please,2024-04-29 03:07:57
A Google user,3,Tolong diperbaiki aplikasinya. Saya udah login tetap tidak bisa masuk,2024-04-29 02:20:28
A Google user,2,gabisa dibuka. Padahal kemarin dipakai masih normal,2024-04-29 02:18:37
A Google user,2,Kesulitan login di pc ataupun hp padahal internet lancar jadi gabisa buka,2024-04-29 01:29:19
A Google user,1,Apk jelek ga bisa digunain,2024-04-29 01:13:33
A Google user,2,Ipusnas kok sering error yaa? Mohon diperbaiki servernya.,2024-04-26 01:35:04
A Google user,5,"bagus bgt tp lagi eror. kadang tampilan ui nya bikin greget, smg lebih baik lagi ke depannya dan segera beres erornya. mau lanjut baca lagi.",2024-04-26 01:32:53
A Google user,1,"aplikasi bug gabisa dibuka, gabisa login juga",2024-04-26 00:18:59
A Google user,2,"tolong dong lebih diperhatikan lagi kekurangannya. fitur-fiturnya masih terbilang primitif, kurang nyaman ketika digunakan. yang paling bikin mengganggu adalah ketika membaca slide tertentu lalu malah berpindah ke slide yg jauh.",2024-04-25 16:11:48
A Google user,5,"Sebuah aplikasi yang sangat baik untuk meningkatkan minat membaca. Banyak pula judul-judul novel baru. Tapi sayangnya aplikasinya di saya masih tidak bisa digunakan untuk membaca buku. Setiap membuka buku yang sudah dipinjam, pasti force closed. Sangat disayangkan :(. Saya menggunakan Poco M6 pro dengan Android 13 apakah ada saran?",2024-04-25 11:54:21
A Google user,2,"overall it's quite good, but I can't register my account on this app, I can't even read one book because of the bug.",2024-04-23 13:03:12
A Google user,4,"Is this app down or under maintenance? Aku coba buka app Dan login, gak bisa udah 2 Hari. Any news?",2024-04-23 09:40:31
A Google user,1,"Tidak bisa memuat gambar dan tulisan, loadingnya juga lama kadang app jga mandet",2024-04-23 03:50:43
A Google user,2,"lebih ditingkatkan lagi dong apk-nya, lemot, trus suka keluar sendiri",2024-04-23 00:43:45
A Google user,1,"Tolong perbaiki lagi aplikasinya. Sering terjadi error dan antrian yang terlalu lama, sebaiknya berikan limit kepada pengguna yang return-pinjam buku berkali-kali sampai pengguna lain tidak bisa pinjam buku yang ada. Juga perbaiki untuk highlight teks, karena sangat sulit untuk menghighligt teks.",2024-04-19 06:34:53
A Google user,2,"jelek ui/ux nya, bermasalah mulu",2024-04-16 01:15:39
A Google user,2,ga bisa dibuka selain pakai mobile data huhuhu pdhl di rumah aku pake wifi🙃,2024-04-15 12:44:59
A Google user,3,Sering error,2024-04-15 00:05:02
A Google user,5,"Ipusnas tolong dong di update app nya, saya ga bisa baca buku",2024-04-07 10:41:49
A Google user,1,Kembalikan aplikasi ipusnas seperti dulu. Yang sekarang aneh sekali. Tersentuh sedikit sudah kembali ke sampul buku. Saya kan tidak selalu hapal halaman berapa terakhir saya membaca. Kalau pakai bookmark akan kembali ke halaman yg kita bookmark. Tersentuh sedikit sudah ada fitur ubah warna text segala macam. Tidak berguna pada tempatnya!,2024-04-05 04:14:52
A Google user,5,Ada Bug sehingga aplikasi ga bisa digunakan,2024-04-03 22:47:21
A Google user,2,PLIS BGT kalo servernya suka labil ya seenggaknya walaupun ada stok bisa masuk rak antrian gitu loh. ini udah seneng dapet judul yg ripiu nya bagus tp gabisa diapa2in:(( trus ini buku populer susah bgt return nya ASTAGAAA gak andro gak pc sama aja????? tolong bgt,2024-04-03 15:40:16
A Google user,4,"haloo, min! sebenernya aku udah seneng bisa baca buku dengan gratis, tapi beberapa buku kayaknya ada yg stoknya dikit ya? bbrp buku yang aku antri sudah dari lama belum juga ada kesempatan untuk pinjam dan baca. Untuk request penambahan stok buku kemana ya kaa? Dan, satu hal lagi, aku harap aplikasi ipusnas bisa mengembangkan atau menambah fitur notif yaa, paling enggak untuk dm. Karena sangat menghambat komunikasi. Atau tahu tidaknya antrian buku yang sudah ditunggu-tunggu. Terima kasih!!",2024-04-02 20:07:00
A Google user,3,Kadang eror males,2024-03-31 06:55:55
A Google user,5,"Notifikasinya lebih bagus kalo muncul di luar aplikasi deh,kyk notif fb gt,kalo cuma di dlm aplikasi,kita ga tau kalo ga buka apk nya,jadi kalah cpt sama yg slalu mantengin kalo lagi ngantri",2024-03-28 11:58:23
A Google user,2,Gak tau kenapa apk nya gak bisa dibuka klo pake wifi,2024-03-25 07:51:57
A Google user,2,"Jujur saja koleksinya lumayan, tapi hanya untuk buku tertentu, masih sangat banyak buku Indonesia, apalagi berbahasa asing yang ngga tersedia, bukan hanya fiksi tapi juga non-fiksi. Selain itu, tampilan saat membaca sangat tidak fleksibel (tidak dapat membuat tangkapan layar, tidak ada terjemahan, riwayat bacaan terhapus), tidak ada sistem antrian jadi siapa cepat dia dapat.",2024-03-25 04:49:30
A Google user,1,"saya sebelumnya udh pake dan semoet gapake lama. terus sekarang mau login dengan email karena sudah punya akun, tapi tiap link ke email tersebut gak pernah bisa alias eror. pindah ke web nya ternyata sama aja. tolong dong solusinya gimana ini",2024-03-24 14:25:57
A Google user,1,Ayo donk di update lebih bagus lagi aplikasinya :((,2024-03-24 07:07:02
A Google user,5,"Bagus sih. Tapi saran kalo misalnya mau ngembaliin buku yang dipinjem, ga usah nunggu 24 jam karena ada buku2 yang selese dibaca dalam waktu kurang dari 24 jam. Sama minimal pinjemnya ditambah, univ aja maksimal 4. Biar tiap hari bisa baca buku. Terima kasih. Udah ditambah jadi bisa minjem banyak. Thank you. 😭😭 Admin yang baik, boleh ngasih saran lagi huhu. Tolong kerja sama dengan one drive supaya kami bisa akses lewat libby. Terima kasih karena selalu mendengarkan masukan kami.",2024-03-23 12:39:51
A Google user,1,"Aplikasinya ga bisa bukan file yang udah didownload, selalu crash keterangannya ada bugs. Please fix this.",2024-03-22 16:18:12
A Google user,1,ERROR TEROSSSSS UDAH 2 HARI GW KAGAK BISA LOGIN,2024-03-22 02:54:29
A Google user,1,please fix the bug! i cannot login and lost my books!,2024-03-18 12:46:33
A Google user,4,"kenapa g ada notifnya kalo misal buku yg kita masukin ke antrian sudah tersedia? Jadi harus sering"" buka app biar ngeliat cuma kan g efektif bgt",2024-03-18 03:50:04
A Google user,2,"saya pakai di samsung tab s9 fe. berulang kali reinstall, tetap tidak bisa buka buku yang saya pilih.",2024-03-17 11:48:48
A Google user,1,"Sebulan coba sangat bagus Dan rekomen, tp setelah itu sering keluar sendiri saat loading di logo ipusnas. Tolong diperbaiki bugnya yaaa. Bukunya bagus2, sayang kalo appsnya error 😔",2024-03-16 01:37:54
A Google user,3,bagus tapi suka ngebug :(,2024-03-14 02:44:40
A Google user,2,Aplikasi sering macet agak lama Aplikasi tidak bisa buka,2024-03-12 06:08:52
A Google user,3,Halo admin.. bisa kah dibantu mengatasi bugs aplikasi ini di Redmi pad SE. Soalnya loading koleksi buku anak hanya sampai scroll pertama saja. Scroll lagi tidak bisa. Tidak loading koleksi barunya. Terima kasih ya. Aku bintang 5 deh kalau sudah beres troublenya... Trims...,2024-03-02 03:07:08
A Google user,3,"Highlight-nya suka aneh, tekan apa yang terhighlight apa. Mau highlight saja habis 5 menit karena aplikasinya gakmau highlight bagian yang diinginkan, kudu sabar. Waktu sudah terhighlight tau-tau yang awalnya pink berubah warna jadi merah, lah jadi susah dibaca, padahal TIDAK SAYA TEBALKAN. Ada juga bagian yang tidak pernah sama sekali saya sentuh terhighlight merah. Hadeh 🤦",2024-02-29 18:11:09
A Google user,1,"Error sudah dipinjam tapi app nya crash, judulnya Prinsip Dan Praktik Bantuan Hukum Di Indonesia Jandi Mukianto, S.H., M.H., LEGAL AID Bantuan Hukum untuk Orang Miskin ROBERT EGERTON, M.A.. LL.B.",2024-02-29 02:15:33
A Google user,1,Aplikasi selalu force closed setiao mau baca buku!!!,2024-02-28 10:52:30
A Google user,1,Tdk bs baca buku yg dipinjam sdh lbh dr 1 bln... Mhn perbaikannya,2024-02-26 00:56:11
A Google user,3,"Sudah jarang crash. Tapi hasil pencarian di versi android beda dg hasil pencarian di versi windows. Sy cari ""arswendo"", di versi windows ada serial Imung dan Kiki. Di sini g ada. Trims.",2024-02-24 14:01:26
A Google user,5,"Sudah update, bagus kritik saya ditanggapi Semoga kedepannya bisa mencerdaskan anak anak bangsa dan memantik logika berpikir",2024-02-21 12:15:39
A Google user,3,Baguss si bukunya byk tp gampang error,2024-02-20 23:19:12
A Google user,3,"Buku yang sudah dipinjam tidak bisa dibaca, aplikasi langsung force stop.",2024-02-20 14:04:38
A Google user,1,Login sudah masukin email tapi alert error format email correct. Saya ubah bintang nya kalo sudah perbaikan lagi. Jangan ikut kayak aplikasi pemerintah yang lain yang banyak bug.,2024-02-20 00:41:21
A Google user,4,Bagus. Tapi kurang fitur untuk melihat daftar buku yang daftar tunggunya kosong. Kadang mau baca buku dari beranda malah daftar tunggunya banyak banget.,2024-02-19 07:41:33
A Google user,4,"Manfaat aplikasinya mengalahkan kekurangannya. Tapi serius deh, saya kesal sekali setiap ingin meng-highlight tulisan. Sangat susah diatur! UI ipusnas juga sejujurnya kurang menarik. Tapi terima kasih sudah membuat literasi lebih mudah diakses.",2024-02-19 03:19:17
A Google user,3,"fitur bookmark sejauh ini tidak berfungsi dgn baik, kadang hilang atau blm tersedia. fitur highlight jg blm mulus, menyebabkan glitch seperti pindah halaman atau error. mohon diperbaiki. sgt dibutuhkan utk menandai buku2 tebal.",2024-02-17 18:38:30
A Google user,1,Unsatisfied,2024-02-17 13:51:53
A Google user,1,"halo admin, saya baru saja ingin join ipusnas dan baru mau registasi. tapi kenapa tidak bisa ya? apakah Ipusnas sedang ada kendala? tolong kabari dan bantu saya yaa",2024-02-15 17:23:11
A Google user,1,"Tolongggggg aplikasi forced close terus, mau verifikasi email sejuta kali ga ada email masuk. Not recommended",2024-02-15 05:27:45
A Google user,1,Mo minjem buku harus verifikasi akun via email dulu. Tapi email verifikasinya gak muncul2. Berkali2 resend tetep gak ada. Gak di inbox. Gak di spam. Gimana mo minjemnya ini??,2024-02-13 03:52:30
A Google user,1,i can't use it and it keeps saying it doesn't able to open.,2024-02-12 07:08:49
A Google user,1,Gagal terus mau pinjam novel. Tolong diperbaiki dong min,2024-02-09 01:23:38
A Google user,3,Ngga bisa diperbesar fontnya terlalu kecil. Hanya beberapa buku yg formatnya epub saja. Ayo dong ipusnas ditingkatkan lagii,2024-02-06 14:40:39
A Google user,4,"Masih banyak bug yang harus diperbaiki. Kalau bisa tampilannya lebih dibagusin. Tambahkan fitur pencarian buku berdasarkan tahun terbit. Saat membaca, tambahin fitur lock agar saat membaca ga lari, dan tambahin fitur simpan buku yg lebih mudah.",2024-02-06 13:08:12
A Google user,3,"Saya baca buku Paulo Coelho yg The Alchemist bookmarknya hilang terus pas kita mau lanjut baca. Nge tag tulisan pun susah, tolong di perbaiki.",2024-02-05 05:17:57
A Google user,2,Bad UI and UX,2024-02-03 10:06:47
A Google user,4,Akun saya kenapa ke logout sendiri ya dan mau login susah sekali,2024-02-03 00:33:57
A Google user,2,why is it so hard to bookmark some sentences? the text blocking can't work properly,2024-01-31 03:33:43
A Google user,1,why this application always error??? fixed the sistem please!,2024-01-30 02:50:20
A Google user,2,"Please bikin aplikasi berhenti dimana terakhir dibaca dong,di bookmark juga suka ilang ilangan parah banget deh Sayang kalo misalnya gak di perbaiki tuh ini perpus onlen yang keren sebenernya",2024-01-28 14:53:45
A Google user,1,Can't sign up,2024-01-28 14:20:04
A Google user,5,"kurang enak buat bacanya. kadang goyang goyang dan sehabis membaca ketika membuka bacaan lagi, bacaan sebelumnya tidak tersimpan, terakhir saya ingin aplikasi ini seperti ebook yg ada di google, yang buat nyaman saat membacanya",2024-01-27 15:53:42
A Google user,2,tidak bisa login,2024-01-25 22:38:16
A Google user,1,"gabisa register, balik lagi rating 5 kalau nanti bisa register. setiap mau register terus muncul failed, network timeout",2024-01-24 01:10:10
A Google user,3,Kenapa buka ipusnas loadingnya jd lama ya? Syg bgt ☹️,2024-01-20 10:13:41
A Google user,2,Aplikasi sering error. Kemarin ke log out dgn sendirinya dan gak bisa log in lagi. Gimana ya?,2024-01-19 00:46:02
A Google user,5,Terimakasih atas layanannya delovers,2024-01-18 05:42:57
A Google user,3,"Good collection of books, but is buggy--app kept closing.",2024-01-17 05:43:32
A Google user,2,"Dulu aman2 aja bukak bisa login dgn facebook, sekarang ga bisa, malah disuruh bikin akun sendiri, di daftarin malah ga ada respon sama sekali dari appnya. Ga jelas banget",2024-01-15 04:12:56
A Google user,2,Gak bisa register gimana coba apps belom siap ngapain di upload playstore,2024-01-15 03:55:19
A Google user,2,"Nggak bisa baca buku apa-apa, tapi pinjam bisa. Udah ada di borrowed books tapi pas dipencet malah nutup sendiri appsnya 😓😓 ini kenapa ya, koneksi lancar padahal. Sayang banget buku yang dipinjam nggak bisa dibaca ;__;",2024-01-11 15:41:15
A Google user,2,"Registrasi susah bangetttttt, selalu failed",2024-01-11 10:28:48
A Google user,3,"Belakangan ini servernya sering down & error ya. Mau pinjam buku failed terus, dan tiba2 logout sendiri. Waktu mau login ulang juga susah banget. Pas udah login, eh ga ada buku apapun di dalamnya.. 😅",2024-01-11 00:28:25
A Google user,5,aplikasinya bagus terus kadang suka restock buku yang populer walau cepet juga kehabisannya. saran dari aku mungkin durasi peminjaman dibuat 2 minggu soalnya 5 hari itu aku gak sempet nyelesein bukunya dan mau perpanjang juga susah mesti rebutan pinjem lagi. sama satu lagi usul kerja sama dengan libby biar bisa baca buku ipusnas di kindle. makasih,2024-01-10 23:59:42
A Google user,3,"Ini kenapa pliss buku yg kupinjem ilang semua, apa emg sistemnya bakal otomatis balikin buku yg kita pinjem setelah bbrp hari??? Sedih banget sih jujur, klo emg sistemnya gitu seengaknya bisa kasih notifikasi ky peringatan batas waktu peminjaman berakhir sampai kapan gitu. Sama bisa sih ini mulai di upgrade dari look dan banyakin fiturnyaa, bisa nambahin filter judul berdasarkan abjad, filter berd. rating atau yg paling banyak dipinjem dll. Semoga bisa jadi masukan dan perbaikan nih!!",2024-01-09 02:54:07
A Google user,1,Tiap kali dibuka file buku yang dipinjam langsung force close,2024-01-07 14:06:42
A Google user,3,"salah satu masalah di aplikasi ini adalah fitur pencariannya. beberapa kali saya mau cari judul buku yang saya inginkan malah keluar judul lain. padahal saya ingat betul judulnya serta nama author yg tetulis, dan sudah saya pastikan di kolom pencarian sangat spesifik. untuk fitur pencariannya mohon di perbaiki supaya lebih mudah digunakan, terima kasih",2024-01-06 14:20:41
A Google user,3,"Sudah 3 hari tidak bisa log in,padahal sudah dicoba di tiga device yang berbeda. Aplikasi juga tidak bisa dibuka.",2024-01-06 11:53:31
A Google user,2,"Can't borrow books, keeps getting errors",2024-01-01 23:56:04
A Google user,3,bukunya banyak yg populer tapi server nya minus bgttt jd gabisa pinjem,2024-01-01 23:27:44
A Google user,1,"ada masalah di bagian registrasi, jadi aku gk bisa baca dehh :(, mohon sistem ny diperbaiki pls 🙏",2023-12-30 08:33:17
A Google user,1,":(((( udah coba registrasi berkali² soalnya mau cari referensi dari buku² yang tersedia di iPusnas, tapi registrasinya selalu gagal padahal udah seharian nungguin, tolongg yaa ipusnass akuuu butuh bangeet ngett ngett ☹️☹️",2023-12-30 08:24:19
A Google user,3,hello. kok ini banyak bugnya ya? udah gitu ngelag bgt lagi,2023-12-26 14:36:28
A Google user,4,"Setelah melakukan serangkaian percobaan untuk bisa login namun gagal, akhirnya berhasil. Terima kasih untuk tetap berusaha melakukan pelayanan yang terbaik. Saya mengerti bahwa kepuasan pemustaka adalah tujuan utama sebuah perpustakaan. Semoga kedepannya semakin lebih baik lagi. Salam literasi.",2023-12-26 04:45:43
A Google user,4,"emai belum terverifikasi, penanganan nya bagaimana ya? padahal sudah register dan login",2023-12-25 13:10:00
A Google user,2,Difficult to regist.,2023-12-24 03:43:53
A Google user,4,"Aplikasinya bagus. Buku yang disediakan juga stocknya sudah mulai banyak. Hanya saja, saya rasa perlu ditambahkan opsi Wishlist yang fungsinya tidak hanya untuk buku yang belum distock kembali, melainkan juga untuk buku yang ingin dibaca, tapi belum sempat dipinjam. Terima kasih",2023-12-23 18:35:03
A Google user,5,"Aku berterima kasih pada aplikasi ini, karena sangat membantu untukku yg ga bisa beli langsung buku fisiknya, dan banyak copy-an yg tersedia. Cuma kadang suka tiba-tiba eror dan itu menganggu bnget, tapi ga masalah karena biasanya erornya ga lama. Dan aku minta tambahin lagi buku2 yang lain ya min, aku req The Burning God karya R.F. Khuang, thank you adminn‼️🙏",2023-12-19 13:32:59
A Google user,4,kadang suka ngelag ih kalo bukunya tinggal 1 copy doang :(,2023-12-19 05:44:57
A Google user,3,kurangnya fitur bookmark,2023-12-19 00:35:12
A Google user,3,"Seneng banget aplikasi ini, bisa jadi alternatid klo nyari buku. Heuheu, tpi masih sering bug kak min",2023-12-18 22:54:41
A Google user,4,Good website for readers...esp when we have a trip. No need to bring physical book.,2023-12-17 05:27:17
A Google user,2,"tolong kualitasnya ditingkatkan minimal sama seperti aplikasi google playbook min.. dari tingkat kecerahan, bookmark buku dll tolong ya min, biar saya betah berlama2x baca buku disini",2023-12-13 23:00:59
A Google user,5,"sudah pakai lama, tapi baru kasih rating sekarang..terima kasih sudah membuat saya bisa baca buku tanpa harus pergi ke toko buku",2023-12-13 09:27:05
A Google user,2,"Sangat membantu untuk orang orang yang minim budget yang ingin membaca・ Tapi sayangnya saat membaca seringkali tiba tiba halamannya kembali ke halaman pertama entah kenapa, sangat mengganggu dan merepotkan",2023-12-10 23:01:36
A Google user,3,"App ini sebenarnya sangat membantu, hanya saja banyak masalah dalam penggunaan app ini. semoga pihak perpustakaan nasional dapat mengupgrade permasalahan-permasalahan mereka agar penggunanya makin banyak.",2023-12-10 05:29:31
A Google user,5,"Saya suka aplikasi ini. Namun tidak bisa meminjam, error terhitung sejak kemarin siang. Saya harap segera diperbaiki",2023-12-07 18:28:03
A Google user,2,"Udah bisa login makasih, tapi pas mau cari judul buku malah ga ada yang muncul :( Aku tulis 'bahasa"" satupun g ada yang keluar. Mohon bantuannya 🙏🏻",2023-12-07 15:42:27
A Google user,1,"Yaelah dari bertahun tahun masih aja suka error ngga jelas, mentang-mentang gratis gitu kah ngga pernah ada major upgrade, minor upgrade pun ngga berarti",2023-12-07 15:11:46
A Google user,1,"Gampang eror ya, saat waktu-waktu genting malah tidak bisa diandalkan",2023-12-07 14:17:28
A Google user,2,"LOADING NYA LAMA BGTT :( padahal sinyal aku bagus"" aja, trus pas aku mau cari judul buku hasil pencariannya ga keluar, pas mau minjam buku juga ga bisa, unknown error trus ☹️👎🏼, udh aku coba hapus sma install ulang tapi sama aja ga berubah",2023-12-07 13:41:01
A Google user,4,"Kak admin, kenapa sore ini saya nggak bisa pinjam buku, ya? Pdhal saya sdh update aplikasinya.",2023-12-07 09:30:25
A Google user,5,❤️❤️ thx Bermanfaat sekali app nya,2023-12-06 07:50:34
A Google user,4,"Sukak bangeett makasi ipusnas udah nyediain buku gratis & makin banyak koleksinya!! Tapi sedih bgt kalo lagi baca bookmark suka ngilang², kadang gabisa adjust teks, dan masih sering banyak bug. Huhuuu semoga cepet bisa diperbaiki dan berkembang biar kalo baca makin nyaman. Harapanku semoga dengan berkembangnya ipusnas, makin banyak orang indonesia yang suka baca buku (terutama secara legal hihi)",2023-12-03 08:04:47
A Google user,2,"Kenapa kalau scroll kategori buku berhenti di kategori komik, tidak bisa lanjut scroll ke kategori setelah itu?",2023-12-02 04:01:29
A Google user,5,terima kasih banyak ipusnas! berkat aplikasi ini aku jadi bisa baca banyak buku-buku yang belum sempat kubeli :'),2023-11-29 13:51:24
A Google user,5,Buku bagus-bagus copyannya banyak banget sampe ratusan. Dimanjakan sama ipusnas. Makasih Ipusnas. Love you ♡,2023-11-29 13:10:02
A Google user,5,"keren banget bikin hemat jajan bukunyaa, semoga tetep improve ke depannyaa😋🫶",2023-11-29 05:17:04
A Google user,5,Semoga banyak novel bahasa inggris ataupun bahasa asing lainnya yg diunggah disini. Dan perlu dark mode/night mode juga utk lebih nyaman mata mebaca,2023-11-27 11:39:06
A Google user,2,"Often crash, the app will forced close with no clue at all. Sometimes I also cant login, the app will stop at the first page. Hhh!",2023-11-25 17:01:04
A Google user,3,"Tolong tambahkan copy an bukunya dong, aku mau baca buku tapi masih nunggu antrian, dan antriannya itu lamaaaa bangett, harus nunggu 13rb orang yang udah ngantri duluan. plis plis yaaa tolong bgt tambahin copy-an nyaaa",2023-11-24 04:26:31
A Google user,3,"Bookmark nya ga berfungsi, koleksi nya masih kurang",2023-11-23 10:11:47
A Google user,3,"Udh pinjem buku, pas mau dibaca eh malah gaada riwayat peminjaman.",2023-11-21 15:04:45
A Google user,3,"Saya suka dengan aplikasi iPusnas. Tapi belakangan ini saya tidak bisa membaca buku-buku yang saya pinjam, sering sekali langsung keluar dari aplikasi dan pemberitahuan ""iPusnas closed because this app has a bug. Try updating this app after its developer provides a fix for this error"" Apakah ada solusinya?",2023-11-19 04:17:25
A Google user,1,"Aplikasi perpustakaan. Tapi butuh permission access kamera, microphone, foto dll. Buat apaa butuh akses sampe kesana ?",2023-11-15 03:02:50
A Google user,1,Why is it running so slow and come out on own.,2023-11-12 18:18:12
A Google user,2,Teks buku ga bisa di tandain dgn kalau udh baca sering g kesimpen progress nya,2023-11-07 23:57:57
A Google user,3,Seharusnya ada fitur notifikasi untuk ketersediaan ebooknya.,2023-11-07 19:05:30
A Google user,5,ok,2023-11-07 05:48:57
A Google user,5,Lavv,2023-11-06 07:46:10
A Google user,3,"Notifikasi ketika buku sudah tersedia tidak muncul di layar ketika tidak membuka aplikasi, hanya muncul di aplikasi saja sehingga perlu membuka aplikasi dulu untuk mengecek apakah buku sudah tersedia atau belum. Tombol bookmark juga tidak membantu karena seringkali hilang ketika membuka buku kembali setelah menutupnya.",2023-11-05 04:13:36
A Google user,3,Bagus padahal banyak pengetahuan yg disajikan. Tapi untuk sekelas aplikasi/web pemerintahan sangat disayangkan tidak user friendly karna ga ada fitur scrolling page nya. Smoga ditingkatin lagi ya khusus buat org2 IT nya.,2023-11-02 08:18:04
A Google user,3,"This app need easy flip page. . .Just suggest, make this app can use volume button to flip to next page or side touch to flip. Coz this app not use any function from volume key and the side touch made the page appear different. Thx, keep spirit, Dev",2023-11-02 03:42:48
A Google user,3,"ngga enak di mata. variasi layar pas baca cuma item sama putih. ngga ada variasi utk penanda kalimat. setiap keluar apps trs baca lagi, halaman jd balik ke awal. itu buruk menurutku. aplikasi macam read-era bahkan lebih baik dari segi fitur dan tata letak di mata. semoga apps perpustakaan digital bisa lebih baik kedepannya.",2023-10-28 00:19:38
A Google user,4,"Sangat membantu dalam memupuk kembali minat baca saya. Tetapi, sayang sekali ada bug yang membuat bookmark saya hilang setiap kali aplikasi ditutup. Jadi harus mengingat-ingat sampai mana bacaan saya. Menjengkelkan",2023-10-22 02:30:23
A Google user,1,"Ngak semua judul bisa dicari online, buku ada tapi nya bisa di find, kadang Nemu pas liat2",2023-10-17 01:12:51
A Google user,3,"1. Tolong ya buat desain grafisnya, pas mencet tengah tuh halamannya tolong gaperlu diperkecil gt (ngerti ga?) suka balik lagi ke halaman awal. Ngerepotin 2. genre nya tolong lebih spesifik dong terutama FIKSI, kan bs di bagi2 lg biar nyari bukunya ga susah. 3. tambahin menu bookmark, karena kadang kita blm mau masukin ke library saat itu jg. 4. Udh ilang minat duluan krn nungguin ada stock Yg pertama mohon bgt buat diperbaiki krn sangat amat mengganggu buat referensi bisa liat app readera deh",2023-10-16 15:51:12
A Google user,5,"Aplikasinya sangat bagus, namun sayang cukup banyak judul buku yang saya cari pada aplikasi ini masih belum ditemukan, terutama buku pengetahuan. Saya harap buku pengetahuan yang terdapat pada aplikasi ini semakin lama semakin banyak.",2023-10-15 14:35:04
A Google user,1,"Aplikasi yg sebenarnya sangat bagus. Hanya saja akhir² ini selalu crash sehingga tidak bisa dibuka. Mohon segera diupdate. Setelah diberi jawaban, ternyata aplikasi masih bermasalah. Yaitu saat mencoba membuka buku yg dipinjam, aplikasi langsung close. Aplikasi sudah menggunakan versi paling update.",2023-10-15 04:47:13
A Google user,1,Saya setiap kali buka buku selalu minta direset,2023-10-12 05:21:29
A Google user,4,"So far cukup oke aplikasinya, perlu ditingkatkan kinerjanya, kecepatan akses dan koleksi. Saran: untuk login username dibuat single login dengan akun Perpusnas biar lebih terintegrasi. Trus ada fitur share, yg kalau ke IG Story nampilin cover buku, diklik bisa menuju ke aplikasi. Biar seperti Netflix, Spotify. Agar makin banyak yg tahu dan pakai apps ini.",2023-10-11 02:07:55
A Google user,3,"I just borrowed a book and downloaded it.. But when i click the ""read"" button, it back to first page, and i can't read the book.. The book called Alpha One by Cynthia Eden.. Is this a bug? If yes, please fix this.. Thank you..",2023-10-10 13:39:43
A Google user,1,"Login dg username & pass seperti sebelum"" nya gagal terus. Pilih alternatif lupa password, g ada yg masuk email yg sdh didaftarkan. What should i do?",2023-10-10 12:07:59
A Google user,1,"permisi, error mulu sedari 3 hari yg lalu, itu gimana ya",2023-10-10 09:23:33
A Google user,1,ga bisa login,2023-10-09 14:44:32
A Google user,4,"One thing that frustrate me the most is the bookmark. I marked a page this morning and exited the app because it took forever. This afternoon, I can't find my bookpage. So I tried to marked the page again but it won't load. Please firx this problem. Thank you. The book is ""Fanteen: Shadow"".",2023-10-09 07:05:25
A Google user,5,"Mari mulai membaca buku. Langkah pertama bintang 5 dulu, akan di-update secara berkala. Thankyou.",2023-10-08 12:23:46
A Google user,4,"Hi, I used to be able to open books I've saved, but not this time, would you help me out with this issue?",2023-10-05 04:27:13
A Google user,3,Sudah tdk bisa login pakai Facebook lagi ya? 😭😭😭 Plis jawab min. Ya Allah sedih bgt,2023-10-01 07:29:42
A Google user,4,"Setelah update terakhir, tiap mau baca buku jadi nggak bisa. :( Sebelum update baik2 saja padahal.",2023-09-28 13:24:50
A Google user,4,"tampilan terbaru yang sekarang rasanya kurang nyaman, tiap sentuh layar tiba-tiba mode bacanya berubah yang awalnya scroll jadi slide dan sebaliknya, ga bisa netap di satu mode baca.",2023-09-27 09:16:58
A Google user,1,"Seriously, aku dah sabar banget selama tiga hari ini, tapi ipusnas masih belum bisa digunakan. Ga bisa loading, stuck di antrian seminggu yang lalu. Berarti memang dah trouble sejak hari Minggu. Aku uninstall terus install lagi, malah ga bisa masuk.",2023-09-27 04:17:36
A Google user,2,"Saya tidak bisa buka buku yang telah dipinjam, malah aplikasinya tutup begitu saja. Ini sudah seminggu, dan saya tidak tahu bagian mana yang salah. Sudah saya restart, sudah saya coba login dan logout beberapa kali, tapi masih sama. Jadi, tolong diperbaiki. Trims.",2023-09-27 04:05:08
A Google user,1,"Hi. Informing that after I updated the app, there is no bugs fixed. Setelah saya memperbarui aplikasinya, tidak ada masalah yang diperbaiki. Saya sudah meminjam buku puisi dari Joko Pinurbo, yang berjudul Malam Ini Aku Tidur di Matamu. Ketika saya mencoba membuka bukunya, saya selalu kembali ke halaman utama ponsel saya. Tolong aplikasinya diperbaiki.",2023-09-26 07:54:29
A Google user,1,Aplikasi sampah. Sudah digital masih antri kayak perpus manual. Padahal di luar sana pdf gratis juga banyak tinggal download,2023-09-21 00:14:34
A Google user,5,"Semonga alokasi anggaran untuk buku digital melalui e-pespus makin diperbanyak, sehingga koleksi buku & stoknya makin banyak juga, karena e-pespus bisa dimanfaatkan seluruh rakyat indonesia dimanapun dia berapa. MERDEKA Btw, bookmark ya dibenerin dong, dan baiknya bisa sinkron antar device jadi pindah Dari smartphone ke tablet jadi makin mudah",2023-09-20 13:14:41
A Google user,3,"i love this app, how i can read the books i wanted but can't afford atm for free. but, the problem im getting these days is confusing.first the app doesn't work properly, when i want to open the app, it's loading in a few seconds, and then the app suddenly closed. i didnt click anything it's just happened out of nowhere. i re-installed the app and then i can't log back in to my account. i tried so many times but it says 'network timeout' and i clicked 'forgot password' but they dont email me yet",2023-09-20 03:24:27
A Google user,1,"Mau register kok gagal terus,?",2023-09-20 01:00:36
A Google user,5,"Padahal aku itu suka banget loh sama ini apk. Tapi kenapa ya sekarang kalau mau buka Ipusnas ngk bisa, langsung kembali ke layar menu. Ini kenapa ya? Tolong perbaiki ya.....",2023-09-19 23:28:25
A Google user,3,"Kenapa force closed terus ya? Padahal internet lancar, sudah diupdate juga Edit : mencoba buat uninstall, lalu install lagi, malah nggak bisa log in. Padahal internet juga lancar",2023-09-19 23:09:15
A Google user,2,"Kategorisasi pada kolom pencariannya lebih mirip toko buku daring Gr*media, yang menyulitkan pencarian. Tidak semua buku muncul pula ketika kata kunci ditulis. Sebagai aplikasi resmi dari Perpustakaan Nasional yang dibiayai uang rakyat, kalian seharusnya membuat kategorisasi sesuai standar perpustakaan (Dewey dll), karena hal itulah yang diajarkan di seluruh jurusan Ilmu Perpustakaan.",2023-09-19 10:28:13
A Google user,1,"Sekarang iPusnas sering banget eror. Masalah buku yang dipinjam gak bisa dibaca dan malah ngeclose sendiri belum teratasi, eh sekarang malah baru juga mau buka aplikasinya, gak lama ngeclose sendiri. 😌 Mohon lekas diatasi karena mengganggu banget. Terima kasih.",2023-09-19 07:33:30
A Google user,3,"Saya senang dengan iPusnas. Beberapa buku referensi bisa saya temukan. Cuma, saat update ke versi baru, aplikasi tidak mau terbuka, selalu close terus. Mohon diperbaiki segera supaya saya bisa melanjutkan tulisan saya.",2023-09-19 07:28:09
A Google user,2,"Setelah update ke versi 1.6.4, aplikasi malah tidak bisa digunakan. Proses unduh buku berjalan dengan baik, tetapi saat akan membaca buku, aplikasi selalu force close. Akhirnya balik ke versi 1.6.3 yang malah berjalan lancar tanpa kendala. (Asus Zenfone 2, Android 6.0.1)",2023-09-12 16:00:58
A Google user,1,"setelah di update ke versi baru, aplikasi ngebug dan tidak bisa digunakan untuk membaca. Mohon di upgrade lagi ke versi yang lebih baik, agar tidak ada bug.",2023-09-11 02:57:33
A Google user,1,Saat mau membaca buku yang telah saya pinjam aplikasi selalu force close.,2023-09-11 00:13:41
A Google user,3,ga bisa baca. keclose terus padahal udah download.,2023-09-07 14:57:19
A Google user,4,Add dark mode pls,2023-09-04 14:59:32
A Google user,4,"Halo. Aku sangat senang ketika perpusnas ada dalam genggaman. Aku bisa mengeksplor begitu banyak ragam buku di layar hp. Tapi membaca menjadi sedikit tidk menyenangkan ketika bookmark yg sudah ditandai hilang, halaman begitu sensitif dgn 1x sentuhan sehingga berubah ke halaman pertama lagi, padahal sudah di pertengahan buku (agak menyebalkan), & pengaturan blok kalimat yg baru hilang setelah 2 kali ketuk (sekali ketuk cukup). Semoga ada perbaikan demi kenyamanan membaca lebih baik. Terima kasih.",2023-09-03 11:12:13
A Google user,5,"Terimakasih pemerintah yang sudah menyediakan pelayanan via aplikasi ipusnas, sangat membantu rakyat jelata seperti saya..",2023-08-31 15:02:18
A Google user,5,Sangat bermanfaat... Karena bisa baca berbagai buku bagus...,2023-08-31 10:03:55
A Google user,4,"it's not working, blank space only -_-",2023-08-28 22:56:01
A Google user,4,"Halo admin, salam sejahtera. Untuk aplikasi sudah semakin baik ya. Tapi, saya ingin menginformasikan kalau iPusnas desktop yg saya install di laptop, beberapa kali close sendiri. Saya minta tolong untuk di follow up ke pihak terkait ya.",2023-08-22 11:50:48
A Google user,3,"Just installed this app in my new phone. And this app continues to force close. The only book i can read just Strawberry Generation. And all the novels i borrowed like Kesetiaan Mr.X, Will Grayson, Tingka can't be read. I really upset. It's really hard to borrow (the queue is crazy) that book, and when i borrowed it, i just can't read it.",2023-08-18 04:04:50
A Google user,4,Untuk aplikasinya udah bagus mungkin kedepannya bisa bekerjasama dengan percetakan lain atau dengan penulis dalam negeri,2023-08-18 03:27:29
A Google user,5,"Sangat membantu untuk orang yang kesulitan mencari buku atau membeli buku. Meskipun di buku tertentu menunggunya sangat lama, tapi terkadang ada penambahan jumlah buku yang bisa dipinjam.",2023-08-18 01:03:46
A Google user,1,Sering eror,2023-08-17 03:52:37
A Google user,5,"Aplikasinya bagus, cukup lengkap koleksi bukunya, hanya saja ketika saya buka aplikasi pada komputer sering close program sendiri",2023-08-14 06:34:38
A Google user,3,"Gaada history buku yg udah dibaca, terus pas searching 1 judul buku yg udah dibaca dan mau dibaca lagi malah ga ada :(",2023-08-12 19:24:03
A Google user,1,Kenapa tidak ada staupun buku yg bisa dipinjam ya?,2023-08-12 05:24:06
A Google user,4,Aplikasinya cuman ada gambar kartun 4orang dan Hastag mencerdaskan bangsa. (Edit) Sudah bisa di pakai tapi emang loadingnya lama,2023-08-09 05:25:49
A Google user,1,Sering bermasalah. Pas mau pinjem sering bad request. Proses memuat apknya juga lama banget.,2023-08-08 07:25:29
A Google user,4,"Koleksi bukunya banyak, tapi sering error",2023-08-08 04:17:44
A Google user,2,"Kenapa jadi susah ngembaliin buku? Selalu ada status ""invalid"", pdhl aplikasi sudah saya update dan biasanya tidak seperti ini, what's wrong with this app?",2023-08-08 01:13:54
A Google user,4,"Aplikasinya bagus banget bisa pinjam berbagai macam judul buku. Tapi masih ada yang harus diperbaiki : 1. gabisa chat pengguna lain (inbox), muncul tulisan: {""meta:{""code"":400,""error_message"":""tidak valid""}} (sudah dicoba pakai hp lain dan akun lain tapi masih sama) 2. gabisa return buku, muncul tulisan: !Failed is invalid, dan pilihan close 3. bookmark hilang 4. gabisa balas komentar pengguna lain, muncul tulisan : !Failed not been sent Sekian, tolong segera diperbaiki. Terimakasih banyak! 🙏🏻",2023-08-06 11:06:04
A Google user,3,Tanda bookmark pada buku hilang² terpaksa pake highlighter buat penanda buku dan tanda highlighernya juga semoga bisa dihapus min kalau seumpama kita salah highlight.,2023-08-05 18:06:49
A Google user,2,Masih bisa diskrinsut appnya Kasian yang nulis buku.,2023-08-05 07:07:19
A Google user,1,Kok mendadak gabisa return buku? Padahal dl hari ini dan mau memperpanjang peminjaman,2023-08-05 00:49:40
A Google user,3,"Since updating, there are lots of errors",2023-08-04 22:13:29
A Google user,4,"Plissss dong ipusnas!!!! 😠 Tolong notifikasinya bisa kelihatan di HP tanpa harus buka aplikasi nya🥺🥺 Sebel bgt tiap buka aplikasinya selalu aj ada notif yg beberapa jam lalu buku di wishlist udah tersedia, alhasil ak ga bs mnjem krna udah dipinjem orang lain😤 dan nunggu lama lagi😭",2023-08-04 10:16:57
A Google user,2,"Penanda halamannya tidak muncul (hilang) ketika aplikasi kita close, jadi ribet lagi nyari nyari udah sampai mana bacaan kita",2023-08-02 22:09:48
A Google user,2,bukunya bagus2 tapi sayang dilimit 5 buku per hari. pdahal halamannya emg sedikit,2023-07-30 13:56:04
A Google user,3,"Hai ipusnas! Saya sangat terbantu dengan adanya aplikasi ini. Tolong lengkapi buku-bukunya yaa. Khususnya novel dark series #4 di balik sosok gelap karya Lexie xu. Nanggung banget dark series lainnya udah ada, tinggal yang keempat itu. Tolong banget yaaa. Terima kasih",2023-07-30 12:55:35
A Google user,2,"Kecewa. Siang tadi saya mau pinjam buku buat kerjaan dan harus register padahal sudah masuk akun. Alhasil saya logout. Sesuai prediksi, usai log out karena lupa password susah lagi buat log in. Tahun kemarin saya sudah tulis ulasan perihal kendala log in ipusnas dan email dari admin ipusnas perihal link ganti password yang selalu ga valid. Saya sudah coba link ganti password 5 kali per siang ini dan ga ada yg ok. Saya penasaran bisakah literasi indonesia naik, dgn fasilitas yg kek gini?",2023-07-29 09:46:46
A Google user,3,"When read in dark mode, the screen would blinked everytime I touched the screen to move between pages. Quite annoying and ruin reading concentration. This is not happening in light mode. So clearly the dark mode is broken. Please fix this.",2023-07-28 16:25:48
A Google user,2,Fitur penanda lamannya belum bisa nih?,2023-07-23 17:45:14
A Google user,4,"Force close saat ingin membaca pada peminjaman awal.. mau scroll buku tapi ke detect seleksi teks.. bingung bagaimana solusinya ternyata tekan back.. semakin kesini semakin membingungkan aplikasinya, mau baca susah.. tolong dikasih petunjuk dulu kalau ada fitur baru..",2023-07-20 00:05:12
A Google user,1,Buruk,2023-07-17 12:14:27
A Google user,5,Saran saya untuk bagian history peminjaman buku ada baiknya diberi opsi publik atau privat. Saya sendiri merasa tidak perlu memperlihatkan kepada publik buku-buku yang akun saya telah pinjam.,2023-07-14 03:18:27
A Google user,5,"Membantu banget. Solusi baca buku hemat, mudah diakses, koleksi juga terus bertambah. Tinggal terus perbaiki bug aja. 🫶",2023-07-05 09:56:59
A Google user,3,"saya suka terima kasih sudah membuat aplikasi semacam ini saya tipikal orang yang suka membaca buku tapi tidak mau menghabiskan uang saya, tapi saya punya kendala seperti terkadang saya tidak bisa mendowload buku yang sudah saya pinjam",2023-07-03 06:27:55
A Google user,3,"Kurang memuaskan. Tampilan ngebosenin, antrean terlalu panjang, terus seringkali halaman yang sudah saya bookmark hilang. Ini jadi menyulitkan saya untuk melanjutkan bacaan. Tolong diperbaiki lagi, soalnya aplikasi ini sarana yang sangat bagus untuk membaca dengan legal.",2023-07-01 09:18:38
A Google user,3,Kenapa saat ini fitur bookmark hanya berfungsi ketika kita tidak menutup aplikasi? Ketika aplikasi tertutup bookmarknya hilang semua.,2023-06-29 00:45:47
A Google user,4,Bisakah dikembangkan aplikasinya sehingga bisa langsung terbuka halaman terakhir yang sedang dibaca?,2023-06-28 12:42:51
A Google user,3,"App biasa aja. Desain terlalu sederhana, dan kalo aplikasi nggak dibuka nggak akan tau ada notif. Buku kurang lengkap. Banyak author baru yang karyanya bagus-bagus belum ada koleksi bukunya. Oh iya, dan gak bisa masukin buku ke wishlist yang ingin dibaca. Kalo ngantre buku baru secara otomatis masuk ke wishlist, harusnya dipisah antara wishlist dan daftar antrean.",2023-06-28 00:12:43
A Google user,4,"Sering error, sisanya baik-baik saja",2023-06-27 14:00:11
A Google user,5,Lengkap,2023-06-27 13:11:09
A Google user,5,Terima kasih sdh memudahkan rakyat untuk membaca di era digital ini. Respec dg semua elemen yang terlibat membuat aplikasi ini,2023-06-25 10:25:42
A Google user,2,"sayang banget padahal aplikasinya gampang diakses, tapi terlalu sering error. entah aplikasinya enggak bisa dibuka, buku pinjaman gak termuat, dan makan waktu lama untuk log in. setiap ada notifikasi pinjaman buku juga aplikasinya sering crash. tolong diperbaiki ya. hal-hal ini rasanya penting untuk kenyamanan dan pengalaman pengguna.",2023-06-23 14:54:17
A Google user,2,Semoga bug di aplikasinya bisa segera diperbaiki karena benar-benar membuat tidak nyaman (karena aplikasi selalu freeze atau tiba-tiba close sendiri),2023-06-23 13:35:59
A Google user,3,Masih banyak bug. Ada beberapa ebook yg gabisa di buka seperti ebook karya jostein gaarder,2023-06-18 19:56:39
A Google user,3,"There's one situation when I had just bookmarked some pages and then the day after that, I couldn't find those bookmarks on the book I had been reading, even in online mode. It's kind of frustrating since I'm not really good at remembering something. So, in order to know the last page I've read, I have to scroll and pay attention to every sentence to make sure that I didn't miss the pages I meant to read. The book I mean is Breaking Point. I hope this problem can be solved soon",2023-06-14 07:32:42
A Google user,1,Cannot open it.,2023-06-13 11:43:19
A Google user,5,tolong setidaknya bagian dm ada notifikasinya,2023-06-08 05:04:39
A Google user,2,"Format baca yg baru kurang nyaman, tiap menyentuh layar untuk scroll justru muncul highlighter. Versi desktop juga eror, tidak bisa terbuka bukunya.",2023-06-07 22:52:34
A Google user,3,Force close trus knapa ya? Eror kah dari ipusnas nya?,2023-06-06 15:01:17
A Google user,4,Kids mode perlu untuk klasifikasi bacaan sesuai umur,2023-05-30 02:19:59
A Google user,1,"di aku aplikasi nya jadul banget buku""nya padahal aku pake android 11. aku nyari buku"" bagus kayak psychology of money, kim ji-yeong ngga ada tapi di temen"" aku bisa nyari buku"" begitu. mau update pun ngga ada yg harus di update aplikasi nya",2023-05-28 01:49:29
A Google user,3,Buku yang sebelumnya dibaca tidak bisa kebuka setelah update T_T Sumpah bagusan versi lama,2023-05-21 23:33:19
A Google user,5,I can't login this app. Help me pls 🙏,2023-05-21 11:37:18
A Google user,3,"Astaga, bukunya masih pada antri.. kenapa mau minjam harus ada sistem antri ya? 😭 Ini ga friendly untuk semua kalangan sih jadinya... Sekali liat waiting list hampir 1000+ an lebih orang",2023-05-18 22:46:01
A Google user,3,Baru saja update tapi fitur bookmark atau semacam to-read masih belum ada juga ya? Wadaw repot sekali kalau mau nandain buku yang mau dibaca 😅,2023-05-14 22:22:30
A Google user,2,"Di beberapa buku yang gak bisa diubah ukuran huruf, latar warna dll, agak usah baca bukunya 🥲 Kendala baca hp di buku kalau dulu bisa di rotate sekarang malah ke lock dan gak bisa diapa-apakan sama sekali. Apalagi kalau tulisannya kecil-kecil, ampun deh. Lebih suka versi yang dulu 🥲🙏 Kalau buka halaman misal 20, balik lagi ke halaman 1, mesti bolak-balik 🥺. Fitur simpan halamannya ada yang bisa, ada yang gak bisa. Semoga ada perbaikan yaa, karena membantu banget kalau baca buku online.",2023-05-12 06:39:44
A Google user,4,"Overall aplikasi yg bagus buat literasi, ada baaaanyak banget pilihan buku. Tapi kadang ada beberapa buku yg gabisa dibaca (saat dibuka malah forced closed), padahal udah antre lama buat baca :( Masukan, mode bacanya bisa diseragamkan. Kadang ada buku yg bisa disesuaikan fontnya, kadang ada yg hanya bisa zoom-in zoom-out halamannya. Lalu mungkin jika bisa dibaca secara landscape lebih mantap. Terima kasih. judul buku yg saya maksud di atas : Ksatria, Putri, dan Bintang Jatuh (Dee Lestari)",2023-05-10 10:34:13
A Google user,3,Sering ngelag apknya,2023-05-07 13:18:57
A Google user,2,ipusnas sama ijak sepertinya 1 developer tapi kenapa yg di ijak udah versi 1.9.X yg ini masih 1.6.x. padahal diversi yg ijak udah ada fitur donasi dan membuat library sendiri dimana bisa menambah jumlah ketersediaan buku karena ada peran user untuk donasi. masak perpisahan nasional kalah sama perpustakaan daerah padahal vendor developer nya sama,2023-05-06 16:20:39
A Google user,4,min boleh diupdate buku-buku bumi series by Tere Liye?,2023-05-05 15:16:24
A Google user,4,"Tolong kasih fitur rotate lagi dong, gaenak banget nih baca bukunya potrait jadi pegel jarinya",2023-05-04 16:52:13
A Google user,3,"koleksinya bagus, bugnya banyak",2023-04-30 14:13:05
A Google user,5,"Suka banget nemu aplikasi ini, pengen punya akses buku yang murah & ngga terlalu menghabiskan memori HP. Overall great, cuman ini kenapa status pembaca ngga berubah ya, dari newbie ke status berikutnya? Dari 4 syarat, yang terdeteksi baru 3, padahal syarat ke-4 (total bacaan minim 10) udah terpenuhi. Stuck terus di pengguna newbie :( Lalu, aku belum nemu banyak buku pengetahuan yang dari luarnegeri, misal buku sekolah atau pengembangan diri. Semoga ditambah lagi koleksinya ya, Min. Sukses selalu",2023-04-29 02:01:01
A Google user,3,Koleksi bukunya kurang lengkap huhuu😓,2023-04-24 06:40:24
A Google user,4,"Bagus, koleksi buku memadai. Tapi penggunaan app kurang praktis. Pas slide halaman rawan salah pencet",2023-04-22 06:50:50
A Google user,5,Good App,2023-04-21 06:59:10
A Google user,4,"Suka banget baca di sini, tapi akhir2 ini beberapa buku yang sudah diunduh malah nggak bisa dibaca karena app nutup sendiri terus :(",2023-04-20 21:52:47
A Google user,3,"Tolong diperbaiki agar aplikasi ini bisa di rotasi, karena bagi saya kurang nyaman kalau baca dalam posisi portrait",2023-04-19 06:52:55
A Google user,1,"ga berhasil pinjam buku, tp status jumlah bukunya jd berkurang. itu gmn yaaaa update: hari ini sudah berfungsi normal. Terima kasih. Menyenangkan bisa baca buku online. update lagi: error lagiiiii",2023-04-19 03:24:21
A Google user,2,Cant download... only borrow and then stuck...,2023-04-16 05:30:37
A Google user,3,"Gagal forgot password, gak bisa login, gak ada alert atau error pemberitahuan paswordnya salah atau apaa Aman gak ada kendala internet heran, tp di ios aman",2023-04-14 15:44:48
A Google user,4,"Update aplikasi sudah semakin bagus, cuma kurangnya setiap menutup buku, bookmarknya yang sudah diberi jadi hilang, jadi tidak ada bookmarknya lagi. Bisa diupgrade untuk ini ya min, supaya tidak hilang bookmarknya tiap menutup buku",2023-04-13 18:30:19
A Google user,5,Tolong kak fitur rotasi nya kembalikan kembali cukup berguna bagi para pembaca hp layar kecil🙏,2023-04-13 16:51:01
A Google user,3,tolong dibenahi di bugnya. saya tidak bisa mengakses buku bacaan. terima kasih.,2023-04-11 23:51:16
A Google user,2,"Baru aja senang dapat update ternyata masih ada bugs penanda laman malah tidak berfungsi, bagaimana caranya mau lanjutkan membaca ebook kalau setiap keluar app tanda bookmark halamannya hilang sama sekali, memangnya bisa kita tempel stiker warna warni post it kayak di buku fisik?",2023-04-10 19:42:32
A Google user,3,"Bookmark/penanda laman hilang saat aplikasi ditutup. Jadi bingung tanda terakhir bacanya dimana. UI dan UX masih lebih bagus versi yang lama, sederhana tapi lancar.",2023-04-06 23:19:23
A Google user,3,"Koleksi krg lengkap, sangat susah mendapatkan dan mengantre buku best seller. Tolong tambahkan koleksi ebook Rich dad poor dad Robert T. Kiyosaki.",2023-04-05 21:37:34
A Google user,5,"Sebelum update yg terakhir ini lancar dan nagus, tp sekarang tidak bisa sownload buku yg dipinjam, jasinya tdk bisa dibaca. Edit : Sudah lancar semua, terimakasih",2023-04-05 06:46:14
A Google user,1,"Kalo memang pihak perpustakaan nasional memiliki perhatian khusus pada peningkatan minat literasi generasi bangsa, seharusnya pihak perpustakaan nasional menyediakan aplikasi yang minim bug, eror dan disfungsi sistem aplikasi.",2023-04-05 03:17:18
A Google user,2,"tolong kembalikan fungsi landscape/portrait karena ga semua orang matanya enak dipake baca tulisan kecil-kecil di mode portrait, thanks",2023-04-04 02:49:11
A Google user,4,NAH GITU DONG GERCEP😊😁,2023-04-01 18:29:35
A Google user,3,"Dari 3 hari yl kenapa jadi gak bisa pinjam Dan baca buku ya? Setiap klik pinjam Dan confirm yes, selalu dpt pesan error ""bad request"" ada apakah?",2023-04-01 16:39:34
A Google user,3,Kenapa ngga bisa download buku yg sudah dipinjam sih? Sudah tanya di email juga ngga dibalas.,2023-04-01 12:06:47
A Google user,4,"Apresiasi saya untuk para developer dan pustakawan dibalik aplikasi iPusnas, aplikasi ini memudahkan masyarakat untuk membaca dan meningkatkan literasi. Walaupun sudah termasuk cukup bagus, kualitas aplikasi iPusnas masih perlu ditingkatkan terutama untuk bagian log-in yang sering error dan kadang buku mengalami 'bad request' saat dipinjam (tidak dapat diunduh/sama sekali tidak dapat dipinjam padahal stok buku masih ada). Saya harap akan ada fitur bookmark untuk list buku yang akan dibaca user.",2023-04-01 03:18:24
A Google user,3,Apakah saat ini app sedang error? Karena udah coba berkali - kali borrow books tidak bisa. Meskipun sudah uninstall - install berulang kali.,2023-04-01 02:55:59
A Google user,2,Saya sudah re-install tapi tetap tidak bisa mendownload/unduh buku yang sudah saya pinjam. Mohon dibantu.,2023-03-31 21:49:37
A Google user,3,Kenapa buku-bukunya gak bisa dipinjam ya? Beberapa hari yang lalu malah gak bisa masuk ke akun,2023-03-31 12:12:13
A Google user,4,"Overall bagus, bisa pinjam buku tanpa harus ribet. Tapi mungkin bisa ditambahin halaman buku agar pembaca ga bingung. Koleksi bukunya juga kurang lengkap, terutama buku-buku bahasa sastra",2023-03-31 10:23:40
A Google user,1,"Banyak BUG. Banyak buku yg tersedia tapi tidak bisa dipinjam. Keterangannya ""bad request""",2023-03-31 09:38:13
A Google user,4,Kenapa kok bad request bad request terus ini klo mau pinjam buku,2023-03-31 06:43:37
A Google user,4,"Aku suka banget baca disini, karena mempermudah aku buat meningkatkan minat baca diriku sendiri. Cuma sayang, baru-baru ini aku mau pinjam buku, tapi gak bisa padahal stoknya masih banyaaak. Keluar statement ""Bad Request"", apakah app sedang dalam maintenance? Sangat disayangkan soalnya keburu stoknya habis :'(",2023-03-31 06:12:34
A Google user,2,Telkomsel ko gk bisa masuk sih di aplikasinya?,2023-03-30 23:51:33
A Google user,2,"Sebenarnya bagus. Tapi sering ada bug sehingga peminjaman buku menjadi sulit. Hasil Pencarian buku dgn kata tertentu juga tergolong sedikit padahal saya yakin, buku yang ada dgn kata yg serupa banyak. Mohonlah diperbaiki app nya.",2023-03-30 14:06:34
A Google user,3,Setiap kali pinjam buku pesannya selalu failed dan bad request. Maintenance nya selalu berujung error. Tolong segera perbaiki,2023-03-30 13:41:51
A Google user,2,eror lg ya????,2023-03-30 11:48:55
A Google user,4,"tolong diperbaiki ipusnasnya karena sy tak bisa masuk per tanggal 30 Maret 2023 dan tak bisa reload buku, jadi tak bisa diakses aplikasinya. selebihnya dah bagus sy sering akses apk ini tp skg ga bisa. terima kasih.",2023-03-30 04:16:34
A Google user,1,"unable to register with error ""no connection"". I'm pretty sure it's connected to the internet. I will update this review later.",2023-03-30 01:17:28
A Google user,2,"ingin berterima kasih pada negara yg udah nyediain apps ini. tapi tolong, buatlah dg sungguh-sungguh. banyak banget gangguan masuk apps ini. gak bisa d buka, tetiba buku yg udah d pinjam g bisa d baca, log in lama. mohon dg sangat perbaiki!",2023-03-30 01:07:06
A Google user,1,"please fix this app, i can't open it. it always stuck",2023-03-30 00:20:08
A Google user,1,"Ratingnya saya ubah jadi satu bintang. Setelah update ke versi terbaru, aplikasinya eror terus. Jangankan digunakan, login saja tidak bisa. Disuruh cek koneksi terus padahal koneksi kuat dan stabil. Buktinya, bisa kasih rating di sini, main game atau nonton video pun aman jaya.",2023-03-29 22:50:24
A Google user,2,aplikasinya sering bermasalah pas di buka loading lama sekali dan sering ke log out sendiri. tolong ditingkatkan lagi supaya pembaca nyaman dan bisa pinjam buku kapan saja,2023-03-29 15:36:34
A Google user,3,Aplikasinya bagus. Tapi sering error,2023-03-29 15:15:10
A Google user,3,"Sebenarnya aplikasinya cukup oke, koleksinya juga beragam dan ketersediaan buku lumayan banyak dibandingkan app lain. Tapi nge bug ketika sedang asik membaca. Tiba2 semua not available dan dibilang koneksi internet saya error.",2023-03-28 20:16:12
A Google user,1,keseringan ngebug:),2023-03-28 17:06:10
A Google user,2,"Just a moment ago, error start happening while I was reading the book,both my IOS iad and android frozen, the apps didn't open properly and after attempting many times to clarify from my email, it says "" check your connection "" my connection is strong and stable, nothing is wrong, on top of it, i didn't receive any email from you to clarify or change my password, it is really frustated, not only I couldnt continue reading the book,I m currently reading but I can't open the app at all.",2023-03-28 15:35:02
A Google user,2,Apakah aplikasi ini memang sering mengalami kendala? Karena sering mengalami error saat dibuka,2023-03-28 15:13:20
A Google user,3,"Terima kasih iPusnas karena sudah menyediakan platform membaca digital yg gratis. Aksesibel juga karena registrasinya mudah tinggal pake email tanpa ngurus berkas ini-itu. Semoga upaya kalian bisa meningkatan literasi masyarakat. Saran: tolong reader terbaru supaya bisa dibaca dengan mode landscape, ya. Soalnya klo mode portrait bacanya susah tulisannya kecil2, jadinya bikin mata capek, dan nggak nyaman. Namun, keren sih sekarang bisa dibikin dark mode.",2023-03-28 07:09:18
A Google user,5,Lumayan happy,2023-03-26 08:31:09
A Google user,2,Lebih baik versi sebelum update.. sekarang halamnan sering berubah sendiri. Dan sering terhighlight yang tidak perlu,2023-03-25 23:01:55
A Google user,5,"It's a great app to begin with, it has tremendeous amount of book options and very accessible! As a reader myself, I don't really enjoy reading digitally by scrolling, fortunately the app gives the option of sliding which amazes me. Though, there are some minor problems that I believe is going to be fixed or added in the future, for example, bookmark or closing the app without the worry of having to start reading all over from the start again. But overall, I enjoy it!",2023-03-24 00:51:43
A Google user,3,"Bagus, ya karena gratis sih. Buku yang ada di kategori popular books antriannya lamaaaa sekali 😐😔 Mungkin bisa diperbanyak eksemplar bukunya, aku juga mau baca :D",2023-03-23 14:42:29
A Google user,2,Kenapa password saya dibilang salah padahal saya sudah login keanggotaan?,2023-03-23 11:09:05
A Google user,3,"Mohon maaf, apa ada solusi banyak sekali buku yang saya pinjam saat saya buka selalu appnya langsung crash, contohnya ""tentang hidup yang bajik"", ""filsafat santo thomas aquinas"". Perangkat yang saya gunakan samsung a52s, tolong solusinya Terimakasih",2023-03-22 18:19:15
A Google user,1,butut,2023-03-22 06:38:50
A Google user,3,Sayang sekali tidak bisa di Zoom. Susah juga kalau baca tulisan kecil-kecil. Dicoba mode landscape malah jadi 2 halaman alias makin kecil ukuran tulusannya. Juga bentuk font sebaiknya bisa diubah.,2023-03-20 02:08:55
A Google user,1,"18 Maret 2023, password dianggap keliru, padahal sudah jadi member sejak lama, terus lupa password, dapat email untuk ganti dan email berikutnya berisi password baru, input ke aplikasi dianggap salah, padahal sudah sama, dua kali keliru, cape harus ngulang lagi kalo sia-sia hasilnya, . . . .ipusnas error?",2023-03-18 16:41:33
A Google user,1,Terrible experience that i've got. There are so many books that crashed when i opened it.,2023-03-18 10:05:23
A Google user,3,Sudah install tp tidak mau terbuka. Bagaimana ini ??,2023-03-17 23:27:21
A Google user,1,Aplikasinya lemot... Belajar jadi terhambat..... Develop lg dong,2023-03-17 00:12:30
A Google user,2,Lola bgt,2023-03-16 22:11:25
A Google user,3,"Bukunya lumayan lengkap, app sering eror kayak tiba tiba keluar sendiri, tulisannya offline padahal internet di sini kenceng, sering gagal pinjem buku, app gak bisa dibuka lewat jam 11. Ditunggu 1 jam cuma loading.",2023-03-16 15:48:28
A Google user,1,Can't open the app,2023-03-16 01:17:16
A Google user,1,"Appnya nge bug, membuka halaman kedua di buku yang dipinjam bikin app crash,...terjadi disemua buku tanpa terkecuali...sangat disayangkan,padahal buku yang tersedia amat beragam",2023-03-15 20:09:45
A Google user,3,"Setiap malam kalau buka aplikasinya cuman stuck di logo. Baru bisa bekerja kembali di pagi hari. Sudah di log out pun tetap tidak bisa masuk ke home page. Walau begitu, ini aplikasi perpus digital yang membantu banget buat baca buku tanpa keluarin biaya. Keren!",2023-03-15 17:24:45
A Google user,1,"lemot, gabisa dibuka, tolong diperbaiki sistemnya, padahal dah bagus ada perpus digital tapi belum bisa leluasa digunakan oleh masyarakat. Ingat, warga indonesia itu ratusan juta orang loh, semoga kedepannya semakin banyak bukunya, tidak lemot, jangan ada bug lagi, semakin menarik biar banyak pembacanya, ini salah satu ajang peningkatan literasi kan yah, semoga semakin bagus yaa app nya",2023-03-14 16:13:05
A Google user,3,it keeps logging out and it says that my password keeps on wrong even though it's true,2023-03-14 14:45:43
A Google user,3,Lagi eror ya? Kok gak bisa terbuka,2023-03-13 17:27:27
A Google user,3,Please solve the bugss.!!!,2023-03-13 03:27:47
A Google user,2,"Senang banget dengan iPusnas sebenarnya karena bisa baca buku gratis dan mudah. Tapi, aplikasinya sering nge-bug, sering banget:""). Last update nya bahkan satu tahun yg lalu.., jadi sedih kenapa ga sering di maintain ya? Mohon bantuannya untuk segera perbaiki iPusnas ya:""), agar bisa pinjam dan baca buku:"")",2023-03-12 14:28:12
A Google user,1,"Loading mulu, gabisa di download pula",2023-03-12 11:48:01
A Google user,2,Kenapa jadi sering force close sekarang? Ada juga buku yang sudah dipinjam tapi gak bisa dibuka.,2023-03-12 11:33:32
A Google user,2,Bad. Error unknown every time i try to login.,2023-03-12 02:29:04
A Google user,3,"Sejauh ini menyenangkan, bisa pinjam buku, gratis pula. Kendalanya cuma di app-nya yang loading mulu. Waktu buka, loading-nya lama. Waktu cek notifikasi, loading-nya juga lama, padahal internet lancar. Semoga iPusnas bisa lebih baik lagi ke depannya.",2023-03-10 16:56:50
A Google user,4,"sangat membantu, namun harusnya ada fitur cari kata di buku & ada fitur yg memudahkan kita membuka halaman ke berapa agar memudahkan user.. yakali scroll dari halaman 1 ke 200 :(",2023-03-08 14:03:28
A Google user,2,"Halo admin, saya forgot password tapi setelah dapat password baru via email, pas saya masukkan salah ya, padahal sudah saya copy paste dan cek sudah betul hurufnya. bisa dibantu kah?",2023-03-07 19:58:17
A Google user,5,Edit : sudah bisa terimakasih banyak tim admiin,2023-03-05 04:15:25
A Google user,3,"App seriiiing bgt crash, tlg perbaiki ya, isinya sangat bagussss",2023-03-04 13:37:25
A Google user,3,As an active member of perpusnas it's confusing why there is no option to login with my perpusnas account instead give me option to login with my email or facebook,2023-03-03 04:23:30
A Google user,1,"Aplikasi terburuk, gak bisa sama sekali buka aplikasi nya, stuck di logo homescreen ipusnas, sudah nunggu sampai 2 menit juga ga bisa kebuka aplikasi nya",2023-03-02 16:48:59
A Google user,1,Tolong segera perbaiki bugnya,2023-03-01 09:17:21
A Google user,3,Sering stuck di loading screen logo sama download Ebooknya sama Tampilan interface UI bisa di bikin lebih simpel,2023-02-26 17:09:00
A Google user,1,Burukkk,2023-02-26 17:08:27
A Google user,4,Sering ngebug pas mau baca bukunya,2023-02-26 07:04:58
A Google user,3,"Beberapa kali saya pinjam novel eh gak bisa dibuka, aplikasinya crash. Saya kihat review ada beberapa buku yg memang gak bisa dibuka ada juga yg cuma error di saya. Mohon diperbaiki 🙏",2023-02-23 04:14:53
A Google user,1,baru download aplikasinya tp masih gabisa dibuka ampe sekarang,2023-02-22 16:29:48
A Google user,2,"Setelah klik Borrow, tombol Download tidak bisa di klik atau tidak terjadi apapun",2023-02-22 02:48:26
A Google user,3,Saya tidak tahu kenapa aplikasi tidak bisa dibuka...,2023-02-21 16:22:53
A Google user,2,"Aplikasi ini memang bagus, karena kita bisa baca buku yang kita mau, dan tersedia banyak pilihan. Konsepnya juga bagus sekali, tapi hal yang bermasalah adalah aplikasi ini sering sekali error, ketika saya ingin membaca buku yang sudah saya pinjam, tulisannya tidak terlihat dan hanya ada layar putih, lalu tiba-tiba aplikasi keluar sendiri ke halaman awal. Padahal jaringan saya sudah bagus tapi tetap saja setelah refresh tdk bisa juga. Semoga saja aplikasinya bisa ditingkatkan agar tdk ada error.",2023-02-21 12:36:20
A Google user,1,"UI jelek dan yang terparah, selalu force close. HP saya bisa menjalankan Genshin Impact, jadi pasti bukan masalah performa.",2023-02-20 02:33:43
A Google user,1,"Setiap kali mau membaca ebook, aplikasinya crash melulu, back to home berkali2, sebelum akhirnya closed sendiri. Setelah berkali2 ngecek Playstore, gak ad pembaruan sama sekalimAlhasil akhirnya uninstall krn spertinya tdak support dg Android 13 :'(",2023-02-18 14:59:38
A Google user,5,"Aplikasi yang cemerlang, mungkin untuk eksekusinya atau resources nya minimalis. Mohon di tingkatkan. Terima kasih telah menyediakan platfrom untuk membaca secara gartis",2023-02-15 16:11:42
A Google user,4,"Saya sangat senang dengan adanya perpustakaan daring yang memberikan izin untuk meminjam buku secara gratis dengan berbagai macam jenis buku. Namun, notifikasi kerap tidak muncul dan saat tengah malam, aplikasi tidak bisa dibuka. Semoga aplikasi iPusnas bisa memperbaiki kekurangan ini.",2023-02-13 17:54:56
A Google user,1,"Add category by most read or popular and new books, fix UI for better explore not just keep scroll down",2023-02-12 13:56:05
A Google user,5,Bagus sekali app.nya 👍👍,2023-02-12 10:05:12
A Google user,3,Bagus. Koleksi juga cukup lengkap. Tapi mohon maaf buat apa antre kalau ujung2nya rebutan?,2023-02-10 03:26:38
A Google user,5,"Baru pertama kali coba ipusnas tetapi sudah kesulitan saat mendownload buku yg ingin dipinjam (buku ""Tewasnya Gagak Hitam"" karya Sidik Nugroho) Semoga buku yang berikutnya tidak ada masalah dalam mendownload. Sukses selalu Pusnas Indonesia 🇮🇩 ======== *Update: Terima Kasih Ipusnas, sekarang udah tidak ada masalah lagi saat mendownload... Ipusnas terbaik 👍👍",2023-02-09 15:55:46
A Google user,1,"Tampilan daftar buku tidak bagus, tidak rapi. Ketika menggulir ke bawah, sering kali daftar buku ter-refresh jadi tidak enak dilihat. Daripada tampilan kolase, lebih enak jika dibuat urutan (teks) daftar judul & penulisnya, gambar sampul tidak perlu terlalu besar.",2023-02-06 15:16:36
A Google user,3,"i like this app cause it lets us read many kinds of books for free but its design looks old and boring, it's also pretty hard to use. the app doesn't function at midnight (maybe due to maintenance), and the notifications don't appear on notifications bar, it's such a shame. please improve it",2023-02-06 01:56:50
A Google user,3,"Sering ngebug nih app, tolong perbaiki lagi ya.. app ini juga sering nggak bisa dibuka, ngestuk di tampilan logo ipusnas",2023-02-05 16:23:00
A Google user,1,Kok buku yang sudah dipinjam tidak bisa dibaca?,2023-02-04 14:10:37
A Google user,3,Maaf aplikasinya bisa ditambahin priview gak? Soalnya kalau mau lihat doang jadi harus minjem dulu kan? Banyak yang antri nantinya. Jangan hanya sinopsis yak,2023-02-04 01:49:05
A Google user,3,could've been better but alright i guess,2023-02-03 15:15:51
A Google user,4,"aplikasi bagus, cuma bukunya kurang lengkap",2023-02-03 14:15:51
A Google user,5,Plis perbanyak bukunya lagi dong. Sukses terus Ipusnas. Bener2 solusi saat buku cetak semakin mahal harganya.,2023-02-02 06:16:13
A Google user,5,Menakjubkan,2023-02-01 16:25:35
A Google user,2,Kenapa saya nggak bisa pinjam buku yang saya pinjam? Setiap saya buka filenya malah crash... Kembali ke menu awal,2023-01-30 12:58:46
A Google user,3,"Tolong buat aturan setelah neminjam satu buku, tidak dapat meminjam lagi setelah masa peminjaman habis, setelah satu minggu baru boleh pinjam lagi, seperti di ruang buku kominfo. Seringnya pengguna ipusnas, ijak, ikaltara, dan i i yang lain memonopoli satu buku, sehingga yang lain tidak bisa pinjam.",2023-01-28 08:00:22
A Google user,1,i dont know why it wont working on my device. i keep repeating the same installation but it still cant work,2023-01-27 17:15:39
A Google user,3,"Apresiasi untuk perpusnas yang menyediakan wadah & pelayanan peminjaman buku elektronik secara legal & gratis, koleksinya juga lumayan banyak. Sayangnya ada buku tidak bisa dibookmark untuk menandai posisi terakhir yang kita baca. Fungsi-fungsinya basic sekali dan kurang user friendly, pemberian kategori juga banyak yang tidak sesuai. Semoga kualitas aplikasi bisa ditingkatkan lagi dan koleksinya diperbanyak. Tambahan: durasi peminjaman tolong disesuaikan dengan ukuran buku, jangan dipukul rata.",2023-01-27 00:37:59
A Google user,3,tidak ada notifikasi,2023-01-25 02:53:19
A Google user,3,Awalnya senang menemukan aplikasi ini tapi setelah mengunduh 1 ebook fiksi dan membacanya saya agak kecewa krn sptnya ada bbrp halaman yg tidak tersusun berurutan. Selain itu saya tdk menemukan fitur bookmark dan penomoran halaman yg biasa terdapat pd ebook reader umumnya sehingga setiap kali ingin lanjut membaca ebook yg sempat tertunda sy hrs mengulang kembali dari awal. Pd akhirnya sy hrs menghapus aplikasi ini. Semoga bbrp bulan kemudian aplikasi ini menjadi lebih baik.,2023-01-20 16:56:50
A Google user,3,Lame bab and no copy book,2023-01-19 23:08:57
A Google user,3,Dear iPusnas kapan kasih update? Tiap mau menyempatkan membaca di lewat dari jam 12 malam app tidak bisa terbuka sama sekali. Aplikasi error di waktu mau rebahan. Mengsedih aku.,2023-01-19 18:04:34
A Google user,3,"Suka sama aplikasi ini tapi kok jadi stuck di loading screen terus ya? udah reinstall, tetep aja begitu.",2023-01-14 23:40:16
A Google user,5,"Kenapa app nya ga bisa di buka ya? Saya udah uninstal-instal lagi tapi tetap aja ga bisa di buka, mohon dong di perbaiki🙏",2023-01-14 16:07:48
A Google user,1,"Aplikasi yg tidak niat u/ dikembangkan.. Selama ini baik² saja, tetiba ngulah.. Stuck lama di homescreen logo ipusnas.. Tolong developernya diperbaiki dong bugnya, padahal ide aplikasinya bagus loh, kok eksekusinya setengah²..",2023-01-14 15:25:58
A Google user,1,"Gak bisa masuk, stuck di logo aja sebel",2023-01-14 14:23:37
A Google user,1,Ga bisa dibuka,2023-01-14 12:42:57
A Google user,1,"ga ada fungsinya fr, gbisa minjem apa""",2023-01-11 12:15:39
A Google user,1,Trash,2023-01-11 08:02:50
A Google user,2,Tidak bisa search judul. Ketika meminjam loading terus.,2023-01-11 03:15:19
A Google user,1,Tidak bisa log in,2023-01-11 00:04:23
A Google user,5,"Min kok per tgl 11 di apk dan di laptop, di menu pencarian nya jadi eror?",2023-01-10 20:13:18
A Google user,1,Tidak bisa login. Sudah mengisi username dan password tapi saat tombol next dipencet tidak ada respon apapun. Mohon segera diperbaiki.,2023-01-09 01:02:20
A Google user,5,"Bersyukur kali bisa baca buku di ipusnas, semoga app ini makin baik. Developer, tolong tambah keterangan seperti halaman buku sebelum kita pinjam buku. Terima kasih",2023-01-03 12:35:48
A Google user,1,"Makin parah, buku sudah terunduh tapi ketika dibuka aplikasi langsung crash",2023-01-01 16:04:52
A Google user,3,"Buat baca cukup nyaman, tapi experiencenya kacau dan bingungin. Banyak tombol yang ga bisa dipencet, hasil pencarian ga bisa difilter. Kalo udh terbiasa ya nyaman aja kali ya? Ga rekomenin ke orang lain tapi juga ga ada pilihan lain, di sini bisa baca pinjam banyak ebook judul populer gratis",2022-12-30 14:18:16
A Google user,4,Please provide us dark mode for the display... Bright mode is not convenient to read in the evening. Thanks.. kindly wait for the response.,2022-12-27 14:11:57
A Google user,1,"Mau baca tapi enggak bisa, mohon segera diselesaikan problemnya",2022-12-26 18:04:02
A Google user,1,kenapa ipusnas ngga bisa/error ya belakangan? udah logout mau login lagi juga ngga bisa? tolong ini coba diperbaiki,2022-12-26 14:25:01
A Google user,3,Ini gimana dah mau login aja susah amat,2022-12-24 17:31:11
A Google user,5,"Aplikasi yang sangat bermanfaat bagi semua orang, terima kasih telah menyediakan berbagai jenis buku yang bisa kami baca dengan gratis dan nyaman di manapun, dan kapanpun. Saya juga ingin menyarankan untuk memperpanjang batas waktu peminjaman buku, karena ada buku-buku yang 300+ halaman yang butuh lebih dari 5 hari untuk menamatkannya.",2022-12-24 11:24:42
A Google user,5,Bagus dan bermanfaat,2022-12-21 23:29:36
A Google user,5,thank you trimakasih,2022-12-21 11:06:36
A Google user,4,"Halo! Biasanya tidak ada kendala, tapi hari ini aplikasi nya sering force close ketika saya tekan button Read. Please fix this. Thank you.",2022-12-19 08:16:27
A Google user,5,Sangat membantu saya dalam pengerjaan skripsi kemarin. Jadi tidak perlu repot mendatangi perpus nasional secara langsung. 👍🏼,2022-12-18 00:10:32
A Google user,5,"Bagus, untuk yang enggak punya banyak uang dan ingin berhemat khususnya pelajar, bukunya koleksinya bagus dan banyak serta bisa dibaca dimana saja, semoga kedepannya ditambah lagi koleksinya untuk berbagai ilmu pengetahuan, untuk memajukan negeri, dan juga tolong untuk aplikasinya dikurangin dikit kalau ada bug dan maintancenya supaya banyak orang bisa akses, pokok bagus sudah, semoga orang yang membuat aplikasi ini sukses selalu karena telah bebagi ilmu😁👍",2022-12-17 09:19:41
A Google user,1,"Readernya payah, gak interaktif, terus terusan dikasih toast dibawah setiap geser halaman (nomor halaman).",2022-12-15 07:00:17
A Google user,2,GABISA REGISTER MULU GIMANA DAH,2022-12-14 03:57:47
A Google user,3,"Ayolah ditingkatkan lagi optimasinya. Ini sering banget nge-bug, boro-boro nyaman baca, mau pinjem buku ajh susah bngt. Please improve lah, biar bisa ningkatin literasi kita yang kurang.",2022-12-13 17:12:55
A Google user,1,apk terburuk yg pernah ku pake,2022-12-06 10:12:07
A Google user,2,Setiap baca ebook selalu keluar sendiri (has a bug),2022-12-06 09:51:13
A Google user,2,"Kenapa ada beberapa buku yang tidak bisa terbaca, padahal sebelumnya belum pernah seperti ini",2022-12-06 08:36:52
A Google user,1,i can't even open an ebook i have bought?? it keeps going to the homepage whenever i clicked on the ebook.,2022-12-05 05:18:09
A Google user,4,"Kasih *4 karena masih perlu pengembangan. Saya mengapresiasi aplikasi ini sudah baik menyediakan puluhan ribu judul dari berbagai vendor perpus contohnya perpusnas sendiri, kepolisian, coca-cola, tokoh negara seperti presiden dan menteri. Kekurangan yang saya temukan berkaitan dengan sinkronisasi status/histori kita dengan kenaikan peringkat baca. Misalnya, saya sudah baca lebih dari 20 buku tapi misi read 5 books pun tidak terbuka. Download 10 buku terbatasi jml maks 5 buku sehari.",2022-12-05 02:54:23
A Google user,1,Lodingnya lama bgt ya,2022-12-04 17:31:55
A Google user,5,Superrrr,2022-12-03 10:29:52
A Google user,3,"Sering error, gabisa pinjam buku",2022-12-01 14:33:28
A Google user,5,"Selalu gagal mengunduh, harus memasukan passcode untuk untuk jd member tp sudah login jadi selalu gagal. Saya cek tidak ada upgrade aplikasi tapi saya coba close apps n latar belakang tetap sama. Koneksi internet baik. Mohon perbaikannya, karena apps sangat bermanfaat thnk u",2022-12-01 13:31:10
A Google user,1,"jelek banget, lemot",2022-12-01 11:07:06
A Google user,2,"Aplikasinya muter2 mulu pas mau daftar. Disuruh isi password, abis itu muter2 lagi.",2022-12-01 10:18:48
A Google user,1,"Internet stabil, tapi ga bisa load halaman aplikasi. Bug nya masih banyak, tolong diperbaiki",2022-11-29 17:26:23
A Google user,5,essip can reng madureh,2022-11-26 14:05:13
A Google user,2,Ini memang kalau di pc/leptop aplikasinya lemot ya?,2022-11-25 05:55:57
A Google user,3,"Sebenarnya sudah bagus sistemnya, cuma kurang notifikasi untuk buku yg sudah tersedia di wishlist kita aja. Jadi sering kehabisan buku karena tidak ada notifikasi otomatis di depan. Please di maintenance lagi yaa untuk bagian notifikasi pemberitahuan untuk buku yang sudah tersedia :(",2022-11-23 08:16:54
A Google user,5,Tolong om desainer perhalus tampilan aplikasinya,2022-11-19 21:01:30
A Google user,5,"Aplikasi crash. Tidak bisa dibuka. Saya sudah coba reinstall, tapi tetap crash, tidak bisa dibuka.",2022-11-18 18:05:00
A Google user,5,Bagus,2022-11-17 11:29:19
A Google user,4,"Koleksinya cukup lengkap, semoga kedepan tampilannya lebih baik lagi",2022-11-16 01:26:11
A Google user,4,"Ckp membantu dlm mencari referensi. Masalah ui nya walau kuno, it's not a big deal. Cm ada beberapa yg perlu ditingkatkan: 1. Fitur history jd kl kita mau meminjam kembali buku yg sudah pernah dipinjam, jauh lebih mudah mencarinya 2. Tolong benerin fitur search nya dong. Karena semisal digunakan utk mencari buku dgn kategori umum kayak misalnya dgn keyword 'ilmu' yg tampil hanya beberapa buku saja. Bukan semua buku dgn judul ilmu. Smg ditingkatkan terus",2022-11-10 02:09:16
A Google user,1,Ahhh error mulu,2022-11-10 01:05:25
A Google user,4,"Sangat membantu, sampe kapan yg di PC servernya maintenance 😩",2022-11-10 00:21:56
A Google user,4,"iPusnas, tolong konfirmasi dua hari ini aplikasi tidak bisa reload padahal internet baik-baik saja. Apa sedang gangguan di sistem aplikasi? Mau cari buku nih.",2022-11-09 23:08:44
A Google user,3,"Login pake email gabisa,lagi eror kah?",2022-11-09 15:06:52
A Google user,5,"Baguss bangett... Aku harap Applikasi ipusnas punya opsi untuk menyimpan buku... Jadi, bisa save buku2 yang hendak di baca. Hal itu mungkin akan memudahkan pembaca yang ingin baca buku lain, tapi masih on going baca buku yang sedang di baca...",2022-11-04 00:26:58
A Google user,3,Tambahin jumlah bukunya dan stock buku yang dapat dipinjam. Karena banyaknya antrean dan jangka waktu 5 hari untuk peminjaman membuat banyak antrean yang tak kunjung selesai mungkin dari sempitnya waktu membaca sehingga pembaca awal belum selesai dengan bukunya lalu mengantre kembali. Sehingga antrean pembaca yang belum membaca akan tidak ada jatah waktu untuk membaca buku yang akan dibaca.,2022-11-03 02:57:28
A Google user,4,"Koleksi bukunya makin banyak tapi ya itu, susah banget minjemnya🥺 mungkin karena skalanya nasional jadi banyak banget yang antri, susah gitu rebutannya, ke depannya mungkin bisalah ditambah bukunya. Kalo reinstall dan login lagi sering agak susah:(",2022-11-02 07:50:00
A Google user,1,Deez nutzz,2022-11-02 04:11:29
A Google user,4,Aplikasi ipusnas hari ini lagi gak bisa ya?,2022-11-02 01:56:52
A Google user,1,Apl jelek login aja lama cuuaakkhhhss,2022-11-01 02:18:56
A Google user,4,"Terima kasih iPusnas telah menyediakan sarana membaca buku gratis dan legal utk siapa pun. Beberapa kendala & saran : 1. Respon aplikasi yg sering lemot :') 2. Utk transisi halaman lebih praktis jika di-tap saja, tanpa harus di-slide 3. Sediakan tombol 'wishlist.' Kadang nemu buku yg menarik, tapi di saat yg bersamaan saya sedang menyewa buku lain. 4. Teks buku terlalu kecil (atau mungkin ini setting di hp saya ya?) 5. Sudah ubah ke dark mode, tapi tampilan background tetap putih. Silau :(",2022-10-25 17:38:50
A Google user,2,Ipusnas versi windows mapun versi android sangat sangat bad ya! Gak cukup 2kali klik langsung kebuka gt aplikasinya?? Lemot lagiii yampunnn? Gak berniat perbaiki bug nya pak/bu??,2022-10-19 15:20:30
A Google user,1,Pilihan buku beragam tapi masuk halaman muka saja loading lama sekali padahal koneksi internet lancar,2022-10-10 17:25:21
A Google user,1,"Teu baleg teu bisa login, persis seperti yg diharapkan 😴😴😴",2022-10-08 15:30:16
A Google user,2,SARAN BISA DIMUNCULKAN NOTIFIKASI PINJAM DINOTIF BAR HANDPHONE. SEHINGGA TIDAK PERLU UNTUK MEMBUKA APPNYA TERLEBIH DAHULU DAN BISA CEPET UNTUK PINJAM BUKU,2022-10-07 02:40:31
A Google user,1,"Aplikasinya lelet minta ampun, banyak bug, buku sering kosong. Sangat-sangat tidak menyenangkan menggunakan aplikasi ini",2022-10-06 04:39:25
A Google user,3,"Awalnya ipusnas lancar aja operasinya, sekarang kok lebih sering keluar sendiri? Padahal bukunya bener"" lagi butuh buat dijadikan referensi",2022-10-02 13:34:33
A Google user,4,"Tolong ditambahkan fitur ""terakhir baca"" jadi user bisa langsung otomatis ke halaman ke yang terakhir dibaca ketika buku dibuka,ini akan memudahkan user .Tambah lagi kenapa harus ada fitur pinjam meminjam ? , pada implementasinya hal ini mengakibatkan buku yang populer seringkali habis dan hanya bisa dibaca oleh segelintir , kenapa tidak unlimited saja atau kalau harus ada mekanik pinjam meminjam tolong aplikasikan fitur batas waktu pinjam, setahu saya belum ada, tolong pertimbangkan saran saya",2022-10-01 16:11:39
A Google user,1,Tidak user friendly..,2022-10-01 06:09:56
A Google user,1,"Ipusnas saya akui sudah menjadi terobosan untuk mencapai tujuan manusia Indonesia yg bermoral, bermartabat serta berilmu, tapi hal yang paling disayangkan adalah ketika banyak yg antre untuk membaca, hingga sistem berebut e-book menjadi hal yg biasa, harusnya hal ini menjadi tinjauan bagi pihak pengelola untuk meningkatkan pelayanannya, sehingga yg ingin membaca tanpa harus memikirkan sistem berebut copy-an e-book yg menyusahkan dan merepotkan.",2022-09-25 03:17:58
A Google user,5,"Koleksi lengkap, dalam dan luar negeri, sastra lama sampai karya populer. Baca buku tidak perlu ke mana-mana cukup dalam satu genggaman",2022-09-23 01:32:59
A Google user,1,"jelek banget, gak bisa daftar akun jadinya nih aplikasi gak bisa dipakai,please update dong ..sebenarnya ini apk bagus..",2022-09-20 09:58:28
A Google user,5,"Semoga diperbanyak koleksi bukunya, terimakasih!",2022-09-13 16:18:31
A Google user,1,"Jelek banget aplikasinya, bukunya kurang lengkap, ui nya juga nggak enak di mata",2022-09-12 13:13:36
A Google user,1,Waktu itu pernah gak sengaja saya uninstall dan pas diinstall kembali malah gak bisa log in...ini gimana ya? Saya sudah ajukan komplain lewat email tapi gak direspon.,2022-09-09 09:24:15
A Google user,1,"Setelah di update, membaca buku setelah beberapa halaman dia force close",2022-09-06 09:37:09
A Google user,4,"Udah borrow, gabisa download dan gabisa baca di appsnya juga, nggak jelas",2022-09-05 06:56:39
A Google user,5,Keren abizz👍,2022-09-01 13:38:31
A Google user,1,aplikasi perpus paling sederhana di dunia,2022-08-31 00:58:35
A Google user,5,Nice app,2022-08-29 12:44:11
A Google user,3,- Pop-up nomor halaman tiap men-scroll halaman buku tolong dihilangkan - Update agar bisa memfavorite-kan buku tanpa hrs download saat copy buku tersedia - Update agar user dapat masuk ke halaman Book Detail melalui Books Borrowed - Kadang ada kasus buku yg udh didownload gabisa dibuka. Tolong diperbaiki,2022-08-25 12:05:32
A Google user,3,smoga makin banyak copy-an bukunya dan makin banyak yang hobi baca. makasih iPusnas 💖💖 Edited: ga bisa dibuka di infinix 11. Tolong kk developer 🙏,2022-08-21 17:36:15
A Google user,3,"Update terbaru malah gabisa dibuka sama sekali, ngefreeze doang. Tolong diperbaiki tq",2022-08-21 15:53:20
A Google user,1,Sering banget nge-bug-nya,2022-08-21 15:51:47
A Google user,3,"sebelum login app normal lancar, setelah login kenapa untuk membuka app nya lama sekali? bahkan sama sekali tidak bisa diakses lebih, hanya logo ipusnas saja di awal :')",2022-08-21 14:47:31
A Google user,2,Why this app can't be open?? I wait so long and nothing happen.,2022-08-21 12:25:02
A Google user,1,I cant open this app since the first time I download it. Bahkan utk registrasi email aja ga bisa-bisa,2022-08-21 10:34:33
A Google user,1,It's take really long time to open the app.,2022-08-21 10:31:57
A Google user,3,"Koleksi bukunya lumayan beragam, tapi sangat disayangkan ketika mau di buka kembali tidak bisa, hanya keluar tampilan awal saja, padahal saya sangat butuh referensi untuk study saya. Mohon diperbaiki lagi yaa aplikasinya ipusnas.",2022-08-21 08:18:28
A Google user,5,"great and easy to use! the ui's kinda old but that's rlly okay for me since i can read and borrow a lot of books for completely free and no ads. Great job, iPusnas!",2022-08-21 03:37:12
A Google user,1,"Aplikasi terlalu berat, loading page lambat. Buku yg sudah diunduh juga harus dibuka dengan koneksi internet. Minat baca di Indo sudah rendah, kalau apps keluaran perpusnas saja lemot begini gimana minat baca bisa naik? Tolong diperbaiki, Min Salam cinta literasi",2022-08-20 22:57:17
A Google user,4,"Sejauh ini cukup baik secara keseluruhan, hanya saja seringkali terjadi loncat halaman dan itu cukup mengganggu. Akan lebih baik apabila untuk menuju ke halaman selanjutnya atau sebelumnya bisa hanya dengan tap layar sebelah kanan/kiri. Dan juga ada fitur menandai halaman yg sedang dibaca agar bila akan melanjutkan bacaan tidak harus mencari2 halaman tsb.",2022-08-20 02:40:11
A Google user,3,"App tidak bisa dibuka, bug lama",2022-08-17 15:31:09
A Google user,3,Bukunya bagus-bagus tapi aplikasinya jelek. Error terus.,2022-08-17 13:40:23
A Google user,3,"Sebagai seorang guru, kehadiran aplikasi ini adalah sebuah hal yang ditunggu. Cocok sekali untuk memotivasi anak sekolah yang agak malas ke perpus untuk membaca buku. Namun sayangnya, saya mencoba pinjam buku, saya udah ketuk beberapa kali menu unduh, tapi tetap saja buku tersebut tidak bisa diunduh. Saya khawatir, saat saya mengarahkan siswa untuk pinjam di ipusnas, mereka mengalami kendala seperti saya. Padahal HP speck sudah memenuhi, jaringan bagus. Mungkin ada bug.",2022-08-14 19:07:32
A Google user,5,"Terima kasih ipusnas, karena kamu aku jadi bisa baca buku gratis ✨️❤️",2022-08-14 18:33:21
A Google user,1,Crash terus,2022-08-14 10:42:05
A Google user,5,"Koleksi makin bertambah, terima kasih Perpusnas!",2022-08-11 02:22:14
A Google user,4,Kenapa tidak ada tombol sign up / daftar? *Edit: ternyata tombol register baru muncul setelah terkoneksi dengan akun facebook,2022-08-08 01:48:00
A Google user,2,"Aplikasi menyediakan buku legal dengan gratis. Tetapi ada fitur fitur yang belum berjalan, seperti notifikasi yang tidak muncul, penggunaan pemberitahuan ketika halaman berganti bisa saja membuat beberapa pengguna merasa pengganggu. Senang apabila bisa mendapat kabar perbaikan untuk aplikasi ini",2022-08-05 08:50:05
A Google user,3,EROR LAG FORCE CLOSE SENDIRI Kalau saya sedang menggunakan aplikasi selang beberapa waktu juga langsung close sendiri. Untuk login juga ngelagnya minta ampun.,2022-08-04 17:21:40
A Google user,4,"app yg saya butuhkan sekali. hanya terkendala ketika meminjam, respon klik untuk konfirmasi pinjamnya lambat sekali, seperti ngefreeze. saya harus keluar aplikasi dan kembali lagi dulu supaya dia bisa di tap lagi. next mungkin bisa ditambah fitur ""bookmark"" untuk list buku yg mau kita baca agar tidak perlu mencari buku yg mau kita baca 1-1.",2022-08-03 10:58:41
A Google user,2,Fix your bugs,2022-08-03 07:31:47
A Google user,4,"UInya jelek, kontennya lumayan.",2022-08-01 15:06:52
A Google user,1,Gabisa login 😡😡😡 loadingnya lama bgt!!!,2022-07-31 10:24:24
A Google user,4,Pliss tambahin wishlist dong. Kadang pengen baca ini itu tapi keburu ke refresh. Plisssss,2022-07-31 09:17:15
A Google user,1,Jelek banget aplikasi ini. Dulu bbrp tahun lalu aku sempat menikmatinya. Lalu tiba2 aja gak bisa pinjam buku. Bahkan buku yg dipinjam juga gak bisa dibuka. Akhirnya aku uninstall. Stelah bbrp tahun aku kira bakal ada perubahan.... kmaren ada teman yg nyaranin donlot.. ak coba donlot lagi. Dan tetap aja. Buku yg kusewa gak bisa dibuka. Padahal aku dah pake samsung s 22 ultra. Tetap aja aplikasi ini parah banget operasionalnya. Aku uninstall lagi. Kenapa bikin aplikasi yg buruk spt ini kinerjanya,2022-07-27 07:45:22
A Google user,5,"Halo tim ipusnas, terimakasih sudah membuat aplikasi ini yang sangat bermanfaat, tapi ada keluh kesah dari saya, saya kesusahan dalam membaca karena tidak ada foto zoom, dikarenakan ada beberapa buku yang kurang jelas dan tulisan yang sangat kecil, semoga tim bisa mencari solusi. 🙏🙏🙏",2022-07-23 11:54:18
A Google user,3,"the status keeps saying that i'm on ‘newbie’. in fact, i had opened 4 books, posted more than 5 comments, and other 2 rules. why can't i level up on bookworm? i noticed too that when we save a book on a bookshelf, and we read it, then we back to the bookshelf section, and click ‘info’ below the book's cover, we can't see the progress. it's always 0%. i think that's why i can't level myself up. please fix this asap. 🫠",2022-07-22 02:26:46
A Google user,3,Nah. Banyak yg antri pinjam 🙏,2022-07-19 22:52:40
A Google user,5,"Please tambahin buku-buku dari Penerbit Haru dan Spring. Mereka punya banyak buku berkualitas dari berbagai negara Asia dan Eropa, loh. Dijamin iPusnas bakal jadi lebih rame kalau nambahin buku-buku dari mereka.",2022-07-19 01:18:33
A Google user,3,"Saya suka sekali aplikasi ini tapi akan lebih suka lagi jika judul buku-bukunya ditambah lagi dan stok dari masing-masing bukunya juga diperbanyak, terutama untuk buku-buku terkenal seperti buku karya Tere Liye. Juga saya harap buku tidak auto dikembalikan saat tidak dibuka selama 24 jam, lebih baik diberi batasan 3 hari, jika tidak dibuka-buka juga barulah otomatis dikembalikan.",2022-07-18 13:18:34
A Google user,5,"Makasih Ipusnas! Suka banget! Mau reques dong tambahin buku2 biologinya, di kategori pun ga ada biologi",2022-07-18 00:30:52
A Google user,3,"Stok per judul buku berapa? Karna ini diakses seluruh penjuru nusantara akan lebih baik kaji ulang jumlahnya, antri kelamaan",2022-07-15 09:37:12
A Google user,1,Aplikasi baca buku online kudu ngantri? Bhuahahahaha anda ini serius atau beneran serius?,2022-07-13 23:08:38
A Google user,5,Utk buku dgn format epub ko sering bgt force closed ya. Jd hrs sering sering instal ulang. Ngabis ngabisin kuota. Apa ini modus? Padhl seneng bgt ada aplikasi membaca digital yg legal dan koleksinya lbh kumplit dibanding apl lain. Sy sering merekomendasikan apl ini kpd teman teman yg lain. Bintangnya saya tambahin. Koleksinya makin banyak,2022-07-13 03:58:20
A Google user,5,Halo.. terimakasi atas applikasi membaca gratis ini. Sangat bermanfaat. Saran saya mohon ditambahkan fitur wishlist. Pengen aja nandain buku mana aja yg mau dipinjam biar ga lupa 😁,2022-07-11 13:01:14
A Google user,5,Banyak pilihan,2022-07-11 07:52:54
A Google user,3,Kenapa susah banget login????,2022-07-07 15:24:35
A Google user,1,It's take too long when I want to open this app,2022-07-06 17:38:26
A Google user,1,loginnya susah,2022-07-06 13:56:04
A Google user,3,"I'm newbie, I like the apps. But, not for the interface and why i can't download the books? The books is already in my bookshelf, but i cant download it. I've tried another books, but the issue is still same.",2022-07-05 16:07:47
A Google user,1,"Baru mau login aja , stuck, app stopp, no message",2022-07-05 00:35:08
A Google user,4,"Aplikasinya sudah mengalami banyak perkembangan, terima kasih pihak pengelola yang selalu berusaha meningkatkan kualitas iPusnas! Semoga bisa semakin baik lagi 🙏",2022-07-02 09:46:24
A Google user,3,gabisa pinjam buku terus,2022-07-01 04:20:41
A Google user,2,"Mohon diperbaiki bug appsnya, saya saat buka buku yg selesai didownload selalu force closed",2022-06-28 23:16:17
A Google user,1,app crash setiap klik 'borrow'. please fix,2022-06-28 22:37:29
A Google user,3,"Untuk saat ini maaf harus dikasih 3 bintang. Ada beberapa hal yang bisa dikembangkan lagi khususnya tentang pemakaian terasa lemot untuk berpindah-pindah atau membuka buku. Selain itu, bookmark juga hilang ketika kita pindah device (alat), misal sudah bookmark di hape lalu saya buka di laptop maka bookmark tidak ikut berpindah padahal saya sudah login akun. Ayo perpusnas kembangkan aplikasinya. Manfaat dan potnsinya besar padahal. Bisa yuk bisa. #LovePerpusnas",2022-06-28 15:38:27
A Google user,3,"Hi, i love it how i can read n borrow a book with free but please it keeps on logout automatically. Will be better if you could fix the bug. Thanks.",2022-06-27 23:15:00
A Google user,1,"Tolong benerin bug susah nge-return buku dong. Harus dipencet berkali-kali baru bisa ke-return. Ini agak nyebelin sih, soalnya jadi sulit mau memperpanjang buku. Terima kasih. Edit: jawaban dari developer ga membantu sama sekali, karena bukan cuma saya yang ngalamin ini, jadi jelas bukan kondisi internet yang jadi masalah. Emang ada bug di aplikasi ini. Tolong segera diperbaiki. Edit (2): Keajaiban Toko Kelontong Namiya",2022-06-27 06:54:02
A Google user,5,"Keren banget, makin semangat baca buku karena kalau beli buku lumayan jadi lebih baik pinjem di sini :) . semoga buku import ada juga ya :D",2022-06-26 17:00:10
A Google user,2,Tambahkan mode gelap dan perbaiki interface-nya agar membaca menjadi lebih nyaman,2022-06-24 13:01:49
A Google user,1,Aplikasinya stuck diawal aja.. Dan tidak bisa masuk ke aplikasinya,2022-06-20 17:26:07
A Google user,5,Mantap buat kutu buku...,2022-06-17 12:48:03
A Google user,5,"Perpustakaan pinjam dengan media, sangat menarik dan membantu. Thanks dengan media apk ini",2022-06-16 12:13:14
A Google user,4,Tolong klo pas antrian trs ada buku yg kosong kasih notif dong. Ksiani kmi yg hrus nabung buat beli buku fisik smpe dua bulan 😶,2022-06-12 05:17:24
A Google user,3,"tampilan lamanya lebih baguss, kalau bisa balikin tampilan lamanya ketika baca buku, versi yang sekarang bookmark sama nomor halamannya malah hilang, padahal bookmark sama nomor halaman salah satu yang paling dibutuhin buat nandain bacaan kita, we need it back plsss🥺",2022-06-11 14:15:41
A Google user,2,Error terus.,2022-06-10 17:25:54
A Google user,2,Tidak bisa membaca buku yang sudah dipinjam ke dalam rak. Bahkan di download saja tidak bisa. Sudah berkali kali reinstall aplikasi terapi tidak bisa.,2022-06-09 16:20:25
A Google user,1,JELEK POL. LUEMOT,2022-06-05 17:15:48
A Google user,5,"Terima kasih bisa baca ebook gratis secara legal, dukung ipusnas semoga lebih baik kedepannya",2022-06-05 10:47:50
A Google user,4,Login nya lama banget,2022-06-05 06:53:52
A Google user,4,"Saat sedang digunakan ""aplikasi terhenti"" sendiri. Lalu, dari segi ukuran font sayang sekali tidak ada pilihan ukuran yang bisa kita pilih besar kecilnya. Alangkah lebih baik jika ada, karena kalau di zoom kurang efektif belum lagi harus menggeser2 page-nya untuk melihat tulisan",2022-06-04 04:10:19
A Google user,5,"Aplikasinya sangat membantu, koleksinya cukup lengkap walaupun untuk buku yang cukup terkenal harus antri dulu karena banyak peminat nya 😁 tapi saya sangat mengapresiasi kehadiran aplikasi ini, semoga kedepannya bisa terus ditingkatkan kualitas nya agar semakin banyak yg tertarik dan merasakan manfaat aplikasi ini",2022-06-03 08:32:43
A Google user,2,"tampilannya out of date banget, buku2nya gak dikategorisasikan per genre, koleksinya juga kurang, ada buku2 terkenal yg gak masuk sini, dan utk buku2 yg laku banget dipinjam harusnya jumlah koleksinya ditambah lagi. semoga kedepannya bisa berkembang jadi lebih bagus.",2022-06-03 08:17:39
A Google user,3,kenapa susah sekali buat login,2022-06-01 07:56:14
A Google user,4,plsss tambahin feature halaman terakhir dibaca dongg😭🙏🏻🙏🏻🙏🏻,2022-05-31 09:02:00
A Google user,5,"Mau reset password karena lupa, dikirim linknya lewat email tapi pas diklik eror terus",2022-05-31 01:23:18
A Google user,4,"I like this app because, we can borrow the books for free, but sometimes we have to waiting to get the book and why this app the notification doesn't appear on top?",2022-05-31 01:08:44
A Google user,5,👍👍👍,2022-05-30 12:41:10
A Google user,5,"disediakan buku bacaan gratis, sudah sangat terima kasih sekali.. mau komplenpun malu.",2022-05-30 12:24:15
A Google user,5,Udah lama gak buka iPusnas dan ku kagum bgt sama major updatenya. Sekarang pakai format epub! Jadi gak perlu lagi deh zoom-zoom tulisan karena sekarang tulisannya udah lumayan gede. Lebih nyaman dibaca pokoknya. Keep it up!,2022-05-24 18:13:54
A Google user,1,"This versiob has a bug. Everytime i want to read the book i borrow, it will closed",2022-05-22 09:52:13
A Google user,5,"Cara pakainya mudah, buku nya lumayan lengkap dan gratis pula, saran mungkin bisa tambah fitur mode gelap biar bisa baca dengan nyaman klo di ruangan yg gelap",2022-05-22 09:11:07
A Google user,3,"Cukup membantu, tapi tolong ditambahkan juga untuk history peminjamannya, pasti akan lebih membantu untuk menemukan buku yg pernah dipinjam.Bintang 3 dl ya",2022-05-20 11:15:48
A Google user,3,the app is pretty good since i can borrow free books but it often crashed. i tried to uninstall then reinstall it again but it's no use. now i don't know what to do.,2022-05-19 03:53:41
A Google user,3,"Halo, saya masih belum bisa mengubah penilaian dikarenakan kendala masih sama. Beberapa judul buku yang saya baca tidak bisa dibuka atau keluar tiba-tiba. Diantaranya, The Naked Marquis - Sally Mackenzie dan Kumpulan Dongeng Klasik HC Andersen - Faustine Erlishy. Tolong dibantu untyk perbaikan ya, saat saya buka tidak ada masalah dengan koneksi. Terima kasih.",2022-05-19 00:19:08
A Google user,4,"Aplikasi ini sangat bagus, bisa membantu banyak orang yang ingin membaca. Tapi tolong di upgrade2 lagi fiturnya. Tadi aku nggak bisa kirim dm padahal udah coba beberapa kali🙏 katanya servernya lagi maintenance",2022-05-17 11:04:07
A Google user,5,Revolusi Digital,2022-05-17 01:53:57
A Google user,4,"Nilai plusnya: koleksi buku cukup banyak dan pengguna bisa meminjam dan membaca dengan gratis. Hal yg masih perlu peningkatan dan perbaikan dalam pengalaman membaca: belum ada sensor orientasi layar (tergantung pada sistem), belum bisa tampilan full scren (margin atas bawah masih terlalu besar), tidak bisa menuju ke halaman tertentu (tergantung pada bookmark)",2022-05-16 14:08:29
A Google user,2,"Baru install, dah langsung ingin uninstall. Ga lengkap. Buku yg dipinjam juga 'file not found' terus.",2022-05-16 08:59:52
A Google user,3,Kesel bgt gak bisa di download :(,2022-05-13 01:04:30
A Google user,3,"Aplikasinya masih banyak bug kadang suka error saat mau pinjam ebooknya dan juga ebooknya kurang lengkap, semoga sih bisa ditambah lagi koleksi bukunya",2022-05-11 14:33:00
A Google user,5,"bagus sekali memudahkan mencari buku referensinya,teringat masa dulu rajin ke perpustakaan untuk membaca. sekarang jadi bisa membaca dimanapun, tinkatkan terus koleksi buku dan kualitas aplikasinya",2022-05-08 09:00:00
A Google user,5,"Sangat membantu, tolong tingkatkan kembali karena ini sangat membantu orang banyak terutama saya yang suka membaca buku",2022-05-07 16:00:54
A Google user,3,"Permisi, Pertama-tama, ya sudah sepastinya terima kasih karena dengan adanya iPusnas ini, saya selaku pelajar dapat mudah meminjam buku tanpa harus pergi keluar rumah. Tapi ada satu masukan tentang fitur di aplikasi ini yang saya rasa harus segera diperbaiki agar mempermudah pengguna, yaitu algoritma pencariannya. Algoritma pencariannya masih kurang, terkadang buku yang muncul hanya sedikit atau malah buku tentang topik yang lain yang muncul. Sekian Terima Kasih",2022-05-06 03:08:48
A Google user,4,Lumayan,2022-05-06 00:57:34
A Google user,3,"Admin, kenapa password sy kok ga bs masuk ya? Udah reset password yg dikirim dr ipusnas masih ga bisa juga. Password tidak sesuai terus",2022-05-02 11:00:21
A Google user,5,Wajib *5 karena sangat keren aplikasinya. Btw klo scroll halaman di dark mode kok lompat2 ke dark dan white mode?,2022-04-28 15:53:38
A Google user,4,"Koleksi bukunya lumayan banyak, tetapi bila buku tersebut populer dan banyak orang ingin meminjamnya, buku sulit untuk dipinjam karna stok yang terbatas. Selain ini aplikasi terkadang tidak berjalan dengan baik sebagaimana mestinya.",2022-04-27 12:43:17
A Google user,1,Bug,2022-04-26 06:32:30
A Google user,2,"Ada bbrp buku yg udh di pinjam, tapi pas mau di baca, ga bisa.. selalu keluar dari aplikasi.. itu kenapa ya? Tolong di cek dong.. tq",2022-04-24 16:06:30
A Google user,4,"Sudah bagus sebenarnya dengan bisa pinjam buku dan koleksi bukunya di sini, cuma kadang masih ada errornya, mohon ditingkatka ya biar para pembaca bisa lebih nyaman",2022-04-24 02:57:17
A Google user,1,Download button doesnt work after i borrowed the book. I cant find how to fix it on the help bar,2022-04-19 12:35:48
A Google user,5,"Aplikasi ini membantu banget buat saya yg suka baca buku, tapi enggak cukup uang untuk beli buku yang legal. Walau begitu, ada beberapa kekurangan dalam app ini yang masih buat saya kurang nyaman. 1. Saya berharap bgt ada menu request di sini. Ada beberapa buku yang sering dibutuhkan tp belum muncul. 2. Beranda daripada diisi buku-buku enggak jelas, lebih baik dimunculkan rekomendasi bacaan sesuai histori peminjaman. 3. Ada baiknya buku terjemahan dipisah dan dibuat kategori sendiri.",2022-04-14 14:08:40
A Google user,1,Bad ui and some trouble when login,2022-04-13 01:31:05
A Google user,2,"Aplikasi yang bagus dan sangat memudahkan kami para pelajar yang membutuhkan buku. Namun, ketika hendak membaca buku yang dipinjam, mendadak keluar sendiri dan itu terjadi berulang kali. Ini sangat menganggu, padahal internet sangat stabil di sini. Semoga bisa diperbaiki secepatnya",2022-04-11 13:39:02
A Google user,1,NGELAG,2022-04-11 03:17:26
A Google user,1,"Aplikasinya sering kelog-out sendiri, pas coba masuk tiba-tiba email sama password invalid, padahal saya yakin sudah benar, sudah beberapa kali coba juga. Waktu pake ""forgot password"" udah dapet email password baru tetep aja invalid hadeehhh. gitu terus selanjutnya. Tolong ya perbaikannya karena ini mengganggu sekali. Terima kasih.",2022-04-10 11:22:37
A Google user,4,"Untuk aplikasinya sudah bagus, tp agak lemot misalnya mau upload info utk bio akun, uda berkali2 coba ttp lemot. Untuk koleksi bukunya juga agak kurang lengkap dan malah beberapa ada yg double bukunya padahal bukunya sama, jadi mungkin bisa diperbaiki biar lebih bervariasi dan baik untuk kedepannya : ) .",2022-04-10 04:06:01
A Google user,5,Baca buku gratis 💖💯👍,2022-04-06 12:23:54
A Google user,4,"oh iya bisa bikin password sendiri, tks min. Saran lain yg penting banget: Tolong ada pilihan untuk bikin shelves/rak buku sendiri, contoh rak buku to-read, berisi kumpulan buku2 yg pingin kita baca tapi ga sekarang bacanya. Bisa di drag & drop juga urutan bukunya sesuai mana yg mau kita baca duluan, atau shelves buat buku2 sesuai genre dll sesuai kebutuhan (Kayak di goodreads). Biar klo kita naksir buku2 ga hrs lngsg didownload skrg juga, biar yg lain yg mau baca sekarang bisa download duluan.",2022-04-06 06:53:20
A Google user,2,saya tidak bisa download buku yg dipinjam. kenapa bisa begitu ya?,2022-04-03 12:47:05
A Google user,5,"Suka banget sama aplikasi ini. Tampilannya simple dan banyak buku yang bagus-bagus. Kurangnya cuma tolong tambahkan fitur untuk menghapus histori karena mau reread buku yang sebelumnya tapi tenggelam ketumpuk histori buku lainnya, jadi agak susah untuk scroll dan nemuinnya. Secara keseluruhan iPusnas selalu lancar aja di hp saya yang jadul ini, nggak pernah keluar sendiri atau error, dan bahkan notif yang didapat selalu up to date.",2022-03-30 16:00:17
A Google user,1,Aplikasi minta akses kamera dan modifikasi file sistem hape untuk apa??? Hayo ngaku ini sebenarnya aplikasi spyware yha 👁️👄👁️ Jangan alasan untuk pengaturan cahaya wong udah secara otomatis. Hayo ngaku koleksi buku iPusnas banyak yg radikal yha?? 👁️👄👁️,2022-03-30 12:20:47
A Google user,1,Restart terus...,2022-03-29 12:25:44
A Google user,3,Applikasinya tidak bisa di buka d tablet untuk login juga sering masalah. Hrus d tambah fitur2 lain seperti wishlist,2022-03-29 11:45:01
A Google user,4,"Aplikasi nya udah bagus dan sangat membantu, saya harap kedepannya lebih bagus lagi dengan memperbanyak koleksi bukunya. Dan mohon diperbaiki lagi sistem antrian peminjaman buku agar lebih ada kejelasan. Dan jika bisa, diperbanyak lagi jumlah bukunya.",2022-03-26 02:24:12
A Google user,3,aplikasi bagus tapi nggak bisa di baca bukunya,2022-03-23 16:59:26
A Google user,5,Keren aplikasi bangsa yang sangat2 berfaedah,2022-03-23 13:13:22
A Google user,4,"Aku-akui semua nya cukup lengkap bukunnya, tpi ada big problem is ""Queue""... jadi bad mood for reading!",2022-03-23 01:36:20
A Google user,5,"Aplikasi Bagus, membantu saya mengurangi biaya pembelian Buku. Kekurangan yang saya rasakan, setiap membuka buku tampilan di halaman awal walaupun sebelumnya sudah dibaca sampai beberapa halaman. Semoga lebih baik.",2022-03-23 00:26:51
A Google user,1,lemot banget,2022-03-22 04:55:41
A Google user,2,"I like the idea. But, how do we make account for this app? Because i live on Makassar, i never went to the Pusnas on Jakarta. Do we have to sign up there?",2022-03-21 14:02:12
A Google user,5,"Ipusnas sedang tidak bisa diakses ya kak? Ada notifikasi *unknown error* setiap saya buka aplikasi nya, jadi saya tidak bisa pinjam buku",2022-03-20 15:41:09
A Google user,4,"Sangat bagus aplikasinya, tapi tidak nyaman digunakan saat hp saya memakai dark mode, saya harap dapat diperbaiki",2022-03-17 19:27:04
A Google user,5,"good app, i can read many books and save a lot of money. but there are still a lot of bug. i hope this app can be better & improved. thank you",2022-03-17 16:14:15
A Google user,1,"Login nya lama banget astaga, udah ditinggal 15 menit tetep aja disuruh tunggu... Nyusahin banget.... Gimana mau lanjutin tugas kalau disuruh pake aplikasi kayak gini...",2022-03-16 04:32:19
A Google user,1,Kaga ada buku materi perkuliahan..,2022-03-15 03:38:58
A Google user,5,"Halo, kenapa foto cover bukunya ngeblur gitu ya? Bagaimana cara memperbaikinya?",2022-03-14 05:39:49
A Google user,5,Nice,2022-03-14 05:31:28
A Google user,5,Wormbook,2022-03-13 11:08:31
A Google user,5,Aplikasi yang bagus tapi buku kebanyakan tidak ada file saat hendak didownload,2022-03-13 00:09:43
A Google user,4,"Mungkin sebaiknya penggunaannya bisa lebih simple. Dari tadi mencoba membaca buku tapi tidak bisa. Software nya perlu diperbaiki, buatlah sesimple mungkin",2022-03-12 12:06:26
A Google user,4,"Makin bagus aplikasinya, tinggal stok bukunya aja lebih diperbanyak lagi",2022-03-10 04:23:18
A Google user,1,"for god sake jangankan baca buku, saya login aja gak bisa pdhl udh nyoba berulang kali. login pake email apknya ngefreeze, pake facebook disuruh nunggu trus. aneh. fix dong, gimana sih.",2022-03-09 15:47:43
A Google user,3,"Pengen login susah bgt, lama bgt:)",2022-03-07 07:58:09
A Google user,1,i cant log in,2022-03-07 04:13:41
A Google user,3,Tolong diperbaiki lagi untuk notifikasi ketersediaan buku yang tidak muncul di luar aplikasi. Percuma ada fitur notifikasi tapi hanya muncul dan bisa dilihat ketika sedang membuka aplikasi saja.,2022-03-06 10:13:32
A Google user,1,"Kenapa saat sudah di rak buku, saya tidak biaa mendownload bukunya sama skali untuk dibaca.",2022-03-06 06:47:15
A Google user,4,"Saya memiliki permasalahan login, sebelumnya sudah bisa, tapi setelah beberapa hari diminta login lagi. Tapi tulisannya please wait terus. Mohon solusinya. Terima kasih.",2022-03-04 14:01:24
A Google user,5,Konsepnya dih bagus ya... Tapi sayangnya di hp saya kok sering ngelag gitu 😭🙏,2022-03-01 01:51:18
A Google user,3,"saya gabisa login, muter2 terus ""pleas wait"" katanya. udah coba close-open lagi tetap gabisa login😢",2022-02-28 04:48:58
A Google user,5,"Min, lengkapin koleksi novel Agatha Christie dong,, sama novel karya Keigo Higashino juga tolong dilengkapi....",2022-02-27 14:22:16
A Google user,1,"saya terkendala banget soal registrasi akun di ipusnas. coba login pake email, password doesnt match (karna mgkn belum teregistrasi). coba pake fb, waktu pinjem suruh masukin pass lg yg akhirnya not match lagi. saya udh ada keanggotaan perpusnas dgn email yg sama digunakan untuk ipusnas tapi disuruh registrasi terus tanpa ada tombol registrasinya. agak bingung.. bintang 1 dulu karena masih belum bisa pakai",2022-02-25 11:07:31
A Google user,3,"Ribet, lama",2022-02-24 12:26:14
A Google user,1,"pake email yg udah terdaftar ga bisa, regis pake email baru ga bisa hhhhh",2022-02-23 08:04:32
A Google user,3,"Mohon diperjelas berapa lama jangka waktu maksimal peminjaman e-book, sy pinjam sebuah buku, masak baru beberapa hari sudah hilang? Padahal belum selesai baca :(( ga ada data peminjaman di history pula. Tolong perbaiki ya. Terima Kasih.",2022-02-22 23:11:46
A Google user,5,"I really appreciate this application, please improve the quality again because I don't understand this application yet",2022-02-22 16:49:50
A Google user,2,"Semakin sering dan banyak buku2 yang tidak bisa dibaca setelah didownload. Kalau buku dibuka, aplikasi otomatis kembali ke home atau tertutup sendiri. Sayang sekali.",2022-02-22 11:03:49
A Google user,5,"Suka sekali dengan aplikasi perpustakaan ini, kemarin memang sempat error tetapi sudah diperbaiki, eh sekarang error lagi, misalnya komentar ini dilihat admin, sekalian mau tanya, apa ada prosedur yang bisa fasilitasi yang mau donasi ebook? misalnya saya ingin beli ebook tertentu tapi ebook langsung masuk ipusnas ini, jadi tidak ke saya gitu Edit1: 19-2-2022 aplikasi sudah oke lagi. Makasih ipusnas",2022-02-19 15:00:15
A Google user,3,"Baru habis update, malah data not found di semua tab, profil juga gabisa muncul. Apa gangguan jaringan saya? Tapi kok buka sosmed lain, streaming youtube sama netflix semuanya lancar lancar aja ya. Pas buka ipusnas ga ada yg bisa dibuka. Bener bener data not found. Tolong dibenerin dong :(",2022-02-18 15:48:56
A Google user,3,"Sebuah aplikasi yang cukup bagus dan satu-satunya yang masih bertahan di hp saya. Tapi ada hal yang membuat saya frustrasi. Koleksi buku yang sempat dipinjam sebelumnya memiliki banyak stok buku, lalu saat saya hendak meminjam lagi, stok buku habis begitu saja. Apakah ini karena peminjam lupa mengembalikan? Tapi saat waktu pengembalian sudah habis, buku di rak sudah tidak ditemukan sehingga tak bisa dikembalikan. Kemana stok bukunya pergi? Mohon untuk diperbaiki segera.",2022-02-18 04:23:52
A Google user,4,"Bagus tapi tolong katalog sama list buku yang random di Home bisa di next, jadi bisa liat rekomendasi yang lainnya",2022-02-17 05:42:24
A Google user,2,"The concept is good but the execution is bad. Still well done Ipusnas, you had to hire UI engineer and UX engineer",2022-02-12 07:46:56
A Google user,5,Apps yang sangat membantu kami di wisma atlet.. semoga bisa terkoneksi dengan apps peduli lindungi ....makasih pusnas,2022-02-11 16:58:08
A Google user,5,"Wah keren banget iPusnass. Hehe aku cinta kalian. Semoga koleksi buku kiri dan kanan diperbanyak ya, min.",2022-02-11 16:53:03
A Google user,4,"Tolong perbanyak lagi copy bukunya, saya sering kehabisan",2022-02-10 14:23:52
A Google user,1,"Saya gk bisa buka aplikasinya, udah di uninstall terus install lagi sampe 3 kali tetep gk bisa. Masih ada bacaan yang belum selesai, ini gimana yah??? Tolong saya dong!!!!!",2022-02-08 13:29:48
A Google user,3,"kenapa bukunya Rick Riordan ga lengkap, terus harry potter series juga gada, padahal kan mau baca :(",2022-02-08 13:25:44
A Google user,3,"Baru update terus muncul izin buat akses telpon, karena saya kira tidak berhubungan dengan keperluan baca maka saya tolak. Tapi aplikasi tidakbisa dibuka.",2022-02-06 10:35:02
A Google user,5,"So far so good, however i wish this app will be provided by english novel later 😊",2022-02-05 09:22:18
A Google user,5,Bisakah masa pinjamnya di perpanjang,2022-02-03 16:44:07
A Google user,4,kadang lama kalo dibuka,2022-02-03 14:54:46
A Google user,3,"Tidak bisa buat akun, jadi tidak bisa baca apa2 deh",2022-02-02 13:23:05
A Google user,2,bukunya bagus2 tapi appnya suka ngelag,2022-02-02 03:49:44
A Google user,2,"(1) Night mode gak berfungsi (2) Format PDF jadi GAK BISA diubah font sizenya (3) Gak bisa masuk halaman terakhir yang dibaca, jadi bolak balik kudu scroll dari halaman awal (4) User Interface jadul dan sering bugging (5) Gak ada fitur search di dalam buku yang sedang dibaca (6) Gak ada fitur lompat ke halaman yang diinginkan (7) Sering eror, force close sendiri (8) Gak ada buku luar berbahasa Inggris",2022-02-02 03:47:54
A Google user,4,"Gk bisa di download, pdhal cache udh dihapus, sinyal wifi kenceng, memori jg udh plong, hp jg udh di restart, ttp gabisa di dwnload jg. Knapa ya?",2022-01-29 14:36:29
A Google user,5,"Tidak bisa meminjam buku, ""borrowing book, please wait..."" terlalu lama dan tidak selesai2 Edit: ^pakai akun facebook tidak bisa, pakai akun gmail bisa",2022-01-29 03:00:46
A Google user,5,I can read original legal and free book from here. Best!!,2022-01-28 08:39:27
A Google user,1,"Navigasinya berantakan, susah di pakai pengkategorian buku malah keluar pejabat.. Hire ui/ux design lah..",2022-01-28 04:32:11
A Google user,3,"Aplikasinya sangat membantu, namun sejak awal januari hingga sekarang, buku yang sudah saya pinjam tidak bisa dibaca. Aplikasi selalu crash saat saya klik untuk membaca. Mohon bantuannya terima kasih 🙏🏻",2022-01-27 11:28:25
A Google user,1,Untuk apa ijin make and manage phone call dan akses camera/file media?,2022-01-26 08:59:44
A Google user,5,Tambahkan notifikasi yang muncul di handphone kita agar lebih mudah mengetahui buku sudah tersedia!,2022-01-24 03:08:58
A Google user,5,"Terima kasih atas perbaikan aplikasinya! Akhirnya bisa ""ngeread"" ebook yang dipinjam. Terima kasih banyak iPusnas! Jaya selalu♥️",2022-01-22 17:29:38
A Google user,3,bisa lah lbh dikembangin lagi. saran: -tambah list antri yg bisa dilihat - tambah history baca/pencarian - nama uploader dimunculkan di buku yg di upload - tolong diperbaiki soalnya sering lemot - bisa baca buku yg udh di download walaupun hp gak nyambung internet,2022-01-22 11:37:41
A Google user,2,"Harry Potter, just an old series like this they don't have. I'm feeling speechless. Also why they need to change the system setting? Seems intrusive",2022-01-22 03:37:27
A Google user,2,gratis sih tapi eror muluu,2022-01-20 13:16:46
A Google user,3,"Interface aplikasi masih old-fashioned, bukunya tolong dibanyakin copy an nya, setidaknya kasih tenggat waktu untuk peminjam agar segera dikembalikan, krn byk yang mau pinjam.",2022-01-20 03:32:19
A Google user,5,"Aplikasi yang sangat membantu. Bisa membaca dimana saja, tanpa harus membawa buku secara fisik. Memang rasanya lebih asyik baca buku secara langsung. Oh ya, mohon mode gelap disempurnakan lagi. Sudah diaktifkan, tapi belum berfungsi.",2022-01-18 14:18:33
A Google user,2,Sama sekali belum aksesibel buat pengguna tunanetra yang pakai screen reader🙏,2022-01-18 11:54:54
A Google user,3,"Aplikasinya bagus buat yg mau belajar membiasakan diri buat membaca termasuk saya, tapi aneh kok beberapa minggu ini saya gak bisa download bukunya lagi dan tidak bisa membaca buku yg sudah saya download. Please yg tau mohon bantuannya dong cara mengembalikannya jadi normal",2022-01-18 08:34:57
A Google user,4,Koleksi bukunya sudah banyak namun tolong dikembangkan sistem notifikasinya. Jangan hanya muncul notif jika appnya dibuka. Jujur sampai sekarang saya tidak tahu bagaimana caranya akun tertentu bisa meminjam buku dengan antrian yang panjang tanpa notifikasi dari layar hp.,2022-01-18 08:28:57
A Google user,5,"Read anytime, anywhere",2022-01-17 14:07:54
A Google user,4,"aplikasi ini sangat saya rekomendasiin apalagi dalam situasi seperti ini. overall aplikasi ini bagus tetapi saya sedikit kerepotan dengan buku yang sudah saya pinjam dan download. kalau bisa abis didownload seharusnya bisa dibuka secara offline lewat aplikasinya, tapi kadang tidak bisa dibuka dan harus online lagi baru bisa dibaca.",2022-01-16 14:53:08
A Google user,4,"jujur apk nya bagus, nyaman, tp kenapa bumi series nya belum lengkap😩 aku kan mau baca :(",2022-01-15 16:33:56
A Google user,5,"Terima kasih responnya, sekarang sudah bisa download dan baca 🤝",2022-01-15 14:06:41
A Google user,5,"Setelah update versi terbaru, buku yang dipinjam dan sudah masuk di rak tidak bisa diunduh. Sudah dicoba melakukan delete lalu reinstall tapi problem tetap sama. Hal ini tidak terjadi ketika masih menggunakan versi sebelumnya. Sudah menghubungi DM Instagram dan email support Ipusnas juga tapi belum ada balasan. Mohon solusi terkait permasalahan tersebut? UPDATED: Problem solved, thanks, Ipusnas!",2022-01-12 23:44:25
A Google user,4,Force close di Android 11,2022-01-12 21:13:05
A Google user,5,"Dear Perpusnas, the app always closed forcely when I want to read some book that I borrowed. Please fix your app asap. Thank you",2022-01-12 14:56:53
A Google user,3,Kok ga bisa di download yaa jadi ga bisa di baca deh... gimana yaa min????,2022-01-12 12:17:51
A Google user,3,"Saya pernah sangat suka dengan aplikasi ini sampai sewaktu saya mau batalkan antrian peminjaman buku Laut Bercerita, dikarenakan yang sering out of stock. Jatuhnya aplikasi ini malah jadi spam notifikasi, dan saya harap developer bisa memperbaiki hal itu.",2022-01-12 08:25:16
A Google user,5,Update terbaru sdh memperbaiki bug yg membuat tdk bisa membaca di tab (Xiaomi pad 5) terima kasih 😀,2022-01-11 23:31:47
A Google user,5,Saya suka baguss👍👍👍,2022-01-11 14:09:52
A Google user,3,Tadinya bisa dibaca dari tablet saya yang OSnya android. Mengapa sekarang tidak bisa didownload bukunya? Padahal saya sengaja beli tablet baru supaya bisa baca dengan lebih jelas dengan huruf yang besar😔,2022-01-11 12:31:24
A Google user,4,Buku yang dipinjam sudah dapat di unduh & dibaca setelah update.,2022-01-11 07:16:39
A Google user,1,"Kenapa ya udah berhasil minjem buku, tapi pas mau dibuka malah otomatis keluar dari aplikasinya?",2022-01-11 03:54:46
A Google user,1,Setiap saya mau buka buku yang saya pinjam aplikasinya tertutup scr otomatis,2022-01-11 02:15:35
A Google user,2,sudah berhasil dipinjam tapi gak bisa di download :') jadi gak bisa di baca~,2022-01-10 16:23:20
A Google user,5,"Masih ada beberapa error. Tapi mengingat manfaatnya besar, aku gak sayang ngasih bintang 5",2022-01-10 14:42:41
A Google user,1,Tidak bisa mendownload buku selama seminggu terakhir. Semoga bisa segera diperbaiki,2022-01-10 14:41:26
A Google user,1,"Aplikasi dr pemerintah gak ada yg beres yg basisnya literasi pun juga low bgt kualitasnya, udah diborrow mau baca cuman muncul ikon download, ikon download diteken pun gak ada apa2nya gak ada ikon report ketika ada bug/error",2022-01-10 14:06:49
A Google user,1,Kenapa tiap mau baca buku aplikasinya menutup sendiri? :(,2022-01-10 12:53:22
A Google user,3,"Sy sdh berhasil meminjam dan mengembalikan 4 buku. Setelah kosong agak lama, sy meminjam buku lagi tp tidak bisa di download. Sudah berkali2 unistall-install ulang tetep ga berhasil.mohon masukannya dr admin utk mengatasi hal tsb.mksh",2022-01-10 12:23:28
A Google user,4,Kok gak bisa didownload sih bukunya?,2022-01-10 12:16:16
A Google user,4,Saya sudah install aplikasi ini sebulan lalu... Tapi tiba-tiba beberapa hari ini 5 harian saya sudah tidak bisa download... Tombol download tidak berfungsi... Mohon bantuannya agar bisa segera diperbaiki... Saya install pada Samsung Galaxy Tab S7 Fe android 11...terima kasih...,2022-01-10 10:09:47
A Google user,1,"Udh bolak balik donlot dan rekues utk verified via email, tp gak dpt2 jg email balasan nya",2022-01-10 07:32:54
A Google user,3,Beberapa hari ini saya gak bisa buku buku di iPusnas.. klik download tp tdk ada apa2.. Bisa dibantu?,2022-01-10 07:28:04
A Google user,2,"Setelah update, buku tidak bisa didownload.",2022-01-09 23:31:46
A Google user,1,Bukunya bisa dipinjam tapi gabisa didownload. Jd gabisa dibaca.,2022-01-09 17:56:06
A Google user,3,"Sudah klik pinjam buku yang tersedia, namun entah mengapa tiba-tiba hari ini bukunya tidak muncul tulisan baca, hanya tulisan download yang itupun tidak bisa diklik. Sudah coba install ulang, tapi tetap tidak bisa. Padahal sebelumnya lancar2 aja baca di ipusnas. Mana buku yang dipinjam banyak yang antri dan mau baca. Mohon diperbaiki.",2022-01-09 08:23:06
A Google user,4,"Bukunya lumayan lengkap, kekurangnnya hanya di UI yg kurang rapih",2022-01-08 23:44:39
A Google user,3,Error terus. Tolong diperbaiki dan ditingkatkan agar pengguna merasa nyaman,2022-01-08 17:37:57
A Google user,1,"Kecewa banget udah borrowed bukunya tapi gak bisa di download. Udah di pencet berkali2 tetep gak bisa di download padahal udh sesuai prosedur. Dulu padahal bisa, tapi di versi yg sekarang malah error :(",2022-01-08 17:17:08
A Google user,1,Ngelag bgt y ... Plis deh gw pengen belajar aja ko gini 🙄,2022-01-08 15:41:00
A Google user,4,"I like this app, baca buku gratis.. Tp bbrp hari ini lagi error y? Bukunya berhasil dipinjam tapi ga bisa di download.",2022-01-08 13:24:09
A Google user,3,"Sebenernya udh bagus ya niatnya biar makin banyak orang bisa baca buku gratis. Tapi tolong terus ditingkatkan lagi ya kualitas performa aplikasinya :') dikit2 eror, dikit2 eror tuh juga bikin sedih huhu apalagi kalo bener2 lagi pingin baca buku 🙏",2022-01-08 12:48:55
A Google user,1,Setiap mau buka buku yg di pinjam selalu keluar tiba tiba mohon bantuannya,2022-01-08 09:57:29
A Google user,3,Bukunya nggak bisa di download,2022-01-08 09:54:13
A Google user,4,"Such a good Application, tapi bukunya antri terus kalau mau minjem pasti stoknya abis padahal udah sering dipantengin tetap aja ga kedapatan. Tolong dong stok nya ditambah lagi :'((",2022-01-08 09:54:00
A Google user,3,"Saya baru selesai membaca 2 buku, dibuku ke-3 saat saya sdh berhasil meminjam buku tp buku tsb tdk bisa di download, saya coba buku ke-4 persis seperti kejadian dibuku ke-3, bisa bantu saya min ?",2022-01-08 08:51:46
A Google user,2,Tidak bisa baca di Android 11,2022-01-08 07:30:13
A Google user,3,"Aplikasinya memang sedang error atau bagaimana yaa? Kenapa setiap pinjam buku, sekarang bukunya ga bisa langsung di download",2022-01-08 06:23:14
A Google user,2,"Awalnya oke-oke aja. Tapi tiba-tiba buku di rak menghilang, gak lama gak bisa download, padahal buku udah di rak. Karena kelamaan di rak, akhirnya hilang lagi. Gitu aja terus. Please fix this issue.",2022-01-08 04:52:54
A Google user,2,"kenapa sekarang app ini tidak bisa digunakan? Setelah kita meminjam harusnya dapat di download tetapi kenapa tombol downloadnya tidak bisa di klik, sehingga mengakibatkan saya tidak bisa membaca buku tersebut, tolong dibantu solusinya terimakasih",2022-01-08 04:32:15
A Google user,3,Kenapa sudah seminggu ini forced close terus ya? Ada masalah apa? Bukunya keburu habis masa pinjamnya nih. Tks,2022-01-08 03:09:42
A Google user,3,Error yaa :(( dari kemarin nungguiiiinnn mau baca error huhu tapi exp nya terus berjalan gimana yaaa? 😔,2022-01-08 02:36:17
A Google user,5,"Menggunakan applikasi ini mudah dan bermanfaat namun mengapa sejak 7 januari hingga 8 januari ini, buku yg dipinjam tidak bisa di download ya? Terima kasih",2022-01-08 00:24:15
A Google user,4,Nggak bisa pencet download,2022-01-07 23:34:46
A Google user,3,"The concept of this app was good, to create inclusive access for every person to read books. But the app is bad, the app close forcely everytime I try to read the book that I borrowed. The app looks outdate if compare to another app. Try to fix your bug please :(",2022-01-07 16:42:33
A Google user,1,Please upgrade the apss,2022-01-07 11:52:17
A Google user,3,"Ganti hp dgn os android 11. Setelah pinjam buku, tidak bisa didownload. Telah menggunakan app ini hampir 2 tahun. Sblmnya tidak ada masalah. Terimakasih.",2022-01-07 07:17:44
A Google user,3,"Bukunya lebih lengkap daripada apk lain, cuma sayang suka ke-exit sendiri",2022-01-07 06:19:09
A Google user,3,"Sudah pakai aplikasi ini lebih dari 1 tahun, jarang ada masalah,, tapi sudah 3 hari ini setiap buku yg dipinjam, semuanya tidak bisa didownload, jadi peminjaman berhasil tp tidak bisa dibaca karena tidak bisa di download,, ini kenapa ya?",2022-01-07 05:57:42
A Google user,2,udah borrow tapi gak bisa di download buku apapun :(,2022-01-07 05:11:05
A Google user,2,Terakhir pake gak bisa download buku yang dipinjam. Kitim email ke support gak dibalas,2022-01-07 04:23:36
A Google user,5,Bagus si bukunya juga lumayan lengkap tapi dari kemarin enggak bisa download buku.,2022-01-07 03:40:47
A Google user,1,saat mau baca selalu force close,2022-01-07 00:22:22
A Google user,3,"Sebenernya ipusnas bantu banget buat yang mau baca buku gratis dan legal. Bukunya juga bisa dibilang lengkap. Perkara harus antri sih menurutku ga masalah ya, toh juga gratis. Tapi udah empat hari ini ipusnas anehh masa buku yg udah dipinjem gabisa didownload, jadinya gabisa dibuka :( udah di re-install tiga kali juga sama aja :(",2022-01-06 16:47:44
A Google user,2,"Using this app because my friend give a recommendations and I try create account, then I borrow a book, after that I want to open that book but I can't cause everytime I click this app just doing force close again and again. I don't know because my phone doesn't compatible or something else, I'm using redmi note 9 pro. Thank you.",2022-01-06 13:38:29
A Google user,3,"Bagus sih sebenernya aplikasi ini, cuman knp ya dari kemarin buku yg saya pinjam tak bisa di download sehingga tidak bisa dibaca. Mohon perbaikannya segera",2022-01-06 13:32:32
A Google user,1,Tidak ramah,2022-01-06 03:04:09
A Google user,4,Awalnya lancar dan sangat baik. Tp kemudian buku yg dipinjam dan sudah download harus download ulang dan tidak merespon.,2022-01-05 23:24:49
A Google user,2,"My downloaded book is suddenly gone. I can't download book anymore, I don't know why.",2022-01-05 23:04:19
A Google user,1,"Bintang 1 karena setelah update, buku yang dipinjam tidak bisa didownload, tolong diperbaiki ya. Nanti reviewnya diubah kalau sudah membaik",2022-01-05 19:44:45
A Google user,3,"kenapa ya, buku yang berhasil dipinjam tidak bisa di download untuk dibaca? ada yang salah kah?",2022-01-05 18:01:47
A Google user,1,"buku yang sudah dipinjam tidak bisa dibaca, saat klik buku, laman crash dan kembali ke home, mohon diperbaiki masalah ini",2022-01-05 14:10:55
A Google user,2,Ipusnasku nggk bisa dipake buat membaca. Habis di pinjam pas mau dibaca kok langsung keluar sih aplikasinya.,2022-01-05 10:00:03
A Google user,2,Kak kok habis diupdate kok malah gabisa download buku yang dipinjam sih kakk ??? Tolong diperbaiki yaa saya lagi suka baca di ipusnas nih,2022-01-04 10:05:44
A Google user,3,Makin hari pengguna makin banyak tapi stock bukunya sama aja. Malah ada yang sampe antriannya ribuan tapi buku cuma 200an. Gimana iniii 🤦🏻‍♀️,2022-01-03 14:10:57
A Google user,2,"Tambah mode baca pake tombol volume, bisa mode diperbesar kalau gambar atau apapun itu dan mode baca, kasih info kalo dah lebih brp hari ga dibalikin bukunya bakal otomatis balik ke perpus lg, kalau kita sudah cari buku di pencarian ada recent activity searchnya, fokus aja ke UI/UX yang baik untuk pembaca bagaimana gausah jadi ada note segala following dan followers",2022-01-02 18:07:20
A Google user,2,Kolom pencarian buku tidak bisa digunakan,2022-01-02 03:27:20
A Google user,2,Kenapa ya fitur Forgot Passwordnya nggak ada??? Yang guide di websitenya juga nggak jelas. Tolong diperbaiki lagi,2021-12-30 04:34:57
A Google user,2,"Aplikasi keluar paksa, ebuku sangat sedikit",2021-12-29 06:51:24
A Google user,5,Sangat membantu mendapatkan dan membaca buku baru,2021-12-29 01:52:07
A Google user,4,"jujur baguss bgtt, tapi pls tambahin donggg koleksi bukunya:(((",2021-12-27 14:53:22
A Google user,1,Aplikasi ini ga bakalan berkembang kn? G ad prbhan dr dulu hingga skrng dan segala fitur serba terbatas. Ganti aj ni orng yg btngung jwb ats aplikasi ini. 👎👎👎,2021-12-26 06:56:52
A Google user,4,Tolong perbanyak variasi koleksi bukunya,2021-12-25 11:42:29
A Google user,1,Buku tidak bisa dibaca. Aplikasi Force Close saat akan membuka buku yang sudah berhasil dipinjam.,2021-12-24 20:55:33
A Google user,4,Please add dark theme,2021-12-23 11:11:33
A Google user,1,"Dari pada log in pakai alternatif facebook, kenapa tidak ada log in menggunakan nomor anggota saja ?",2021-12-23 03:17:36
A Google user,2,Kenapa waktu meminjam aplikasinya malah force close ya?,2021-12-22 14:35:31
A Google user,4,"Halooo. Aku baru beberapa hari ini download ipusnas. Aplikasinya bagus, menyediakan banyak banget buku buat kita baca. Tapi, kalau boleh saran, tolong menambah fitur notifikasi kalau buku yang masuk wishlist udah tersedia, jadi biar nggak keduluan terus, hehe. Terima kasih banyak 😁💓",2021-12-21 07:02:13
A Google user,5,Amazing,2021-12-20 05:54:58
A Google user,1,"Notifikasi tidak muncul di pop-up sehingga sering ketinggalan info, ketersediaan buku kelewatan sedikit padahal bentuk sudah digital kenapa tidak diperbanyak copy-nya sehingga orang-orang juga bisa membacanya tanpa perlu mengantri berabad-abad!",2021-12-18 10:53:08
A Google user,5,"Saran untuk pengembangan aplikasi. Karena buku akan otomatis hilang dari rak peminjaman jika tidak di kembalikan, sebaiknya ada riwayat peminjaman buku. Karena saat menemukan buku bagus orang tidak bisa langsung menbaca karena kesibukan atau hal lain saat mau membaca lagi buku sudah hilang tapi lupa judul buku tersebut. Semoga saran saya dapat terealisasi di masa depan.",2021-12-17 06:14:13
A Google user,5,"Aplikasi yg sangat bagus untuk menambah wawasan. Sedikit saran, entah apakah kondisi yg sy jelaskan berikut merupakan prosedur standar atau suatu error: saat sy sudah daftar email, lalu registrasi, lalu verifikasi email saat mau meminjam buku, semua tahapan sukses dan bisa membaca buku. Tapi saat 2 jam kemudian ingin mengakses kembali, aplikasi meminta verifikasi email ulang. Mungkin bagian tsb agak mengganggu. Akan tetapi, sy sangat mengapresiasi kerja keras Perpustakaan Nasional ini. Good luck",2021-12-17 04:18:46
A Google user,5,"Tolong admin, mohon diperbaiki lagi. Semua buku tidak bisa dipinjam. Kesalahan server dari kemarin. Buat yang mau baca buku kesel. Terimakasih. Sudah diperbaiki, jadi tambah bagus, terimakasih",2021-12-15 08:58:55
A Google user,1,Apa gunanya ada aplikasi yang klaimnya bisa baca buku online dmn aja. Tapi kenyataannya buat baca 1 buku lewat app aja harus antre 12 rb orang.,2021-12-14 20:18:48
A Google user,3,"Setelah return book, pasti selalu freeze atau loading lama. Coba untuk re-open aplikasinya, openingnya lama banget. Mohon diperbaiki yah tim IT support.",2021-12-14 15:45:11
A Google user,4,"Halo min, untuk aplikasinya bagus bukunya juga oke. Tapi boleh gak untuk jumlah bukunya diperbanyak, karena saya ingin pinjam suatu buku tapi selalu penuh. Selain itu, ada beberapa buku yg saya cari tidak ada, mungkin bisa dijadikan masukan agar jumlah bukunya semakin bervariasi. Jujur harga bukunya mahal2, jadi aplikasi ini sangat membantu sekali bagi yg low budget",2021-12-14 06:48:41
A Google user,1,I cannot install in my A50 samsung.,2021-12-13 14:31:24
A Google user,4,Beberapa hari ini koneksi error terus..,2021-12-13 02:15:57
A Google user,4,"Tolong tambahkan pilihan buku popular, kurang popular, kemudian pilihan untuk banyak dipinjam dan sedikit dipinjam.",2021-12-13 01:49:48
A Google user,1,First time using this application and turned out to be very bad beyond expectations. The application theme is unstable when reading and hurt the eyes.,2021-12-10 16:32:52
A Google user,1,"Baru install, start, tapi langsung uninstall. Maaf bukan tidak mendukung, tapi apps minta permission yang rasanya ngga perlu. Permission buat rubah syatem config?",2021-12-10 02:23:34
A Google user,5,Min usul min banyak buku yg kurang laku copynya 10.. Buku yg laku jg sama 10 copy.. Tlg di sortir buku yg laku tlg di tambah copynya.. Terutama buku motivasi.. Thx min..,2021-12-08 16:47:52
A Google user,4,Sangat bermanfaat dan user friendly. Tolong tingkatkan lagi agar bisa landscape di tablet android,2021-12-08 10:50:30
A Google user,3,Great app tapi yang versi desktop error dari kemarin. Bisa login tapi ga bisa ngeload buku. Tampilannya blank aja. Hope it gets sorted soon.,2021-12-07 10:33:07
A Google user,5,"It's a great app for bookworm! Haha, well even tho sometimes the server error :)",2021-12-05 23:38:21
A Google user,1,bermasalah,2021-12-05 02:02:28
A Google user,2,"Kenapa yaa setiap kali saya mau baca buku malah force close. Dipencet langsung keluar sendiri dari aplikasi, saya jadi tidak bisa membaca. Mohon segera diperbaiki yaaa",2021-12-03 14:47:12
A Google user,1,"Worst app, can't read a single book here after i borrow them, always force close 🤦‍♂️",2021-12-02 21:27:54
A Google user,2,Sering banget error gajelassss kzl,2021-11-30 23:54:34
A Google user,3,"Aplikasi iPusnas sering ngebug. Kadang susah dibuka. Setelah buka aplikasi, hanya muncul cover judul aplikasi iPusnas dan tidak berhenti loading. Mohon diperbaiki. Terima kasih.",2021-11-25 02:03:57
A Google user,1,"Loading lama, proses log in juga dipersulit",2021-11-25 01:54:47
A Google user,1,always loading,2021-11-24 15:35:35
A Google user,3,Please bugnya banyak bgt tolongggg kalau mau dijelasin disebut jg banyak bgt ampe bingung,2021-11-24 11:49:20
A Google user,1,"(1) Desain interface app kuno sekali dan terkesan asal jadi dalam mendesain, kurang informatif dan enggak user friendly (2) Sistem pencarian kurang detail (3) Terlalu banyak bug dan error, loading juga lama sekali padahal koneksi internet saya lancar (4) Sistem limit copy sangat menyusahkan, padahal digital loh kenapa gak limit waktu peminjaman aja daripada sistem kuota gini (5) Tidak bisa ubah font size, TERLALU KECIL FONTNYA",2021-11-24 06:52:24
A Google user,3,Masuk ke aplikasinya lama banget. Proses nya lemot,2021-11-23 15:50:19
A Google user,4,"Stuck di present page, perlu maintaince lagi.",2021-11-22 15:17:41
A Google user,2,"Sangat bermanfaat untuk membaca buku gratis, terdapat banyak koleksi judul yang menarik, baik judul baru maupun klasik. Namun jumlah copy yang dapat dipinjam sangat sedikit dibandingkan jumlah peminjaman. Kemudian user experience aplikasi sangat buruk, terkadang aplikasi loading sangat lama dan logout dengan sendirinya. Akan lebih baik untuk aplikasi ini diperbaiki agar aplikasi dapat lebih bermanfaat dan mudah digunakan",2021-11-22 15:04:29
A Google user,3,"Buku semakin lengkap, tp alangkah lebih baik kalau di halaman awal dimunculkan judul buku2 yg genrenya sesuai dengan apa yg pernah dibaca oleh user. Seringkali buku yg di halaman awal selalu judul2 random yg kurang menarik.",2021-11-20 10:19:41
A Google user,1,error epusnas keeps stoping,2021-11-18 14:59:33
A Google user,5,Hope that more new books will be avilable soon...,2021-11-18 09:06:26
A Google user,3,"Been using this app for almost 2 years to get references for my campus's tasks, but now I couln't even login by using my Facebook account anymore. Please fix this issue asap, thank you.",2021-11-17 14:47:21
A Google user,4,"Masih kurang lengkap bukunya, tambahkan lagi buku-buku ilmu pengetahuan Islam seperti fiqih, tafsir, hukum dll",2021-11-15 12:51:54
A Google user,1,"I cant even see the content, after clicking the app, it just shows the opening screen without processing any further content.",2021-11-13 15:42:32
A Google user,4,"Great app, please add pop up notifications when a book is available",2021-11-13 06:35:31
A Google user,4,"Inovasinya oke. Mau baca buku nggak harus beli, bisa kapanpun. Alternatif buku juga banyak, walaupun masih banyak penulis populer yang bukunya belum saya temui. Jumlah buku dari setiap judul lumayan banyak, tapi terasa kurang untuk beberapa buku laris. Jadi harus antri lama dan nggak jelas sistematika antriannya bagaimana. Overall masih nggak user friendly, masih harus tap tombol back berulang-ulang setelah pencarian banyak buku. Aplikasinya juga masih sering hang. Semoga bisa lebih baik lagi.",2021-11-13 04:58:31
A Google user,5,Aplikasi perpustakaan digital terbaik.,2021-11-13 01:18:05
A Google user,1,ngebug terus,2021-11-12 11:35:04
A Google user,1,"Kenapa iPusnas minta akses ke system settings, storage, dan camera? itu bukannya gak dibutuhin? Pernah download iPusnas di desktop tapi ternyata itu virus pas di download, saya jadk harus restart laptopnya hanya untuk virusnya lepas dari laptopnya. Ini kalian kenapa minta akses yang gak dibutuhin dan kenapa ini virus di desktop? Saya ada bukti kalau ini virus di desktop",2021-11-12 00:49:25
A Google user,1,"Saya sudah sekian puluh kali mencoba login dan registrasi, tapi jawaban aplikasi ini tetap sama kalau sandi saya salah. Akibat aplikasi ini saya perlu mengubah kata sandi, bahkan saat diganti pun masih menunjukkan gejala yang sama. So disappointed experience.",2021-11-11 06:57:44
A Google user,5,"Dengan adanya iPusnas ini sangat membantu bagi para pembaca untuk membaca buku dimana saja dan kapan saja, terutama secara gratis. Saya sangat senang bisa membaca buku melalui iPusnas ini, meski tidak semua buku yang saya cari tersedia. Untuk kedepannya mungkin bisa menambahkan lebih banyak buku lagi, juga buku-buku terjemahan.",2021-11-10 12:18:26
A Google user,3,"Perpustakaan yg amburadul, tidak tertata. Semua kategori isinya hampir ada buku agama.",2021-11-09 07:46:02
A Google user,5,"Network timeout ketika loading buku, padahal koneksi buat streaming aja lancar. Mohon dibenahi, karena sepertinya banyak juga pengguna yang memiliki keluhan serupa. Terimakasih

Edit: Sudah diperbaiki, all good. 👌",2021-11-09 06:38:29
A Google user,5,"Improvement needs to be made here and there but overall it's a great app to make books more accessible. Hopefully it promotes reading culture in Indonesia. Thank you, iPusnas.",2021-11-06 02:20:06
A Google user,1,"Susah beud makenya,mau login susah, mau daftar akun gk tau dimana menunya",2021-11-05 14:24:24
A Google user,3,"Koleksi bukunya tolong dilengkapi, dong:(",2021-11-05 11:22:27
A Google user,5,Mantap ini baru mencerdaskan jehiduoan bangsa.. Semoga anak bangsa semakin gemar membaca dgn adanyabaplikasi ini.. Cm banyaknorg belum tau ada perpus digital.. Mantab deh pokoknya.. Terimakasih banyak developer anda layak dapat bintang!,2021-11-04 00:34:15
A Google user,4,Aplikasinya sudah sangat bagus tapi masih ada kekurangan di versi terbaru: loadingnya terlalu lama (bisa sampai 10 menit) meskipun koneksi internet bagus.,2021-11-03 21:20:29
A Google user,3,"Aplikasinya bagus, tapi sering sekali error. Padahal internet saya bagus tetapi sulit sekali jika mau pinjam buku. Saat sudah bisa meminjam buku dan mau membaca malah tombol read tidak bisa merespon, file buku jadi tidak bisa terbuka. Loadingnya juga sangat lama, setelah itu malah muncul ""internet server error"". Mengoperasikan aplikasi ini di laptop jauh lebih susah daripada di handphone. Saya berharap kualitas aplikasinya diperbaiki.",2021-11-03 09:09:26
A Google user,5,"This Is An Excellent App! A Great Place To Read Tons And Tons Of Books/Novels. I Seriously Can't Believe It's For Free! 🤯 Personally, I Would Be Honoured If You Add A Feature In Which We Could Delete Our History (Fitur Menghapus Histori), Since I'm Tryna Make My Profile Much More Appealing, Oh Also, Maybe Making The Notifications Visible?! Overall, It's Fantastic, I'll Continue To Look Forward For Some Future Updates. 😍",2021-11-01 08:16:35
A Google user,2,"Aplikasinya sangat berguna di masa sekarang, tetapi sebaiknya adakan fitur ""baca"" dan ""pinjam"", bukan hanya sekedar pinjam. Dengan adanya fitur baca, maka user tidak harus mengantri meminjam (yang boleh jadi sebenarnya bahan tidak ada pada buku, jadi sia² meminjam dengan antrian), bisa selektif untuk mencari, baca, dan pinjam buku yang diperlukam tanpa harus mengantri panjang.",2021-10-31 17:32:53
A Google user,3,Great apps Eva 👍🏻,2021-10-31 00:58:53
A Google user,1,Error..udh berhasil register d suruh register lgi,2021-10-29 15:16:03
A Google user,1,Padahal bagus suka banget. Tapi udah gak bisa berfungsi; Versi android maupun versi windows,2021-10-29 04:32:23
A Google user,5,"Saya puas dengan adanya aplikasi ini, tapi mungkin bisa lebih update lagi buku terbitan terbaru, terlebih di kategori desain komunikasi visual😊",2021-10-28 07:30:33
A Google user,1,This application ask permission for write to system setting,2021-10-25 11:14:24
A Google user,3,"Notifikasi dari aplikasi ngga pernah masuk, jadi kalau buka aplikasinya baru ketauan kalau ada notifikasi masuk.",2021-10-24 15:18:04
A Google user,5,"I recommend this app,, VERY NICE!!!",2021-10-23 15:06:18
A Google user,4,"Sejauh ini udah bagus,tapi sayang saat scroll suka ngulang ke awal,tolong di perbaiki",2021-10-22 10:55:43
A Google user,1,Bad,2021-10-19 17:15:31
A Google user,5,"Great app! Semakin ke sini makin bagus peningkatannya, bisa baca secara offline juga ga mesti online terus. Berharap ke depannya fitur wishlist nya ada ga cuma buat yg queue list ajaa.",2021-10-19 08:36:06
A Google user,2,terakhir download kgk bs login,2021-10-19 06:08:25
A Google user,4,Kesan pertama bagus,2021-10-19 03:46:13
A Google user,5,Aplikasiny sangat bagus sekali...sedikit saran : mungkin bisa ditambahkan search di halaman saat membaca??,2021-10-19 01:24:12
A Google user,5,"Seneng banget nemu app ini, jadi bisa baca buku gratis dan legal tentunya! Secara umum aplikasinya bagus, simple dan mudah dipakai. Untuk saran, mungkin bisa tambah fitur sortir berdasarkan abjad di koleksi bukunya, dan tambah fitur wishlist untuk menandai buku yang mau dibaca di kemudian hari.",2021-10-17 10:08:07
A Google user,5,"Ini adalah aplikasi yang sangat membantu kalau mau cari buku bacaan tanpa harus ke perpustakaan. Kita bisa meminjam buku dalam bentuk e-book. Bacanya tidak harus di Smartphone, tapi bisa di perangkat komputer ataupun tablet. Senyaman kita aja cara membaca ebooknya. Terima kasih iPusnas. Membantu banget aplikasi ini!",2021-10-14 03:17:54
A Google user,1,Setiap mau buka buku yg dipinjam selalu crash. Ada solusi?,2021-10-13 13:04:23
A Google user,2,"Kenapa fitur search-nya enggak bisa menampilkan buk yang sedang dicari? Biasanya bisa dan muncul list beberapa buku sejenis, apabila buku yang dicari belum tersedia :""))",2021-10-12 01:49:34
A Google user,4,"Thank u for this good app. There are so many collections. I'm very grateful to find this app. Hope there will be so many people in the future. You can't believe its free guys. no ads and no plagiarism. U don't have to download any kind of books illegally. For developer, I'm very pleased if u add some feature for better experince such as dark time, font option, finding page-option, etc. I don't get any notification about the available books, so please fixs it. So far it is a good app.",2021-10-11 18:18:10
A Google user,1,"Eror, please fix it.",2021-10-11 14:40:28
A Google user,3,"Terima kasih sudah meluncurkan aplikasi ini. Tapi ada sedikit catatan, jika ditambahkan fitu untuk mencari buku berdasarkan judul buku, akan sangat membantu sekali. Karna sampai saat ini, mencari buku hanya bisa berdasarkan kategori saja, dan perlu waktu lama mencari satu2 judul buku yang diinginkan.",2021-10-11 12:34:24
A Google user,5,Sangat membantu 👍,2021-10-10 11:43:44
A Google user,5,Aplikasinya keren. Senang sekali bisa meminjam buku gratis di Perpustakaan Nasional.,2021-10-09 03:54:10
A Google user,5,"iPusnas is the definition of a little piece of heaven, especially for book nerds! I found a lot of books that I didn't know I needed until I read them on iPusnas. Thank you to whoever invented iPusnas! Just a bit suggestion, it'd be super great if iPusnas has ""wishlist"" feature. So we can easily find the books we wish to read anytime without having to search them again. Thanks!",2021-10-08 13:36:32
A Google user,2,abis diupdate malah error :(,2021-10-07 23:24:11
A Google user,2,skrg ini tidak bisa login dan aplikasi sering error (tiba² nutup sendiri). untuk peminjaman buku di waiting list kurang ada kejelasan kpan buku tersebut dipinjam dan bagaimana antriannya. .,2021-10-07 17:57:41
A Google user,2,"Susah login, loading nya lama pula. Padahal internet saya baik dan aplikasi lain juga lancar. Perlu diperbaiki lagi ya aplikasi nya biar mudah diakses.",2021-10-07 16:52:54
A Google user,5,Luar biasa!!!,2021-10-07 00:55:15
A Google user,1,Kenapa appnya keluar terus ya tiap buka buku? Kalo cuma searching sama minjem lancar aja,2021-10-06 15:00:24
A Google user,5,Tolong benerin lagi biar ga slow terus . Walau jaringan baik pun slow dan gagal terus kalau mau minjem buku,2021-10-06 13:37:08
A Google user,5,Bagusss!!! tolong tingkatkan lagi🤩,2021-10-06 11:54:41
A Google user,1,Always stopping for no reason and i can't borrow . It's so sad :(,2021-10-04 12:47:32
A Google user,4,Kadang suka keluar sendiri tapi masih bisa ditoleransi sih karena engga terlalu sering. Apalagi mengingat banyak sekali koleksi bukunya dan tiap hari bertambah terus.,2021-10-03 00:40:35
A Google user,4,Semoga cepat ditingkatkan lagi fitur2 di app-nya,2021-10-02 14:57:21
A Google user,5,"MasyaAllah Tabarakallah bagus banget e-book gratisnya, lengkap. Wajib download! Terima kasih banyak iPusnas. Semoga ke depannya lebih baik lagi...",2021-10-01 23:49:42
A Google user,5,Mohon dilengkapi lagi dong koleksinya 🥲,2021-10-01 16:01:17
A Google user,4,"Bukunya keren-keren tapi masya Allah filternya susah banget!!! Developer tolong dong kasih filter buat buku populer gitu, atau filter minat deh 😭😭 Ini mau nyari buku berasa nunggu wahyu dari Tuhan, nunggu semesta yang nentuin. Isi buku di rekomendasi kebanyakan buku-buku yang beneran bukan minatku, sedih betul. Mungkin biar dibaca ya tapi malah bikin males baca wey 😭😭",2021-09-30 15:59:53
A Google user,1,"Justru buku Animal Farm nya sedang saya pinjam. Setiap kali mau dibaca, aplikasi ipusnasnya crash dan tertutup sendiri. Ketika mau membaca buku Lost Symbol karya Dan Brown juga sama. Tapi jika saya membaca buku Inferno karya Dan Brown bisa langsung terbuka. Bisa dicheck ada masalah apa dengan Animal Farm dan Lost Symbol yg mengakibatkan aplikasi ipusnas crash? Saya sudah coba dengan tablet saya, sama kejadiannya. Thanks",2021-09-30 06:44:54
A Google user,1,Lelet,2021-09-30 03:12:40
A Google user,1,"belum coba aplikasinya karena saya deny permission untuk akses storage, phone, dan camera. apakah ada alasan mengapa tidak bisa buka aplikasinya kalau menolak permintaan tersebut? mengapa tidak dibuat tetap bisa membuka aplikasi tetapi ada fitur-fitur yang dibatasi? saya pribadi tidak terlalu suka dengan aplikasi yang meminta banyak izin. apakah ada jaminan bahwa data saya tidak akan bocor/disalahgunakan? terimakasih.",2021-09-29 09:47:22
A Google user,3,"App bekerja dengan baik, hanya saja interface dan kompatibilitas device perlu ditingkatkan. Jika membandingkan dengan negara tetangga atau perpustakaan sekolah swasta yg sudah menggunakan overdrive, app ini terlihat sangat usang dan apak. Perlu dipertimbangkan menggunakan overdrive untuk layanan perpustakaan digital.",2021-09-28 15:13:49
A Google user,1,"saya enggan untuk menggunakan aplikasi ini setelah melihat banyak permission yang harus diaktifkan hanya untuk menjalankannya. jika memang permission tersebut hanya dibutuhkan untuk menjalankan suatu fitur, akan lebih baik apabila hanya fitur tersebut saja yang tidak dapat berjalan. salam literasi.",2021-09-28 08:20:51
A Google user,5,Terimakasih...Mohon Update buku2 umum,2021-09-28 06:10:37
A Google user,5,Aplikasi yang sangat bagus dan berguna. Semangat terus bagi developer untuk melakukan upgrade yang dibutuhkan agar pengguna semakin nyaman menggunakan aplikasi ini.,2021-09-27 17:09:56
A Google user,5,"Beberapa hari kemarin aplikasinya maintenance, saya bukan cuma sekali mengalami ini, tapi sudah beberapa kali meski tidak rutin intensitasnya. Pengguna lain pun mengalami hal demikian, ya(?) Untuk dark-mode, itu memang tidak berfungsi atau hanya bisa berfungsi pada beberapa jenis perangkat yang sistemnya mendukung dark-mode saja(?) iPusnas, semoga kedepannya lebih baik lagi, ya, sebab saya benar-benar dukung aplikasi ini. Semangat!!!",2021-09-27 14:13:25
A Google user,5,good,2021-09-27 14:08:44
A Google user,4,"kenapa setelah diupdate, kok selalu gagal load, padahal udah berkali-kali dicoba, saya kira itu berasal dari jaringan saya, tapi ternyata tidak. dan ada tulisannya ""could not get data from server, and no DLS found,..""",2021-09-27 12:07:27
A Google user,5,Keren! Sangat membantu untuk baca dan pinjam buku digital. Semoga koleksi pustakanya semakin banyak dan ditambahkan koleksi dari luar juga.,2021-09-26 10:58:00
A Google user,2,"Sangat membantu untuk baca buku gratisan tapi tetap legal. Sayang sekali UX dan fitur aplikasi sangat kurang. Untuk membalik halaman buku saja perlu untuk swipe dan menyesuaikan halaman dengan tepat padahal dapat dibuat lebih nyaman dan cepat dengan hanya klik. Selain itu, snackbar yg muncul saat berganti halaman juga sangat mengganggu konsentrasi. Fitur standard untuk mencari buku seperti filter dan sort by juga tidak ada sehingga kesulitan saat ingin scroll mencari buku.",2021-09-26 10:32:20
A Google user,3,Knp aplikadi berhenti ketika membuka ebook?,2021-09-26 07:39:10
A Google user,5,I'm proud to use iPusnas,2021-09-26 03:41:44
A Google user,5,terima kasih banyak udah bikin aplikasi ini dan nyediain banyak buku gratis. sangaat ngebantu kalo lagi pengen baca tapi ngga punya duit buat beli buku fisik. tolong dibanyakin koleksi bukunya yaa! dan juga aplikasinya diimprove biar lebih smooth dan ga terlalu sering crash.,2021-09-26 02:48:11
A Google user,2,"Aplikasi ini bermanfaat sekali. Sayangnya masih banyak yg hrus di perbaiki. Saya berulang-ulang mau pinjam buku namun selalu gagal dan minta register ulang sedangkan sdh register, email juga sdh di verifikasi. 2) kemudian, banyaknya notif masalah jaringan sedangkan jaringan saya sangat stabil sehingga sy susah mengakses aplikasi ini . Semoga kedepannya ada perbaikan. Trima kasih",2021-09-25 14:24:12
A Google user,3,"Kadang setelah dipinjam bukunya tidak bisa dibaca, tulisannya berubah menjadi kotak-kotak.",2021-09-25 13:05:07
A Google user,2,"sering error, kadang tidak bisa meminjam buku. kalau dibuka suka tidak ke-load. tidak ada notifikasi juga jika buku sudah available untuk dipinjam",2021-09-25 11:53:10
A Google user,1,"This app asking permission for my galery, phone and etc, which is i think is not unrelated to the reading experience, Just scared that it will takes my personal data will not installed until it changed",2021-09-25 01:46:25
A Google user,5,"Semoga terus bisa dikembangkan, dengan koleksi yang makin banyak dan berkualitas. Makasih banyak atas kehadiran aplikasi ini",2021-09-24 16:21:15
A Google user,4,Akan sangat bagus kalo tampilannya enak dilihat sehingga bacanya nyaman.,2021-09-24 15:34:00
A Google user,5,The best app for read million book. But notification if book available for borrow not active on my phone. How to solve this?,2021-09-24 08:57:02
A Google user,5,Keren banget nih perpusnas.. punya aplikasi online yang bermanfaaaat banget.. gila sih.. stok buku bacaan jadi banyak.. ngga perlu beli lagi. Cukup pinjem di iPusnas.. dan lagi.. bisa dibaca dimana aja.. keren parah. Thanks ya..,2021-09-24 03:38:00
A Google user,2,"Thanks atas improve dr pihak developer, tp skrg yg blm berfungsi fitur bookmark, jd setiap keluar dr aplikasi selalu kembali ke cover. Alhasil harus nyari di halaman terakhir baca dan jujur itu agak mengganggu. Mohon bs diperbaiki. Terima kasih. Buku yg saya maksud adalah Haunting of Hill House oleh Shirley Jackson.",2021-09-24 02:02:13
A Google user,3,"Pembaruan tampilan membaca membuat saya sedikit terkejut, tidak menyangka aplikasi resmi kita akan terlihat menarik dan fungsional di saat yang bersamaan. Sungguh suatu kemajuan. Akan tetapi, di samping fitur penanda dan read aloud yang baru saja dirilis, fitur lama yang otomatis menampilkan halaman terakhir ditinggalkan menghilang. Fitur markah pun tidak ada. Hal ini sungguh menyulitkan, bagi saya. Semoga tidak hanya tampilan membaca, Ipusnas juga terus meningkatkan kualitas aplikasinya.",2021-09-23 17:25:23
A Google user,5,Nyesel baru tau dan download sekarang,2021-09-23 04:05:52
A Google user,3,"Suka, sih. Cuma waktu minjemnya kurang lama (3 hari) buat mak emak rempong kayak saya dengan ME TIME yang sangat terbatas tidak memungkinkan untuk berlama-lama bersama ponsel.",2021-09-23 02:50:29
A Google user,5,banyak buku yang jarang ditemukan di pasaran dan membantu banget buat referensi kuliah,2021-09-22 17:02:07
A Google user,1,Error terus,2021-09-22 14:16:06
A Google user,4,"aplikasi ini sangat membantu! :) tapi saat ini sy mengalami kendala, tidak bisa meminjam buku padahal stock buku tersedia, tolong diperbaiki supaya bisa digunakan dengan baik dan nyaman",2021-09-21 14:26:49
A Google user,2,The app is easy to use but keep stopping by itself without any reason. So far is good but I hope it gets better,2021-09-21 04:45:22
A Google user,2,App nya sering eror dan keluar sendiri,2021-09-20 14:13:06
A Google user,3,"I appreciate the effort to provide us readers to read books freely by borrowing books digitally. Tetapi aplikasi sangat ngga nyaman. Suka error, loadingnya lamaaa sekali meskipun udah sinyal jaringan sudah oke. Dan yang paling penting, kenapa ngga ada tools yang membiat kita bisa menandai halaman terakhir yang dibaca, atau navigasi halaman seperti google playbooks? Ini akan memudahkan kita para pembaca kalo mau lanjut baca. Karena kita ngga membaca setiap saat",2021-09-20 12:27:32
A Google user,4,Semoga Makin banyak koleksinya dan makin lancar diakses.,2021-09-19 02:55:58
A Google user,1,Ga bisa masuk. G bisa daftar pdahal udah daftar keanggotaan online. Ribet bgt padahal mau baca doang,2021-09-18 02:02:58
A Google user,5,"Servernya lagi eror, ya. Download buku gak bisa",2021-09-16 05:42:44
A Google user,3,"Tolong pop up halaman dihapus karena sangat menganggu, sudah cukup nyaman pengalaman membaca nya, tapi pop up halaman muncul tiap halaman baru membuat saya malas lanjut membaca",2021-09-16 05:32:19
A Google user,3,ko abis dibaca bukunya kalau ditutup terus dibuka lagi kok balik awal ya. jadinya scroll lagi di halama terakhir dibaca.,2021-09-16 03:46:09
A Google user,5,Bisa buat baca mengisi waktu luang. Layout sebaiknya di perbaiki. Kadang tidak smooth. Bisa tambahkan penanda berwarna untuk menandakan kutipan biar lebih enak saat baca.,2021-09-16 00:12:23
A Google user,3,Kenapa email saya gak terverifikasi Saya gak bisa minjam buku jadinya,2021-09-14 11:53:02
A Google user,5,Terima kasih sudah menyediakan berbagai sumber informasi untuk tugas-tugas saya. Mungkin UI-nya dibuat lebih menarik,2021-09-13 03:22:43
A Google user,2,Tolong display settingnya bagian dark background bisa dibenarkan agar berfungsi dengan baik. soalnya ga ada perubahan setelah di on kan (kasus beberapa buku). Terima kasih ya,2021-09-10 21:04:29
A Google user,1,"login bug: via FB susah nyambung, tidak ada popup FB API. via email UX tidak memadai. login -> error -> baru ada register, error lagi -> baru verifikasi. Koneksi sangat buruk... hard to use, not usable.",2021-09-09 07:08:55
A Google user,2,"ribet, tapi worth it lah",2021-09-09 05:24:43
A Google user,2,Aplikasinya selalu banget berhenti tiba2 atau koneksinya hilang. Padahal jaringan saya bagus. Aplikasi ini juga termasuk lambat banget kalau kita scroll ke buku lain tapi tampilannya itu jadi 1 cover buku semua dan itu cukup menyebalkan. Mohon diperbaiki lagi aplikasinya yaa. Ditunggu perubahan terbarunyaa. SEMANGATTTT,2021-09-07 15:50:18
A Google user,2,I can not access the book from yesterday. It keeps saying 'time is out',2021-09-07 15:42:22
A Google user,2,It's easy to borrow but idk why it keeps closing when I want to read the book I've borrowed.,2021-09-07 13:50:09
A Google user,4,Okee,2021-09-05 17:12:09
A Google user,5,"Bagus, membuat hape2an jadi berfaedah.. sayang (yg smntara ini sya temukan dan cukup mengganggu), tdk ada fitur find/search.. kalau baca2 pdf kan bisa search materi/kata/frase yg kita inginkan. Mohon ditambahkan fitur search, tksh.",2021-09-04 16:41:06
A Google user,5,"Bagus, emg bagus, tapi bisa ga si masuk notifnya diperbaikin ? Notifnya ga pernah masuk, saya jadi tidak mendapat pemberitahuan kalau buku sudah bisa dipinjam karena buku tsb waktu itu lagi dalam antrian. Ini jadi terlewat terus karna tidak ada notif",2021-09-04 06:36:50
A Google user,5,Great👌,2021-09-03 15:56:27
A Google user,1,"always loading. my intenet connection is good, but the app is still loading, took so long to borrow a book.",2021-09-03 15:41:50
A Google user,4,"Ipusnas fitur dark mode nya ke semua buku sampe ke kertasnya juga dong. Jadi kalo lagi baca novel biar enak, nggak mudah bikin mata lelah",2021-09-02 06:44:00
A Google user,1,"Aplikasinya crash mulu, loading mulu trys ketutup sendiri. Apps dari pemerintah tapi buruknya parah. Semoga diperbaiki",2021-09-01 15:08:49
A Google user,3,"Cukup membantu, tapi masih banyak kurangnya. Koleksi buku diperbanyak dong, user interfacenya yaampun parah banget kurangnya, last page yg dibaca ngga otomatis terbuka jadi tiap mau baca hrs scrolling lagi (cmiiw), dll. Kalo bisa terus diperbaiki apps ini bisa sangat membantu sihh untuk cari sumber2 digital.",2021-08-31 19:27:28
A Google user,5,"Aku senang, aku suka 🌞✨",2021-08-31 07:52:11
A Google user,3,kok bukunya ngedisko jir hitam putih hitam putih waktu lagi di scroll:),2021-08-30 10:59:53
A Google user,5,"I can't read the books, the application keep stopping :(",2021-08-30 08:18:06
A Google user,2,"Susah daftarnya, please wait mulu....",2021-08-30 06:01:02
A Google user,1,"tidak bisa login pakai email, pake facebook loading terus",2021-08-30 02:45:28
A Google user,1,gabisa regis. pdhl pengguna baru!! pas atus password hrs nulis pw lama. lah gimana buat pengguna baru yg blom ada pw nya!!,2021-08-28 17:08:59
A Google user,5,"Luar biasa, sangat menambah wawasan dan pengetahuan dengan buku buku yang tersedia. Cuman diharapkan agar buku-buku terbitan terbaru segera ada di iPUSNAS. Keren👍👏",2021-08-28 15:41:52
A Google user,5,"Terimakasih update terbarunya, sebagian bugs sudah teratasi",2021-08-27 09:33:11
A Google user,4,"Tolong tambahkan beranda untuk mempromosikan buku dan rekomendasi buku harian. Saya kesulitan mencari buku bagus tanpa bantuan dari ulasan di internet dan rekomendasi teman. Setidaknya, keberadaan beranda dan rekomendasi iPusnas sangat membantu bagi pembaca yang kebingungan mencari buku bagus untuk dibaca.",2021-08-27 02:15:49
A Google user,4,bakal seru banget baca di ipusnas kalau ditambahin fitur slide kesamping Dari pada di scroll kebawah😆,2021-08-26 14:23:31
A Google user,1,"Display aplikasi sangatlah buruk, apalagi saat menggunakan darkmode beberapa buku dengan display putih trs saja berubah menjadi hitam putih terus menerus.",2021-08-26 12:07:00
A Google user,3,apknya sudah bagus lebih bagus lagi jika dikasih fitur highlighter pasti enak,2021-08-25 08:12:01
A Google user,5,Kece totaaaaaaal,2021-08-25 05:55:11
A Google user,5,"Makasi bgt sama app ini, jadi bisa baca buku walau gada uang, dan legal pula 👍",2021-08-24 13:09:23
A Google user,5,"Admin kok ga ad novel historical romance baru? Tambahin dong novel2 Lisa kleypas, elizabeth hoyt, Julia London, kan udh banyak banget novel nya yg baru terbit. Thank you.",2021-08-22 18:56:26
A Google user,5,"Aplikasi yang wajib diunduh. Btw di device Poco F1 yang udah diroot + terpasangi custom ROM (Lineage OS), saat mencoba meminjam buku pasti force close, tapi tak masalah sih, soalnya waktu membuka bakal udah ada di dashboard... Semangat terus min, semoga dapet bonus ^^",2021-08-21 11:48:37
A Google user,3,"omg pls kenapa notifnya ga muncul di notif bar? jadi ketinggalan stok buku melulu huhu, pls perbaiki :((",2021-08-21 08:14:31
A Google user,4,Can't choose book categories.,2021-08-21 02:07:32
A Google user,1,"Banyak trouble, buku dikit, rata2 buku lawas",2021-08-20 13:40:25
A Google user,1,"Apk khas pemerintah, penuh bug, ga jalan sama sekali☺️",2021-08-20 02:23:34
A Google user,1,"tidak dapat membuka aplikasi, selalu bilang kalo tidak dapat mengambil data server dan tidak ada DSL",2021-08-19 15:46:08
A Google user,1,👎,2021-08-19 10:02:54
A Google user,1,"UI sangat tidak menarik. Mengapa tidak ada fitur register/daftar untuk pengguna baru? Bagian pengembang harus berembuk dengan tim lainnya untuk memutakhirkan aplikasi ini. Petakan masalahnya. Maaf, jika saja saya bisa memberi nol bintang, maka akan saya berikan. Aplikasi ini seharusnya mudah dan bebas akses. Tidak harus login ke FB. Kenapa harus login dengan FB? Kenapa tidak ada pilihan dengan Google? Saya tak tahu dengan komentar yang megatakan app ini bagus. Mungkin mereka bots. Uninstaled.",2021-08-19 03:07:47
A Google user,5,"Buku-bukunya bisa dibilang cukup lengkap, tapi untuk aplikasinya ... Mungkin bisa ditambah fitur simpan sebelum dipinjam. Banyak buku yang saya mau baca, tapi kalau dipinjam semua di waktu yang sama membuat saya bingung. Jadi, akan lebih baik kalau ada fitur simpan sebelum dipinjam.",2021-08-18 06:32:43
A Google user,1,"Tolong dong sempurnain lagi aplikasinya. Sering lag. Masa sekelas aplikasi pemerintah gini low kualitas. Kenapa sering ""gak ada koneksi"" ? Jelas-jelas jaringannya bagus, jadi gak bisa reload.",2021-08-17 10:13:55
A Google user,1,"Aplikasinya sangat sulit diakses dan membuat kesal. Sulit sekali utk mengakses dan meminjam buku, selalu failed krn alasan connection sedangkan koneksi saya baik-baik saja dipakai utk mengakses apps lain bahkan streaming pun sangat lancar dgn hi-res. Please this app needs more improvement",2021-08-16 17:42:50
A Google user,1,"Sinyal bagus, kuota banyak. Tapi kenapa selalu muncul tulisan ""Problem connections. No connection?"" tiap kali ngeklik buku yg mau dipinjem, yg muncul cuma gambar buku kosong & keterangannya pun gak ada. Udah hapus cache berulang kali & diuninstall pun tetap sama. Kecewa sumpah!",2021-08-16 15:20:53
A Google user,1,"Apresiasi inovasinya dalam mempermudah literasi dengan memaksimalkan perkembangan teknologi, tapi untuk aplikasi yg dikelola pemerintah, ini beneran masih agak parah sih. Emang perlu internet berkecepatan brp sih buat bisa memproses regist ePustaka? Sinyal di daerah saya emang jelek, tpi dipake youtube masih lancar banget. Masa mau regist doang gabisa mulu dan katanya koneksi buruk. Gatau deh emang server di sana jelek apa gimana.",2021-08-16 14:37:23
A Google user,2,Aplikasinya lambat sekali. Sering eror juga. Ditunggu untuk perbaikannya.,2021-08-16 14:21:21
A Google user,2,"Sebenarnya tertarik buat baca buku buku nya cuman entah kenapa pas aku mau pinjam bukunya pasti ga bisa, kayak selalu tulisan e 'eror' sedangkan semua jaringan ku aman aja ga ada yang lemot cuman pas di apps ini. Pliss dong di perbaiki Dahal udah tertarik banget buat baca, tapi apl nya gak memungkinkan hiks... Kan jadih sedih",2021-08-16 12:37:52
A Google user,2,Sebenarnya aplikasi ini bagus buat kita yg suka baca buku tapi ngga punya yang buat beli/mager. Cuma kok sering error? Semoga bisa diperbaiki lagi ke depannya.,2021-08-15 12:41:56
A Google user,3,"This apps its good. The collections of books its quiet enough. But now this apps cannot support screenshot when i read books here... That very bad for me, because i have a problem with my eye. I have to capture page by page. I can zoom the page in galery. Now its doesnt work anymore for me :(",2021-08-14 16:23:27
A Google user,2,Ini aplikasi bagus banget. Koleksinya juga banyak. Tapi aplikasinya masih jelek sering ngebug & tulisannya no connection. Semoga bisa lebih baik lagi & diperbaiki,2021-08-14 15:45:02
A Google user,1,"there is problem occured after i installed this app, says ""could not get data from server and no DLS found, close application?""",2021-08-14 15:11:08
A Google user,1,Aplikasi macam apa yang mengharuskan penggunanya untuk login ulang setiap tutup aplikasi atau baca lewat aplikasi desktop? Apalagi buku yang dicari lewat pencarian gak bisa loading atau loading-nya lama,2021-08-13 12:28:11
A Google user,2,"saya tidak ngerti dengan permintaan permission dari aplikasi ini. kenapa harus mengizinkan aplikasi ini utk mengubah system setting? dan terus utk apa kebutuhan kamera dan membaca semua isi dari device? maaf yg tadinya ingin mencari buku, saya terpaksa langsung uninstall",2021-08-12 09:33:36
A Google user,2,I just installed the app but it wont open. It said could not get data from server and no DLS found. What should I do?,2021-08-11 15:39:17
A Google user,4,"Sering banget error aplikasnya, padahal koneksi bagus dan udah coba install ulang",2021-08-11 13:58:21
A Google user,3,"dulu lancar bgt, tp akhir akhir ini setiap pencet buku yang mau dibaca selalu keluar dr aplikasinya. ini gimana ya benerinnya?",2021-08-10 15:30:09
A Google user,3,app nya bagus untuk nemu bacaan2 yang bisa dibaca dengan gratis. tapi pls loading nya bener bener lama banget dan kadang suka keluar sendiri dari app nya saat ingin meminjam buku. mohon diperbaiki dan dikembangkan kembali 🙏,2021-08-10 10:31:22
A Google user,2,Banyak tombol yang tidak berfungsi dan banyak permission yang tidak perlu.,2021-08-09 22:41:25
A Google user,4,"Min, tolong bikin setting untuk notifikasi dong, agar kalau ada notif tu ada bunyinya. Ketinggalan terus nih kalau ada buku wishlist yg available. Notif baru terbaca kalau buka app. Padahal setting di hp sudah ON semua. Makasih.",2021-08-09 06:15:39
A Google user,4,"Download app ini untuk bacain buku anak usia dini,Dan koleksinya cukup bagus, kelemahannya adalah kita harus Tau judul bukunya apa,karena pencarian hanya berdasarkan judul, mungkin kalau bisa berdasarkan penerbit bisa lebih enak lagi. Semoga koleksi buku terbitan 2019 keatas lebih banyak lagi terutama untuk kategori non fiksi.",2021-08-04 16:06:54
A Google user,5,"Lengkap, legal, gratis, keren bgt pokoknya",2021-08-04 14:58:57
A Google user,5,Mantap dah,2021-08-03 20:35:48
A Google user,3,Awalnya lancar untuk pinjam buku. Semakin ke sini entah kenapa jadi gagal terus setiap mau pinjam,2021-08-03 07:39:53
A Google user,4,tolong diperbaiki bug2nya yang terkadang baca masih memakai fitur lama walau sudah update terus kemudahan login juga ditingkatkan lag,2021-08-02 17:50:11
A Google user,1,"Menggunakan aplikasi ini dari 2018, tapi sering uninstall krn bermasalah. Jaringan lancar tapi diminta cek koneksi saat cari buku. Tiap keluar & mau masuk lagi diminta login ulang. Makin ke sini aplikasi ini semakin bermasalah. Ini hal yg terjadi dari 2018, berarti tidak ada perbaikan sama sekali. Fasilitas yg seharusnya membantu mencerdaskan kehidupan bangsa malah seperti ini. Sangat disayangkan sekali.",2021-08-02 15:57:57
A Google user,1,Ga bisa dibuka,2021-08-02 09:48:39
A Google user,4,"Aplikasi yang bagus buat kita yang pengen baca buku secara legal tapi ga ada uang. Cuma ngeselinya pas antri kayak rebutan, siapa cepat dia dapat. Kalau bisa perbanyak buku/novel karya karya orang Korea dan Jepang ya. Pokoknya mantap",2021-07-30 23:11:15
A Google user,1,"I don't know .. why this apps can't open very well, I hope this apps can manage very well",2021-07-29 12:24:20
A Google user,5,"Menggunakan aplikasi ini jadi salah satu cara terbaik melepas rasa suntuk, sekaligus membantu pekerjaan riset saya. Koleksi bukunya sangat banyak, dijamin jadi bantuan berharga bagi para mahasiswa/dosen terutama di masa belajar dari rumah seperti sekarang. Sedikit saran, apa boleh koleksi sejarahnya diperbanyak? Terima kasih, sukses selalu untuk Perpusnas dan setiap usaha digitalisasinya. Yeaboii!",2021-07-29 08:46:45
A Google user,4,"Yeah, this is good...",2021-07-28 02:00:24
A Google user,5,"bagus aplikasinya, buku-bukunya juga lumayan lengkap, bisa dibaca offline lagi, keren, semoga nanti koleksi bukunya nambah lagii",2021-07-27 12:48:14
A Google user,2,"Koleksinya cukup. Tapi UI nya tolong diperbaiki. Desainnya masih sangat kaku. Mungkin bisa sedikit ditambah fiturnya jg, seperti cara peminjaman dan pengembalian bisa lebih beranimasi, dan saat membalik halaman buku. Secara keseluruhan UInya bisa lebih diperbaiki lagi agar nyaman dilihat mata. Terima kasih",2021-07-27 03:32:21
A Google user,1,"UI UX sulit, buku byk yg tdk menarik",2021-07-27 01:56:06
A Google user,1,"What will u do for ""modify system"" permission 😠",2021-07-26 14:20:32
A Google user,5,Cool,2021-07-25 19:29:54
A Google user,1,"Masih tetap ""could not get data from server"" walau dibilang ""saat ini sudah tidak ada kendala""",2021-07-25 06:07:02
A Google user,1,Trouble terusss,2021-07-24 15:49:10
A Google user,3,"TOLONG KENGKAPI INI DENGAN FITUR TEKS TO SPEACH, ITU PASTI SANGAT MEMBANTU. (SUARANYA YANG ENAK DI DENGAR JANGAN ASAL/KAYAK ROBOT).",2021-07-24 03:34:14
A Google user,4,"The app is great, it have many books where we can borrow it for a few days for free. We can login with facebook or email, and have unique level system to show our ""reading rank"". But sometimes our account log out automatically, or sometimes it take times to load. The UI looks outdated too.",2021-07-23 03:31:26
A Google user,1,APLIKASI GAK JELASSS......,2021-07-20 13:40:48
A Google user,4,"Update-an terbarunya lumayan bagus. Tapi, fitur untuk penandanya mengapa tidak bisa digunakan ya? Padahal fitur itu sangat dibutuhkan tapi tidak berfungsi.",2021-07-20 12:27:28
A Google user,5,Cool,2021-07-18 00:12:51
A Google user,1,Aplikasi taek,2021-07-17 13:52:55
A Google user,4,"Baguss, bisa buat ngisi waktu luang. Terima kasih iPusnas",2021-07-17 06:09:18
A Google user,4,"Great app, you can borrow many books and collection of book quite complete",2021-07-17 03:50:47
A Google user,5,"Tolong segera diperbaiki, masih sering sekali error yang berasal dari aplikasi, bukan eror/gangguan jaringan dari HP user. Bagi orang yang tinggal di daerah 3T yang tidak tersedia fasilitas perpustakaan umum, sangat menyenangkan menemukan e-library ini. Jadi tolong dimaintain dengan baik e-library yang menjangkau hingga ke pelosok Indonesia ini, supaya user nyaman dan semoga membantu meningkatkan melek literasi masyarakat Indonesia.",2021-07-14 15:36:07
A Google user,5,"Setiap pagi di kelas saya pasti ada kegiatan literasi. Terkadang di kala waktu luang, saya juga ingin membaca buku non-pelajaran. Untuk saya yang dari segi keuangan kurang mampu untuk membeli buku di toko-toko buku terkemuka, aplikasi ini sangat membantu. Terlebih lagi semua buku di sini bisa dipinjam/dibaca secara GRATIS!! Tema bukunya pun beragam & lebih mudah menyaring kriteria yang kita inginkan. Semoga apk ini dapat meningkatkan minat literasi anak-anak Indonesia 🇮🇩❤️📖",2021-07-14 01:07:20
A Google user,4,"Ini aplikasinya bagus aku suka. Tapi mohon maaf knp ya kok akhir2 ini tiap keluar masuk ke apk jadinya malah gbisa tersambung ke apk nya sama sekali, padahal tdk ada masalah dgn sinyal saya, tolong diperbaiki lagi utk ke depannya. Terima kasih.",2021-07-13 15:35:36
A Google user,3,"Notifikasi buku sudah bisa dipinjam tidak masuk, jadi bukunya sudah keburu dipinjam oleh orang lain. Semoga masalah ini cepat diatasi",2021-07-13 09:39:00
A Google user,4,It's great but i don't like how you have to log in everytime you close the app. I aslo want darkmode for this app because maybe i wanna read when night time. Also i want the app to look more better. That's it.,2021-07-13 08:57:22
A Google user,3,It's good but always laggingggggg and I'm so mad but I still want this app so I give you 3 star,2021-07-12 15:00:07
A Google user,3,Kritik untuk pemilihan kategori buku jika salah satu kategori telah di pilih dan akan mengganti dengan kategori yang lain kalau bisa diperbaiki agar tidak kembali ke atas lagi dan harus scroll. Ayolah aplikasi negara harus profesional.,2021-07-11 12:37:44
A Google user,2,The app keeps refreshing itself. Can't search a book. It's frustrating,2021-07-11 11:43:54
A Google user,4,"Alhamdulillah udah jarang error. Ini aku kasih bintang 4 dulu yaa Admin, tolong tambahi fitur baca dengan tap kanan atau kiri ya, soalnya kalau mau pakai yang curl agak ribet. Sejauh ini aku selalu pakai yang scroll, tapi kadang jadi nggak bisa lihat full satu halaman. Ehehe, terima kasiih ❤",2021-07-10 20:13:27
A Google user,1,Payah gabisa dibuka,2021-07-09 15:36:11
A Google user,1,"Developer NY kaya babi... Aplikasi busuk, Makan Gaji buta klen",2021-07-09 12:38:15
A Google user,1,"a trash app, cant login",2021-07-09 07:55:24
A Google user,4,"Koleksinya diperbanyak dan diperbaharui Buku tentang kesehatan, psikologi, pendidikan dll",2021-07-08 12:36:16
A Google user,4,"I like that we can borrow books for free with this app. The collection is also quite complete. It's working quite well, although sometimes i face errors. But overall it is usable. Would be great to have a way to go to the next page by tapping the right side of the screen, and go to the prev page by tapping the left side of the screen so it is easier for the users to navigate. I totally believe in this app that it could be better day by day!",2021-07-06 17:52:35
A Google user,5,A great app :),2021-07-05 19:27:19
A Google user,3,When i tried to verified my email account i got thise message: 500 Internal Server Error,2021-07-03 07:33:14
A Google user,4,"Bagus, tp akhir2 ini suka crash, sedih sekali. Padahal bisa dapat buku dengan kualitas bagus secara cuma2 adalah hal yang sangat menyenangkan.",2021-07-02 07:14:56
A Google user,4,okelah.. ga terlalu sering eror lagi..tp masih kadang2. bintang 5 otw ya,2021-07-01 11:27:19
A Google user,2,"Tidak bisa login......butuh email dan password, tapi gak ada menu buat SIGN UP.....bantu donk....",2021-06-30 14:14:08
A Google user,3,"Overall very nice. Buku-buku tergolong lengkap, baik terbitan dalam maupun luar negeri. Tetapi masih kurang nyaman saat membaca karena penanda halaman tidak berfungsi, sehingga saya harus scroll dan mencari bab yang terakhir dibaca. Mohon untuk segera diperbaiki, terimakasih.",2021-06-28 08:06:19
A Google user,1,Could not get data from server...,2021-06-25 02:42:12
A Google user,1,Kenapa juga aplikasi ini minta ijin mengubah pengaturan sistim. ( walaupun admin telah menjelaskan itu hanya sekedar ijin untuk pengaturan kecerahan ) tetapi hal itu tetap akan membuat orang enggan untuk menggunakan aplikasi ini pada akhirnya. Hilangkan saja akses untuk perizinan sistem ini. Karena untuk urusan kecerahan layar itu bisa dilakukan sendiri oleh pengguna secara manual.,2021-06-25 00:54:13
A Google user,1,"Aneh. Udah pinjem buku tapi ga bisa dibaca. Pas dipencet malah keluar app. Padahal lagi pengen banget baca, hadeh.",2021-06-24 10:05:57
A Google user,3,"Sebenarnya aplikasi ini bagus sekali, banyak berisi buku-buku yang menarik. Tapi entah kenapa loading nya sangat lama padahal tidak ada masalah dalam jaringan. Semoga segera diatasi masalahnya!",2021-06-22 09:40:39
A Google user,1,"What's wrong with this app? I can't reading a book after instaled this app. I have borrow some books, but i can't found them in my library. So bad experience! Fix it!",2021-06-21 13:14:34
A Google user,5,"Peminjaman buku sangat mudah, meski tidak semua buku dapat ditemukan dalam bentuk e book, tapi cukup membantu. Besar harapan agar PerpusNas dapat meningkatkan koleksi ebooknya, saya tidak berkeberatan berlangganan, asalkan memperoleh kemudahan dalam meminjam buku referensi yang lengkap. Terima kasih.",2021-06-19 09:02:19
A Google user,4,"Aplikasi yang sangat membantuku buat baca buku. Senang karena koleksinya juga banyak, ya walaupun harus mengantre, tapi gapapa. Sangat bersyukur bisa membaca lewat iPusnas <3 Eum, tapi sebelumnya iPusnas masih mengizinkan pembaca untuk melakukan screenshot waktu baca buku, nah sekarang sudah tidak diizinkan lagi. Lumayan sedih sebenarnya, karena saya sering screenshot halaman buku yang memuat kalimat-kalimat apik bagi saya. Dan iPusnas pun sering error secara tiba-tiba. Mohon diperbaiki, ya ^o^",2021-06-18 09:54:31
A Google user,2,"I've been using this app for a year, it's pretty good actually but since latest update I can't use this app. I can't even borrow a book for no reason",2021-06-17 22:20:24
A Google user,5,Semoga dengan adanya aplikasi ini bisa mendorong generasi muda Indonesia untuk lebih rajin membaca buku dan meningkatkan minat baca ☺️,2021-06-17 15:08:11
A Google user,4,"Kak developer, saya mau request. Novel terjemahan luar negeri diperbanyak dong, saya nggak Nemu novel Harry Potter, padahal pengen baca :(",2021-06-17 11:44:51
A Google user,5,"Udah bisa dipake, YES",2021-06-17 05:29:02
A Google user,5,"Nyaman sekali buat baca buku di gadget. Jadi bisa baca di mana saja dan kapan saja, pilihan bukunya juga lumayan lengkap. Terbaik dah pokoknya.",2021-06-17 04:51:47
A Google user,1,Bug,2021-06-15 11:30:31
A Google user,5,"Great, koleksi bukunya semakin banyak dan bervariasi. Sangat memudahkan untuk membaca buku sekarang, terima kasih banyak~",2021-06-15 04:05:38
A Google user,1,"I really like this app, but it always force close, please fix the problem, we believe with you",2021-06-12 17:31:18
A Google user,5,"Koleksinya mayan lengkap, gratis & legal. Sayang banget kalo udah di kasih fasilitaa ginian gak dimanfaatin baik² buat ningkatin minat baca masyarakat. Cuma UInya perlu di percantik dikit + transisi pas scrolling jg kurang smooth & sosialisasi ke masyarakat jg kurang. Yet the rest is fabulous 👍🏻",2021-06-12 08:25:13
A Google user,2,1. Please enable setting to read book by scrolling/tapping right and left. 2. Bookmark and search feature are not working.,2021-06-11 11:03:55
A Google user,1,"I will never agree any app to access my phone's settings. This app wants one, so I give one star. Bye 👋🏼",2021-06-11 01:42:09
A Google user,4,Sebenernya bagus cuma kaya ga keurus,2021-06-10 07:34:53
A Google user,1,Untuk pengguna ios (iPad) pada saat saya buka Aplikasi iPusnas-nya forced close terus. Mohon untuk diperbaiki lagi. Ada banyak buku yang pengin saya baca di iPusnas.,2021-06-10 01:47:00
A Google user,1,"Jelek ga bisa masuk, masak udah berbulan bulan ga diperbaiki",2021-06-08 10:52:40
A Google user,1,"Request allow modifying system setting bikin insecure, skip dulu tunggu ada update.",2021-06-06 14:00:43
A Google user,1,Bahkan nggak bisa di buka.. Zzzz.. Gimana mau mencerdaskan bangsa??,2021-06-06 13:19:27
A Google user,1,Percuma nginstall kalau buku bukunya ga bisa dipinjem. Mungkin developer malas maintenance karena kurang suntikan dana dari pemerintah yang lagi sibuk ngurusin covid-19. Atau mungkin dana maintenance dipangkas makanya delevoper masih melestarikan bug. Apa mungkin dana maintenancenya dikorupsi? Makin ga percaya sama aplikasi yang dikelola sama pemerintah.,2021-06-03 21:08:08
A Google user,3,Udh seminggu ini gak bisa pinjam buku.,2021-06-03 13:29:53
A Google user,5,❤️,2021-06-03 11:49:11
A Google user,1,Kok genre lain hilang? DULU ADA THRILLER & HORROR KOK SEKARANG HILANG MIN,2021-06-02 18:56:57
A Google user,1,Setiap kali saya mencoba membuka apk ini pasti tidak bisa.,2021-06-01 11:49:29
A Google user,1,Kecewa sekali errornya banyak banget.,2021-06-01 07:06:34
A Google user,2,Can't register,2021-06-01 05:51:07
A Google user,2,Unknown error when I got to borrow some books,2021-06-01 04:44:56
A Google user,3,"Aku instal lagi aplikasi ini dan kenapa ga bisa dipinjem ya, padahal dulu2 bisa huhuh",2021-06-01 03:32:16
A Google user,2,Kenapa jumlah bukunya dibatasi ya? Dan batas peminjaman bukuny terlalu sedikit.,2021-06-01 02:41:10
A Google user,1,"Crash di android 11, tidak bisa buka e-book yang sudah borrowed",2021-05-31 20:31:35
A Google user,3,"Kadang error entah kenapa saat meminjam, sama entah kenapa app ni banyak izinnya sampai izin mengedit system setting.",2021-05-31 09:26:23
A Google user,2,"Kok ngebug sih aplikasinya, gk bisa nge search",2021-05-31 02:12:45
A Google user,5,"Setelah cukup lama saya tidak menggunakan iPusnas kemudian saya meng-installnya kembali, saya dapati pengalaman membaca saya sekarang di versi iPusnas terbaru masih tetap belum maksimal. Terdapat error pada mode malam, sehingga latar dan tulisannya sama-sama gelap, tentu ini sangat menyulitkan, juga ketika membuka buku untuk kedua kalinya setelah keluar aplikasi , sama sekali tidak dapat menampilkan apa-apa. Mohon segera diperbaiki. Salam literasi!",2021-05-30 21:25:03
A Google user,1,"I thought that this app would be great But NO, another ridiculous app from govt. It requires to have video and storage permission and even system settings! (said in one's comment to set brightness, other e-commerce QR app can set brightness without requiring such settings) Uninstalling until permission is changed to optional",2021-05-30 16:11:35
A Google user,2,"Buku-bukunya masih sangat sedikit, bahkan banyak buku-buku cerita yang dulu saya baca di perpustakaan sewaktu SD (sekitar 25 tahun yg lalu) sulit sekali ditemukan. Selain itu, buku yg dipinjam tidak dapat dibuka, aplikasi otomatis tertutup jika ingin membuka buku.",2021-05-30 12:30:15
A Google user,1,"Idk, fitur yang ada di android beda sama fitur di apple. Di android payah sekali.",2021-05-29 14:00:44
A Google user,3,"Aplikasi sudah diperbaiki. Tolong dilengkapi koleksi buku-buku novel untuk hiburan, baik bahasa asing ataupun terjemahan.",2021-05-27 22:25:33
A Google user,1,saran : 1. Pdf bisa di download offline 2. gk perlu sign-in tuk baca,2021-05-27 15:25:56
A Google user,4,"Salah satu aplikasi baca gratis terbaik di Indonesia. Koleksi buku bukunya banyak, cocok utk yg ingin baca buku dgn pinjam secara gratis. Tapi mungkin karena gratis, app ini banyak kekurangannya. App nya sering under maintenance dan suka error, tidak ada kategori buku by genre atau pengklasifikasian buku jadi harus ketik manual di tab search.",2021-05-27 11:41:20
A Google user,5,Good apps,2021-05-27 10:34:32
A Google user,1,Scrolling in homepage really makes me sick,2021-05-25 14:49:45
A Google user,3,"this app needs permission to modify system setting, otherwise this app can't be opened. may I ask for what reason? permission to take picture and video along with reading storage can be made optional rather than compulsive",2021-05-25 10:22:15
A Google user,1,"Saya tidak bisa buka aplikasinya. It keeps stopping. Tolong dong diperbaiki, saya pengen baca buku",2021-05-25 08:42:17
A Google user,4,Mohon ditambahkan transisi yang cuman hanya tap.,2021-05-25 04:14:58
A Google user,4,Bagus cuman sering error,2021-05-25 01:07:16
A Google user,3,"This is first time i download after i got many reviews about this app, i will come back after i use this app and for now i give appreciation for this app",2021-05-24 19:27:29
A Google user,4,"Tolong dong klo buku yg ingin kita pinjam sudah tersedia, kasih notifikasi bar supaya bisa segera di pinjam. Sedih banget ngantri terus :(",2021-05-24 13:17:30
A Google user,3,I didn't get the confirmation to my email. So i cant borrowed any book,2021-05-23 09:37:46
A Google user,4,"Sudah bagus aplikasinya. Tapi sering sekali maintenance ya, jadi sedikit mengganggu. Saran saya tiap pembaruan lewat play store saja, jadi user yang download, tidak perlu dihentikan ketika maintenance. Mungkin bisa diberi dark mode untuk opsi bacanya.",2021-05-19 15:45:16
A Google user,5,Nice appp,2021-05-19 08:36:25
A Google user,5,Setelah diinstall ulang bisa kembali normal. Alhamdulillah,2021-05-18 13:15:27
A Google user,5,"Terima kasih sudah memperbaiki aplikasinya sekarang saya sudah bisa membaca dengan nyaman, terlebih lagi ini gratis👍",2021-05-17 04:01:59
A Google user,5,Dank!,2021-05-15 16:26:49
A Google user,3,"Hari ini tiba² aplikasi tidak mendeteksi koneksi internet, padahal koneksi internet baik² saja. Saya tidak bisa browsing koleksi maupun meminjam buku. Tolong perbaiki segera.",2021-05-14 09:24:31
A Google user,1,Sering banget errornya.,2021-05-12 02:11:46
A Google user,5,"Kenapa saya tidak bisa meminjam buku ya? Sudah berkali kali click ""borrow"" tetep aja ga bisa.",2021-05-09 20:12:14
A Google user,5,"Saya download untuk membaca novelnya Mira W ""Dari Jendela SMP"" wkwkwk",2021-05-09 07:03:32
A Google user,4,"Hai Kak, untuk buku yang membahas investasi saham masih sedikit. Bisakah untuk ditambah lagi?",2021-05-08 12:14:13
A Google user,1,Kok errornya tiap hari ya,2021-05-07 02:03:51
A Google user,5,Good Lah,2021-05-06 10:46:41
A Google user,1,Sering eror,2021-05-06 02:45:56
A Google user,2,"Sangat bagus untuk orang-orang yg hobi membaca secara gratis dan tentunya legal. Tapi, selalu saja ada kendala dan masalah dalam aplikasi a.k.a error. Jadi, mohon untuk selalu memperbaiki dan mengembangkan aplikasi untuk kenyamanan pengguna. Terimakasih.",2021-05-05 21:31:12
A Google user,1,sampai hari ini masih belum teratasi error tidak dapat meminjam buku.......... kapan kiranya diperbaiki ya?,2021-05-05 18:05:42
A Google user,1,"Lama banget nunggu trouble eror nya 😕dari dulu alasannya aplikasi sedang maintenance terusss :( pemerintah tolong lah benerin aplikasinya, katanya indonesia Goes Digital 🙄",2021-05-05 16:18:45
A Google user,1,"Error mulu. Pinjam buku nggak bisa, padahal lagi ada stocknya. Statusnya nggak ganti2 tetep newbie terus, padahal udah ngelakuin yang tertera buat naik status. Tp itu sih yg paling nyebelin, kadang bukunya nggak bisa dibuka dan selalu error.",2021-05-05 15:03:04
A Google user,5,Good,2021-05-05 14:26:34
A Google user,5,"Damn, it's so cool dude! Try it 😅✊🏻",2021-05-05 10:39:03
A Google user,5,Good application—tapi akhir-akhir ini knp eror ya? Saya tidak bisa pinjam buku dan tiap buka aplikasinya selalu keluar,2021-05-05 08:57:49
A Google user,5,"Sampai kapan nih maintenance-nya? Masa 3 hari ga selesai2? Perpus sebelah udah bisa tuh minjem2, masa sini belom? Edited : Great job! Alhamdulillah sudah bisa kembali buat minjam bukunya. Thanks developers! Tambahin juga ya katalognya sama buku-buku terbaru Kalo bisa terbitan terbaru juga ya :)",2021-05-03 19:59:45
A Google user,3,Saya beri bintang 3 karena sejak kemarin tidak bisa meminjam buku. Semoga segera ada perbaikan. Terima kasih.,2021-05-03 08:29:39
A Google user,1,"Bukunya gak bisa di pinjem, otomatis gak bisa baca.",2021-05-03 05:44:04
A Google user,4,aplikasi yg bermanfaat untuk orang yg suka baca tp tidak mau numpuk buku di rumah tapi sayang aplikasinya sering error semoga kedepannya lebih baik lagi,2021-05-03 05:34:42
A Google user,3,"suka banget baca buku di app ini, ngga perlu keluar uang dan legal (walau buku fisik lebih satisfying). TAPIIIII, aplikasinya masih cukup parah karena sering maintenance dan baru2 ini maintenance sampai berhari2, dan itu membuat pembaca feel uncomfortable :(.",2021-05-03 05:01:46
A Google user,1,"kenapa ga bisa minjem buku ini, unknown error terus. padahal lagi butuh banget",2021-05-03 00:33:05
A Google user,3,"Kenapa semua buku tidak bisa dipinjam? Selalu tertulis error waktu mencet tombol borrow. Tolong segera diperbaiki, saya sangat membutuhkan buku2 tersebut",2021-05-02 23:51:40
A Google user,3,"Halo admin! Aplikasi iPusnas benar - benar menarik, saya amat terbantu dengan hadirnya aplikasi ini. Namun sayangnya, selama seminggu terakhir server sering mengalami gangguan, sehingga proses meminjam buku terkendala. Harap diperbaiki secepatnya, terima kasih :)",2021-05-02 22:45:12
A Google user,4,"Why i can't borrow any of book? Theres notif said 'unable to added the book, unknown error'. Pls fix the aps ASAP, bcs this is really a good aps",2021-05-02 21:21:20
A Google user,1,"Memalukan masa maintenance lebih dari 24 jam sudah berhari hari, aplikasi lain ya paling maintenance 4-6 jam",2021-05-02 20:49:35
A Google user,3,"Ipusnas, saran aja nih. Next time klo mau maintenance di kasih alert dong. Jd pengguna bisa antisipasi utk ngembaliin & minjem buku. Mending klo maintenancenya hanya beberapa jam. Ini bisa 1x24 jam. Dari Minggu 2/5 dini hari smp skrng Senin 3/5 dini hari saya ga bisa minjem & ngembaliin buku. Tolong improve dong. Klo emang ga bisa menghindari maintenance ya minimal dikasih peringatan/warning di sistem sblm maintenance. Sekian. Terima kasih",2021-05-02 17:33:18
A Google user,1,"Pada saat meminjam buku tidak bisa muncul ""unable add book, error unknown""",2021-05-02 15:19:07
A Google user,3,Susahh bgtttt aplikasi iniii. Baddd,2021-05-02 13:35:12
A Google user,3,Server nya suka not responding,2021-05-02 13:30:47
A Google user,5,"Selamat malam, Terimakasih sudah menciptakan aplikasi yang sangat bermanfaat. Tapi ada keluhan saya hari ini. Saya tidak bisa meminjam buku, aplikasi nya sedang error, tolong kak di perbaiki. Makasih🙏",2021-05-02 13:28:33
A Google user,1,Aplikasknya eror. Mau pinjam buku yang masih tersedia tidak bisa.Mohon segera diperbaiki aplikasinya. Terimakasih,2021-05-02 12:55:35
A Google user,1,"Saya nggak bisa pinjam buku, tulisannya unknown error terus. Tolong diperbaiki...",2021-05-02 07:13:22
A Google user,3,Rawan terjadi error Sering tdk bisa load buku,2021-05-02 06:20:54
A Google user,5,"I become realized when i read several complains from people that this app's erroring. And i hope this app could be use again the normally, wait of improvement it! Coz we was really need this app. And don't stop to constantly improve and develop this app, coz that's very important at your company🤙",2021-05-02 03:49:58
A Google user,2,"bad app. always says unable to add book in collection, unknown error or our server is currently under maintenance",2021-05-02 03:09:30
A Google user,2,"I can't borrow the books, the notification says an unknown error occurs everytime I try to borrow.",2021-05-02 01:59:52
A Google user,1,"Maaf ini ipusnas kenapa ya? Dari kemarin mau pinjem buku error mulu, mau ngembaliin juga gak bisa :( Padahal butuh bgt referensi tambahan Tolong dong segera diperbaiki",2021-05-02 01:11:27
A Google user,1,Server sering bermasalah,2021-05-02 00:21:35
A Google user,2,"Error mulu:( ""unable to add book in collection, unknown error."" Sudah saya ulang2 ttp aja begitu. Help.",2021-05-02 00:04:13
A Google user,1,"I can't borrow books again, the writing is always ""unknown error"" and sometimes books with the number of copies still exist cannot be borrowed either. please improve more. thank you",2021-05-01 22:18:16
A Google user,1,"Mohon maaf admin, ipusna sekarang sering gangguan. Berkali-kali saya harus uninstall lalu instal lagi. Tidak bisa meminjam buka, mengembalikan, sampai aplikasinya tdk bisa dibuka. Mohon solusinya. Terima kasih",2021-05-01 20:34:52
A Google user,1,Error terus dah brengsek,2021-05-01 19:00:49
A Google user,2,"I think it's a bad app, I can't open one of the books, always say 'unknown error'",2021-05-01 16:54:05
A Google user,4,Eror terus.,2021-05-01 15:28:31
A Google user,3,"Dari dua hari lalu mau pinjam buku ngga bisa, kadang notifnya error kadang unavailable.. Kalau sedang maintenance sebaiknya ada notif pas user login. Terus itu review di google play kayak dijawab autoreply dari bulan apa kendala mulu jawabannya persis 🤣",2021-05-01 14:07:20
A Google user,3,saya suka dengan aplikasi ini hanya saja ketika ingin meminjam buku atau return sistem selalu maintenance dan error tiba-tiba yang membuatnya menjadi loading dengan waktu yang lama sehingga buku yang saya incar akhirnya selalu dalam stok kosong,2021-05-01 13:18:40
A Google user,1,Apaan dari kemaren mau minjem buku maintenance terus. Trus kpn bisa baca bukunya kalo gini mah,2021-05-01 11:16:14
A Google user,2,"Lagi...gabisa pinjem buku, kenapa?",2021-05-01 08:13:58
A Google user,1,Saya tidak bisa meminjam Beberapa buku dengan alasan jaringan tidak stabil. Mohon perbaikan kedepannya supaya literasi masyarakat dapat kuat apalagi disaat pandemi saat ini. Terimakasih,2021-05-01 07:11:29
A Google user,3,"Banyak buku bacaan yg bisa dipinjem tapi gak bisa dibaca, pas mau baca selalu unknown error kenapa ya :(",2021-05-01 04:05:10
A Google user,1,Tidak bisa untuk mendowload buku yang akan dipinjam,2021-05-01 02:29:53
A Google user,4,"Lagi butuh banget bukunya, tapi maintenance terus astaga.... Kapan selesainya?",2021-04-30 23:35:26
A Google user,1,"Tidak bisa mendownload, selalu tulisannya unknown error :(",2021-04-30 09:59:14
A Google user,3,"Percuma banget, buku banyak tapi ga bisa dipinjam.",2021-04-30 09:36:35
A Google user,1,"Mengecewakan. Mengapa saya tidak lagi bisa meminjam buku? Saya butuh sekali buku itu untuk belajar. Sesulit itukah? Harap segera diperbaiki!. Saya sangat sangat tidak nyaman jika saya tidak bisa meminjam buku ""psikologi persuasif"", tolong segera diperbaiki.",2021-04-30 09:31:51
A Google user,1,Ga bs buka aplikasi untuk saat ini Di ulang sama saja Tidak bs terkoneksi ke server untuk ambil data,2021-04-29 02:02:48
A Google user,5,"App nya keren banget, menambah wawasan dan ilmu baru, banyak buku bacaan bagus disini yang bisa kita pinjam gratis, terimakasih banyak untuk pemerintah dan developer",2021-04-27 05:49:54
A Google user,2,"Mau ganti password, tapi jaringan not found",2021-04-25 02:46:50
A Google user,3,"Bagus sih apk nya, tapi kenapa aku merasa ditipu ya? 🙃",2021-04-23 06:56:58
A Google user,1,"saya lupa password saya dan mengirim request untuk ganti password, tapi sampai sekarang saya tidak pernah dapat email dari ipusnas. saya sudah mengecek spam dll. mohon diperbaiki",2021-04-23 06:32:30
A Google user,1,Why do you need access to modify system settings tho?,2021-04-22 10:24:54
A Google user,4,"Saya suka karena koleksinya banyak dan semuanya bisa dipinjam secara gratis. Sangat bermanfaat untuk pelajar seperti saya. Saran saya buku yang populer copynya diperbanyak, biar ga terlalu lama ngantri. Lalu semoga bisa ditambahkan fitur untuk menyimpan buku dalam wishlist, bukan cuma buku yg lagi ngantri aja. Soalnya kadang nemu buku menarik buat dibaca nanti, maunya sih bisa ditandain biar ga lupa.",2021-04-21 12:47:10
A Google user,4,"Beberapa buku tidak bisa dibookmark😞 Cuma itu kekurangannya, yang lain udah lumayan",2021-04-20 22:06:02
A Google user,1,"Saya kasih bintang satu dulu ya, soalnya baru download masa udh gk bisa dibuka app nya, semoga segera diperbaiki ya aplikasinya, soalnya membantu banget saya bisa membaca buku2 perpusnas tanpa harus keluar rumah",2021-04-19 07:20:09
A Google user,1,"selalu muncul tulisan ""could not get data from server..."" hadu, tolonglah, diperbaiki yang benar benar diperbaiki. thanks",2021-04-19 05:57:02
A Google user,1,"Tbh, this app sucks. I can't even open the app in the first place. It seems to work weird while my phone is running well.",2021-04-19 05:54:26
A Google user,1,"Can't even open the app. It keeps saying ""Could not get data from server and no DLS found"" whenever I tried to launch the app, eventhough my connection is normal. For an application with a lot of potential, this is really disappointing. Please fix the issue immediately.",2021-04-19 05:01:23
A Google user,1,aplikasi tidak bisa terbuka,2021-04-19 04:47:40
A Google user,3,hallo bagaimana cara mengembalikan buku dan batas waktu pengembalian kapan? lalu kenapa saya tidak bisa membuka bukunya. tolong jelaskan,2021-04-18 22:19:50
A Google user,1,"gak pernah bisa masuk, selalu bacaannya couldn't get data 😔",2021-04-18 18:07:45
A Google user,2,"Bagus, sih, ada perpustakaan digital. Tapi, aplikasinya sering bikin kesel karena error. Itu hampir tiap minggu aku rasa. Pas mau pinjam buku terus enggak bisa, tuh, jadi enggak nyaman banget. Kecewa karena ini kan perpustakaan nasional tapi sering error. Apa enggak bisa diperbaiki biar pembaca lebih nyaman dan enggak misuh-misuh. Bikin istigfar aja.",2021-04-18 17:13:03
A Google user,1,"Not functioning properly. I can't read the book I borrowed, when I click it I will be redirected to the homepage. Jelek banget sumpah nggak bisa nambah buku atau baca buku yg lagi dipinjam. Ratingnya kuturunkan jadi 1.",2021-04-18 16:34:47
A Google user,1,Kurang lengkap,2021-04-18 15:25:18
A Google user,4,"Berkali2 gak bisa buka buku yang sudah didownload karena katanya file nya corrupted, solusinya gimana ya kira2?",2021-04-18 12:33:18
A Google user,1,Jumlah copy bukunya masih ada tapi gabisa2 dipinjem. Padahal didaftar antrinya banyak banget. Berarti dia gak otomatis update atau gimana sih? Masyaallah. Astagfirullahaladzim. Tolong perbaiki ya kak.,2021-04-18 10:54:38
A Google user,1,"Setiap mau buka buku pinjaman aplikasinya keluar sendiri, lalu saat mencari buku loadingnya tidak muncul",2021-04-15 05:05:30
A Google user,5,edit: udah bisa dibuka,2021-04-14 10:40:38
A Google user,4,"Good! sudah tidak perlu sering2 login. Kedepanya mohon ada fitur history buku2 apa yang pernah kita pinjam, dan semoga lebih banyak literatur atau buku-buku berbahasa inggris.",2021-04-14 03:52:06
A Google user,1,Aplikasinya ngelawak. Tiap mau baca buku malah force close,2021-04-14 01:37:39
A Google user,4,"Ini aku udah register, tapi pas besoknya harus log in lagii. Apa emg gitu ya kalo keluar aplikasi jadi log out?",2021-04-13 03:18:01
A Google user,3,Bukunya kurang lengakapppp Terutama buju fiksi. Mau saran kayaknya semua buku yg dapet izin edar bisa dong di akses di ipusnas.,2021-04-10 13:32:13
A Google user,2,Kenapa tidak bisa pinjam buku lagi?,2021-04-10 07:45:17
A Google user,2,"Ada yang menganggu dengan format buku yang tidak bisa di bookmark bahkan tidak ada nomor halaman. Setiap ingin kembali membaca selalu terbuka di halaman pertama dan yah, karena tidak ada nomor halaman dan tidak bisa di bookmark akhirnya repot harus cek satu-satu per halaman ditambah lagi kalau jumlah halamannya dua ratus ke atas. 🙄 Lalu entah kenapa sebulan sekali aku dipaksa log out dan login balik.",2021-04-09 19:41:05
A Google user,5,Sorry 1 star nya saya ganti. Aplikasi sudah berjalan lancar jaya,2021-04-09 15:56:02
A Google user,3,1. Tolong dikasih riwayat buku apa saja yang pernah dibaca dong. Biar sewaktu-waktu kalo cari bukunya lagi mudah untuk ditemukan. 2. Fitur untuk menyimpan kalimat penting yang fungsinya sama dengan stabilo bisa juga ya?,2021-04-06 08:48:23
A Google user,3,"tidak bisa diakses. Edit: udh bs diakses, tp blm coba isinya",2021-04-06 05:33:25
A Google user,5,Sip dah bagus skrgmah 👍🏻 Semoga ke depannya semakin meningkat dan tak ada system error lagi :),2021-04-06 03:43:08
A Google user,5,Suka bgt sama aplikasi ini. Tapi kok sering eror baca data server yang DSL itu kenapa ya? 😭,2021-04-05 22:49:55
A Google user,3,Antarmuka aplikasi kurang menarik dan sering mengalami force close.,2021-04-04 04:41:09
A Google user,1,"Login aja nggak bisa, tolong di perbaiki ya ini kan standar perpustakaan nasional masa kaya gini",2021-04-04 04:32:10
A Google user,5,How can I upload and add book?,2021-04-01 23:39:54
A Google user,4,"Problem occured, could not get data from server and no DLS found",2021-04-01 08:55:36
A Google user,2,"saya sudah seminggu lebih tidak bisa mengakses ipusnas , hal ini sering mendadak terjadi",2021-04-01 08:36:50
A Google user,3,"Saya suka ipusnas, tetapi terlalu sering gangguan, ya?",2021-04-01 07:44:56
A Google user,1,"gabisa minjem buku masa, semua buku gabisa",2021-04-01 07:15:57
A Google user,2,"Udah coba install ulang tapi tetep gak bisa log in, mohon segera diperbaiki",2021-04-01 05:30:40
A Google user,3,"Baru download, kyaknyanlagi masalah belum bisa di gunakan.",2021-04-01 00:28:39
A Google user,1,Coba aja sendiri!,2021-03-31 16:27:35
A Google user,1,I tried countless time to log in but the app keep crashing down and it never let me in. It's frustrating if I'm being honest.,2021-03-31 15:12:55
A Google user,5,"Aplikasinya mudah dioperasikan dan bnayak pilihan bacaan yang diberikan. Sayang entah kenapa sebulah terkahir ini di Maret 2021, seringkali aplikasi tidak dapat dipakai, sepertinya down. Semoga developer senantiasa segera menemukan jalan keluar. Tetap, terimkasih ipusnas!!!",2021-03-31 14:50:21
A Google user,3,"Sebenarnya aplikasinya sangat bermanfaat sekali dan mempermudah penggunanya dalam meminjam buku secara virtual. Hanya saja, aplikasi ini cukup sering mengalami error. Setiap sekali seminggu pasti ada saja error yang saya temui sehingga kurang membuat saya nyaman dan bebas membaca buku. Jika pengalaman ini tidak saya alami kembali, dengan senang saya akan memberi skor bintang 5.",2021-03-31 13:44:13
A Google user,3,Buku untuk mahasiswa kurang lengkap :),2021-03-31 06:51:16
A Google user,5,Kenapa ngga bisa log in?,2021-03-27 13:05:15
A Google user,5,"Susah bgt log in: (, ngga dpt² kodenya: (",2021-03-27 07:10:49
A Google user,4,"The app is great, but please add the search button",2021-03-26 17:14:55
A Google user,4,bagus.,2021-03-26 07:49:26
A Google user,5,"Aplikasi yang sangat membantu dosen dan juga mahasiswa dalam mencari referensi. Ada sedikit masukan: 1. Tolong fitur ganti tema aplikasi secara permanen ada seperti dark mode 2. Tolong ada fitur search text pada buku yg sedang dibaca. Ini akan sangat memudahkan dari scrolling down 3. Tolong tambahkan donk koleksi databased bukunya. Supaya buku yg ada onsite di perpusnas ada juga di aplikasi Selebihnya sangat membantu, terima kasih banyak",2021-03-26 05:23:41
A Google user,4,Buku-buku yang tersedia tidak cukup update,2021-03-25 13:59:15
A Google user,1,Can't borrow,2021-03-25 09:23:24
A Google user,1,"akun saya tiba2 ke log out sendiri,di coba log in lagi malah gamau masuk ini lagi ada gangguan kah?",2021-03-25 05:26:51
A Google user,4,"Saranku, semoga bisa ada list buku populernya, terus juga seperti ada beberapa buku yang bisa masuk ke whislist, jadi kalau misal mau baca buku ini tidak perlu dicari lagi karena ada di listnya untuk dipinjam",2021-03-25 04:28:51
A Google user,5,"Banyak segala macam jenis buku disini yang berguna untuk menambah wawasan, simple dan bagus aplikasi nya, terimakasih untuk developer dan pemerintah yang sudah menyediakan",2021-03-24 15:12:39
A Google user,1,"Kok gk bisa di download ya bukunya, udah coba beberapa kali tetap gitu aja gk ke download",2021-03-24 10:50:00
A Google user,2,I can't open the book that i had borrowed yesterday....,2021-03-23 01:59:26
A Google user,2,"Membantu banget meski koleksinya kurang komplit. Sempat uninstall kemarin, sekarang sudah install lagi tapi ngga bisa masuk lagi hari ini 😢😢",2021-03-23 01:41:00
A Google user,1,Apps bagus dan banyak sekali pilihan buku serta sudah ada penggolongan by Category. Tapi ga bisa di-borrow. Lha ciyusss? Pls fix it......,2021-03-22 09:48:30
A Google user,2,"Mohon aplikasi ditambah fitur login anggota pustaka dan punya akses peminjaman buku, biar lebih mudah. Datang tinggal ambil tanpa mencari-cari lagi. Tingkatkan juga dong performa aplikasinya, sayang banget cuma begitu aj kemampuannya 😔",2021-03-22 09:18:57
A Google user,1,"Why does this app requiring taking photo, video, and storage at the start? Ask it if it's needed, not at the start. Super suspicious.",2021-03-22 09:12:53
A Google user,5,Sgt membantu,2021-03-21 14:30:08
A Google user,4,very impressive,2021-03-21 11:58:25
A Google user,2,"Pilihan buku masih sedikit, untuk level penyediaan buku-buku referensi klasik perkuliahan (misal, buku Sosiologi: sebuah Pengantar (S. Soekanto) yg tidak ada).",2021-03-21 11:18:14
A Google user,4,Suka force close sendiri,2021-03-20 12:53:58
A Google user,4,"Pertama bingung karena tidak bisa register karena tidak ada link for registration, tp coba login dgn fb baru ada link registration. Aplikasinya sgt bermanfaat tolong ditingkatkan.",2021-03-19 10:49:51
A Google user,5,"Keren bgt, banyak bacaan yg bermanfaat",2021-03-19 04:39:43
A Google user,1,App ini harusnya jadi jembatan yg bagus buat meningkatkan minat baca tp ga well developed.,2021-03-19 02:06:29
A Google user,5,Terimakasih bug fix nya dan tolong diperbanyak lagi bukunya 🙏,2021-03-18 05:20:36
A Google user,1,"Actually this apps is very good makes me easier to read any books in anywhere. Unfortunatelly its often to force shutdown, my collection disappear when I opened the apps, even often cannot login on my account.",2021-03-17 04:32:12
A Google user,1,Sdh didownload tapi ga bisa dibuka ebooknya Langsung tertutup aplikasinya,2021-03-17 04:01:42
A Google user,1,Kenapa sering sekali error?,2021-03-17 02:56:14
A Google user,3,"Sebenernya koleksinya banyak, bagus. Cuma kadang suka susah di-download (kayak enggak bisa diklik tombolnya), network timeout terus padahal wifi rumah adem anyem, suka logout sendiri. Tapi so far yaa so good sih(　；∀；)",2021-03-16 14:33:59
A Google user,3,I will re-rate this if you have solved the problem. I cant even open the apps. Please fix this. Thank you,2021-03-16 03:22:17
A Google user,4,"Aplikasi ini sangat membantu saya dalam hal akses terhadap literatur yang saya minati sehingga suatu waktu saya memutuskan mendownload aplikasi untuk windows setelah mendownload di ponsel android saya. Kemudian Saya mendapati bahwa aplikasi ini tidak dapat digunakan serentak di dua aplikasi yg dipasang pada 2 gadget yg berbeda. Saya harap, ke depannya saya bisa log in sekaligus di windows maupun android saya. Tabik.",2021-03-16 00:36:44
A Google user,5,Very useful,2021-03-15 11:02:55
A Google user,4,"ini merupakan inovasi yg bagus dalam meningkatkan minat baca. tetapi beberapa hari ini, aplikasinya tidak bisa dibuka, alias selalu mengatakan kehilangan jaringan, padahal koneksi internet stabil. mohon diperbaiki ya, terimakasih.",2021-03-15 07:21:25
A Google user,5,"Awal²nya trus crash di hpku, mungkin tergantung hp kali ya.. dan selanjutnya sudah makin lancar.. terima kasih banyak sudah membuat app perpus, sungguh membantu mahasiswa untuk mencari refrensi secara online yang legal di masa pandemi ini. ♡˖꒰ᵕ༚ᵕ⑅꒱ Saran: Untuk bisa mencari keyword di buku dan semakin berkembang lagi.",2021-03-14 02:49:19
A Google user,5,"Terima kasih, udah bisa di download n diaplikasikan semoga selalu bermanfaat.",2021-03-12 09:14:36
A Google user,2,Macet macet,2021-03-11 13:55:58
A Google user,2,Susah temu kembali koleksi,2021-03-10 13:58:50
A Google user,5,"Alhamdulillah, aplikasi sudah berjalan dengan normal. Terima kasih.",2021-03-10 04:10:41
A Google user,3,Aplikasinya masih sering mengalami down server akibatnya sulit mengkonfirmasi untuk peminjaman buku. Sudah 2 hari ditunggu agar pulih kembali dan masih sulit untuk melakukan peminjaman. Teman-teman saya juga berkata demikian. Terimakasih mohon bantuannya.,2021-03-09 11:33:06
A Google user,4,Ini app paling favorit walaupun sering banget errornya. Tolong di tingkatkan lagi,2021-03-09 08:34:56
A Google user,3,"Buku yang disediakan masih terbatas, banyak yang meminjam namun tidak dikembalikan sehingga saat membutuhkan tidak ada, dan paling utama mohon sistem nya diperbaiki, karena setiap membuka aplikasi, mencari buku, meminjam/mendowload selalu lama atau lemot, sedangkan saya membuka aplikasi berat lainnya biasa saja",2021-03-09 07:32:49
A Google user,2,aplikasinya suka error dan sering gak bisa pinjam buku. mohon lebih ditingkatkan,2021-03-09 07:14:13
A Google user,4,Ada beberapa buku yang susah didownload padahal ada stoknya.,2021-03-09 05:14:24
A Google user,1,"Ini kenapa nggak bisa sih? Terus-terusan timeout dan koneksi gak baik, padahal internetku baik-baik aja untuk akses yang lain.",2021-03-09 04:53:33
A Google user,4,Good,2021-03-09 00:36:05
A Google user,4,"[ EDIT: Now, I can login. ] Sorry to say... But, it's bad app. Even, I can't login with Facebook or email. When I try to forget password, the system tells {""meta"": {""code"": 400, ""error_message"": ""Data tidak valid""}}",2021-03-08 23:52:50
A Google user,3,Maaf kak kenapa eror ya ? mohon untuk diperbaiki,2021-03-08 22:45:47
A Google user,3,"Tolong, Min.. Aplikasinya sering error, sering tetiba logout sampai harus uninstall-install lagi. Lelah",2021-03-08 22:35:00
A Google user,3,I can't open this app. I deleted it and then downloaded again. but this app still can't be opened.,2021-03-08 17:41:05
A Google user,4,"Halo ipusnas tim, terimakasih sudah membuat aplikasi ini, saya sangat terbantu. Hari ini sayang sekali saya tidak bisa membuka aplikasinya. Semoga aplikasinya bisa segera diperbaiki ya dan kedepannya tidak sering eror ya. Semangat!!",2021-03-08 17:39:53
A Google user,4,"Actually i really love this app because it has many books that i want to read. But this app often got problems. I can't open it, before i think it's on my internet. But after i checked it on other app my internet was ok. So it's this app problem. I hope this app will develope and be better.",2021-03-08 15:45:31
A Google user,2,"gimana nih aplikasinya error terus gabisa loading apa2, dah kucoba clear data, clear cache, logout, skrng malah gabisa login. tolong dong segera diperbaiki",2021-03-08 15:20:46
A Google user,1,"Erorr!!! Pdhl suka bgt baca novel di ipusnas, to eror nih, tlg benerin ya",2021-03-08 15:20:23
A Google user,5,Bagus ... mungkin bugnya dikurangin akan jauh lebih baik.,2021-03-08 13:09:48
A Google user,1,Could not find dls data from server. Close application ? Aplikasi tidak bisa dibuka,2021-03-08 09:42:00
A Google user,1,"Tolong diperbaiki, waktu buka ebook langsung keluar.",2021-03-06 05:41:04
A Google user,1,kaga ada fitur wishlist buku yang mau dibaca apa?,2021-03-05 18:28:46
A Google user,2,"Udah pake ipusnas dari lama, tapi masalah nya itu ituuu aja :"" pak developer, semangat ya pak. Saya pengen baca buku legal soalnya, kalau apk nya nge bug gini terus, gimana saya mau baca :""",2021-03-05 15:25:57
A Google user,4,"Masukan, untuk kedepannya semoga ada jurnal² nasional atau contoh skripsi, agar lebih menyeluruh lagi, khususnya yang perlu bahan untuk tugas atau skripsian, terimakasih dan sukses selalu",2021-03-04 07:23:30
A Google user,5,"I can borrow the books easily, thank you ipusnas",2021-03-04 00:44:34
A Google user,3,"Mohon di perbaiki kesalahan2 batal login di aplikasi untuk windows. Saya sudah beberapa kali login tapi selalu saja tidak bisa meminjam buku, begitupun juga biasanya terjadi di aplikasi ipusnas di hp",2021-03-03 13:22:01
A Google user,5,Gokil,2021-03-03 02:38:34
A Google user,2,selalu keluar minta masukan email terus. kenapa ya? please check the bug or error in apps,2021-03-02 16:32:50
A Google user,5,Keren aplikasinya,2021-03-02 04:12:09
A Google user,5,Good,2021-02-28 08:05:30
A Google user,4,"Setiap mau buka app selalu saja ""Could not get data from server and no DLS found"". Tolong segera diperbaiki.",2021-02-28 02:32:30
A Google user,1,Aplikasi eror : tidak bisa search.,2021-02-26 22:03:41
A Google user,5,"Menurutku ini aplikasi yang bagus walau masih ada beberapa gangguan tapi saya senang sekali dengan aplikasi ini karena bisa membaca buku-buku yang telah terbit secara gratis layaknya membaca di perpustakaan versi digital. Meski ada beberapa buku yang tidak bisa ditemukan di Ipusnas, sejauh ini sudah lumayan untuk perpustakaan nasional yang memiliki koleksi buku yang begitu banyak.",2021-02-25 14:22:52
A Google user,4,Terimakasih ipusnas akhirnya saya bisa daftar,2021-02-25 03:57:07
A Google user,3,"Banyak buku bagus yang ingin saya baca, tapi saat akan didownload, error terus. Katanya service-nya lagi diperbaiki?",2021-02-24 17:56:00
A Google user,5,"Saat ini saya mengalami kendala dalam proses peminjaman, katanya sedang di maintainence gitu. Semoga cepat pulih,, belum selesai baca soalnya",2021-02-24 13:56:13
A Google user,1,"Up doesn't work it said ""couldn't get data from server and no DLS found""",2021-02-24 00:46:31
A Google user,3,Idenya bagus...tapi apps nya perlu di kembangkan lagi...setiap buka buku yg di borrow selalu force close..pengguna poco f1 MIUI 12,2021-02-21 13:52:59
A Google user,2,Gak bisa pinjem karna suruh verifikasi email. Pdhl di email gadapet email apa2 huhuhu,2021-02-19 18:02:54
A Google user,3,"Saya tidak bisa membaca atau meminjam buku,, eror katanya,, tapi ndk tahu knpa tiba2 eror,, mau ganti akun tidak bisa",2021-02-18 04:43:31
A Google user,4,"Saya suka app ini, tolong diperbanyak koleksi bukunya. Juga saya masih kurang nyaman dengan ui nya, semoga bisa diganti dengan yg lebih modern dan fluid, sehingga semakin nyaman berlama2 membaca. Semangat!",2021-02-17 04:00:17
A Google user,1,"Buku banyak tapi downloadnya susah minta ampun, padahal internet kenceng",2021-02-17 02:23:12
A Google user,5,Sangat membantu mencerdaskan kehidupan bangsa. Ditunggu tambahan koleksi2 buku terkininya. Semangat 💪💪🇮🇩🇮🇩,2021-02-16 16:37:06
A Google user,5,Terima kasih ipusnas 🙏,2021-02-15 15:50:36
A Google user,1,"My android version is Pie, but the Apps force close🙄.",2021-02-14 06:57:32
A Google user,1,"Tidak bisa login, padahal email dan password sdah benar. Mohon diperbaiki lagi bug nya.",2021-02-13 11:07:01
A Google user,3,"Bagus, cuman kurang enak baca disini. Ada buku yang cuman discan, jadi ga terlalu jelas. Bakal lebih nyaman juga kalo support flowing text. Makasih.",2021-02-13 00:37:32
A Google user,1,"hadeuhhh, tiap udah download, balik lagi ke app suka ga ada bukunya😑",2021-02-11 11:24:42
A Google user,5,ketersediaan buku nya banyak. genre nya juga sangat beragam. jadi bisa dapat buku yang cocok buat dibaca sesuai kebutuhan masing-masing,2021-02-11 01:24:56
A Google user,5,Sangat bermanfaat,2021-02-10 12:46:43
A Google user,2,tidak bisa login email?,2021-02-09 22:18:15
A Google user,2,"Tidak bisa menandai halaman,yg bisa hanya highlight kalimat",2021-02-08 09:15:24
A Google user,1,I'm sorry but I need to uninstall this because I can't use it at all. I keep getting this DLS notif since I open the app.,2021-02-08 00:15:48
A Google user,1,not good,2021-02-04 14:22:16
A Google user,5,Alhamdulillah aplikasinya sudah bisa...,2021-02-04 13:40:57
A Google user,4,"Okee solusinya ternyata appsnya sering force close adalah dengan reinstall, semoga kedepannya semakin baik",2021-02-03 16:43:39
A Google user,4,Ga terlalu lengkap tapi lumayan membantu,2021-02-02 14:33:27
A Google user,5,"Sayangnya koleksi bukunya kurang lengkap, ayo dong user yg lain upload buku, jgn cuman baca doang hehe..",2021-02-02 07:51:56
A Google user,1,Aplikasi burik lebih burik dari ff uda gk bisa di pinjem di tunggu sejam gk bisa mending gk usah di download lagi,2021-02-02 02:31:32
A Google user,1,nyerahlah sama app ini 😭 harus byk2 stok sabarnya 😔,2021-02-01 13:52:06
A Google user,3,"buku yg mau dicari stoknya abis mulu, tolong banyakin stok lagi ya admin🙏 request tambahin buku dgn judul KOSMOS by Carl Sagan dong min😊",2021-02-01 07:32:22
A Google user,4,"Aplikasinya menurut saya bagus dan sangat bermanfaat tapi terkadang suka error dan dalam perbaikan terus, diharapkan kedepannya agar lebih baik lagi. Edit : sudah diperbaiki dan sudah bisa pinjam buku lagi, intinya sabar aja dulu ya. Semoga kedepannya lebih baik lagi. Terimakasih Ipusnas!",2021-02-01 04:44:39
A Google user,3,"Buku nya bagus, lengkap dan gratis. tapi sayang server nya selalu error, tolong dong di perbaiki, sering maintenance juga, kadang kalau mau pinjam buku tidak bisa, terus lama banget loading nya",2021-02-01 03:40:07
A Google user,1,"Parah sih, kirain udah ada peningkatan. Failed to load the detail book, network error. Pdhl sinyal oke",2021-01-31 14:06:57
A Google user,3,"Sering banget eror. Buku gak bisa diload lah, lemot pula ngeload nya padahal koneksi baik2 aja. Sering jg tiba2 ketutup sendiri aplikasinya kayak gak kuat gt. Tolong diperbaiki ya",2021-01-31 13:44:07
A Google user,2,Failed to load terus pdhl koneksi lancar,2021-01-31 12:51:11
A Google user,2,"Baru sebentar bisa,lagi seru2nya juga baca crazy rich asian ehh maintenance lagi..-_-",2021-01-31 12:01:56
A Google user,3,"1. App maintenance terus jadi susah pinjam buku. 2. Kalau buka app lain bentar, pas balik ke ipusnas dibawa loading ke menu utama lagi, halaman terakhir jadi ilang. Masa mau bookmark tiap saat?",2021-01-31 09:00:51
A Google user,3,"Maintenance mulu, maintenance terus. Nyatanya ga ada yang berubah, stagnan. Ga tahu apa yang diperbaiki. Tolong, di era pandemi seperti ini rasanya takut mau keluar. Alhasil cara lainnya ya dengan aplikasi ini, tapi malah aplikasinya juga ga bisa diandalkan. Huh.",2021-01-31 05:51:58
A Google user,2,"dear Ipusnas's Team, please fix your system and I can read any books again, I just feel so sad when I found your system still maintenance over and over again",2021-01-31 04:19:59
A Google user,4,"Dear IPusnas team, kenapa maintainance sering dilakukan di weekend ya? Padahal weekend biasanya jadi waktu sempurna kebanyakan pembaca buat feel free menikmati jam baca buku. Dari kemarin, nda bisa pinjem buku baru :') Kalau boleh masukan, please maintainance-nya di jam-jam pembaca sepi baca boleh? Terima kasih!",2021-01-31 01:50:18
A Google user,3,Perlu penambahan fitur bookmark,2021-01-30 15:19:23
A Google user,3,"aplikasinya bagus, cuma ada bug waktu saya scroll halamannya, backgroundnya gabisa tetep, kadang berubah"" dan sering glitching dari dark ke light",2021-01-27 14:51:23
A Google user,1,Kenapa selalu error pas dibuka? Padahal internet lancar,2021-01-27 06:53:15
A Google user,4,dark mode nggak bisa bunsyay,2021-01-25 15:40:43
A Google user,3,"Halo, ini kenapa gabisa dibuka ya? Selalu ada tulisan ""could not get data from server and no dls found"".",2021-01-24 19:45:44
A Google user,1,kurang responsif,2021-01-24 16:33:36
A Google user,5,Tambah koleksi nya,2021-01-24 09:36:38
A Google user,3,Kenapa tidak bisa di buka.??,2021-01-23 01:35:59
A Google user,1,I can't use this app why? Problem occurred,2021-01-22 19:43:50
A Google user,5,Sometimes loading.,2021-01-22 18:42:43
A Google user,5,Good apps 🤗,2021-01-22 11:25:30
A Google user,5,Terbaik,2021-01-22 07:22:22
A Google user,4,Banyak buku buku bagus disini,2021-01-20 23:52:55
A Google user,2,"Aplikasi yang bagus buat baca2 buku gratis, tapi kok ya sering force close ya, mohon diperbaiki supaya bisa lebih menambah wawasan anak bangsa",2021-01-20 09:29:06
A Google user,5,Great,2021-01-19 21:09:03
A Google user,3,"Mohon sistemnya diperbaiki lagi. Saya sedang membaca buku tersebut, namun karena suatu urusan saya harus membuka aplikasi lain, namun setelah saya membuka kembali iPusnas, dan saya membuka buku tersebut, laman yang ditampilkan adalah laman profil buku tersebut di mana saya harus meminjamnya ulang. Padahal buku tersebut masih ada di folder 'books borrowed' saya dan masa peminjaman masih tersisa 2 hari lagi. Terima kasih",2021-01-19 01:41:26
A Google user,5,"Keren bangettt, bukunya emng gak terlalu lengkap tp berguna bangett",2021-01-18 19:05:57
A Google user,1,"Eror ketika mau buka, ""could not connect to server or could not found DLS"". Mohon segera diperbaiki",2021-01-17 16:27:22
A Google user,1,Terus-menerus menutup sendiri ketika akan baca buku yang dipinjam,2021-01-16 19:44:58
A Google user,4,Di perangkat redmi 9 saya selalu force closed ketika mau buka bukunya. Tolong diperbaiki ya tim. Terimakasih,2021-01-16 12:03:51
A Google user,4,Quite amazing. But there is many bugs out there.,2021-01-15 12:53:18
A Google user,5,"Bisa tau banyak buku, dan bisa membaca buku yang belum bisa saya beli. Jadi mwmbantu banget deh. Buku buku perkuliahan juga banyak.",2021-01-14 14:02:26
A Google user,3,"Aplikasinya crash terus, tidak bisa loading buku. Kenapa ya? :(",2021-01-13 23:43:35
A Google user,5,"Aplikasinya bagus, d saya blm ada bug yg mengganggu sama sekali. Kalo bisa pd saat sedang membaca , ada fitur review buku supaya tidak bolak - balik ke halaman pencarian buku",2021-01-12 09:23:05
A Google user,5,"Kalau siang koneksinya lambat kadang error tapi kalau malam lancar"" aja, entah masalah servernya.",2021-01-10 19:23:49
A Google user,2,I always cant use this app and always said server maintaince or error please fix this,2021-01-10 08:32:06
A Google user,2,"Ada masalah mulu dengan appnya,ga bisa di buka bukunya",2021-01-09 14:29:20
A Google user,1,"Tidak suka dengan update terbaru, suatu kemunduran, setting bahkan lebih nyaman di versi sebelumnya, semoga menjadi perhatian developernya, meski aplikasi gratis, namun kualitas harus tetap nomor satu, apalagi saya yakin aplikasi ini dibangun dengan uang negara.",2021-01-09 14:10:31
A Google user,5,Goodd,2021-01-09 02:19:57
A Google user,4,"halo ipusnas, apakah sedang ada kendala pada aplikasi karena saat dibuka muncul tulisan ""could get data from server and no DLS found, close application?. Mohon bantuannya, terimakasih.",2021-01-09 00:59:38
A Google user,1,"Sering eror, yg versi pc juga",2021-01-08 08:28:21
A Google user,5,"iPusnas dapat menciptakan perpustakaan dalam genggaman, mungkin kedepannya koleksi bukunya terus ditambah:):):)",2021-01-07 19:15:50
A Google user,5,"bagus sih fasilitasnya, kalau boleh saran: buku2 populernya di perbnyak dn dilengkapi, sprti novel2 krya andrea, tere, buya hamka dll.. hrus diupdate sih buku2ny sesuai dgn prkmbngn remaja, jgn sampai cuma formalitas aja isinya... cuma saran aja",2021-01-07 03:37:40
A Google user,4,"Akhirnyaaaa...setelah nunggu sebulan ipusnas kembali berfungsi. Yeayyy🤩🤩🤩 semoga makin bagus kedepannya,makin banyak koleksi bukunya,dan makin minim errornya!!!Love ipusnas😍",2021-01-06 18:04:26
A Google user,3,ipusnas kapan ya upgrade jd kaya kindle atau oodles jd textnya bisa fit di hp. jd g ush di zoom kan enak hehehe apalagi kalo bisa nambah audiobooks atau black background jd kertasnya item tulisannya putih,2021-01-06 17:51:22
A Google user,1,"Ngga tau apa gunanya nginstall, cari buku a ngga ada, buku b ngga ada. Hmm. Sudah mengunistall, tolong diperbanyak pustakanya. Judulnya kan nasional.",2021-01-06 14:48:36
A Google user,5,Excitesd use this app,2021-01-06 12:19:01
A Google user,3,"Masih ada bugnya tuh, kalo lagi baca trus scroll ke bawah layarnya jadi kedip2 item putih. Untuk developernya coba dicek lagi bagian button dark backgroundnya.",2021-01-06 08:16:47
A Google user,5,love this!!,2021-01-05 14:47:10
A Google user,1,I couldn't log in with my email :(,2021-01-05 02:39:42
A Google user,3,"So many device permissions to enable, just feeling it's not so secure",2021-01-05 02:16:28
A Google user,5,"Mantapp, serasa punya perpus pribadi wkwkwk😁",2021-01-04 18:10:09
A Google user,4,"baguss, cuma bukunya kurang lengkap, mungkin bisa diupdate buku2nya, ui aplikasinya juga diperbarui biar bakin bagus appnya. semoga nanti dikasi dark mode biar mata ga perih",2021-01-04 15:41:10
A Google user,3,"Min,fitur pencariannya tidak berfungsi seperti awal download. Itu kenapa ya. Kalau hanya cari lewat katgori susah sekali min. Tolong diperbaiki",2021-01-03 23:58:19
A Google user,2,"Aplikasi tidak bisa dibuka. ""Tidak dapat mengambil data dari server dan tidak ada DLS."" Ada apa ini?",2021-01-03 23:48:36
A Google user,2,Bug,2021-01-03 23:18:22
A Google user,1,"Tidak bisa digunakan untuk search judul buku, tolong perbaiki problem segera, sudah berhari-hari dan sudah saya install ulang masih tetap sama",2021-01-03 13:44:40
A Google user,3,Halooo mohon UInya diperbaiki ya karena halamannya kedip kedip ketika discroll,2021-01-03 09:07:05
A Google user,5,perbanyak novel novel best seller,2021-01-03 08:26:11
A Google user,4,"Sejauh ini, banyak buku yang saya ingin baca dan dapat sy temukan di ipusnas. Namun jika bisa, akan lebih baik jika ada fitur request buku, tambahan animasi saat membaca (slide untuk ke halaman selanjutnya), dan tema warna lain (dark theme dengan kombinasi warna lain misalnya).",2021-01-03 07:29:14
A Google user,3,Sering force close,2021-01-03 07:21:25
A Google user,1,"Halo. Saya ingin menyampaikan keluhan untuk aplikasi ini. Ada error yang menyebabkan saya tidak bisa search judul, ataupun penulis di pencarian, padahal koneksi saya baik-baik saja. Mohon bantuannya dan diperbaiki segera!",2021-01-03 06:06:10
A Google user,2,"Saya kira filter pencariannya kurang variatif, agak ribet untuk mencari bacaan yang diinginkan",2021-01-03 05:57:05
A Google user,5,Lagi maintenance ya?,2021-01-03 01:16:17
A Google user,2,"i can't open this app.. -,-",2021-01-02 18:55:19
A Google user,3,"Saya cukup puas dengan aplikasi perpustakaan ini, tapi kenapa kolom pencariannya kadang-kadang tidak berfungsi dengan baik?",2021-01-02 18:06:19
A Google user,3,Tidak bisa menggunakan fungsi search. Mohon diperbaiki,2021-01-02 14:47:16
