final_text,sentimentLabel,stemmed_text
sebagai warga yang dengan dana minim tapi ingin tetap membaca saya mohon sekali agar ada peningkatan di beberapa bagian aplikasi ini karena jujur saya tidak nyaman baca di sini tidak seperti aplikasi lainnya yang sejenis harap developer membaca ini dan menghubungi saya agar keluhan saya tersampaikan,negative,warga dana minim baca mohon tingkat aplikasi jujur tidak nyaman baca tidak aplikasi jenis harap developer baca hubung keluh
hp saya android mendadak sudah tidak bisa digunakan untuk mengakses ipusnas padahal digilib lain masih bisa sedih banget begini amat pengin baca gratis secara legal terkendala device,positive,hp android dadak tidak akses ipusnas digilib sedih banget pengin baca gratis legal kendala device
update terbaru mei alangkah susahnya ya mau baca buku saja selalu verifikasi perangkat gagal susahnya negeri ini menyediakan untuk rakyatnya membaca saja dipersulit nasib nasib,positive,update baru mei alangkah susah ya baca buku verifikasi perangkat gagal susah negeri sedia rakyat baca sulit nasib nasib
cant even log ini,neutral,cant even log
aplikasinya makin lama makin jelek saja dari yang awalny sering ngelag eror enggak bisa minjem enggak bisa dibuka aplikasinya dan sekarang buka aplikasiny harus punya data hahaha lucu ya padahal harusnya pemerintah buat aplikasi baca buku gratis begini biar banyak orang yang tertarik buat baca karena mudah diakses eh sekarang malah dipersulit takut banget apa punya generasi yang suka literasi padahal salah satu kelebihannya bisa dibaca offline karena enggak semua orang punya banyak data internet,negative,aplikasi jelek awalny ngelag eror enggak minjem enggak buka aplikasi buka aplikasiny data hahaha lucu ya perintah aplikasi baca buku gratis biar orang tarik baca mudah akses eh sulit takut banget generasi suka literasi salah lebih baca offline enggak orang data internet
saya akui koleksi bukunya banyak tapi sangat disayangkan ada beberapa bug atau error pada fitur seleksi entah mengapa setelah saya marking beberapa kata langsung error mode seleksi tidak bisa dikembalikan alhasil tidak bisa di scroll entah itu bug atau saya yang tidak paham dengan ui nya,negative,aku koleksi buku sayang bug error fitur seleksi marking langsung error mode seleksi tidak kembali alhasil tidak scroll bug tidak paham ui nya
adanya fitur unduh tuh biar bisa dibaca offline lah ini tiap offline harus unduh ulang bukunya aplikasi stres,negative,fitur unduh tuh biar baca offline offline unduh ulang buku aplikasi stres
dari banyak nya itu engineer di indonesia masa enggak bisa buat aplikasi perpus yang proper saya mau pinjam buku tapi loadingnya enggak selesaiselesaiudah menit bisa lebih lama lagi,negative,nya engineer indonesia enggak aplikasi pus proper pinjam buku loadingnya enggak selesaiselesaiudah menit
lumayan cumak ketika fitur baca text itu bahasa inggris kalau bisa bahasa indonesia saja,negative,lumayan cumak fitur baca text bahasa inggris bahasa indonesia
meminta verifikasi perangkat mulu mengadu ke dm ig enggak direspons,positive,verifikasi perangkat mulu adu dm ig enggak respons
habis update malah enggak bisa log ini,neutral,habis update enggak log
tolong berikan opsi pengaturan tampilan bacaan yang lebih lengkap karena yang sekarang sangat tidak nyaman,negative,tolong opsi atur tampil baca lengkap tidak nyaman
finally bisa install di ereader syukurlah,positive,finally install ereader syukur
overall bagus cuman nih ya cuman setiap kali ada kalimat yang mau distabiloin atau apalah itu namanya kenapa selalu ngelag tolong perbaiki ya terkadang ada kalimat yang menurut aku penting untuk diingat dan niatnya pengin aku tandain kalau terusan begini aku jadi perlahan lost interest sama ipusnas aplikasi ini sudah bagus lho kalian memudahkan kami yang suka membaca dengan membuat aplikasi ini tapi akan lebih bagus lagi jika bug nya diperbaiki terima kasih,neutral,overall bagus cuman nih ya cuman kali kalimat distabiloin apa nama ngelag tolong baik ya terkadang kalimat niat pengin tandain terus perlahan lost interest ipusnas aplikasi bagus lho mudah suka baca aplikasi bagus bug nya baik terima kasih
kenapa buku yang sudah dipinjam tidak langsung terunduh seperti dulu apa harus online sekarang kalo enggak sengaja keluar pasti menunggu di unduh ulang lagi,negative,buku pinjam tidak langsung unduh online kalo enggak sengaja tunggu unduh ulang
terima kasih ipusnas telah menjaga nyala api literasi bagi masyarakat indonesia sukses selalu untuk seluruh tim dibalik layar,neutral,terima kasih ipusnas jaga nyala api literasi masyarakat indonesia sukses tim balik layar
maksudnya verifikasi gagal itu apa jelas saya installnya dari sini kurang asli apa lagi hah berdosa kalian,negative,maksud verifikasi gagal installnya asli hah dosa
the app is really great i really appreciate itu and im really grateful but please fix the problem i cant even read the app says verification failed and you have tapi download from play store wth di you think i downloaded itu from a dark web orang something of course i downloaded itu from play store bruh,negative,app really great really appreciate im really grateful please fix problem cant even read app says verification failed download play store wth think downloaded dark web orang something course downloaded play store bruh
duh error terus diminta pakai aplikasi resmi dari play store dan devicenya enggak boleh dimodifikasi padahal enggak ada masalah sama device dan download juga dari play store tolong perbaikannya supaya semua orang bisa baca,negative,duh error pakai aplikasi resmi play store devicenya enggak modifikasi enggak device download play store tolong baik orang baca
trashhhhh,neutral,trashhhhh
tidak bisa baca muncul pesan gagal verifikasi perangkat padahal kemarin tidak apa apa sudah instal ulang clear cache dll tetap sama saja,negative,tidak baca muncul pesan gagal verifikasi perangkat kemarin tidak instal ulang clear cache dll
aplikasi sampah secara maintenance tapi manfaat nya besar banget astaghfirullah kok bisa enggak niat banget mengasih rakyatnya membaca gratis,positive,aplikasi sampah maintenance manfaat nya banget astaghfirullah enggak niat banget asih rakyat baca gratis
edit sudah berjalan baik kembali lama masih ada beberapa error tapi sudah cukup baik dibandingkan tepat setelah update ke tampilan baru edit sekarang malah tidak bisa dibuka verifikasi perangkat gagal padahal aplikasi dari playstore,negative,edit jalan error banding update tampil edit tidak buka verifikasi perangkat gagal aplikasi playstore
huhuhu bagusan versi yang sebelumnya sekarang buku tidak otomatis tersimpan sth download shg tidak bisa dibaca offline jika salah pencet ketika baca bikin masuk di mode untuk highlight dll tapi enggak bisa bergerak ke halaman berikutnya ketika klik back yang ada balik ke bagian harus download ulang sangat mengganggu kenyamanan membaca semoga bagian itu baca ini dan perbaiki kembalikan ke versi nyaman yang dulu semoga,negative,huhuhu bagus versi buku tidak otomatis simpan sth download shg tidak baca offline salah pencet baca bikin masuk mode highlight dll enggak gerak halaman klik back download ulang ganggu nyaman baca moga baca baik kembali versi nyaman moga
masih ada error di touchpad saat kita tidak sengaja tekan layar tidak ada cara untuk menormalkan kembali harus keluar dari ebook lalu kembali lagi,negative,error touchpad tidak sengaja tekan layar tidak normal ebook
fitur penandanya mengganggu banget waktu scroll better enggak usah deh dikasih fitur ini kalo kepencet di back malah keluar dari bukunya,negative,fitur tanda ganggu banget scroll better enggak deh kasih fitur kalo pencet back buku
layu sebelum berkembang,negative,layu kembang
enggak bisa dibuka pasti keluar sendiri,neutral,enggak buka
buku tidak tersimpan secara offline setiap buka buku harus download ulang tolong perbaiki lagi,negative,buku tidak simpan offline buka buku download ulang tolong baik
susah banget buat pinjem,negative,susah banget pinjem
nas stands for nasional book collections meh,negative,nas stands nasional book collections meh
pakai aplikasinya dari dulu awal kuliah sampai sekarang sudah wisuda enggak ada peningkatan sama sekali tolong bikin supaya bisa cari buku berdasarkan penerbitnya juga dan sistem filternya dibenerin apalagi filter genre kalau perlu ditambah fitur search di filternya karena capek scroll ke bawah bawah ternyata yang dicari genrenya enggak sesuai wowok gara gara lu nih,negative,pakai aplikasi kuliah wisuda enggak tingkat tolong bikin cari buku dasar terbit sistem filter dibenerin filter genre tambah fitur search filter capek scroll cari genre enggak sesuai wowok gara gara nih
tidak bisa buka ebook yang formatnya epub ayo dong ipusnas diperbaiki lagi rating sudah mengerikan begini kasihan tau rakyat indonesia yang gemar baca dan mau meningkatkan literasi jadi kesusahan sudahlah harga buku mahal satusatunya sumber bacaan gratis masih enggak proper juga,positive,tidak buka ebook format epub ayo ipusnas baik rating keri kasihan tau rakyat indonesia gemar baca tingkat literasi susah harga buku mahal satusatunya sumber baca gratis enggak proper
yeay sudah jadi jangan sering error ya ipusnas,negative,yeay error ya ipusnas
aplikasi apaan ini error errorr,negative,aplikasi error errorr
masih suka ngecrash tibatiba logout sendiri tapi koleksinya banyak sok masih bisa ditingkatkan lagi semoga pemerintah enggak menghalangi jalan ya,positive,suka ngecrash tibatiba logout koleksi sok tingkat moga perintah enggak halang jalan ya
versi ngebug gagal download mulu,negative,versi ngebug gagal download mulu
whyy sekarang susah banget aplikasi ini digunakan bahkan untuk login tolong banget diperbaiki aplikasi ini sangat berguna mencerdaskan bangsa kecuali kalian tidak peduli,negative,whyy susah banget aplikasi login tolong banget baik aplikasi guna cerdas bangsa kecuali tidak peduli
sudah lancar,positive,lancar
tolong buat readernya by page karena kalau di tablet capek bacanya kalau scrolling,positive,tolong readernya page tablet capek baca scrolling
tidak bisa untuk pinjam buku error terus,negative,tidak pinjam buku error
terlalu sering error dan error nya tuh konsisten banget kayak error sebulan habis itu bisa dipakai paling lama cuma seminggu,negative,error error nya tuh konsisten banget kayak error bulan habis pakai minggu
admin ini kenapa susah sekali untu minjem dan ketika sudah dipinjem enggak bisa kebuka mungkin bisa tolong diperbaiki sayang sekali kalau seperti ini,neutral,admin susah untu minjem dipinjem enggak buka tolong baik sayang
fitur bookmark masih belum bisa dipakai ternyata sudah dari lama menunggu fitur bookmark soalnya kadang lupa ngetracking hal bacaan di app tracker,positive,fitur bookmark pakai tunggu fitur bookmark kadang lupa ngetracking baca app tracker
sudah bisa login dan pinjam buku sekarang pliss banget pertahanin jangan sering eror,negative,login pinjam buku pliss banget pertahanin eror
kali ini berhasil login tapi malah device verification failed setiap kali minjam diminta menggunakan aplikasi resmi padahal downloadnya di play store giliran berhasil pinjam enggak bisa dibaca karena token validation failed banyak banget errornya ini aplikasi berkali kali rilis info ke kalo deh diatasi dalam hitungan jam ada lagi errornya begitu terus dari tahun kemarin masalah maintenance lah upgrading lah stabilisasi lah versi lama lebih stabil versi sebelum interface nya berubah,positive,kali hasil login device verification failed kali minjam aplikasi resmi downloadnya play store gilir hasil pinjam enggak baca token validation failed banget errornya aplikasi kali kali rilis info kalo deh atas hitung jam errornya kemarin maintenance upgrading stabilisasi versi stabil versi interface nya ubah
saya sudah verifikasi tapi pas mau pinjam belum ter verifikasi dan juga saya di kira pakai aplikasi modifikasi aneh,positive,verifikasi pas pinjam ter verifikasi pakai aplikasi modifikasi aneh
enggak bisa pinjem buku error mulu,negative,enggak pinjem buku error mulu
itu doesnt work,neutral,doesnt work
gagal meminjam buku secara online keterangannya harus install aplikasi resmi melalui playstore padahal install nya langsung dari playstore,negative,gagal pinjam buku online terang install aplikasi resmi playstore install nya langsung playstore
finally after updating many times ini a few years the latest version of this application didnt work anymore i cant borrow the book because my verification was rejected itu notified that device verification was failed i used two accounts and reinstall the apps but still cant fix the problem which device software modification that makes crucial tapi decide verification will be confirmed orang rejected,negative,finally updating many times years latest version application didnt work anymore cant borrow book verification rejected notified device verification failed used two accounts reinstall apps still cant fix problem device software modification makes crucial decide verification confirmed orang rejected
buku tersedia sudah banyak aplikasi sering crash tolong di perbaiki sebisa mungkin agak sedikit terganggu untuk aksesnya,negative,buku sedia aplikasi crash tolong baik bisa ganggu akses
eror maksimal,negative,eror maksimal
malfunction apps,neutral,malfunction apps
lumayan lengkap dan nagus kadang bug stuck loading setelah update terakhir malah enggak bisa login,positive,lumayan lengkap nagus kadang bug stuck loading update enggak login
wah parah banget nih apk erorr terus,negative,parah banget nih apk erorr
hari hari error,negative,error
halo ini kenapa ya tiap berusaha mau log inbahkan coba buat akun baru enggak bisa huhu aku kira device aku yang bermasalah tapi saat coba ganti device sama saja error padahal lagi butuh banget,negative,halo ya usaha log inbahkan coba akun enggak huhu device masalah coba ganti device error butuh banget
tolong dong kakak teknisi ipusnas ini apknya jelek banget enggak bisa dipakai setelah update,negative,tolong kakak teknisi ipusnas apknya jelek banget enggak pakai update
lemott,neutral,lemott
kocak enggak bisa dibuka apk nya padahal jaringannya bagus berandanya loading terus enggak muncul,negative,kocak enggak buka apk nya jaring bagus beranda loading enggak muncul
enggak bisa login,neutral,enggak login
gagal mendaftar baik di hp maupun web,negative,gagal daftar hp web
kapan perbaiki app ini heran,positive,baik app heran
ciri khas app punya pemerintah selalu setengah ada saja hal yang bikin kecewa kalau enggak mau dibilang sampah enggak bisa login lelet fitur enggak lengkap layar blank app logout sendiri dsb,negative,ciri khas app perintah bikin kecewa enggak bilang sampah enggak login lelet fitur enggak lengkap layar blank app logout dsb
i couldnt login please fix the problems,negative,couldnt login please fix problems
error terus kenapa min lagi baca soalnya,negative,error min baca
kemarin sudah enggak error hari ini malah kembali error padahal sudah excited buat baca,negative,kemarin enggak error error excited baca
efek realokasi anggaran ke mbak kah jadi jelek begini,positive,efek realokasi anggar mbak kah jelek
lagi baca terus keluar aplikasi karena harus naruh hp pas masuk lagi malah lag tampilan home kosong enggak bisa dipencet apaapa rak buku kosong ngesearch juga enggak bisa coba hapus data aplikasi otomatis kan ke log out ya yaudah akhirnya log ini lagi dan ya sampai sekarang malah enggak bisa log ini serius sedih loh sudah niatin baca buku nemu buku bagus sudah menyempatkan baca dikit terus pas mau ngelanjutin malah dikasih beginian mau sampai kapan pelayanan aplikasinya enggak bisa dinikmatin kayak begini,negative,baca aplikasi naruh hp pas masuk lag tampil home kosong enggak pencet apaapa rak buku kosong ngesearch enggak coba hapus data aplikasi otomatis log ya yaudah log ya enggak log serius sedih niatin baca buku nemu buku bagus sempat baca dikit pas ngelanjutin kasih layan aplikasi enggak dinikmatin kayak
sering banget error app enggak bisa dibuka padahal internet lancar tolonglah benerin ini,negative,banget error app enggak buka internet lancar tolong benerin
i dont know how they developed this app i prefer the previous version which is simple but smooth this version makes me uncomfortable every time i open this app i have tapi log ini first and itu takes quite a long time tapi load,neutral,dont know developed app prefer previous version simple smooth version makes uncomfortable every time open app log first takes quite long time load
sudah ada perbaikan dari perbaruan versi lebih stabil dari sebelumnya namun masih ada kekurangan yaitu harus download lagi meskipun sudah dipinjam dan dibaca tampilan lebih lengkap dan kemudahan meminjam dan mengembalikan,positive,baik baru versi stabil kurang download pinjam baca tampil lengkap mudah pinjam kembali
tidak bisa dibuka di tab,negative,tidak buka tab
akhirnya bisa baca setelah sekian lama selalu error tolong menu mode baca dibuat menu tersendiri karena tiap salah tap mode baca berubah dari scroll ke slide menu highlight text dll juga mohon dibuat menu tersendiri,negative,baca sekian error tolong menu mode baca menu sendiri salah tap mode baca ubah scroll slide menu highlight text dll mohon menu sendiri
terima kasih ipusnas sudah mendengarkan komplain dan kritik masyarakat sekarang sistem aplikasinya sudah lebih baik dan mudah digunakan lagi untuk meminjam maupun membaca buku,negative,terima kasih ipusnas dengar komplain kritik masyarakat sistem aplikasi mudah pinjam baca buku
sering banget ngebug enggak bisa baca buku yang dipinjam and di website juga sama errornya kenapa aplikasi pemerintah kalah sama swasta terus sih,negative,banget ngebug enggak baca buku pinjam website errornya aplikasi perintah kalah swasta sih
terima kasih tim ipusnas yang sudah memperbaiki aplikasinya bersyukur banget ada app sebagus ini dengan koleksi buku yang sangat lengkap dan bagus semoga selalu amanah,positive,terima kasih tim ipusnas baik aplikasi syukur banget app bagus koleksi buku lengkap bagus moga amanah
akhirnya benar lagi meski menunggu bulan lebih terima kasih yang sudah memperbaiki appnya please jangan dibiarkan lama lagi kalau appnya crash,negative,tunggu terima kasih baik appnya please biar appnya crash
terima kasih sudah tidak error setelah update,negative,terima kasih tidak error update
yes i can borrow books yes i can read itu but theres a one day limit for borrowing books efficiency efficiency efficiency etc hell nawh,positive,yes borrow books yes read theres one day limit borrowing books efficiency efficiency efficiency etc hell nawh
tidak stabil,negative,tidak stabil
sering banget tiba tiba log out sendiri nanti pas dimasuki akunnya lagi malah kesalahan data tolong diperbaiki lagi dong masa saya baru saja download bukunya tiba tiba keluar sendiri dari apknya sering banget begitu baru download keluar dari apknya baru buka saja langsung keluar dari apknya parahnya lagi tuh sering log out sendiri dan kalo mau log ini lagi terus tulisan nya kesalahan data kalo enggak server sedang sibuk,negative,banget log pas masuk akun salah data tolong baik download buku apknya banget download apknya buka langsung apknya parah tuh log kalo log tulis nya salah data kalo enggak server sibuk
the app doesnt work on my huawei tab even though the internet connection is fine,positive,app doesnt work huawei tab even though internet connection fine
tidak bisa menyimpan buku di peminjaman anggaran ipusnas buat perbaikan server biar masyarakat bisa mengakses dan baca buku sepuasnya sebaliknya anggaran jangan dikurangin buat mbak pls thx,positive,tidak simpan buku pinjam anggar ipusnas baik server biar masyarakat akses baca buku puas anggar rangin mbak pls thx
ini aplikasi cemerlang hanya saja sekarang ada bug nya sudah beberapa bulan ini saya tidak bisa meminjam bukunya karena ada masalah teknis mohon tim ipusnas segera memperbaiki,negative,aplikasi cemerlang bug nya tidak pinjam buku teknis mohon tim ipusnas baik
thx for fixing the bug sekarang sudah bisa pinjam buku lagi aku suka koleksi bukumu banyak banget,positive,thx fixing bug pinjam buku suka koleksi buku banget
aplikasi sudah bisa login kutipan berfungsi dengan baik terimakasih perpustakaan nasional,positive,aplikasi login kutip fungsi terimakasih pustaka nasional
sudah bagus sih aplikasinya tapi saranku ya ditambahin jumlah copyannya masa cuman saja per buku sedangkan rakyat indonesia saja juta mana lama banget lagi ngantrinya kalau mau minjem buku,neutral,bagus sih aplikasi saran ya ditambahin copyannya cuman buku rakyat indonesia juta banget ngantrinya minjem buku
ipusnas dan elib lainnya sekarang sudah pada enggak bisa dipakai sama sekali sebagai pengguna dari tahun jujur rasanya sedih kecewa banget btw tementemen kalau ada yang mau minjem buku gratis mending ke ijakarta saja di sana aplikasinya masih bisa diakses dan koleksi bukunya juga banyak,positive,ipusnas elib enggak pakai guna jujur sedih kecewa banget tementemen minjem buku gratis mending ijakarta aplikasi akses koleksi buku
aplikasinya sudah bisa dibuka bukunya sudah bisa didownload terimakasih atas perbaikannya,positive,aplikasi buka buku didownload terimakasih baik
thanks for the fix on the book system,positive,thanks fix book system
ini aplikasi bagus banget bintang lima karena sudah nyediain elib ini cuman tolonglah jangan sering maintenance error mulu perasaan,negative,aplikasi bagus banget bintang nyediain elib cuman tolong maintenance error mulu asa
mohon kembalikan fungsi pengunduhan buku sekali saat pertama kali dipinjam setiap kali keluar ereader dan harus download ulang itu agak menyebalkan ditambah lagi fitur text selection highlight atau kutipnya menyebalkan enggak bisa di nonaktifkan dengan sekali tap dilayar harus tekan tombol kembali baru bisa nonaktif setelah tekan tombol kembali malah keluar dari ereader dan harus download ulang lagi pengalaman bacanya jadi enggak enak,positive,mohon kembali fungsi unduh buku kali pinjam kali ereader download ulang sebal tambah fitur text selection highlight kutip sebal enggak nonaktif tap layar tekan tombol nonaktif tekan tombol ereader download ulang alam baca enggak enak
saatnya uninstall kayaknye kena efisiensi juga nih aplikasj error enggak dibenerin bye,negative,uninstall kayaknye kena efisiensi nih aplikasj error enggak dibenerin bye
saya tidak dapat meminjam buku apapun katanya ada kesalahan data,negative,tidak pinjam buku apa salah data
error mulu enggak bisa pinjam buku,negative,error mulu enggak pinjam buku
sekarang bisa dibuka tapi tidak bisa pinjam buku ada tulisan gagal mengirim data,negative,buka tidak pinjam buku tulis gagal kirim data
belum bisa minjam buku juga sudah beberapa bulan menunggu,negative,minjam buku tunggu
ini apk juga kena efisiensi kah,negative,apk kena efisiensi kah
too much error,negative,much error
sudah berbulanbulan tidak bisa diakses,negative,berbulanbulan tidak akses
kokk gabisaa sih trouble muluu nih dari tadiikenapayaa perasaan dulu enggak kayak begini,negative,kokk gabisaa sih trouble muluu nih tadiikenapayaa asa enggak kayak
maret sepertinya rakyat dilarang pintar oktober gila sudah berapa bulan ini enggak juga di benerin bugnya setelah update versi terbaru jadi tidak bisa buka buku yang dipinjam selalu force close saat coba baca buku apapun,negative,maret rakyat larang pintar oktober gila enggak benerin bugnya update versi baru tidak buka buku pinjam force close coba baca buku apa
cant borrow books,neutral,cant borrow books
bisa log ini tapi tetap enggak bisa pinjem buku dan baca offline,positive,log enggak pinjem buku baca offline
everytime i wanna borrow a book which there are still many copies of itu itu is notified that theres a problem with the data really hope this problem will be fixed soon,negative,everytime wan na borrow book still many copies notified theres problem data really hope problem fixed soon
sudah sebulan lebih mau pinjam buku enggak bisa notifnya ada masalah saat mengirim data enggak ada perbaikan sampai sekarang,neutral,bulan pinjam buku enggak notifnya kirim data enggak baik
error terus pas pinjam,negative,error pas pinjam
tidak bisa meminjam buku atau mengunduh,negative,tidak pinjam buku unduh
overall bagus cuma sepertinya ada masalah terkait dengan databasenya semoga cepat diselesaikan karena banyak teman teman yang ingin meminjam buku namun datanya tidak dapat diakses,negative,overall bagus kait databasenya moga cepat selesai teman teman pinjam buku data tidak akses
this application should be a very useful application for many people making itu easier tapi access reading and searching for lecture materials orang the like but itu is very disappointment that this application always has problems with logging ini orang the book borrowing process hopefully there will be a fix soon,neutral,application useful application many people making easier access reading searching lecture materials orang like disappointment application always problems logging orang book borrowing process hopefully fix soon
sudah bulan lebih enggak bisa pinjam buku selalu disuruh coba lagi nanti,negative,enggak pinjam buku suruh coba
gangguan terus sudah berapa bulan ini enggak bisa pinjam buku buat baca ada solusi,positive,ganggu enggak pinjam buku baca solusi
eh enggak bisa minjem buku karena data eror bagaimana deh fix itu pls,negative,eh enggak minjem buku data eror deh fix pls
cant even borrow books cant even read cant di anything rip,negative,cant even borrow books cant even read cant anything rip
i used tapi love this app sok much the book collection is great and itu made reading very easy i even recommended itu tapi my students because this app really helped us read more without having tapi buy books but for the pasti two years especially after the updates the app often has errors and sometimes the books cant be borrowed at all i hope the developers can fix this soon because ini my very humble opinion ipusnas is such a really great platform for reading and learning,positive,used love app sok much book collection great made reading easy even recommended students app really helped us read without buy books two years especially updates app often errors sometimes books cant borrowed hope developers fix soon humble opinion ipusnas really great platform reading learning
ada masalah saat mengirim data silakan coba lagi nanti begitu katanya kak kalo saya klik pinjam terimakasih,positive,kirim data sila coba kak kalo klik pinjam terimakasih
enggak bisa minjem buku aplikasinya mersamalah mulu tiap kali mau pinjem tulissannya terjadi kesalahan saat pengiriman data pinjam di waktu lainnya tapi masalahnya sudah dadi beberapa hari yang lalu sampai sekarang belum bisa minjem coba minjem buku di perangkat lainnga juga enggak bisa nih app,negative,enggak minjem buku aplikasi mersamalah mulu kali pinjem tulissannya salah kirim data pinjam dadi minjem coba minjem buku perangkat lainnga enggak nih app
ini bagaimana ya aku suka aplikasinya karena hampir semua buku yang kucari ada tapi setiap mau pinjam buku selalu enggak bisa tulisannya ada masalah saat mengirim data meminta tolong difix secepatnya dong kak butuh banget buku di dalam sini,negative,ya suka aplikasi buku cari pinjam buku enggak tulis kirim data tolong difix cepat kak butuh banget buku
sangat disayangkan pihak mengembang sepertinya tidak punya cukup dana untuk mengelola aplikasi ini,negative,sayang kembang tidak dana kelola aplikasi
menawarkan banyak buku untuk dipinjam dan gratis tapi kenapa pada saat klik pinjam muncul peringatan ada masalah saat mengirim data,negative,tawar buku pinjam gratis klik pinjam muncul ingat kirim data
konten aplikasi bagus tapi bug terus yuk bisa yuk maintenance,positive,konten aplikasi bagus bug yuk yuk maintenance
whats the problem with this app i cant even borrow anything how can i read the collection then,negative,whats problem app cant even borrow anything read collection
kenapa enggak bisa pinjam buku ya eror terus,neutral,enggak pinjam buku ya eror
buku tidak bisa dipinjam,negative,buku tidak pinjam
maintenance hampir bulan sejak awal tahun sungguh mengerikan sebuah kemunduran peradaban jika benar ini terjadi karena efisiensi anggaran perpustakaan sebuah negara,positive,maintenance sungguh keri mundur adab efisiensi anggar pustaka negara
mau dibenerin kapan tolong kasih kepastian kalo mau ditiadakan juga tolong diumumkan jangan ngegantung begini,positive,dibenerin tolong kasih pasti kalo tiada tolong umum ngegantung
buku tidak bisa diakses,negative,buku tidak akses
kok sudah enggak bisa minjem buku lagi sihhhhh,neutral,enggak minjem buku sihhhhh
tidak bisa meminjam buku ada masalah saat mengirim data silakan coba lagi nanti sampai kapan nantinya,negative,tidak pinjam buku kirim data sila coba
enggak bisa pinjem buku dananya habis buat mbak kah bagaimana mau mencerdaskan kehidupan bangsa jika maintenance ini sudah terlalu lama menurut saya baru kali ini saya sangat kecewa dengan sebuah aplikasi apakah pemerintah sungguh tidak peduli kepada rakyatnya jika memang tidak bisa menyediakan bahan baca publik secara fisik minimal secara virtual sekarang juga yang virtual tidak bisa digunakan,negative,enggak pinjem buku dana habis mbak kah cerdas hidup bangsa maintenance kali kecewa aplikasi perintah sungguh tidak peduli rakyat tidak sedia bahan baca publik fisik minimal virtual virtual tidak
tolong dong sudah hampir sebulanan lebih kok masih error ya padahal sudah di update saya ingin meminjam buku untuk tugas jadi susah tolong segera diperbaiki saya butuh sekali,negative,tolong bulan error ya update pinjam buku tugas susah tolong baik butuh
tidak bisa pinjam buku error mulu,negative,tidak pinjam buku error mulu
semoga anggaran kalian tidak dipotong lagi bahkan ditambah dan aplikasi ini bisa diakses lagi salam literasi,negative,moga anggar tidak potong tambah aplikasi akses salam literasi
enggak banget error terus padahal lagi skripsian butuh ipusnas buat cari referensi tapi malah enggak bisa digunain sudah sebulanan tolong lah,negative,enggak banget error skripsi butuh ipusnas cari referensi enggak digunain bulan tolong
ini apakah masih bisa dipakai aplikasinya saya selalu dapat pesan ada masalah saat mengirimkan data silakan coba lagi nanti setiap klik tombol pinjam buku jika ada yang punya solusinya mohon dibagi ya guys,negative,pakai aplikasi pesan kirim data sila coba klik tombol pinjam buku solusi mohon bagi ya guys
uninstalled comeback next quarter sejak bulan januari peminjaman buku kendala kini bulan feb pun belum berfungsi tombol pinjam dan pesan kendala ada masalah dalam mengirimkan data coba lagi beberapa saat,negative,uninstalled comeback next quarter januari pinjam buku kendala feb fungsi tombol pinjam pesan kendala kirim data coba
halosampai hari ini saya masih mengalami kendala saat meminjam buku sudah mencoba menghuhungi via email namun juga belum ada tanggapannya mohon info dan solusinya terimakasih,positive,halosampai alami kendala pinjam buku coba menghuhungi via email tanggap mohon info solusi terimakasih
cant tapi use,neutral,cant use
error mulu mau minjam enggak bisa terus,negative,error mulu minjam enggak
sudah berhari hari enggak bisa pinjam buku selalu muncul ada masalah saat mengirim data silakan coba lagi,negative,hari enggak pinjam buku muncul kirim data sila coba
apaan error bae,negative,error bae
aplikasinya enggak bisa dipakai error enggak bisa klik pinjam ada masalah dalam kirim data coba lagi begitu terus,negative,aplikasi enggak pakai error enggak klik pinjam kirim data coba
aplikasi enggak bisa di pakaipadahal seharusnya bagustapi kendala nya ada terus jelek bangettttolong di perbaiki,negative,aplikasi enggak pakaipadahal bagustapi kendala nya jelek bangettttolong baik
perbaiki bug issue apps tidak bisa meminjam buku sama sekali,negative,baik bug issue apps tidak pinjam buku
enggak bisa pinjam tulisannya ada masalah saat mengirim data sudah diuninstall masih trouble sudah pakai hp tablet biji sudah ganti akun sama saja kalo sudah bisa pinjam buku n baca nanti ku ubah ratingnya tolong diperbaiki secepatnya,positive,enggak pinjam tulis kirim data diuninstall trouble pakai hp tablet biji ganti akun kalo pinjam buku n baca ku ubah ratingnya tolong baik cepat
error melulu,negative,error melulu
cant borrow some book,neutral,cant borrow book
i dont know whats wrong with the app i cant borrow the book even though its available theres always info that says cant contain the data etc itu seems like a bug only for mine i have tried tapi move tapi the pc install and uninstall many times but itu doesnt work if theres a way tapi solve the problem orang how tapi contact the one who can help me please let me know asap i really appreciate the help for maintenance this is actually a good app please memakai itu easy how tapi use this app,negative,dont know whats wrong app cant borrow book even though available theres always info says cant contain data etc seems like bug mine tried move pc install uninstall many times doesnt work theres way solve problem orang contact one help please let know asap really appreciate help maintenance actually good app please pakai easy use app
aplikasi sering error enggak bisa pinjem buku enggak niat membudayakan membaca memang,negative,aplikasi error enggak pinjem buku enggak niat budaya baca
mbak,neutral,mbak
eror terus,negative,eror
cant borrow books,neutral,cant borrow books
waktu mau pinjam bermasqlah mulu,positive,pinjam bermasqlah mulu
kenapa ya error terus padahal kan aku pengin baca tolong ya,positive,ya error pengin baca tolong ya
error mulu ya garagara anggarannya dipotong masa maintenance apk sampai dua bulan lebih,positive,error mulu ya garagara anggar potong maintenance apk
lama banget perbaikannya kapan bisa diakses lagi,positive,banget baik akses
aplikasi yang sangat bagus menemaniku sejak zaman covid sayang sekali sekarang tidak bisa download buku lagi seperti sedang ada masalah di sistemnya semoga segera diperbaiki,negative,aplikasi bagus teman zaman covid sayang tidak download buku sistem moga baik
error terus ada masalah saat memgirim data silakan coba beberapa saat lagi,negative,error memgirim data sila coba
jelek,negative,jelek
kenapa lama sekali errornya di aku enggak bisa pinjam buku padahal sudah senang banget ada banyak buku yang aku belum punya fisiknya jadi bisa tetap baca mau pinjam eh enggak bisa terus ini harus diapakan supaya bisa di yang lain bisa tapi di aku enggak bisa sebagian orang bisa tapi yang lain enggak bisa pinjam tolong yang benar ya indonesia ini buku untuk mencerdaskan bangsa yang masuk tujuan negara ada di dasar negara loh weh,positive,errornya enggak pinjam buku senang banget buku fisik baca pinjam eh enggak apa enggak orang enggak pinjam tolong ya indonesia buku cerdas bangsa masuk tuju negara dasar negara weh
tidak bisa pinjam buku dicoba gagal terus padahal stok masih banyak,negative,tidak pinjam buku coba gagal stok
woiii ini bagaimana sih error terus dah,negative,woiii sih error dah
error terus bukunya tersedia tapi enggak bisa dipinjam,negative,error buku sedia enggak pinjam
kenapaaa enggak bisa di pakai sudah berbulan,negative,kenapaaa enggak pakai bulan
tidak bisa digunakan,negative,tidak
dear ipusnas please adanya aplikasi ini kan sebetulnya sangat membantu bagi sebagian orang termasuk saya untuk mengakses bacaan yang bagus secara digital koleksi dari ipusnas juga beragam dan bagusbagus tapi akan jadi percuma kalau aplikasinya selalu bermasalah setiap bukunya mau dipinjam sudah dicoba berkalikali eror terus uninstall juga enggak berpengaruh apapun review tentang masalah ini juga enggak cuma saja tolong segera perbaiki bug aplikasinya thx,negative,dear ipusnas please aplikasi bantu orang akses baca bagus digital koleksi ipusnas agam bagusbagus aplikasi masalah buku pinjam coba berkalikali eror uninstall enggak pengaruh apa review enggak tolong baik bug aplikasi thx
kecewa berat sama ipusnas hampir bulan aplikasi error terus menerus sampai sekarang belum ada info kepastian kapan akan bisa kembali normal tidak adanya kabar lebih lanjut menambah spekulasi dari pembaca setia ipusnas katanya pemeliharaan peningkatan keamanan tapi perlukah selama itu memangnya apa yang dipelihara kalau ujungujungnya nanti juga error lagi harusnya ipusnas memberikan solusi lain dan ikut tampil dalam menenangkan pembaca setia iphsnas,negative,kecewa berat ipusnas aplikasi error terus info pasti normal tidak kabar tambah spekulasi baca setia ipusnas pelihara tingkat aman memang pelihara ujungujungnya error ipusnas solusi tampil tenang baca setia iphsnas
kok sampai sekarang masih belum bisa dwonload buku ya ada masalah saat mengirim data selalu begitu mohon dibantu,positive,dwonload buku ya kirim data mohon bantu
makin diupdate makin enggak bisa dipakai enggak bisa pinjam buku sama sekali deh lah hapus saja,negative,diupdate enggak pakai enggak pinjam buku deh hapus
kenapa ya ketika mau meminjam ada keterangan error sudah dari awal tahun seperti ini tolong diperbaiki lagi ya sayang banget kalau error terus,positive,ya pinjam terang error tolong baik ya sayang banget error
dulu aku bilang keren tapi sekarang banyak banget gangguan tolong dong min inikan fasilitas untuk mencerdaskan bangsa tolong dikelola dengan cerdas juga,negative,bilang keren banget ganggu tolong min ini fasilitas cerdas bangsa tolong kelola cerdas
enggak bisa pinjem buku kecewa banget,positive,enggak pinjem buku kecewa banget
gjls eror mulu,negative,gjls eror mulu
belakangan selalu enggak bisa pinjam buku ada masalah saat pengiriman data coba lagi nanti selalu begitu tolong diperbaiki,positive,enggak pinjam buku kirim data coba tolong baik
setiap mau pinjam buku selalu ada masalah saat mengirim data silakan coba lagi nanti sampai kapan,negative,pinjam buku kirim data sila coba
saya mengasih bintang untuk ipusnas tahun sekarang maaf ya saya kasih bintang sejak update model saya uninstal dan beberapa kali pakai sangat mengesalkan enggak kayak dulu mau pinjam buku di pc malah suruh instal di hp baca di hp itu melelahkan,positive,asih bintang ipusnas maaf ya kasih bintang update model uninstal kali pakai kesal enggak kayak pinjam buku pc suruh instal hp baca hp lelah
bukunya lumayan lengkap tapi kok aku enggak bisa pinjam buku malah dikasih notif ada kesalahan saat mengirim data silakan coba lagi nanti help aplikasi kebanyakan bug,negative,buku lumayan lengkap enggak pinjam buku kasih notif salah kirim data sila coba help aplikasi banyak bug
sudah hari an ini buku enggak bisa dipinjam,neutral,buku enggak pinjam
how poor this app itu often error please fix itu,negative,poor app often error please fix
seriusan ada update terakhir kok enggak ada perbaikan sama sekali ya pinjam buku masih ada masalaheror atau apa lah,positive,serius update enggak baik ya pinjam buku masalaheror
eror mulu bagaimana sih mau baca enggak bisa padahal copy nya masih banyak tetap saja enggak bisa di pinjem,negative,eror mulu sih baca enggak copy nya enggak pinjem
ini app nya kenapa sih susah banget mau pinjem buku sudah coba ganti email dan instal ulang juga tetap sama saja please lah,negative,app nya sih susah banget pinjem buku coba ganti email instal ulang please
what is wrong with this app i really enjoy reading books with this app i dont know if its an error but the page just keeps loading even though my signal internet is good,positive,wrong app really enjoy reading books app dont know error page keeps loading even though signal internet good
jelek banget enggak bisa diapakan,negative,jelek banget enggak apa
sudah hampir bulan enggak bisa dipakai pengin baca jadi kehambat,negative,enggak pakai pengin baca hambat
jelek error mulu,negative,jelek error mulu
tolong diperbaiki enggak bisa pinjem buku eror enggak jelas,negative,tolong baik enggak pinjem buku eror enggak
busuk ngehamburin duit negara apps enggak bisa dipakai,negative,busuk ngehamburin duit negara apps enggak pakai
coba tingkatkan,positive,coba tingkat
tolong diperbaiki dong aplikasinya baru bisa login hari ini tapi enggak ada satupun buku yang bisa dipinjam,positive,tolong baik aplikasi login enggak satu buku pinjam
tolong perbaiki bugs nya dong enggak bisa minjem sudah setahun lebih nih,positive,tolong baik bugs nya enggak minjem tahun nih
for several months we can not borrow books ini this app please fix itu,negative,several months borrow books app please fix
tidak bisa buat pinjam buku aneh,negative,tidak pinjam buku aneh
rawan error memang aplikasi beginian bukan prioritas pemerintah aplikasi sejenis dari pemerintah juga sama saja,negative,rawan error aplikasi bukan prioritas perintah aplikasi jenis perintah
tolong dong buat admin aplikasinya lebih diperhatiin masa tiap mau pinjam buku selalu enggak bisa tolong banget dong admin diperbaiki dan ditingkatin lagi aplikasinya,negative,tolong admin aplikasi diperhatiin pinjam buku enggak tolong banget admin baik ditingkatin aplikasi
yaampun hancur sehancurnya negara ini sekelas pengelolaan aplikasi perpus nasional saja amburadul kuno banyak problem,negative,yaampun hancur hancur negara kelas kelola aplikasi pus nasional amburadul kuno problem
ini tiap hari enggak bisa buka buku gagal mengirim data melulu kasihan yang mau baca seindonesia gara gara server eror,negative,enggak buka buku gagal kirim data melulu kasihan baca indonesia gara gara server eror
kok sekarang loadingnya lama ya terus akunnya keluar sendiri kalau mau masuk juga lelet banget kok enggak bisa diunduh bukunya,positive,loadingnya ya akun masuk lelet banget enggak unduh buku
mau kapan diperbaikinya bang kagak bisa pinjam sama sekali hisssh sudah kutunggui dari neolitikum ini cmon,negative,baik bang kagak pinjam hisssh tunggu neolitikum cmon
apa yang terjadi jumlah copy yang tersedia memadai tapi ada masalah saat hendak meminjam masalah ini saya alami hampir bulan,negative,copy sedia pada pinjam alami
eror nya enggak sembuh sembuh heran,positive,eror nya enggak sembuh sembuh heran
cant even open this app since wowo became president tf,negative,cant even open app since wowo became president tf
tidak bisa pinjam buku padahal digital tanggal download atau buka mengapai pinjam pinjam,negative,tidak pinjam buku digital tanggal download buka kapai pinjam pinjam
error mulu enggak bisa pinjam buku sama sekali,negative,error mulu enggak pinjam buku
ya allah ratingnya turun sampai segini please balikin kayak versi awal saja yang penting kan supaya masyarakat bisa baca buku tolong diperbaiki error terus enggak bisa pinjam buku,positive,ya allah ratingnya turun gin please balikin kayak versi masyarakat baca buku tolong baik error enggak pinjam buku
kapan bugnya dibenerin min,neutral,bugnya dibenerin min
ini kenapa minjem buku error terus solusinya bagaimana,negative,minjem buku error solusi
error mulu,negative,error mulu
aplikasinya bagus dan sangat membantu masyarakat untuk dapat mengakses lebih banyak literatur tapi sangat disayangkan sering sekali error bahkan sudah bulan terakhir ini beberapa kali gangguan awalnya tidak bisa login setelah bisa login malah tidak bisa pinjam buku,negative,aplikasi bagus bantu masyarakat akses literatur sayang error kali ganggu tidak login login tidak pinjam buku
saat menekan tombol pinjam di aplikasi muncul keterangan ada masalah saat mengirim data coba lagi nanti ini terjadi setiap saya akses aplikasi,negative,tekan tombol pinjam aplikasi muncul terang kirim data coba akses aplikasi
aplikasi yang lebih banyak errornya dibanding kegunaannya its our tax money,negative,aplikasi errornya banding guna tax money
error mulu bukan prioritas pemerintah sih ya,negative,error mulu bukan prioritas perintah sih ya
the app isnt working properly on my xiaomi pad every time i try tapi borrow a book itu says there was a problem sending the data try again later even though my internet connection is fine,negative,app isnt working properly xiaomi pad every time try borrow book says problem sending data try later even though internet connection fine
sebetulnya banyak banget kemajuan yang ada di ipusnas ini kayak koleksi buku makin komplit jumlah copy makin banyak dan waktu pinjam lebih panjang tapi sayang banget setelah update beberapa kali malah jadi enggak bisa pinjem buku kayak error saat mengirim data begitu mulu masalahnya jadi buat apa koleksian yang bagus itu tapi enggak bisa dibaca,negative,banget maju ipusnas kayak koleksi buku komplit copy pinjam sayang banget update kali enggak pinjem buku kayak error kirim data mulu koleksi bagus enggak baca
apakah ada aplikasi ipusnas terbaru peminjaman buku selalu terkendala proses data terlebih lagi seluruh aplikasi tidak bisa menampilkan gambar secara utuh semenjak ganti device di akun ipusnas tidak dapat digunakan seperti sebelumnya sudah lepas pasang install tetap tidak bisa bagaimana,negative,aplikasi ipusnas baru pinjam buku kendala proses data aplikasi tidak tampil gambar utuh semenjak ganti device akun ipusnas tidak lepas pasang install tidak
tidak bisa pinjam buku,negative,tidak pinjam buku
sudah dua bulan ini gangguan baik cuma sehari setelah itu error selalu saat ini tidak bisa dipinjam mohon untuk ditindak lanjuti saya perhatikan komentar keluhan para anggota pustaka juga diabaikan sehingga terkesan ipunas memang tidak diprioritaskan,negative,ganggu hari error tidak pinjam mohon tindak lanjut perhati komentar keluh anggota pustaka abai kes ipunas tidak prioritas
sedih banget perpustakaan nasional kena efisiensi dan mungkin alesan ipusnas sampai sekarang error ya karena itu enggak ada buku yang bisa dibaca sampai sekarang,negative,sedih banget pustaka nasional kena efisiensi alesan ipusnas error ya enggak buku baca
enggak bisa pinjam buku katanya error,negative,enggak pinjam buku error
yang dikelola pemerintah memang pasti jelek sih,negative,kelola perintah jelek sih
sedih banget sudah sebulan enggak bisa download buku selalu ada error message ada masalah dalam pengiriman data sudah email ke developer tapi enggak di respon jadi ratingnya lebih karena kecewa enggak ada respon semoga dengan review bisa ditanggapi,negative,sedih banget bulan enggak download buku error message kirim data email developer enggak respon ratingnya kecewa enggak respon moga review tanggap
error saat pinjam buku,negative,error pinjam buku
sumpah lama amattt di perbaikinya enggak nyangkaaaa bermasalah mulu,negative,sumpah amattt baik enggak nyangkaaaa masalah mulu
sering sekali muncul error java file download error atau loading lambat,negative,muncul error java file download error loading lambat
enggak mau mbak maunya buku gratis,positive,enggak mbak mau buku gratis
sudah lebih bulan tidak bisa pinjam buku di aplikasi ipusnas alasannya ada kesalahan pemindahan data terus tolong ini bagaimana solusinya dari pengembang aplikasi ini,negative,tidak pinjam buku aplikasi ipusnas alas salah pindah data tolong solusi kembang aplikasi
mau sampai kapan error enggak bisa dipinjem trss niat enggak sih mengasih fasilitas ini,negative,error enggak dipinjem trss niat enggak sih asih fasilitas
saya buka aplikasinya mau minjem buku tapi kok enggak bisa ya feedbacknya selalu ada kesalahan saat mengirim data padahal lagi butuh buku banget,negative,buka aplikasi minjem buku enggak ya feedbacknya salah kirim data butuh buku banget
setiap kali saya klik pinjam keterangan nya selalu sama ada masalah saat mengirim data coba lagi nanti dari pertama kali download app nya,negative,kali klik pinjam terang nya kirim data coba kali download app nya
kok enggak bisa dipinjam lagi ya sudah saya coba uninstall dan insta ulang tetap saja begitu terus ada masalah saat mengirim data silakan coba lagi nanti begitu terus saat tekan tombol pinjam padahal copian bukunya banyak ada yang mengalami masalah yang sama atau cuma saya saja nih terima kasih,neutral,enggak pinjam ya coba uninstall insta ulang kirim data sila coba tekan tombol pinjam copian buku alami nih terima kasih
fix itu asap whats the point with this app if we cant borrow the book,neutral,fix asap whats point app cant borrow book
benerin woi sudah berhari hari eror ini,negative,benerin woi hari eror
kenapa tidak bisa dipinjam seperti sebelumsebelumnya sayang sekali padahal ini app yang sangat membantu meningkatkan akses ke bacaan gratis,positive,tidak pinjam sebelumsebelumnya sayang app bantu tingkat akses baca gratis
crashed terus internal error enggak bisa pinjem buku dan bingung lapor kemana padahal koleksinya bagus dsn interface sudah upgraded dari yang awal,negative,crashed internal error enggak pinjem buku bingung lapor mana koleksi bagus dsn interface upgraded
data server sering error provider nya enggak update kayak nya nih,negative,data server error provider nya enggak update kayak nya nih
mau pinjam ebook gagal terus,negative,pinjam ebook gagal
after update this app does not work for xiaomi pad,neutral,update app work xiaomi pad
its been a few weeks please repair the error,negative,weeks please repair error
always error,negative,always error
tidak bisa meminjam buku tolong diperbaiki,negative,tidak pinjam buku tolong baik
sedih banget aplikasinya sebenarnya bagus mulai suka baca lagi karena bisa pinjem disini tapi sayang banget suka error dan entah kapan betul nya semoga bisa lebih bagus lagi aplikasinya enggak ada error lagi,negative,sedih banget aplikasi bagus suka baca pinjem sayang banget suka error nya moga bagus aplikasi enggak error
kemarin bisa saja tuh dipakai minjem bukunya bisa eh malah enggak bisa padahal nemu buku bagus,negative,kemarin tuh pakai minjem buku eh enggak nemu buku bagus
just uninstalled itu because i cant even borrow a book selalu tulisannya data error try again later atau apalah dari awal install sudah ditunggu sampai minggu tetap enggak bisa pinjam buku sampai hari ini tolong diperbaiki sistemnya agar bisa dipakai masyarakat indonesia yang tidak bisa akses perpusnas karena berada di daerah luar jakarta,negative,uninstalled cant even borrow book tulis data error try later apa install tunggu minggu enggak pinjam buku tolong baik sistem pakai masyarakat indonesia tidak akses perpusnas daerah jakarta
selalu susah kalo mau pinjem buku,negative,susah kalo pinjem buku
sudah bulan aplikasi mengaco enggak bakal dibenerin guys anggarannya habis disedot mbak,neutral,aplikasi aco enggak dibenerin guys anggar habis sedot mbak
tidak bisa meminjam buku selalu ada tulisan error setelah klik pinjam buku tolong diperbaiki dong,negative,tidak pinjam buku tulis error klik pinjam buku tolong baik
masih eror belum bisa minjem buku,negative,eror minjem buku
aplikasinya bagus karena punya beragam buku yang bisa dibaca hanya saja akhirakhir ini tidak dapat dipinjam tolong segera diperbaiki,negative,aplikasi bagus agam buku baca akhirakhir tidak pinjam tolong baik
theres always an error whenever im trying tapi borrow a book,negative,theres always error whenever im trying borrow book
capek banget ipusnas sebulan lebih problem mohon percepat untuk pembenahan sistem,negative,capek banget ipusnas bulan problem mohon cepat benah sistem
setiap mau pinjam buku malah muncul keterangan ada masalah saat mengirim data,negative,pinjam buku muncul terang kirim data
app sering error dan bermasalah saat sedang meminjam buku,negative,app error masalah pinjam buku
cant even read one baca of the error,negative,cant even read one baca error
dipakai sekali doang abistu gangguan tolonglah kalo kasih program biar rakyatnya baca dipermudahlah ini gangguan mulu,negative,pakai doang abistu ganggu tolong kalo kasih program biar rakyat baca mudah ganggu mulu
aplikasinya bermasalah terus sudah bulan lebih enggak bisa baca buku online karena bermasalah terus saat mau minjam bukunya,negative,aplikasi masalah enggak baca buku online masalah minjam buku
enggak bisa dibuka lloading terus sudah hari ini piye tapi iki ipusnas error mulu enggak bisa dipinjam lagi bukunya sudah minggu lebih begini terus,negative,enggak buka lloading piye iki ipusnas error mulu enggak pinjam buku minggu
ini kenapa kalau pinjam buku keluar nya ada masalah pada pengiriman data mulu admin tolong bug nya diperbaikin dong tq,positive,pinjam buku nya kirim data mulu admin tolong bug nya diperbaikin tq
tidak bisa berfungsi sama sekali not useable at all setiap mau memakai app ini ada saja kendalanya tidak bisa login tidak bisa meminjam file ebooknya tidak bisa terbuka literal tidak bisa dipakai sama sekali,negative,tidak fungsi useable pakai app kendala tidak login tidak pinjam file ebooknya tidak buka literal tidak pakai
berharihari saya mau pinjem buku tapi selalu tidak bisa alasannya selalu gagal mengirim data,negative,berharihari pinjem buku tidak alas gagal kirim data
tidak bisa meminjam buku sama sekali selalu muncul pop up message ada masalah saat mengirim data,negative,tidak pinjam buku muncul pop message kirim data
sering error,negative,error
aplikasi berjalan namun tidak bisa pinjam buku device samsung tab si android please fix itu sampai saat ini aplikasi tidak bisa digunakan untuk pinjam buku tidak ada perbaikan setelah berbulan dilaporkan,negative,aplikasi jalan tidak pinjam buku device samsung tab si android please fix aplikasi tidak pinjam buku tidak baik bulan lapor
sudah tidak bisa pinjam buku lagi,negative,tidak pinjam buku
sudah beberapa minggu ini aplikasinya enggak bisa digunakan pas saya minjam buku itu malah enggak bisa dipinjam tulisannya selalu ada masalah saat mengirim data silakan coba lagi nanti mohon bantuannya dong,negative,minggu aplikasi enggak pas minjam buku enggak pinjam tulis kirim data sila coba mohon bantu
histori akun dari saya hilang setelah update,negative,histori akun hilang update
fix itu pls,negative,fix pls
tiap meminjam buku selalu eror sudah minggu tidak ada perbaikan mohon diperbaiki,negative,pinjam buku eror minggu tidak baik mohon baik
tolong dong diperbaiki enggak papa agak lama tapi biar buku bisa dipinjam dan enggak error terus,negative,tolong baik enggak papa biar buku pinjam enggak error
enggak ada niatan dibenerin pada enggak bisa pinjam buku loh,neutral,enggak niat dibenerin enggak pinjam buku
versi terbaru tidak bisa diunduh,negative,versi baru tidak unduh
kok enggak bisa pinjam buku ya error terus,negative,enggak pinjam buku ya error
enggak bisa pinjem ebook nya niat bikin apk enggak sih,neutral,enggak pinjem ebook nya niat bikin apk enggak sih
niat enggak sih bikin aplikasi seriuslah begini mau literasi maju mau buka saja sudah malas kebanyakan error contoh tuh china serius bikin ekosistemnya investasi gedean di teknologi,negative,niat enggak sih bikin aplikasi serius literasi maju buka malas banyak error contoh tuh china serius bikin ekosistem investasi gede teknologi
ini aplikasinya error apa bagaimana sih dari kemarin mau pinjem buku masa enggak bisa padahal sinyalnya bagus awalnya ku kira hpku ngelag ternyata memang aplikasinya aneh,negative,aplikasi error sih kemarin pinjem buku enggak sinyal bagus ku hpku ngelag aplikasi aneh
tidak dapat mengunduh buku,negative,tidak unduh buku
bagus aplikasinya namun sering ada kendala sekarang belum bisa meninjam segera perbaiki ya,neutral,bagus aplikasi kendala meninjam baik ya
kapan benar nya sih nih aplikasi apa guna nya update kalo makin buruk,negative,nya sih nih aplikasi nya update kalo buruk
bukunya ada tapi tidak bisa dipinjam serius enggak sih aplikasinya,negative,buku tidak pinjam serius enggak sih aplikasi
i cant borrow the book cs problem data orang something idk ive been trying again again but nothing pls fix this problem,negative,cant borrow book cs problem data orang something idk ive trying nothing pls fix problem
unuseable dari awal desember lalu padahal update akhir sudah ok lumayan bisa buat baca baca walaupun masih sekedar yang penting ada makin kesini makin kocak login error terus history juga hilang apalah fitur highlight dan bookmark kalau after due loan book semuanya hilang sekelas layanan nasional dan soal literasi sungguh terlaluuu smh,negative,unuseable desember update ok lumayan baca baca dar kesini kocak login error history hilang apa fitur highlight bookmark due loan book hilang kelas layan nasional literasi sungguh terlaluuu smh
sering gangguan tolong segera perbaiki,negative,ganggu tolong baik
sungguh sangat disanyangkan aplikasi yang bisa menambah literasi masyarakat tapi malah banyak kendala tolong diperbaiki,positive,sungguh disanyangkan aplikasi tambah literasi masyarakat kendala tolong baik
error mulu cok,negative,error mulu cok
ipusnas kenapaaaaa kok enggak bisa pinjem buku,neutral,ipusnas kenapaaaaa enggak pinjem buku
login susah kebanyakan error sekalinya berhasil dan mencoba minjam buku error lagi kan jadi enggak guna ya apk nya,negative,login susah banyak error sekali hasil coba minjam buku error enggak ya apk nya
nggatau enggak jelas pas mau di pinjem dari pustaka malah nggabisa,positive,nggatau enggak pas pinjem pustaka nggabisa
apk yang dulu lebih bagus sekarang laman home ngebug lamaaa banget menit muter terus saya enggak bisa pakai fitur searchnya kalo begini ayolah perbaiki lagi bukubuku terbaru juga tolong ditambahkan lebih banyak lagi tolong bukubuku yang bisa dipinjam tapi tidak bisa dibukabaca diperbaiki juga tolong segera diperbaiki karena pasti banyak yang membutuhkan bukubuku di apk ini seperti saya terimakasih,positive,apk bagus laman home ngebug lamaaa banget menit muter enggak pakai fitur searchnya kalo ayo baik bukubuku baru tolong tolong bukubuku pinjam tidak dibukabaca baik tolong baik butuh bukubuku apk terimakasih
belum bisa pinjam buku dari bulan lalu apa segitu lamanya untuk perbaikan,negative,pinjam buku segitu baik
eperpus saja enggak bisa diakses sok banget ajak inggris bangun world class university,positive,eperpus enggak akses sok banget ajak inggris bangun world class university
setelah update tidak bisa pinjam buku lagi,negative,update tidak pinjam buku
ini kapan perbaikannya selesai sih bermasalah terus tiap mau pinjam buku,negative,baik selesai sih masalah pinjam buku
enggak bisa masuk atau enggak bisa pinjam buku sudah sebulan begitu,negative,enggak masuk enggak pinjam buku bulan
enggak bisa minjam sudah coba beberapa buku semuanya gabisaaaaaa tolong benerinn,positive,enggak minjam coba buku gabisaaaaaa tolong benerinn
perbaikan enggak selesai selesai ini dana nya dipakai mbak ya,positive,baik enggak selesai selesai dana nya pakai mbak ya
its a great app because itu provides us a lot of book but unfortunately this app often error sok itu is really uncomfortable tapi use plus the notifications is not real time theres no notification appear tho and now i cant even log ini after updating lol i keep editing my review and its getting worse and worse whats the point of providing many copies but always getting problem whenever we try tapi borrow zero star even minus,negative,great app provides us lot book unfortunately app often error sok really uncomfortable use plus notifications real time theres notification appear tho cant even log updating lol keep editing review getting worse worse whats point providing many copies always getting problem whenever try borrow zero star even minus
enggak bisa dipakai sama sekali padahal buku sepenting itu buat mahasiswa sudahlah harga buku fisik mahal perpustakaan kota enggak lengkap eh ini buku digital juga enggak boleh dibaca tiap hari bermasalah pemerintah enggak mau rakyatnya pintar kah,positive,enggak pakai buku penting mahasiswa harga buku fisik mahal pustaka kota enggak lengkap eh buku digital enggak baca masalah perintah enggak rakyat pintar kah
kenapa aku enggak bisa minjam bukunya selalu ada masalah dalam mengirimkan data,negative,enggak minjam buku kirim data
useless,neutral,useless
error lama bangeeeett tidak bisa diklik pinjam padahal sudah eror kayak begini sejak awal tahun kemarin masak enggak bisa dipakai sampai berbulanbulan,negative,error bangeeeett tidak klik pinjam eror kayak kemarin masak enggak pakai berbulanbulan
sudah berapa minggu ini enggak ada perbaikan,positive,minggu enggak baik
ada saja errornya enggak niat memperbaiki error kok lama amat,negative,errornya enggak niat baik error
enggak pernah bisa pinjem buku tulisannya ada masalah saat mengirmkan data coba lagi nanti selalu begitu,negative,enggak pinjem buku tulis mengirmkan data coba
selalu gkbisa baca buku,positive,gkbisa baca buku
mimiinn bagaimana ini kok sudah lama failed nya enggak bisa pinjam miiinnn,neutral,mimiinn failed nya enggak pinjam miiinnn
tidak bisa pinjam buku sama sekali tidak tahu apa sebabnya padahal kredensial saya sudah lengkap,negative,tidak pinjam buku tidak kredensial lengkap
butuh peningkatan performa dari aplikasi ini,negative,butuh tingkat performa aplikasi
baru coba aplikasi nasional sangat menarik saat pertama kali buka aplikasi kita diminta daftar dan ketika selesai daftar kita disuruh coba lagi pas dicoba lagi gagal lagi dan disuruh coba lagi terus benar benar aplikasi yang sangat menarik dan bermanfaat,negative,coba aplikasi nasional tarik kali buka aplikasi daftar selesai daftar suruh coba pas coba gagal suruh coba aplikasi tarik manfaat
aplikasi pemerintah selalu tidak memuaskan,negative,aplikasi perintah tidak muas
sekarang cukup ribet ya sampai enggak bisa pinjem buku,neutral,ribet ya enggak pinjem buku
sering gagal ketika meminjam buku padahal bukunya tersedia banyak semoga segera diperbaiki,positive,gagal pinjam buku buku sedia moga baik
sudah diupdate pun masih susah buat pinjem error dll tolong segera diperbaiki,negative,diupdate susah pinjem error dll tolong baik
kak maaf saya enggak bisa pinjam buku kenapa ya muncul notifikasi ada masalah saat mengirim data silakan coba lagi bisa tolong diperbaiki kak saya sangat butuh referensi tersebut untuk penyusunan proposal skripsi saya terimakasih,positive,kak maaf enggak pinjam buku ya muncul notifikasi kirim data sila coba tolong baik kak butuh referensi susun proposal skripsi terimakasih
unduh buku nya load lama banget nge stuck disitu situ saja dan yauda enggak bisa baca cuma nge stuck di loading pengunduhan duh enggak deh mau pinjam buku saja errpr melulu kok jadi begini sih sudah hampir mau bulan,negative,unduh buku nya load banget nge stuck situ situ yauda enggak baca nge stuck loading unduh duh enggak deh pinjam buku errpr melulu sih
ada masalah harap coba lagi nanti padahal sudah di install ulang dan di refresh berkali kali namun tetap sama apakah tidak ada keinginan untuk diperbaiki padahal saya sedang berminat sekali membaca bagaimana solusinya sudah seminggu saya buka berulang kali masih sama saja lucu,positive,harap coba install ulang refresh kali kali tidak baik minat baca solusi minggu buka ulang kali lucu
enggak bisa pinjam buku,neutral,enggak pinjam buku
aplikasi bobrok buang anggaran doang mau pinjam buku malah enggak bisa,negative,aplikasi bobrok buang anggar doang pinjam buku enggak
good,positive,good
the worst app ever always error,negative,worst app ever always error
akhirnya dah bisa log ini tapi tetap saja enggak bisa minjem buku,negative,dah log enggak minjem buku
sangat mengecewekkan karena sering error,negative,cewek error
idk why but we cant borrow the books since last year pls fix this app,negative,idk cant borrow books since last year pls fix app
tolong diperbaiki lagi sistem nya login dan proses peminjaman buku gagal terus,negative,tolong baik sistem nya login proses pinjam buku gagal
perbaiki dong aplikasinya makin kesini kok makin jelek padahal sangat berguna tolong di dengarkan,negative,baik aplikasi kesini jelek guna tolong dengar
bapuk banget deh,positive,bapuk banget deh
lama banget benernya kocak alah makanya pendidikan tuh di prioritaskan bukan malah makan terus kocak,negative,banget benernya kocak alah didik tuh prioritas bukan makan kocak
sering enggak bisa di buka,neutral,enggak buka
tidak bisa login sudah coba versi webnya juga tetap tidak bisa,negative,tidak login coba versi webnya tidak
terlalu sering error untuk waktu yang lama menghambat orang mau baca ebook,negative,error hambat orang baca ebook
orang backend kerja woiii,positive,orang backend kerja woiii
sebenarnya bagus bisa membantu mencari referensi tapi aplikasi sering eror sulit dibuka,negative,bagus bantu cari referensi aplikasi eror sulit buka
ini bagus sangat bermanfaat tapi kenapa sering error ya tolong ditingkatin lagi ya aplikasinya karena ini benerbener bermanfaat banget kalau kita bisa baca buku digital seperti ini,positive,bagus manfaat error ya tolong ditingkatin ya aplikasi benerbener manfaat banget baca buku digital
aplikasi plenger,negative,aplikasi plenger
tidak pernah ada perbaikan terus berkalikali saya terkendala login saya sudah jelas download secara resmi tetapi masih sulit untuk login bahkan saya sudah menggunakan akun gmail yang sama namun masih terkendala terus,negative,tidak baik berkalikali kendala login download resmi sulit login akun gmail kendala
mau daftar saja susah nya meminta ampun ini sekelas nasional apinya kok begini banget,negative,daftar susah nya ampun kelas nasional api banget
sebelumnya sudah benar sekarang bego lagi aplikasinya enggak bisa login,negative,bego aplikasi enggak login
saya enggak bisa masuk selalu error padahal pertsma bisa tapi begitu keesokannya sudah beberapa hari ini error deh bolak balik unistallinstall enggak bisa juga,negative,enggak masuk error pertsma esok error deh bolak unistallinstall enggak
error terus mau pinjem error buka aplikasi error mau login ulang error perpus digital indonesia enggak ada yang benar download hampir semua perpus digital sama semua begitu ijakarta bermasalah sama sistem pencarian ipusda mau pinjem error bagaimana mau ningkatin literasi sudah niat baca dipersulit mau lewat buku mahal ilegal enggak boleh giliran yang legal saja sulitnya meminta ampun,negative,error pinjem error buka aplikasi error login ulang error pus digital indonesia enggak download pus digital ijakarta masalah sistem cari ipusda pinjem error ningkatin literasi niat baca sulit buku mahal ilegal enggak gilir legal sulit ampun
setelah update terbaru aplikasi jadi tidak bisa digunakan sama sekali sebelum uninstall bisa login tapi riwayat pinjaman dan buku yang sedang dipinjam kosong halaman home loading terus tombol pencarian tidak bisa ditekan tidak bisa meminjam buku lain sudah uninstall install ulang malah error tidak bisa login kondisi sekarang benarbenar menghambat pengguna mohon segera diperbaiki,negative,update baru aplikasi tidak uninstall login riwayat pinjam buku pinjam kosong halaman home loading tombol cari tidak tekan tidak pinjam buku uninstall install ulang error tidak login kondisi benarbenar hambat guna mohon baik
enggak bisa daftar kakak jadi enggak bisa gunain app nya,negative,enggak daftar kakak enggak gunain app nya
aplikasi dari pemerintah pasti bobrok ini sudah enggak keurus apa bagaimana sihjangankan bacabuka saja enggak bisa,negative,aplikasi perintah bobrok enggak urus sihjangankan bacabuka enggak
sebenarnya aplikasinya bagus dan berguna banget untuk baca buku secara gratis tapi di lain sisi apk nya sering banget ngebug sebenarnya lebih sering ngebug ketimbang normal nya sangat disayangkan apk yang berguna kayak begini enggak bisa di maintenance dengan baik,positive,aplikasi bagus guna banget baca buku gratis sisi apk nya banget ngebug ngebug ketimbang normal nya sayang apk guna kayak enggak maintenance
sudah update version terbaru masih saja enggak bisa login,neutral,update version baru enggak login
ux nya enggak pernah beres kerja yang benar dong sir,positive,ux nya enggak beres kerja sir
sering susah dibuka enggak bisa login enggak loading halaman web nya sejak update malah semakin parah,negative,susah buka enggak login enggak loading halaman web nya update parah
kok enggak bisa buat baca ya,positive,enggak baca ya
kenapa enggak bisa logindaftar ya,positive,enggak logindaftar ya
aplikasi ini sebenarnya bermanfaat banget tapi belakangan ada banyak kendala waktu digunakan eror tidak bisa logindaftar padahal sebelumnya baikbaik saja,negative,aplikasi manfaat banget kendala eror tidak logindaftar baikbaik
sudah tidak bisa login di website app tidak bisa digunakan hanya loading tanpa tampil apapun ini bug atau update,negative,tidak login website app tidak loading tampil apa bug update
habis upgrade malah enggak bisa dibuka,neutral,habis upgrade enggak buka
apk jelek banyak bug masa pesan error mentahan tampil di user login saja enggak bisa,negative,apk jelek bug pesan error mentah tampil user login enggak
normal dalam beberapa hari saja habis itu error lagi enggak bisa login lagi,negative,normal habis error enggak login
enggak bisa pinjam buku sulit login eror mulu padahal sudah update apk,negative,enggak pinjam buku sulit login eror mulu update apk
setelah saya update saya tidak bisa meminjam buku sama sekali tidak bisa mengedit profile bahkan tidak bisa log out akhirnya saya uninstall tapi setelah saya install lagi saya tidak bisa login dan mendaftar karena terus muncul javalangillegal blablabla,negative,update tidak pinjam buku tidak edit profile tidak log uninstall install tidak login daftar muncul javalangillegal blablabla
diupdate malah enggak bisa pinjam buku error mulu pas mencoba login ulang malah enggak bisa juga,neutral,diupdate enggak pinjam buku error mulu pas coba login ulang enggak
kalau memang tidak berminat melakukan perbaikan alangkah baiknya hapus saja aplikasi ini sudah ada banyak sekali kritikan akan tetapi pihak pengembang aplikasi rasarasanya enggan memperbaiki aplikasi ini padahal aplikasi ini bagus dan bermutu tapi agaknya entah pengembang tidak dapat support atau entahlah kenapa seperti tidak berminat melakukan perbaikan aplikasi betah sekali sepertinya menjadi manusia bodoh,negative,tidak minat baik alangkah baik hapus aplikasi kritik kembang aplikasi rasarasanya enggan baik aplikasi aplikasi bagus mutu kembang tidak support tidak minat baik aplikasi betah manusia bodoh
aplikasi enggak guna,negative,aplikasi enggak
kalo bisa gue kasih mines maintenance mulu coy,positive,kalo kasih mes maintenance mulu coy
terlalu sering mengecewakan,neutral,kecewa
parah banget sekarang habis update malah enggak bisa masuk mau bikin akun baru enggak bisa juga niat bikin aplikasi enggak sih,negative,parah banget habis update enggak masuk bikin akun enggak niat bikin aplikasi enggak sih
seringgg banget eror pas mau baca tolong banget diperbaiki,positive,seringgg banget eror pas baca tolong banget baik
tidak bisa masuk ada tulisan java dari tadi dicoba masaih belum bisa masuk juga tolonglah diperbaiki,negative,tidak masuk tulis java coba masaih masuk tolong baik
mohon diperbaiki aplikasinya,negative,mohon baik aplikasi
crash terus enggak bisa dipakai,negative,crash enggak pakai
unusable awal register bisa masuk akun tapi enggak bisa pinjam buku sama sekali meski sama naskah kuno dengan kopi tidak hingga coba direinstall dan sekarang tidak bisa login versi web dan android sama saja seharusnya bug seperti ini enggak selama ini enggak ditangani sama sekali aplikasi tidak bisa dipakai selama hari bisa lebih tanpa perubahan percuma ui bagus tapi aplikasinya enggak bisa dipakai cuman sebagai eye candy tapi a broken product,negative,unusable register masuk akun enggak pinjam buku naskah kuno kopi tidak coba direinstall tidak login versi web android bug enggak enggak tangan aplikasi tidak pakai ubah ui bagus aplikasi enggak pakai cuman eye candy broken product
sering banget enggak bisa baca di sini belakangan entah karena apa maintenancenya lumayan berpengaruh ke flow membaca apalagi buat aku yang lagi butuh referensi untuk mengerjakan semoga cepat berbenah,positive,banget enggak baca maintenancenya lumayan pengaruh flow baca butuh referensi moga cepat benah
sebenarnya bermanfaat tapi kenapa lelet banget dibuka padahal sinyal bagus buka app lain pun lancar dan app ini juga enggak sinkron dengan device lain walau akun misal batas baca berbeda dengan di device lain,positive,manfaat lelet banget buka sinyal bagus buka app lancar app enggak sinkron device akun batas baca beda device
setelah upgrade malah enggak bisa dibuka mending balik ke versi awal deh yang penting pengguna bisa baca jujur kecewa,positive,upgrade enggak buka mending versi deh guna baca jujur kecewa
baru hari bisa diakses sekarang enggak bisa lagi admin tolong dipantau errornya terlalu sering,positive,akses enggak admin tolong pantau errornya
setiap mau login atau daftar baru susah banget padahal internet bagus tapi aplikasinya loading terus,negative,login daftar susah banget internet bagus aplikasi loading
cant login email method mont i cant login this app why,neutral,cant login email method mont cant login app
aplikasi maintenance terus sudah begitu sekalinya maintenance lama lagi hadeh hadeh,negative,aplikasi maintenance sekali maintenance hadeh hadeh
payah ah enggak bisa pinjem buku alesannya ada masalah mulu perbaiki dong segera banyak yang ngalamin hal sama nih,positive,payah ah enggak pinjem buku alesannya mulu baik ngalamin nih
saya sudah mencoba uninstall dan install berkalikali agar bisa meminjam buku namun yang selalu muncul notifikasi ada masalah saat mengirim data coba nanti ini aplikasi pemerintah namun kualitas dan pelayanan yang dihadirkan tidak sesuai dengan rakyat yang membayar pajak,negative,coba uninstall install berkalikali pinjam buku muncul notifikasi kirim data coba aplikasi perintah kualitas layan hadir tidak sesuai rakyat bayar pajak
be for real you guys just give itu private programmer orang something you always mess itu up ini every update,positive,real guys give private programmer orang something always mess every update
error mulu,negative,error mulu
apa gunanya maintenance minggu kalo masih eror begini minat baca turun bukan karena malas tapi karena ipusnas eror,negative,guna maintenance minggu kalo eror minat baca turun bukan malas ipusnas eror
bermingu minggu maintenance kagak benar juga tuh,negative,bermingu minggu maintenance kagak tuh
sudah update masih belum bisa dipakai katanya ada masalah saat mengirim data coba lagi nanti,neutral,update pakai kirim data coba
kok sekarang jadi ginni lahbuka pinjem buku torced close lah,negative,ginni lahbuka pinjem buku torced close
tidak bisa login di android tolong bantuannya tim itu lebih baik dibuat full web saja tidak usah di android atau ios agar lebih mudah di maintenance repot kalo sampai di audit,negative,tidak login android tolong bantu tim full web tidak android ios mudah maintenance repot kalo audit
error lagi benaran aplikasi paling banyak gebrakan kalo enggak ngelag ya malah enggak bisa login ditambah lagi download buku mbak doang mesti ngosongin memori internal gb dulu baru bisa diunduh benerbener ya yuk bisa yuk tim developer ipusnas lebih gereget lagi ngerjain aplikasi ini masa kalah sama aplikasi buatan swasta sih,negative,error benar aplikasi gebrak kalo enggak ngelag ya enggak login tambah download buku mbak doang mesti ngosongin memori internal gb unduh benerbener ya yuk yuk tim developer ipusnas gereget ngerjain aplikasi kalah aplikasi buat swasta sih
pembaruan terakhir tidak memperbaiki sama sekali dengan keterangan saat meminjam buku masalah tidak dikenali apa coba lebih baik segera diperbaiki,negative,baru tidak baik terang pinjam buku tidak nali coba baik
baiknya sudah ada improvement yang lumayan dibanding versi sebelumnya terlalu responsif saya hanya berniat menggeser halaman dikira melakukan block sangat mengganggu ayo devnya kerja keras lagi atau perlu bantuan kah edit hari ini aplikasi sampah kondisinya benar unusable butuh bantuan kah,negative,baik improvement lumayan banding versi responsif niat geser halaman block ganggu ayo devnya kerja keras bantu kah edit aplikasi sampah kondisi unusable butuh bantu kah
setelah update aplikasi tidak dapat dibuka,negative,update aplikasi tidak buka
sudah update ternyata sama saja sekarang mau pinjam buku ada tulisan masalah tidak dikenali rasanya update sia sia saja tolong diperbaiki terimakasih,negative,update pinjam buku tulis tidak nali update sia sia tolong baik terimakasih
jujur lebih enak versi yang dulu ini lebih ribet suka keluarkeluar sendiri dan enggak jelas btw ini dana pengembangannya enggak di korupsi kan sumpah semakin lama semakin enggak nyaman tulung lah harusnya makin lama bisa lah makin canggih makin nyaman digunakan makin bagus tampilannya ini malah makin lama makin mundur deh bintang dulu nanti aku tambahkan bintangnya kalau sudah lebih bagus kualitasnya,positive,jujur enak versi ribet suka keluarkeluar enggak dana kembang enggak korupsi sumpah enggak nyaman tulung canggih nyaman bagus tampil mundur deh bintang tambah bintang bagus kualitas
kesalahan teross,negative,salah teross
gila dari tahun ke tahun ku kira akan ada peningkatan terhadap kualitas sistemnya ternyata malah makin bobrok,negative,gila ku tingkat kualitas sistem bobrok
itu keeps crashing semangat buat dev nya,positive,keeps crashing semangat dev nya
tidak bisa meminjam buku bahkan keterangannya masalah tidak dikenali sayang banget sebesar nama ipusnas kurang tanggap menyelesaikan masalah di layanan appsnya semoga lekas berbenah,negative,tidak pinjam buku terang tidak nali sayang banget nama ipusnas tanggap selesai layan appsnya moga lekas benah
setelah berhasil meminjam buku aplikasi selalu tertutup,negative,hasil pinjam buku aplikasi tutup
bukunya bisa diunduh tapi enggak bisa dibaca access denied katanya device redmi pad se,positive,buku unduh enggak baca access denied device redmi pad
sering error bikin formatsistem yang bisa dibaca di kindle please,negative,error bikin formatsistem baca kindle please
sudah di update nih sudah bagus lagi keren,negative,update nih bagus keren
masih belum bisa minjam buku,neutral,minjam buku
not even working what a waste of our tax money,neutral,even working waste tax money
kenap jadi enggak bisa pinjam bukutertulis masalah tidak dikenaltolong diperbaiki,negative,kenap enggak pinjam bukutertulis tidak dikenaltolong baik
eror tidak bisa baca buku sama sekali,negative,eror tidak baca buku
masih belum bisa dibuka di android per januari ayolah saya ingin pintar jadi warga indonesia,positive,buka android januari ayo pintar warga indonesia
jangan bisa digunakan juga akhirnya dengan ereader jadul nova air android ram gb thanks sok much dec mohon perbaikan app agar bisa digunakan pada ereader onyx boox nova air android versi app sebelumnya lancar saat upgrade ke versi baru malah bermasalah ini lagi baca novel yang sedikit lagi tamat bintang,positive,ereader jadul nova air android ram gb thanks sok much dec mohon baik app ereader onyx boox nova air android versi app lancar upgrade versi masalah baca novel tamat bintang
sangat buruk aplikasi tersebut tidak bisa login karena verifikasi perangkat gagal padahal saya dawload dari play store dan perangkat juga tidak di modif,negative,buruk aplikasi tidak login verifikasi perangkat gagal dawload play store perangkat tidak modif
kenapa setiap kali saya mau login tidak bisa muncul pesan verifikasi perangkat anda pastikan perangkat anda menggunakan aplikasi dari google play store dan perangkat anda tidak di modifikasi padahal saya sudah install dari pas dan handphone saya juga enggak ada modifikasi sama sekali pun sudah saya coba ganti pw siapa tau pw nya yang salah eh setelah coba login lagi tetap sama sudah di uninstall dan install lagi juga tetap begitu terus,negative,kali login tidak muncul pesan verifikasi perangkat pasti perangkat aplikasi google play store perangkat tidak modifikasi install pas handphone enggak modifikasi coba ganti pw tau pw nya salah eh coba login uninstall install
kenapa ada masalah di verifikasi perangkat hp saya enggak ada modifikasi apapun,negative,verifikasi perangkat hp enggak modifikasi apa
plisss tim itu ipusnas perbaiki aplikasinya deh sudah lama ini enggak ada perkembangan padahal kalau diperbaiki ini ratingnya bisa karena ini sangat membantu buat saya yang jauh ke perpustakaan apalagi enggak bisa pinjam buku di sana karena bukan berdomisili jabodetabek semoga berbenah terus ipusnas gua edit bintang kalo ipusnas enggak error lagi gabisaaa logiiiinnn verivikasi perangkat gagalll terus,negative,plisss tim ipusnas baik aplikasi deh enggak kembang baik ratingnya bantu pustaka enggak pinjam buku bukan domisili jabodetabek moga benah ipusnas gua edit bintang kalo ipusnas enggak error gabisaaa logiiiinnn verivikasi perangkat gagalll
enggak bisa dipakai lagi ya,positive,enggak pakai ya
aplikasi log out sendiri terus di dalam aplikasi lemot banget,negative,aplikasi log aplikasi lot banget
woeh ini kenapa dari yang awalnya enggak bisa minjem buku jadi makin enggak bisa buka aplikasi jir,negative,woeh enggak minjem buku enggak buka aplikasi jir
plis boleh enggak sih jangan aneh dulu mau baca buku susah benar kalo mau rnd aplikasi saranku bikin aplikasi lain saja buat dummy coba coba ya allah,positive,plis enggak sih aneh baca buku susah kalo rnd aplikasi saran bikin aplikasi dummy coba coba ya allah
i cant even open the app itu says i have tapi use the official app from google play even though i downloaded itu from the google play store,negative,cant even open app says use official app google play even though downloaded google play store
jelek ih perasaan sebelum di perbarui enggak separah dulu deh semenjak perbarui makin makin makin jelek sudah eror melulu sengaja kah supaya kita enggak baca buku mana sudah harga buku mahal hadehhhh,negative,jelek ih asa baru enggak parah deh semenjak baru jelek eror melulu sengaja kah enggak baca buku harga buku mahal hadehhhh
aplikasi ini semenjak diupdate malah jelek enggak seperti sebelumnya masa tiap masuk harus ke playstore dulu loading lama sekali aplikasi ini kenapa ya kok gangguan terus heran,negative,aplikasi semenjak diupdate jelek enggak masuk playstore loading aplikasi ya ganggu heran
error benerin dong,negative,error benerin
error tak bisa login,negative,error tak login
habis diupdate malah enggak bisa login,neutral,habis diupdate enggak login
parah banget,negative,parah banget
aneh banget nih apk enggak bisa pinjem sekarang enggak bisa login lol,positive,aneh banget nih apk enggak pinjem enggak login lol
di update jadi lebih buruk enggak bisa buka app sama selkali,negative,update buruk enggak buka app selkali
kenapa jadi jelek sih app ini padahal dulu bagus banget bisa buat baca buku,negative,jelek sih app bagus banget baca buku
useless cant even borrow a single book,positive,useless cant even borrow single book
tolong perbaiki lagi masa tiap mau pakai selalu enggak kebuka giliran ke buka mau pinjam buku tiba keluar muncul ket verifikasi perangkat gagal,negative,tolong baik pakai enggak buka gilir buka pinjam buku muncul ket verifikasi perangkat gagal
banyakan error nya nih daripada warasny gws,negative,banyak error nya nih warasny gws
ini kenapa jadi dikira download ilegal deh,neutral,download ilegal deh
katanya perbaikan di tanggal bukanya perbaikan malah makin parah login malah enggak bisa keterangan apk bukan dari playstore lah bagaimana bukan dari playstore ini komen di playstore donwload juga sudah di playstore aneh,negative,baik tanggal buka baik parah login enggak terang apk bukan playstore bukan playstore komen playstore donwload playstore aneh
this application doesnt work properly,neutral,application doesnt work properly
perbaikannya lama banget,positive,baik banget
baca reviewnya dari tahun jebot sudah banyak benar yang kasih bintang satu karena crash error dll dan sudah tahun juga tetap konsisten errornya udahan yuk errornya sudah banyak banget yang pengin dan suka baca cuma ya kalo error mulu bagaimana,negative,baca reviewnya jebot kasih bintang crash error dll konsisten errornya udahan yuk errornya banget pengin suka baca ya kalo error mulu
aplikasi bosokkkk arep moco saja angel,negative,aplikasi bosokkkk arep moco angel
aplikasi tidak bisa digunakan setelah diperbaharui,negative,aplikasi tidak baharu
tidak bisa login selalu muncul peringatan perangkat tidak bisa diverifikasi dan disuruh menggunakan aplikasi resmi dari playstore padahal saya download nya ya dari playstore sayang sekali padahal bukubukunya bagus,negative,tidak login muncul ingat perangkat tidak verifikasi suruh aplikasi resmi playstore download nya ya playstore sayang bukubukunya bagus
jelek gangguan terus,negative,jelek ganggu
aplikasi terambruk sudah tahun tapi masih saja tampilan uiux nya kampungan macam enggak pakai duit negara saja untuk developnya koruptor lu semua,negative,aplikasi ambruk tampil uiux nya kampung enggak pakai duit negara developnya koruptor
kalau enggak niat buat aplikasi mending dananya dipakai buat sesuatu yang lebih bermanfaat sudah enggak bisa minjem lewat web update aplikasi malah dikira enggak resmi dari playstore,positive,enggak niat aplikasi mending dana pakai manfaat enggak minjem web update aplikasi enggak resmi playstore
error terus,negative,error
aplikasi setengah hati baru download sehari dalam sehari itu juga aplikasi susah dibuka dan digunakan dengan dalih aplikasi tidak resmi dan mobile phone yang tidak resmi padahal semuanya resmi untuk aplikasi sekelas lembaga nasional dan untuk kepentingan publik aplikasi ini seperti aplikasi murahan tanpa adanya maintenance yang baik banyak sekali bugs di sistemnya sungguh sangat ironi dimana seharusnya setiap warga negara indonesia bisa akses perpustakaan nasional miris sekali,negative,aplikasi hati download hari hari aplikasi susah buka dalih aplikasi tidak resmi mobile phone tidak resmi resmi aplikasi kelas lembaga nasional penting publik aplikasi aplikasi murah maintenance bugs sistem sungguh ironi mana warga negara indonesia akses pustaka nasional miris
sering keluar sendiri,neutral,
akun suka log out sendiri terus susah kalau mau log ini lagi,negative,akun suka log susah log
minn tolong dong kenapa setiap mau login di aplikasi verifikasi perangkat gagal mulu padahal kalau login di web ipusnas bisa masukkk mau baca jadi susah min tolong dong min diperbaiki sistem aplikasinya,negative,minn tolong login aplikasi verifikasi perangkat gagal mulu login web ipusnas masukkk baca susah min tolong min baik sistem aplikasi
makin kesini makin rewel error mulu kocak,negative,kesini rewel error mulu kocak
aplikasi ini seiring berjalannya waktu bukannya makin baik tapi makin buruk sudah sebulan saya enggak bisa download buku sekarang saya malah enggak bisa masuk enggak bisa log ini,negative,aplikasi iring jalan buruk bulan enggak download buku enggak masuk enggak log
efek dana kena efisiensi aplikasi sepenting ini jadi enggak ada dana buat perbaikan yang proper,positive,efek dana kena efisiensi aplikasi penting enggak dana baik proper
why i cant open this app pesan system muncul verifikasi perangkat gagal duh sudah sekian lama maintenance dan setelahnya juga tambah parah tolong dong adminnya dibenerin ini appnya,negative,cant open app pesan system muncul verifikasi perangkat gagal duh sekian maintenance telah parah tolong adminnya dibenerin appnya
tidak bisa log ini,negative,tidak log
aplikasinya enggak jelas masa mau login saja sudah kayak mau ketemuan sama muhammad ali lama banget buset,negative,aplikasi enggak login kayak ketemu muhammad ali banget buset
enggak bisa daftar akun dikira download aplikasi dari luar padahal dari playstore,negative,enggak daftar akun download aplikasi playstore
gagal verifikasi perangkat,negative,gagal verifikasi perangkat
ini ipusnas lagi kenapa sih kok aku enggak bisa masuk terus,negative,ipusnas sih enggak masuk
baru kemarin benar sekarang bapuk lagi tolong laaah,positive,kemarin bapuk tolong laaah
sudah hampir sebulan maintenance enggak selesaiselesai,negative,bulan maintenance enggak selesaiselesai
aplikasi aneh update terus tapi malah jadi jelek barusan mau buka aplikasi malah dibilang bukan download secara resmi orang download pakai play store bagaimana sih,negative,aplikasi aneh update jelek barusan buka aplikasi bilang bukan download resmi orang download pakai play store sih
this app doesnt work properly i cant even log ini,neutral,app doesnt work properly cant even log
busukk banget error terus maintenance lama enggak pernah benar anehhhhh,negative,busukk banget error maintenance enggak anehhhhh
tolong ditingkatkan aplikasinya biar rating nya tinggi,negative,tolong tingkat aplikasi biar rating nya
laaahh dalah malah enggak bisa dibuka padahal katanye maintenance sampai tanggal januari,negative,laaahh dalah enggak buka katanye maintenance tanggal januari
aduh pada kerja oy benerin nih app,neutral,aduh kerja oy benerin nih app
lumayan melelahkan untuk bagian masuk terutama data login yang terhapus secara terus menerus juga tidak terintegrasi antar platform itu melelahkan untuk pengguna ketika ingin berpindah media membaca,negative,lumayan lelah masuk data login hapus terus tidak integrasi platform lelah guna pindah media baca
enggak bisa login,neutral,enggak login
noooo uang ppn yang aku bayar buat belanja belum digunakan buat bikin aplikasi ipusnas jadi crash,negative,noooo uang ppn bayar belanja bikin aplikasi ipusnas crash
tidak bisa login,negative,tidak login
habis update enggak bisa dibuka samsekkkk mau baca buku saja dipersulittt,positive,habis update enggak buka samsekkkk baca buku dipersulittt
dibuka saja kagak bisa bloon,negative,buka kagak bloon
dari beberapa hari ini kenapa bermasalah terus ya sudah coba dibeberapa device tetap tidak bisa mulai dari tidak bisa pinjam tidak bisa buka notif apk yang yang katanya bukan unduh di play store sampai tutup sendiri,negative,masalah ya coba beberapa device tidak tidak pinjam tidak buka notif apk bukan unduh play store tutup
tidak bisa login dibilang karena perangkat enggak diverifikasi padahal memang sudah download dari google play store langsung,negative,tidak login bilang perangkat enggak verifikasi download google play store langsung
kok sudah di update tapi waktu masuk enggak bisa ya pak katanya verivikasi nya gagal aneh banget,negative,update masuk enggak ya verivikasi nya gagal aneh banget
kenapa setelah diupdate malah tidak bisa buka,negative,diupdate tidak buka
yang paling penting dulu ini adalah aplikasi terburuk dengan banyak sekali masalah gagal login maintenance bermingguminggu masalah peminjaman dan seterusnya ini aplikasi pemerintah didanai dengan uang negara tapi kok amburadul dan enggak beres sama sekali niatnya untuk mencerdaskan anak bangsa tapi eksekusinya sangat bodoh terus yang sama sekali enggak penting harus banget ya pasang wajah presiden wapres di halaman login memang ngaruh begitu bikin illfeel saja bikin berat sistem,negative,aplikasi buruk gagal login maintenance bermingguminggu pinjam aplikasi perintah dana uang negara amburadul enggak beres niat cerdas anak bangsa eksekusi bodoh enggak banget ya pasang wajah presiden wapres halaman login ngaruh bikin illfeel bikin berat sistem
aplikasi lu eror mulu deh padahal di website bisa dibuka kok benerin dong alah,negative,aplikasi eror mulu deh website buka benerin alah
every update tapi the latest version has actually caused the apps performance tapi decline dramatically ini addition tapi difficulties logging ini due tapi device verification failures the number of books available for borrowing has decreased and they are less interesting the version is still better,positive,every update latest version actually caused apps performance decline dramatically addition difficulties logging due device verification failures number books available borrowing decreased less interesting version still better
di edit bukannya makin bagus malah makin ampas,negative,edit bagus ampas
sumpah kenapa enggak bisa masuk terus sama enggak bisa pinjam buku perasaan dulu enggak bapuk begini deh ipusnas,negative,sumpah enggak masuk enggak pinjam buku asa enggak bapuk deh ipusnas
sering error,negative,error
setelah update kenapa enggak bisa dibuka katanya verifikasi perangkat gagal help min,negative,update enggak buka verifikasi perangkat gagal help min
sungguh disayangkan menunggu lama tapi pada akhirnya eror lagi,negative,sungguh sayang tunggu eror
yang benar kocak bermasalah mulu,negative,kocak masalah mulu
setelah diupdate aplikasi malah tidak bisa diakses,negative,diupdate aplikasi tidak akses
kenapa jadi tidak bisa masuk verifikasi perangkat gagal aneh,negative,tidak masuk verifikasi perangkat gagal aneh
maintenance lama enggak benar disuruh update habis update malah enggak bisa login verifikasi perangkat gagal,negative,maintenance enggak suruh update habis update enggak login verifikasi perangkat gagal
kok jadi enggak bisa login ya,positive,enggak login ya
update terbaru per januari tidak bisa login keterangannya tidak bisa memverifikasi perangkat anda silakan unduh aplikasi resmi dari google store dan tidak memodifikasi perangkat sudah coba berulang kali tetap enggak bisa,negative,update baru januari tidak login terang tidak verifikasi perangkat sila unduh aplikasi resmi google store tidak modifikasi perangkat coba ulang kali enggak
setelah update apk tidak bisa dibuka sama sekali keterangannya tidak dapat verifikasi perangkat dan diharapkan pakai aplikasi resmi dari google play setelah uninstall dan install ulang baru bisa dipakai normal tapi cuma sekali beberapa jam kemudia kembali tidak bisa dibuka sama sekali,negative,update apk tidak buka terang tidak verifikasi perangkat harap pakai aplikasi resmi google play uninstall install ulang pakai normal jam kemudia tidak buka
cant even login,neutral,cant even login
please tell me kalian kena efesiensi anggaran kan makanya maintenance hampir satu bulan dan sekarang disuruh update tapi enggak bisa login dan kalopun bisa login pinjam buku pun enggak bisa,negative,please tell kena efesiensi anggar maintenance suruh update enggak login kalo login pinjam buku enggak
enggak bisa dibuka lagi kocak,negative,enggak buka kocak
aplikasinya enggak bisa dibuka karena gagal verifikasi perangkat dan selalu diminta untuk download dari aplikasi resmi padahal mah downloadnya sudah dari playstore aneh banget,negative,aplikasi enggak buka gagal verifikasi perangkat download aplikasi resmi mah downloadnya playstore aneh banget
enggak niat lu bikin aplikasi,negative,enggak niat bikin aplikasi
busuk banget nih aplikasi,negative,busuk banget nih aplikasi
sudah update masih tidak bisa pinjam buku tibatiba terlogout katanya perangkat tidak bisa diverifikasi harus download aplikasi dari play store dan perangkat tidak dimodif padahal ini download dari play store ponsel saya juga normal,negative,update tidak pinjam buku tibatiba terlogout perangkat tidak verifikasi download aplikasi play store perangkat tidak dimodif download play store ponsel normal
di update malah enggak bisa login,neutral,update enggak login
terlalu banyak problem,negative,problem
got please install from play store without modified apps notice please fix itu thank you,negative,got please install play store without modified apps notice please fix thank
enggak bisa masukk,neutral,enggak masukk
aplikasinya kok enggak bisa dibuka padahal banyak buku yang pengin saya pinjam,negative,aplikasi enggak buka buku pengin pinjam
update mulu tapi enggak ada bagusnya makin susah di akses,negative,update mulu enggak bagus susah akses
sayang sekali koleksi buku bagus tapi aplikasi sangat buruk,negative,sayang koleksi buku bagus aplikasi buruk
enggak bisa pinjam buku,neutral,enggak pinjam buku
terdeteksi aplikasi dimodifikasi padahal download dari playstore aplikasinya makin enggak bisa digunakan,negative,deteksi aplikasi modifikasi download playstore aplikasi enggak
baruuuu saja semalam senang karena ipusnas sudah bisa pinjam lagi sekarang enggak bisa login karena tidak dapat memverifikasi perangkat semoga bisa di tindak lanjuti ya download nya dari playstore saja ini bukan dari app illegal dll,negative,baruuuu malam senang ipusnas pinjam enggak login tidak verifikasi perangkat moga tindak lanjut ya download nya playstore bukan app illegal dll
verifikasi perangkat gagal terus bagaimana kudu memakai perangkat desa kah atau seperangkat alat sholat,positive,verifikasi perangkat gagal kudu pakai perangkat desa kah perangkat alat sholat
after a long period of downtime due tapi maintenance i couldnt log into the app i was very frustrated,neutral,long period downtime due maintenance couldnt log app frustrated
enggak bisa pinjem buku ini tolong diperbaiki dong,positive,enggak pinjem buku tolong baik
di sih oke tapi sayangnya belakangan error mulu hari ini dijanjikan bisa digunakan setelah maintainece lama ternyata malah enggak bisa dibuka dianggap aplikasi yang diinstall bukan dari google play,negative,sih oke sayang error mulu janji maintainece enggak buka anggap aplikasi diinstall bukan google play
maintenance sampai sebulan setelah ditentuin tanggal selesainya ternyata php sangat mengecewakan,negative,maintenance bulan ditentuin tanggal selesai php kecewa
aplikasinya kok enggak bisa dipakai sih benerin dong,negative,aplikasi enggak pakai sih benerin
wah aplikasi yang sangat mengesankan dalam hal ribetnya untuk dipakai,negative,aplikasi kesan ribetnya pakai
ada error ketika login kami tidak dapat memverifikasi perangkat anda pastikan anda menggunakan aplikasi resmi dari play store dan perangkat tidak dimodifikasi padahal instal aplikasi ini dari play store tapi masih tetap tidaj bisa login,negative,error login tidak verifikasi perangkat pasti aplikasi resmi play store perangkat tidak modifikasi instal aplikasi play store tidaj login
enggak bisa pinjam buku,neutral,enggak pinjam buku
katanya perbaikan kelar tanggal januari ini kenapa apk nya logout sendiri dan pas mau login malah enggak bisa terus muncul keterangnya harus mengunakan apk resmi download dari playstore dan apk tidak dimodifikasi padahal apk di download lewat playstore loh dan tidak ada modifikasi dalam bentuk apapun sudah menunggu lama masa hasilnya begini sih,neutral,baik kelar tanggal januari apk nya logout pas login enggak muncul terang mengunakan apk resmi download playstore apk tidak modifikasi apk download playstore tidak modifikasi bentuk apa tunggu hasil sih
bagus aplikasinya berfungsi dengan baik dan cepat kerjanya,negative,bagus aplikasi fungsi cepat kerja
enggak bisa pinjam buku ada masalah saat mengirim data keterangannya,negative,enggak pinjam buku kirim data terang
enggak bisa minjem buku,neutral,enggak minjem buku
jelek banget banget sistemnya semenjak diperbaharui malah enggak bisa didowload sama sekali,negative,jelek banget banget sistem semenjak baharu enggak didowload
tidak bisa download buku padahal kemarin bisa sekarang error muncul javailegalstate tolong diperbaiki nama doang perpustakaan nasional tapi enggak bisa minjem buku,negative,tidak download buku kemarin error muncul javailegalstate tolong baik nama doang pustaka nasional enggak minjem buku
menggunakan di devicesamsung atab huawei matepad sebook reader meebookdi hp dan tab bisa log ini tapi tidak bisa pinjam buku karena errordi ebook reader tidak compatible dan harus pakai apkdan tidak bisa log incoba pakai versi web juga tidak bisa pinjam buku karena harus pakai windows hello di laptop dan perangkat tambahan di tab yang tidak tersedia semoga ada perbaikanpaling tidak compatible dengan ebook reader agar membaca lebih nyaman,negative,devicesamsung atab huawei matepad sebook reader meebookdi hp tab log tidak pinjam buku errordi ebook reader tidak compatible pakai apkdan tidak log incoba pakai versi web tidak pinjam buku pakai windows hello laptop perangkat tambah tab tidak sedia moga perbaikanpaling tidak compatible ebook reader baca nyaman
error terus enggak bisa dipakai baca buku sama sekali,negative,error enggak pakai baca buku
versi updatenya kacau,neutral,versi updatenya kacau
eror mulu ngapa deh gaguna anjir tiap mau pinjem enggak bisa terus,negative,eror mulu ngapa deh gaguna anjir pinjem enggak
mau pinjam buku tidak bisa cta nya enggak muncul,negative,pinjam buku tidak cta nya enggak muncul
aplikasi tidak bisa dibuka sampai sekarang mohon bantuannya ipusnas,negative,aplikasi tidak buka mohon bantu ipusnas
kenapa ya sudah enggak bisa pinjam buku di ipusnas error kah atau bagaimana,negative,ya enggak pinjam buku ipusnas error kah
kak enggak bisa pinjam buku kenapa,neutral,kak enggak pinjam buku
when i klik pinjam itu shows javalangillegalstateexception expected begin_object but was string at path please fix itu,negative,klik pinjam shows javalangillegalstateexception expected begin object string path please fix
saya mau download buku untuk dibaca namun tidak bisa di unduh muncul tulisan tolong segera diperbaiki sudah lama ini begini terus,negative,download buku baca tidak unduh muncul tulis tolong baik
ini enggak pernah di maintenance apa ya riwayat buku yang dibaca pada enggak ada terus mau pinjem error terus kesel banget,negative,enggak maintenance ya riwayat buku baca enggak pinjem error kesel banget
error melulu buku apapun enggak bisa dipinjam saya uninstall saja deh byebye,negative,error melulu buku apa enggak pinjam uninstall deh byebye
saya suka baru kali membaca buku disini namun selanjutnya mau pinjam buku kok enggak bisa ya,positive,suka kali baca buku pinjam buku enggak ya
koleksinya enggak ada yang bisa dibaca tiap kali klik pinjam buku apapun itu tulisannya error mulu menyesal nginstall,negative,koleksi enggak baca kali klik pinjam buku apa tulis error mulu sesal nginstall
tidak dapat meminjam buku walaupun buku itu tersedia,negative,tidak pinjam buku buku sedia
enggak bisa download satupun,positive,enggak download satu
tidak bisa pinjam buku apapun aplikasi tidak kunjung di perbaiki,negative,tidak pinjam buku apa aplikasi tidak kunjung baik
perpustakaan digital dengan banyak genre buku seperti fiksi literasi ensiklopediadan buku cerita anak masih ada genre lainnya juga banyak bukubuku dari penulis terkenal seperti buya hamka douwes dekker sapardi djoko sedangkan user experience masih perlu perbaikan di sanasini terima kasih ipusnas untuk koleksi bukunya sangat bermanfaat update muncul error saat meminjam buku yang direkomendasikan,positive,pustaka digital genre buku fiksi literasi ensiklopediadan buku cerita anak genre bukubuku tulis kenal buya hamka douwes dekker sapardi djoko user experience baik sanasini terima kasih ipusnas koleksi buku manfaat update muncul error pinjam buku rekomendasi
update sekarang saya menggunakan android dan error javalangillegalstateexception jadi ya tidak bisa pinjam update selalu force close saat mau baca buku yang sudah di pinjam saya pakai android bagus banget bermanfaat sekali semoga lebih banyak koleksi buku barusnya termasuk buku yang lagu populer saat ini oh ya satu pertanyaan bagaimana caranya memasukkan buku ke wishlist ya dicaricari kok enggak ketemu,positive,update android error javalangillegalstateexception ya tidak pinjam update force close baca buku pinjam pakai android bagus banget manfaat moga koleksi buku barusnya buku lagu populer oh ya masuk buku wishlist ya dicaricari enggak ketemu
kenapa sih tiap mau klik pinjam buku selalu keterangannya error javascript melulu apapun buku yang mau dipinjam,negative,sih klik pinjam buku terang error javascript melulu apa buku pinjam
buku tidak bisa dipinjam mohon bantuannya untuk memperbaiki bug pada aplikasi,negative,buku tidak pinjam mohon bantu baik bug aplikasi
tibatiba enggak bisa pinjam buku sudah klik pinjam tapi ada tulisan java error dll sudah bolakbalik uninstallinstall tapi tetap enggak bisa pinjam buku,negative,tibatiba enggak pinjam buku klik pinjam tulis java error dll bolakbalik uninstallinstall enggak pinjam buku
sangat tidak user friendly dan sering error,negative,tidak user friendly error
why i cant read the book is always error if i borrow a book cannot open itu,negative,cant read book always error borrow book open
selalu error saat mau pinjam buku maaf saya uninstall,negative,error pinjam buku maaf uninstall
enggak bisa pinjem buku eror terus,negative,enggak pinjem buku eror
sejak semalam enggak bisa pinjam buku sudah coba berulang kali apa servernya sedang bermasalah,negative,malam enggak pinjam buku coba ulang kali servernya masalah
kualitas sudah bagus koleksi buku sudah banyak tapi tidak bisa meminjam dan muncul java lang setiap klik pinjam mohon bantuannya,negative,kualitas bagus koleksi buku tidak pinjam muncul java lang klik pinjam mohon bantu
muncul error ketika mau pinjam error javalangllegalstateexception expected begin_object but was,negative,muncul error pinjam error javalangllegalstateexception expected begin object
force close unable tapi download confusing queue mechanism great,positive,force close unable download confusing queue mechanism great
enggak bisa pinjem buku sudah lebih dari kali coba dan pas cek ke rak buku nya enggak ada,neutral,enggak pinjem buku kali coba pas cek rak buku nya enggak
semoga ini dianggap kritik yang membangun ya jujur awalnya aku suka nemu apps ini deh berhasil beberapa kali pinjam tapi akhir ini setiap klik button pinjam selalu ada error system java lang bla bla bla deh coba report juga di menu bantuan juga belum ada respon dan perbaikan bahkan sudah sempat install ulang masih sama saja jadi ya kecewa sih kita kita ini butuh aplikasi seperti ini baca mudah dan bisa dimana saja gratis pula jadi please noted concern saya ini yamksih,positive,moga anggap kritik bangun ya jujur suka nemu apps deh hasil kali pinjam klik button pinjam error system java lang bla bla bla deh coba report menu bantu respon baik install ulang ya kecewa sih butuh aplikasi baca mudah mana gratis please noted concern yamksih
enggak bisa pinjam buku dan sudah lama kayak begini enggak pernah ada perbaikan sama sekali tolong lah,neutral,enggak pinjam buku kayak enggak baik tolong
useless app tidak bisa pinjam buku apapun,negative,useless app tidak pinjam buku apa
benaran ya min sumpah jengkel benar ini sudah dari waktu itu loh ya gua mau pinjam buku masih enggak bisa bisa sampai sekarang ayolah min kalo rating apk lu sudah jelek ya improve lah benerin apa yang perlu dibenerin ini gua lagi butuh banget soalnya elah masih saja tetap enggak bisa pinjam buku perbaiki secepatnya error nya tolong,negative,benar ya min sumpah jengkel ya gua pinjam buku enggak ayo min kalo rating apk jelek ya improve benerin dibenerin gua butuh banget elah enggak pinjam buku baik cepat error nya tolong
ini kenapa sih rusak banget aplikasinya jelek kacau enggak kayak tahun kemarin sebelum tampilannya berubah kayak begini mau download enggak bisa sudah uninstal juga enggak bisa plis benerin aplikasi ya allah pak bu ini kita mau baca doang loh ya allah istigfar ih,negative,sih rusak banget aplikasi jelek kacau enggak kayak kemarin tampil ubah kayak download enggak uninstal enggak plis benerin aplikasi ya allah bu baca doang ya allah istigfar ih
bangun indonesia cerdas,neutral,bangun indonesia cerdas
enggak bisa minjem buku sudah minggu kacau,neutral,enggak minjem buku minggu kacau
lebih sering error susah juga mencari buku kalo enggak lihat dari riwayat bacaan orang lain masih banyak yang harus diperbaiki kapan anjir dibenerinnya lama benar eror,negative,error susah cari buku kalo enggak lihat riwayat baca orang baik anjir dibenerinnya eror
setelah diupdate aplikasinya tidak bisa dibuka kalaupun bisa dibuka ketika baca tiba tiba force close dan ini terjadi sudah lama sudah berbulan bulan tapi tetap juga tidak diperbaiki mengapa sih edited benaran enggak bakal diperbaiki kah sekarang force close nya jarang terjadi tapi menambah masalah jadi sulit pinjam buku padahal stok copy bukunya masih banyak mengapa sih,negative,diupdate aplikasi tidak buka buka baca force close bulan tidak baik sih edited benar enggak baik kah force close nya jarang tambah sulit pinjam buku stok copy buku sih
momen ketika apps ngebug error swasta update sistem debugging benerin server dll jam kelar bahkan lebih cepat pemerintah nyante dulu enggak sih baru bulan ngebug,negative,momen apps ngebug error swasta update sistem debugging benerin server dll jam kelar cepat perintah nyante enggak sih ngebug
ini kenapa enggak bisa melulu mau pinjamm baru juga mencoba sudah kecewa,negative,enggak melulu pinjamm coba kecewa
sayang sekali selalu gagal mengunduh buku yang hendak dibaca bahkan ketika saya coba unduh buku random tetap tidak bisa,negative,sayang gagal unduh buku baca coba unduh buku random tidak
aplikasi eror saya tidak bisa meminjam buku apapun,negative,aplikasi eror tidak pinjam buku apa
ada apa dengan ipusnas enggak bisa minjem buku eror mulu tolong diperbaiki,neutral,ipusnas enggak minjem buku eror mulu tolong baik
enggak bisa download bukunya padahal sebelumnya bisa,neutral,enggak download buku
for almost weeks i couldnt borrow books via this apps every time i click pinjam the notification javalangillegal xxx appears why does that happen please fix itu sok everyone can access again,negative,almost weeks couldnt borrow books via apps every time click pinjam notification javalangillegal xxx appears happen please fix sok everyone access
aplikasinya sebenarnya bangus banget cuman kenapa ini sudah hampir sebulan enggak bisa pinjem bukuu,negative,aplikasi bangus banget cuman bulan enggak pinjem bukuu
perbaiki dong muncul pesan error javalangillegalstateexception terus,negative,baik muncul pesan error javalangillegalstateexception
error saat meminjam tolong cek bugs,negative,error pinjam tolong cek bugs
enggak bisa pinjem buku ih error apa ya,negative,enggak pinjem buku ih error ya
lama banget dibenerin bugnya astaga,neutral,banget dibenerin bugnya astaga
mengapai coba update ui tampilan kalau enggak guna buatlah yang simpel tapi bisa bermanfaat kalau punya proyek program buat masyarakat mbok ya dirampungin tuntas bisa kannnn,positive,kapai coba update ui tampil enggak buat simpel manfaat proyek program masyarakat mbok ya dirampungin tuntas kannnn
malah enggak bisa pinjam buku,neutral,enggak pinjam buku
aplikasi literasi enggak keurus yang penting makan sampai mampus,negative,aplikasi literasi enggak urus makan mampus
enggak bisa pinjem buku selalu error koleksi buku enggak lengkap,negative,enggak pinjem buku error koleksi buku enggak lengkap
aneh selalu enggak bisa mendownload buku yang ingin di pinjam tolong developer di perbaiki dan dibenahi lagi aplikasinya,negative,aneh enggak mendownload buku pinjam tolong developer baik benah aplikasi
error mulu,negative,error mulu
tidak bisa pinjam buku,negative,tidak pinjam buku
enggak bisa pinjam buku loading terus,neutral,enggak pinjam buku loading
fungsi pinjam gagal terus tolong perbaiki bug terima kasih,positive,fungsi pinjam gagal tolong baik bug terima kasih
bagaimana sih ini sering banget error padahal sinyalnya lancarlancar saja belum lagi suka tibatiba keluar sendiri dari aplikasinya terus susah buat ngunduh buku ditambah stok bukunya dikit banget jadinya enggak nyaman mau baca juga mohon tanggapannya dan tolong ubah jadi lebih baik dong tambahan januari ini kenapa jadi enggak bisa minjem sih padahal stoknya full lho tolong dong ini solusinya bagaimana harus ada perkembangan dong jangan begitu saja bagaimana sih,positive,sih banget error sinyal lancarlancar suka tibatiba aplikasi susah ngunduh buku tambah stok buku dikit banget enggak nyaman baca mohon tanggap tolong ubah tambah januari enggak minjem sih stok full lho tolong solusi kembang sih
bukunya enggak ada yang bisa dipinjam keterangan error java lang ilegal apakah ada solusi,negative,buku enggak pinjam terang error java lang ilegal solusi
bagus banyak banget buku nya mulai dari yang popular sampai unpopular minus nya kadang buku yang populer mengantri nya lama banget kadang suka eror pas mau pencet pinjam lama banget menunggu nya,positive,bagus banget buku nya popular unpopular minus nya kadang buku populer antri nya banget kadang suka eror pas pencet pinjam banget tunggu nya
enggak bisa pinjem buku padahal sisa copy nya masih banyak,negative,enggak pinjem buku sisa copy nya
bukunya enggak bisa dipinjam,neutral,buku enggak pinjam
maintenance busukkkk,neutral,maintenance busukkkk
halo akhir ini setiap mencoba mengunduh buku dari ipusnas knapa gagal terus ya mohon diperbaiki sistemnya ya saya akan berikan bintang lagi kalo masalah sudah teratasi thanks,positive,halo coba unduh buku ipusnas knapa gagal ya mohon baik sistem ya bintang kalo atas thanks
jelek banget kenapa tidak dapat meminjam buku selalu dapat pemberitahuan error saat mencoba meminjam buku,negative,jelek banget tidak pinjam buku pemberitahuan error coba pinjam buku
tidak bisa meminjam error terus,negative,tidak pinjam error
dari mulai log ini pinjem buku sampai baca bukunya pasti salah satunya ada yang enggak bisa kenapa ya masalah seperti selalu saja ada,positive,log pinjem buku baca buku salah satu enggak ya
tidak bisa pinjam buku padahal tersedia java lang error,negative,tidak pinjam buku sedia java lang error
mau pinjem buku error terus sudah seminggu ini,negative,pinjem buku error minggu
benaran deh sudah hampir tahun ini enggak bisa terus mau baca buku di ipusnas sebelumnya aplikasi suka tutup sendiriforce close sekarang malah mau pinjam loading lamaaa sampai enggak bisa sudah di refresh pun enggak bisa hmmm kapan ya bisa enak pinjam dan baca buku lagi di app ini,positive,benar deh enggak baca buku ipusnas aplikasi suka tutup sendiriforce close pinjam loading lamaaa enggak refresh enggak hmmm ya enak pinjam baca buku app
sudah beberapa waktu gagal pinjam ada keterangan error setiap kali klik pinjam padahal buku tersedia mohon diperbaiki,negative,gagal pinjam terang error kali klik pinjam buku sedia mohon baik
sering error appsnya,negative,error appsnya
kenapa aku enggak bisa baca bukunya banyak stoked sudah ngeklik pinjam tapi enggak bisa di apa apai sudah dari lama,negative,enggak baca buku stoked ngeklik pinjam enggak apa
aplikasi menyebalkan,negative,aplikasi sebal
ini kenapa sih minjem buku enggak bisa heran,positive,sih minjem buku enggak heran
app nya error tidak bisa mendownload buku yang dipinjam sudah di reinstall tapi tetap sama saja masih error tolong segera diperbaiki terima kasih,negative,app nya error tidak mendownload buku pinjam reinstall error tolong baik terima kasih
ini sudah semingguan aku mau minjem buku tapi enggak bisa bisa dengan keterangan error terus tolong segera periakin dong aku sampai uninstall dan install lagi tapi masih sama,negative,minggu minjem buku enggak terang error tolong periakin uninstall install
ini bagaimana sih eror terus bukunya mau dipinjam tolong diperbaiki dong saya mau baca ini,positive,sih eror buku pinjam tolong baik baca
kenapa ipusnas enggak bisa didownload bukunya semoga kedepannya bisa diperbaiki,positive,ipusnas enggak didownload buku moga depan baik
sering macet buku yang sudah dipinjam saat mau baca enggak bisa di download masih banyak lagi jenis macetnya mohon diperbaiki dong,positive,macet buku pinjam baca enggak download jenis macet mohon baik
kalo bisa dikasih kukasih deh,positive,kalo kasih kasih deh
aplikasi nya sangat membantu,negative,aplikasi nya bantu
sudah beberapa waktu aku tidak dapat meminjam ebook di ipusnas tetapi dapat melakukan peminjaman di eperpusdikbud,negative,tidak pinjam ebook ipusnas pinjam eperpusdikbud
sudah ada perbaikan lumayan lah,positive,baik lumayan
sudah berharihari tidak bisa akses pinjam garagara enggak bisa akses ke databasenya mohon developer menangani kejadian ini,negative,berharihari tidak akses pinjam garagara enggak akses databasenya mohon developer tangan jadi
aplikasi sering eror tolonglah diperbaiki saya sangat butuh ebook ini untuk referensi skripsi,negative,aplikasi eror tolong baik butuh ebook referensi skripsi
baru balik lagi ke ipusnas setelah beberapa tahun enggak baca buku di sini ternyata tampilan layar tata letak dll berbeda dengan versi lama versi baru ini enggak lebih bagus dari yang lama dalam hal kemudahan unduh buku sudah coba berkali kali unduh buku tapi enggak ada keterangan progresnya sempat hapus aplikasi dan unduh ulang tapi tetap enggak berhasil terunduh bukunya tiap coba unduh muncul ket seperti java script ket yang sama sekali enggak menjelaskan apapun dan enggak bisa dimengerti bagaimana ya ini,negative,ipusnas enggak baca buku tampil layar tata letak dll beda versi versi enggak bagus mudah unduh buku coba kali kali unduh buku enggak terang progres hapus aplikasi unduh ulang enggak hasil unduh buku coba unduh muncul ket java script ket enggak apa enggak erti ya
butuh perbaikan banyak sekali aspek banyak loading tanpa sebab padahal jaringan tipe hp dan lainnya oke tidak muncul notif ketika buku yang masuk antrian tersedia padahal setting hp sudah allow notification fitur highlighstabilo tidak nyaman dipakai,negative,butuh baik aspek loading jaring tipe hp oke tidak muncul notif buku masuk antri sedia setting hp allow notification fitur highlighstabilo tidak nyaman pakai
tidak bisa pinjam buku sudah saya email tapi tidak response juga,negative,tidak pinjam buku email tidak response
aplikasi nya sering eror,negative,aplikasi nya eror
sudah buku mahal mau baca ebook gratispun banyak banget masalahnya bagaimana indonesia mau jadi negara dengan minat baca yang tinggi edit katanya maintenance sampai tanggal sampai detik ini masih error pada mengapai sih,positive,buku mahal baca ebook gratis banget indonesia negara minat baca edit maintenance tanggal detik error kapai sih
sudah beberapa hari ini selalu tidak berhasil meminjam error terus,negative,tidak hasil pinjam error
tidak bisa dipinjam bukunya,negative,tidak pinjam buku
makin enggak jelas ini ipusnas masa enggak bisa pinjam buku bagaimana orang mau baca,positive,enggak ipusnas enggak pinjam buku orang baca
enggak bisa pinjam bukatolong diperbaiki,positive,enggak pinjam bukatolong baik
bagus banyak buku terkini tapi sering eror mau pinjam eror berhari,negative,bagus buku kini eror pinjam eror hari
experience baca tidak senyaman goole play book,positive,experience baca tidak nyaman goole play book
eror terus,negative,eror
tidak bisa login terakhir mencoba meminjam buku juga tidak bisa mohon segera diperbaiki,negative,tidak login coba pinjam buku tidak mohon baik
i waited a long time tapi borrow a book and itu couldnt even be borrowed the application is very slow even though the network is good sok i dont want tapi use this application please fix itu,positive,waited long time borrow book couldnt even borrowed application slow even though network good sok dont want use application please fix
error mulu nih enggak bisa pinjam buku tolong perbaiki,negative,error mulu nih enggak pinjam buku tolong baik
tolong diperbaiki sudah lebih satu minggu tidak bisa meminjam buku apapun,negative,tolong baik minggu tidak pinjam buku apa
sangat menyenangkan membaca bukubuku di sini namun akhirakhir ini aplikasinya tidak berjalan dengan baik buku tidak bisa dipinjam padahal stoknya masih tersedia banyak mohon untuk segera diperbaiki ya terima kasih,negative,senang baca bukubuku akhirakhir aplikasi tidak jalan buku tidak pinjam stok sedia mohon baik ya terima kasih
sejak diupdate history hilang semua fiturnya makin aneh tetap saja ke log out sendiri jatohnya malan downgrade benar benar hapus saja aplikasinya kalo kayak begini katanya lagi pembaruan sistem tapi enggak selesai selesai,negative,diupdate history hilang fiturnya aneh log jatohnya malan downgrade hapus aplikasi kalo kayak baru sistem enggak selesai selesai
aplikasi selalu bermasalah dan eror kadang tidak bisa login dan mengunduh file kadang juga tibatiba tidak bisa untuk dibaca secara offline mohon segera ditingkatkan kualitasnya karena mood baca juga kadang bisa naik turun kalau selalu ada permasalahan dari aplikasinya saya jadi malas pakai aplikasi ini kalau masalahnya selalu ituitu saja dan tidak ada perbaikan yang permanen,negative,aplikasi masalah eror kadang tidak login unduh file kadang tibatiba tidak baca offline mohon tingkat kualitas mood baca kadang turun masalah aplikasi malas pakai aplikasi ituitu tidak baik permanen
makin kesini aplikasinya makin jelek sudah enggak bisa dipinjem bukunya kadang enggak bisa log ini katanya mau diperbaiki tapi sampai sekarang masih jelek,negative,kesini aplikasi jelek enggak dipinjem buku kadang enggak log baik jelek
error terus sudah berharihari buku tersedia tapi tidak bisa dipinjam,negative,error berharihari buku sedia tidak pinjam
banyak sekali penurunan kualitas aplikasi setelah di uptade terjadi perubahan tampilan aplikasi tetapi secara isi masih banyak yang yang perlu diperbaiki banyak sekali data riwayat peminjaman hilang setelah di update kemudian buku buku yang akan dipinjam begitu sulit lalu suka eror ketika mau meminjam buku harapan dari saya tolong segera diperbaiki,negative,turun kualitas aplikasi uptade ubah tampil aplikasi isi baik data riwayat pinjam hilang update buku buku pinjam sulit suka eror pinjam buku harap tolong baik
sering eror parah,negative,eror parah
bukunya enggak bisa dipinjam tolong perbaiki,positive,buku enggak pinjam tolong baik
sekarang kok enggak bisa download bukunya ya,positive,enggak download buku ya
tolong ini kenapa updatean aplikasi jadi kayak begini lemot banget padahal aku coba check apps lainnya tetap normalnormal saja terus saat ini enggak bisa pinjam sama sekali tiap pinjam selalu muncul tulisan javalangillegalstateexception tolong lah diperbaiki yang benar aplikasi yang lama padahal sudah bagus ini kenapa diupdate malah jadinya begini,negative,tolong updatean aplikasi kayak lot banget coba check apps normalnormal enggak pinjam pinjam muncul tulis javalangillegalstateexception tolong baik aplikasi bagus diupdate
tidak bisa login dengan email lainnya harus pakai gmail begitu,negative,tidak login email pakai gmail
enggak bisa login sama sekali bagaimana ini parah banget,negative,enggak login parah banget
tidak bisa akses beranda mau lapor di bantuan tidak bisa uninstall install ulang tidak bisa masuk install buat akun baru tidak bisa isi kecamatan mohon untuk diperbaiki,negative,tidak akses beranda lapor bantu tidak uninstall install ulang tidak masuk install akun tidak isi camat mohon baik
lag setelah install ulang tidak bisa login,negative,lag install ulang tidak login
setelah diperbarui makin enggak jelas dan sekarang enggak bisa masuk akun selalu muncul java lang strang lah sudah seminggu enggak bisa login perbaiki ya sistemnya sangat merugikan,negative,baru enggak enggak masuk akun muncul java lang strang minggu enggak login baik ya sistem rugi
yaeelllaaatiba log out sendiri padahal lagi ada pinjaman pas log ini lagi enggak bisa masuk error terus sudah hari ke nih keburu habis waktu pinjamnyabenerin dong,negative,yaeelllaaatiba log pinjam pas log enggak masuk error nih keburu habis pinjamnyabenerin
ini kenapa lama sekali erornya aku enggak bisa masuk sudah dua harii sampai ganti email tetap enggak bisa tolong segera ditangani ya,negative,eror enggak masuk hari ganti email enggak tolong tangan ya
tidak bisa daftar dengan akun google daftar menggunakan email lain lemot pisan saat mendaftar,negative,tidak daftar akun google daftar email lot pis daftar
bagus sih cuma eror mulu,negative,bagus sih eror mulu
padahal suka banget sama ipusnas tapi sering error sekarang malah akses masuk saja error enggak bisa hufff,negative,suka banget ipusnas error akses masuk error enggak hufff
update malah error mulu login kalo bisa masuk juga kosongan garagara ganti page loginnya jadi fufufafa,negative,update error mulu login kalo masuk kosong garagara ganti page loginnya fufufafa
aplikasi enggak bisa dibuka lama sekali perbaikannya,negative,aplikasi enggak buka baik
eror mulu kesel tertulis buku tersedia tapi enggak bisa dipinjem berkalikali juga eror enggak bisa dibuka,negative,eror mulu kesel tulis buku sedia enggak dipinjem berkalikali eror enggak buka
itu took sok long tapi fully load i have no problem with my connection here,negative,took sok long fully load problem connection
hanya bisa download tidak bisa daftar apa aplikasinya tidak support di tablet,negative,download tidak daftar aplikasi tidak support tablet
akses masuk membutuhkan waktu lama hingga berharihari meski berada di tempat dengan jaringan internet stabil tetap tidak ada perubahan setidaknya rutin melakukan pembaharuan server,negative,akses masuk butuh berharihari jaring internet stabil tidak ubah rutin baharu server
perpustakaan sangat bermanfaat bagi banyak orang saya harap kedepannya aplikasi ini akan lebih diperhatikan mengingat seringnya error saat login,neutral,pustaka manfaat orang harap depan aplikasi perhati error login
email ku dibilang enggak bisa login padahal beberapa hari lalu bisa aneh jadi enggak bisa login,neutral,email ku bilang enggak login aneh enggak login
mau baca buku saja susah man loading terus,negative,baca buku susah man loading
tiap buka appnya malah enggak bisa trss,neutral,buka appnya enggak trss
setelah enggak buka beberapa hari tiba tiba ngelag loading lama pas uninstall terus install lagi masa enggak bisa masuk atau daftar biar apa coba dipersulit untuk menambah wawasan,neutral,enggak buka ngelag loading pas uninstall install enggak masuk daftar biar coba sulit tambah wawas
bagaimana nih minnn enggak bisa search di pencet di bagian home saja enggak bisa,negative,nih minnn enggak search pencet home enggak
banyak banget problemnya,negative,banget problem
eror terus,negative,eror
crash terus maintenance juga lama banget melebihi dari yang dijanjikan,negative,crash maintenance banget lebih janji
the app is suck many troubles,neutral,app suck many troubles
after update jadi enggak bisa login cacattt banget pemerintah bagaimana mau naik minat baca orang indonesia kalau aplikasinya saja cacat begini,negative,update enggak login cacattt banget perintah minat baca orang indonesia aplikasi cacat
erornya tiap hari kayak negara,negative,eror kayak negara
tolong dong aplikasinya diperbaiki sudah semingguan enggak bisa dipakai lagi loading doang mau minjem buku error mulu,negative,tolong aplikasi baik minggu enggak pakai loading doang minjem buku error mulu
sudah enggak bisa dipakai kali masuk akun saja enggak bisa sudah ganti email pun tetap enggak bisa coba tolong diperbaiki lagi,positive,enggak pakai kali masuk akun enggak ganti email enggak coba tolong baik
dasar enggak becus,negative,dasar enggak becus
selalu gagal untuk meminjam buku,negative,gagal pinjam buku
kayaknya ngebug deh aplikasinya tolong perbaiki ada semingguan enggak buka nih aplikasi langsung blank halaman depannya aku coba reinstall malah enggak bisa login muncul pesan error java begitu tolong di perbaiki ya penting banget buat bacaan,negative,kayak ngebug deh aplikasi tolong baik minggu enggak buka nih aplikasi langsung blank halaman depan coba reinstall enggak login muncul pesan error java tolong baik ya banget baca
enggak bisa login lagi nih,neutral,enggak login nih
buat tampilan amplikasinya sudah lebih baik dan lebih enak tapi kenapa makin kesini makin enggak bisa dibuka kalau enggak reload dia force close kalau bisa termuat aplikasinya enggak bisa pinjam bukunya atau tibatiba enggak ada tombol pinjam bukunya mohon dong develeper tingkatkan aplikasi ini lebih baik soalnya saya suka banget dengan aplikasi ini terima kasih,negative,tampil amplikasinya enak kesini enggak buka enggak reload force close muat aplikasi enggak pinjam buku tibatiba enggak tombol pinjam buku mohon develeper tingkat aplikasi suka banget aplikasi terima kasih
error enggak bisa masuk,negative,error enggak masuk
ini enggak bisa diakses aplikasinya mau login enggak bisa sudah coba reinstall ulang tetap enggak bisa bugnya tolong diperbaikj,neutral,enggak akses aplikasi login enggak coba reinstall ulang enggak bugnya tolong diperbaikj
tidak bisa login setelah pembaruan aplikasi,negative,tidak login baru aplikasi
tolong diperbaiki dong masa sering eror,negative,tolong baik eror
plis aplikasi ini berguna banget banget banget tapi kenapa sering crash awalnya enggak bisa minjem buku setiap mau minjem muncul peringatan error begitu tapi kok malah sekarang berandanya juga jadi kosongg plis perbaiki secepatnya,negative,plis aplikasi guna banget banget banget crash enggak minjem buku minjem muncul ingat error beranda kosongg plis baik cepat
kenapa lagi sih astagaaaaa,neutral,sih astagaaaaa
ini konsepnya bagaimana masa aku mau daftar enggak bisa terus padahal internet sudah kencang,negative,konsep daftar enggak internet kencang
sudah beberapa hari coba pinjam tetap enggak bisa sudah di uninstall terus install ulang tetap sama saja,positive,coba pinjam enggak uninstall install ulang
plzzz dong mau baca buku ini kenapa error mulu kithatiq,negative,plzzz baca buku error mulu kithatiq
kenapa mau log ini susah sekali padahal jaringan kuota internet lancar banget,positive,log susah jaring kuota internet lancar banget
error terus enggak bisa pinjam buku,negative,error enggak pinjam buku
parah minjam ebook saja enggak bisa,negative,parah minjam ebook enggak
ini kok malah enggak bisa pinjam ya habis di update,positive,enggak pinjam ya habis update
coba download lagi untuk yang kedua kalinya alhamdulillah bisa masuk tapi bukunya tidak bisa dipinjam eror terus mohon diperbaiki,negative,coba download kali alhamdulillah masuk buku tidak pinjam eror mohon baik
min tolong diperbaikin dong minmasa enggak bisa pinjem buku gegara bug,negative,min tolong diperbaikin minmasa enggak pinjem buku gegara bug
aplikasibjelek,neutral,aplikasibjelek
mass ini kenapa saya tidak bisa pinjam bukunya ya padahal saya sudah memenuhi syaratnya mohon di perbaiki terimakasih,positive,mass tidak pinjam buku ya penuh syarat mohon baik terimakasih
enggak bisa pinjem buku error java terus bagaimana ini developernya,negative,enggak pinjem buku error java developer
please fix the bugi cant download orang even read a book fix the code on your app itu says error,negative,please fix bugi cant download orang even read book fix code app says error
mau lanjut baca kenapa eror puladan mau minjem judul lain sama saja,neutral,baca eror puladan minjem judul
tidak bisa pinjam buku apapun meski tersedia untuk dipinjam,negative,tidak pinjam buku apa sedia pinjam
suka error,negative,suka error
pecat programmer anda ini app enggak berfungsi error enggak bisa pinjam buku ngoding masih pakai java yang benar saja bos duit pajak gue dibayar buat nge hire programmer bingung yang bahkan enggak ngebaca review app nya sendiri tolong pihak perpustkaan indonesia segera diatasi atau saya viralkan betapa sampahnya layanan aplikasi anda,negative,pecat programmer app enggak fungsi error enggak pinjam buku ngoding pakai java bos duit pajak bayar nge hire programmer bingung enggak ngebaca review app nya tolong perpustkaan indonesia atas viralkan betapa sampah layan aplikasi
enggak bisa pinjam sama sekali meskipun buknya tersedia beratus ratus copy string error atau apalah,negative,enggak pinjam buk sedia atus ratus copy string error apa
tadinya saya hanya beri bintang sayang sekali malah ada kendala saat saya akan meminjam buku tidak bisa dipinjam setiap saya ingin pinjam selalu eror bukan buku saja tapi semua buku eror saya berharap banyak ada perbaikan sebelumnya tapi sepertinya tidak ada sama sekali,negative,bintang sayang kendala pinjam buku tidak pinjam pinjam eror bukan buku buku eror harap baik tidak
error terus enggak bisa pinjam,negative,error enggak pinjam
tiap klik pinjam selalu loading lama sekali padahal internet lancar buka aplikasi lain lancar bagaimana deh lihat dong review netizen ini perbaiki orang mau jadi pintar malah dipersulit sistem,positive,klik pinjam loading internet lancar buka aplikasi lancar deh lihat review netizen baik orang pintar sulit sistem
mau minjem buku kenapa error terus,negative,minjem buku error
habis update jadi enggak bisa pinjam tolong kembalikan ke versi sebelumnya atau diperbaiki,positive,habis update enggak pinjam tolong kembali versi baik
kenapa enggak bisa ya pinjam gagal enggak bisa download pokoknyatolong kenapa ya,positive,enggak ya pinjam gagal enggak download pokoknyatolong ya
edit enggak bisa pinjam buku sama sekali aduh,negative,edit enggak pinjam buku aduh
sudah beberapa hari inj error enggak bisa pinjam buku,negative,inj error enggak pinjam buku
after the update i cant even read a book anymore istg,neutral,update cant even read book anymore istg
tolong diperbaiki lagi appnya masa mau unduh atau baca buku saja harus error,neutral,tolong baik appnya unduh baca buku error
tidak bisa login sudah login berkalikali dan memastikan akun sungguh tidak bisa login saya mau membaca buku yang telah dipinjam aku di akhir tahun kembali install dan yes awal awal mudah buat pinjam buku tapi kok lama lama buat pinjam buku lagi pas mau pinjam error please tolong perbaiki min,negative,tidak login login berkalikali akun sungguh tidak login baca buku pinjam install yes mudah pinjam buku pinjam buku pas pinjam error please tolong baik min
enggak bisa pinjam buku,neutral,enggak pinjam buku
error terus ketika mau pinjam selalu tidak bisa walaupu jumlah copynya masih banyak munculnya tulisan javallngillegalstate seperti itu terus mohon solusinya,negative,error pinjam tidak walaupu copynya muncul tulis javallngillegalstate mohon solusi
buku tidak bisa dipinjam dan didownload saat akan dipinjam terdapat pop up javalangillegalstateexception saya tidak paham kenapa alhasil saya tidak bisa baca buku lagi,negative,buku tidak pinjam didownload pinjam pop javalangillegalstateexception tidak paham alhasil tidak baca buku
could not download tapi read at all,neutral,could download read
when i klik the pinjam button suddenly the app is crashing and the book not eve loaded yet,neutral,klik pinjam button suddenly app crashing book eve loaded yet
entah kenapa enggak bisa pinjam buku satu pun sudah ganti device dan ganti akun pun tetap enggak bisa kenapa jadi begini,neutral,enggak pinjam buku ganti device ganti akun enggak
terakhir awal desember masih oke loh baru baru ini menyedihkan sekali fitur search buku tidak bisa sudah unduh buku pinjam buka kembali di esok hari diminta unduh juga dan ada pop up error arghhhhhhhhhhhh ayo dong developernya perbaiki bugnya,negative,desember oke sedih fitur search buku tidak unduh buku pinjam buka esok unduh pop error arghhhhhhhhhhhh ayo developer baik bugnya
admin tolong diperbaiki aplikasinya ya ini ngebug sudah lama banget saya sengaja capslock begini supaya di notice nih komennya biar ceoet dibenerin sistemnya terimakasih ya,positive,admin tolong baik aplikasi ya ngebug banget sengaja capslock notice nih komennya biar ceoet dibenerin sistem terimakasih ya
bukunya masih tersedia cukup banyak tapi saat dicoba dipinjam malah muncul error di sistem jadinya buku tidak bisa diakses sama sekali ini cukup mengganggu karena secara data buku masih ada tapi aplikasinya tidak berjalan dengan baik harapannya sistem bisa segera diperbaiki supaya fitur peminjaman benarbenar bisa digunakan,negative,buku sedia coba pinjam muncul error sistem buku tidak akses ganggu data buku aplikasi tidak jalan harap sistem baik fitur pinjam benarbenar
sekarang saya tidak bisa meminjam buku karena ada popup error sebelumnya saya harus install ulang karena ngehang ketika melakukan pencarian judul buku,negative,tidak pinjam buku popup error install ulang ngehang cari judul buku
kakean bug,neutral,kakean bug
java lang error kalo ada pop up pop upnya ditutup aplikasinya ikut ketutup,negative,java lang error kalo pop pop upnya tutup aplikasi tutup
keselll suka erorr terus lelet banget diperbaikinyaa,positive,keselll suka erorr lelet banget diperbaikinyaa
tampilan pada aplikasi sudah bagus namun tidak bisa meminjam dan mengunduh buku mohon perbaikannya,negative,tampil aplikasi bagus tidak pinjam unduh buku mohon baik
enggak bisa download buku,neutral,enggak download buku
app apa ini tuhan,positive,app tuhan
setelah diupate malah enggak bisa dibuka sudah berbulanbulan,neutral,diupate enggak buka berbulanbulan
mau sampai kapan aplikasinya crashed terus force close terus enggak akan diperbaiki,negative,aplikasi crashed force close enggak baik
please fix the newest bugs,negative,please fix newest bugs
setelah di update pakai gaya baru malah jadi sering keluar sendiri padahal dulu aman lancar dan enggak ada kendala lagi pemakaian sekarang saja ini setiap masuk keluar terus,negative,update pakai gaya aman lancar enggak kendala pakai masuk
banyak bug aplikasi enggak bisa dibuka,negative,bug aplikasi enggak buka
tolong ini kenapa aplikasinya terus menerus forced closed mohon diperbaiki,negative,tolong aplikasi terus forced closed mohon baik
app nya tiba ketutup terus jadi enggak bisa pinjam online lagi sedih padahal ini sumber buku lengkap banget,negative,app nya tutup enggak pinjam online sedih sumber buku lengkap banget
kenapaaaaaaaa enggak bisa download karena penyimpanan penuh mulu padahal storage hp masih aman sedangkan kalo baca harus download dulu kenapa,neutral,kenapaaaaaaaa enggak download simpan penuh mulu storage hp aman kalo baca download
the problem app is cant be opened when im ini is already out and this issue is occur frequently many people ini queue cause of limited copy,negative,problem app cant opened im already issue occur frequently many people queue cause limited copy
ketutup sendiri mulu kapan bacanya,positive,tutup mulu baca
unable tapi read any books cuz the app keeps crashing,neutral,unable read books cuz app keeps crashing
error mulu tiap mau baca buku,negative,error mulu baca buku
download gagal terus di android,negative,download gagal android
ui nya jelek tidak bisa bookmark,negative,ui nya jelek tidak bookmark
very good,positive,good
toloong saya cuma mau baca noveel kenapa selalu nutup sendiri app nya,positive,toloong baca noveel nutup app nya
data operasional ipusnas nih dipotong buat mbak apa bagaimana sih error mulu perasaan susah benar tinggal di indonesia mau baca buku gratis dan legal saja susah benar,negative,data operasional ipusnas nih potong mbak sih error mulu asa susah tinggal indonesia baca buku gratis legal susah
enggak bisa daftar,negative,enggak daftar
jelek banget error mulu,negative,jelek banget error mulu
banyak bug nya astaga aplikasi pemerintah untuk rakyat saja kalah dengan aplikasi rakyat untuk rakyat,negative,bug nya astaga aplikasi perintah rakyat kalah aplikasi rakyat rakyat
error terus,negative,error
enggak bisa dibukaaaaaaaaa tolong,positive,enggak dibukaaaaaaaaa tolong
this app always crashes after being updated its completely unusable please fix itu,negative,app always crashes updated completely unusable please fix
bagusnya cuma bisa baca buku gratis sisanya eror lemot eror lemot,negative,bagus baca buku gratis sisa eror lot eror lot
aplikasi mahal pakai uang negara tapi enggak bisa dipakai secara gampang oleh warga negara mau login masuk saja error parah,negative,aplikasi mahal pakai uang negara enggak pakai gampang warga negara login masuk error parah
enggak bisa dibuka error mulu katanya appnya diperbarui tapi malah enggak bisa dipakai,negative,enggak buka error mulu appnya baru enggak pakai
kenapa ya enggak bisa masuk ke aplikasi nya baru masuk langsung keluar dari aplikasiii padahal baru download di download ulang pun tetap sama,negative,ya enggak masuk aplikasi nya masuk langsung aplikasiii download download ulang
terlalu sering eror padahal tadinya aplikasi ini sudah lumayan bagus,negative,eror aplikasi lumayan bagus
enter the application and suddenly itu exits itself,neutral,enter application suddenly exits
aplikasi pemerintah jelek lemot berat padahal tujuannya buat baca malah dibikin nekoneko,negative,aplikasi perintah jelek lot berat tuju baca bikin nekoneko
selalu crash dan menutup otomatis aplikasinya,negative,crash tutup otomatis aplikasi
the app keeps crashing everytime i open itu itu closes immediately,negative,app keeps crashing everytime open closes immediately
kenapa aplikasi lokal buatan pemerintah itu kok sering error ya,negative,aplikasi lokal buat perintah error ya
force closed terus,negative,force closed
kenapa force closed melulu tiap mau buka buku pinajamannyaa padahal sudah versi terbaru dan ram aman azaa huhh jadi enggak pernah kepake kan,negative,force closed melulu buka buku pinajamannyaa versi baru ram aman azaa huhh enggak kepake
keluar otomatis mulu,positive,otomatis mulu
aplikasinya kenapa deh keluar sendiri mulu jadi enggak bisa dipakai,negative,aplikasi deh mulu enggak pakai
force stop i cant open the app nor read a book,negative,force stop cant open app read book
aplikasi ipusnas sangat membantu tapi saya punya saran nih bisa ditambah fitur favorit untuk menyimpan buku yang mau dibaca lagi dan fitur daftar baca buat menyimpan buku yang nemu tapi belum mau pinjam sekarang jadi pas lagi seru browsing buku yang kelihatan menarik bisa langsung disimpan dulu semoga ada di update selanjutnya ya,positive,aplikasi ipusnas bantu saran nih tambah fitur favorit simpan buku baca fitur daftar baca simpan buku nemu pinjam pas seru browsing buku tarik langsung simpan moga update ya
setelah diperbarui mau menemukan buku berdasarkan genre tidak muncul hanya loading saja,negative,baru temu buku dasar genre tidak muncul loading
diupdate palah jadi makin enggak jelas buat apa antre kalo deh dapat bukunya either enggak bisa didownload atau bisa tapi jadi enggak bisa buka aplikasinya useless lama lama,negative,diupdate palah enggak antre kalo deh buku either enggak didownload enggak buka aplikasi useless
tidak bisa buka buku di android,negative,tidak buka buku android
sudah dua kali setelah unduh buku yang dipinjam aplikasi jadi bermasalah sebelumnya aplikasi selalu force close sekarang tiap bukunya mau dibaca aplikasi selalu kembali ke halaman rak buku buku yang sudah dipinjam jadinya enggak bisa dibaca tolong perbaiki,negative,kali unduh buku pinjam aplikasi masalah aplikasi force close buku baca aplikasi halaman rak buku buku pinjam enggak baca tolong baik
semakin hari semakin jeleg,neutral,jeleg
kalau bisa minus saya kasih bintang minus ini ebook nya enggak bisa didownload buat apa coba aneh banget ye konoha,negative,minus kasih bintang minus ebook nya enggak didownload coba aneh banget ye konoha
aplikasi yang padahal berguna banget tapi sering eror kadang keluar sendiri sudah begitu waktu pinjamnya jadi dikit banget cuma hari mohon untuk diperbaiki lagi aplikasinya dan perpanjang waktu pinjamnya ya terima kasih,positive,aplikasi guna banget eror kadang pinjam dikit banget mohon baik aplikasi panjang pinjam ya terima kasih
setelah update malah enggak bisa login,neutral,update enggak login
setelah update enggak bisa dibuka kok makin enggak bisa di buka ya,positive,update enggak buka enggak buka ya
i cannot di anything but ada more books tapi the queue after this app is updated automatically the app closes on its own after i click on the borrow button pls fix this,negative,anything books queue app updated automatically app closes click borrow button pls fix
aplikasi sering keluar sendiri aplikasi pemerintah memang enggak pernah bagus,negative,aplikasi aplikasi perintah enggak bagus
not working on si ultra pls fix itu thx,negative,working si ultra pls fix thx
error nih aplikasi tolonglah di update perbaiki dengan optimal,negative,error nih aplikasi tolong update baik optimal
buset deh ini app kenapa tiap bacaannya mau diunduh gagal terus ya,positive,buset deh app baca unduh gagal ya
maaf harus ngerating buruk karena dari beberapa hari kemarin selalu force closed mulu tiap bukagimana mau baca deh,negative,maaf ngerating buruk kemarin force closed mulu bukagimana baca deh
i cant open this app,negative,cant open app
app nya crash terus di versi terbaru bahkan cuman nambahin buku ke pinjaman begitu crash dan enggak bisa dibuka lagi appnya,negative,app nya crash versi baru cuman nambahin buku pinjam crash enggak buka appnya
please fix ur app,negative,please fix ur app
tiap kali buka aplikasi langsung keluar sendiri sudah berapa kali coba tetap keluar sendiri terus sudah hapus memory tapi tetap sama,negative,kali buka aplikasi langsung kali coba hapus memory
kenapa sih sering down,neutral,sih
app nya bagus buat baca ebook apalagi banyak juga yang gratis tapi ditingkatkan lagi ya sering tiba keluar dari app sering error,positive,app nya bagus baca ebook gratis tingkat ya app error
unknown,neutral,unknown
pls help why cant download the book,negative,pls help cant download book
the updated version doesnt work properly the app keeps on force stopping how sama i supposed tapi read if the app cant even sit still for even a minute ugh itu sucks,negative,updated version doesnt work properly app keeps force stopping supposed read app cant even sit still even mute ugh sucks
ipusnas noob banget websitenya dihack judol dong wkwk kalian yang backend aplikasi ini benaran orang itu bukan sih fiturnya juga jelek enggak berkembang minimal diupdate sikitt lahhhh keamanannya kapan majunya deh rakyat mau baca buku gratis saja susah,negative,ipusnas noob banget websitenya dihack judol backend aplikasi benar orang bukan sih fiturnya jelek enggak kembang minimal diupdate sikitt lahhhh aman maju deh rakyat baca buku gratis susah
getting error force close when i try tapi open itu,negative,getting error force close try open
itu keeps crashing,neutral,keeps crashing
pleaseee ini enggak bisa di buka padahal buku nya bagus tapi memang apk nya jelekk kayak lemott banget terus nanti pas mau di buka kembali sendiri as mau minjam enggak bisa too bad,negative,pleaseee enggak buka buku nya bagus apk nya jelekk kayak lemott banget pas buka minjam enggak bad
anonatenya jelek enggak bisa dikontrol,negative,anonatenya jelek enggak kontrol
this app totally trash after being updated my apps always closed when i want tapi read borrowed book and sometimes its blank also i need tapi wait for sok long on the queue list i dont know is itu because less copied orang people borrowed itu for too long please fix this,negative,app totally trash updated apps always closed want read borrowed book sometimes blank also need wait sok long queue list dont know less copied orang people borrowed long please fix
yang awalnya sudah bagus setelah beberapa kali update semakin banyak bug dan sekarang tidak bisa dipakai,negative,bagus kali update bug tidak pakai
force closed every time i open the apps,negative,force closed every time open apps
rating nya makin hancur padahal sudah update jor joran pantas sih memang soal connection memang parah banget ini mau buka saja loading mulu padahal sinyal lancar app mungil begini saja bukanya susah banget,negative,rating nya hancur update jor joran sih connection parah banget buka loading mulu sinyal lancar app mungil buka susah banget
aplikasi yang bagus,negative,aplikasi bagus
padahal pas awal lancar saja tapi pas akhiran sering eror dan saat ini tidak bisa login melalui akses apapun bahkan sampai saya coba hapus dan donlod ulangpun tidak bisa,negative,pas lancar pas akhir eror tidak login akses apa coba hapus donlod ulang tidak
jelek banget sumpah apa karena maintenance nya digaji umr makanya jelek banget begini,negative,jelek banget sumpah maintenance nya gaji umr jelek banget
aplikasinya lag terus gampang logout sendiri pas sudah masuk enggak bisa pinjam buku langsung out sendiri please perbaiki dong,negative,aplikasi lag gampang logout pas masuk enggak pinjam buku langsung please baik
literasi sambil menahan emosi tolong diperbaiki terima kasih,positive,literasi tahan emosi tolong baik terima kasih
error error error and still error i have a headache,negative,error error error still error headache
balikin versi yang lama saja deh versi terbarunya kebanyakan lag aplikasi lama kebuka download gagal mulu versi lama bisa baca offline versi sekarang bisa enggak sih sudah diunduh eh pas mau baca offline disuruh ngunduh lagi dan malah enggak bisa bisa kocak,negative,balikin versi deh versi baru banyak lag aplikasi buka download gagal mulu versi baca offline versi enggak sih unduh eh pas baca offline suruh ngunduh enggak kocak
tidak bisa dipakai,negative,tidak pakai
cant work on tab mi pad,neutral,cant work tab mi pad
enggak bisa kebuka lagi tolonglah ipusnas peminatmu banyak tolong diperbaiki,positive,enggak buka tolong ipusnas minat tolong baik
tolong tambahkan mode gelap,neutral,tolong tambah mode gelap
setelah di upgrade bukannya makin bagus malah makin jelek ngelag parah enggak respon mulu bintang,negative,upgrade bagus jelek ngelag parah enggak respon mulu bintang
jelek banget sekarang banyak lag enggak bisa masuk enggak kayak dulu lancar,negative,jelek banget lag enggak masuk enggak kayak lancar
lumayanlah sebelumnya sempat error tapi sekarang sudah bisa baca lagi semoga bisa terus meningkat pelayanan dan kualitasnya serta makin bertambah koleksi bukubukunya,positive,lumayan error baca moga tingkat layan kualitas tambah koleksi bukubukunya
tidak bisa digunakan selama beberapa bulan terakhir semoga bisa segera diperbaiki,negative,tidak moga baik
i cant open the app,negative,cant open app
sumpahnya selalu ngebug dan enggak bisa dibuka enggak tau kenapa tolong dong dibenerin,negative,sumpah ngebug enggak buka enggak tau tolong dibenerin
sedih banget mau baca buku buat menambah literasi saja susah benar ya apakah aplikasi ini sudah tidak ada team developernya kak banyak keluhan tapi seperti tidak ditanggapi,negative,sedih banget baca buku tambah literasi susah ya aplikasi tidak team developer kak keluh tidak tanggap
bagaimana minat baca orang kita bisa tinggi orang salah satu aplikasi baca yang gratis ini saja enggak bisa berfungsi secara maksimal tolong banget buat terus di eval dan diperbaiki dong,positive,minat baca orang orang salah aplikasi baca gratis enggak fungsi maksimal tolong banget eval baik
used tapi be my fave app but updated version is getting worse itu keeps stopping i cant use itu too bad please recover itu soon,negative,used fave app updated version getting worse keeps stopping cant use bad please recover soon
eror mulu,negative,eror mulu
aplikasi keluar sendiri ketika dibuka,negative,aplikasi buka
can you fix this app please,negative,fix app please
always force closed when i click borrow the book,negative,always force closed click borrow book
koleksinya banyak dan bagus sayang tidak bisa diinstall di onyx poke,negative,koleksi bagus sayang tidak diinstall onyx poke
setelah diupdate aplikasi malah force close saat dibuka,negative,diupdate aplikasi force close buka
tolong perbaiki aplikasinya sangat sering logout tiba,negative,tolong baik aplikasi logout
setiap buka aplikasinya langsung kembali lagi ke home,negative,buka aplikasi langsung home
padahal sangat terbantu denga keberadaan aplikasi ini tapi sering banget bermasalah dan forced close,negative,bantu denga ada aplikasi banget masalah forced close
sebenarnya aplikasinya bagus bisa membaca buku gratislegal tapi seiring banget error kadang keluar sendiri dari aplikasi baca beberapa buku juga enggak bisa lama enggak di fix masalahnya,negative,aplikasi bagus baca buku gratislegal iring banget error kadang aplikasi baca buku enggak enggak fix
betulin bang appnya,neutral,betulin bang appnya
tidak bisa dibuka sama sekali baru masuk sedetik langsung terkeluar lagi dari app nya bayar pajak mahal tapi app negara seperti ini tidak dibenahi dengan baik,negative,tidak buka masuk detik langsung keluar app nya bayar pajak mahal app negara tidak benah
please update itu always crashes everytime i open this app ini this pasti few months,negative,please update always crashes everytime open app months
terima kasih ipusnas sudah memberi akses terbuka untuk kami masyarakat umum semoga koleksi nya tambah banyak dan berkualitas,positive,terima kasih ipusnas akses buka masyarakat moga koleksi nya kualitas
kenapa ya saya enggak bisa buka aplikasinya saya masuk terus tibatiba keluar begitu saja halo dari jaman enggak enak ini aplikasi kayak begitu diperbaiki dong,negative,ya enggak buka aplikasi masuk tibatiba halo jaman enggak enak aplikasi kayak baik
mengecewakan saya bahkan tidak bisa buka buku aplikasi berhenti sendiri dan tidak bisa digunakan,negative,kecewa tidak buka buku aplikasi henti tidak
min tolong segera di perbaiki aplikasi sering kali hang atau auto close _,negative,min tolong baik aplikasi kali hang auto close 
fox thisi cant open the app because various bug,negative,fox thisi cant open app various bug
parah banget sudah sebulanan tiap habis pinjem selalu crash benar enggak bisa baca force closed terus ih,negative,parah banget bulan habis pinjem crash enggak baca force closed ih
tolong di improve dan upgrade bagian searching buku yang dicari saat akan scroll ke bawah hasil yang keluar sangat terbatas hanya buku dan tidak bisa diperbanyak lagi buku yang munculnya padahal diketerangan jumlah buku sangat banyak hal itu membatasi saya mencari buku yang relevan dengan apa yang saya cari,negative,tolong improve upgrade searching buku cari scroll hasil batas buku tidak banyak buku muncul terang buku batas cari buku relevan cari
setiap ada buku yang dipinjam malah force close terus bagaimana mau baca tapi kalau sudah expired enggak ada buku yang dipinjam lagi bisa masuk dan caricari buku lagi,negative,buku pinjam force close baca expired enggak buku pinjam masuk caricari buku
tidak bisa digunakan sampai sekarang percuma download,negative,tidak download
kenapa crash terus tidak bisa dibuka tolong diperbaiki,negative,crash tidak buka tolong baik
lebih oke yang belum diperbarui setidaknya walaupun ui nya enggak bagus tapi bisa pinjem dan baca buku versi terbaru enggak bisa dibuka sama sekali aplikasi crash terus,negative,oke baru ui nya enggak bagus pinjem baca buku versi baru enggak buka aplikasi crash
memang enggak niat developernya dan instansi terkait yang terlibat dalam pengembangan aplikasi ini aplikasi enggak bisa di buka tiba tiba force closed idenya bagus tapi eksekusinya minus,negative,enggak niat developer instansi kait libat kembang aplikasi aplikasi enggak buka force closed ide bagus eksekusi minus
books that have been borrowed cannot be downloaded a notification always appears saying the memory is full even though there is still a lot of space please find a way out of this and other obstacles hopefully there will be improvements,negative,books borrowed downloaded notification always appears saying memory full even though still lot space please find way obstacles hopefully improvements
tolong dong perbaiki lagi aplikasinya hp saya vivo ya dengan versi android oreo aplikasi tidak bisa dibuka sama sekali setiap dibuka baru muncul logo ipusnas lalu keluar sendiri sudah saya coba hapus cache lalu instal ulang pun masih tidak ada perubahan tolong dong perbaiki lebih mendetail lagi saya sudah berbulanbulan tidak bisa pakai aplikasi ini sama sekali,negative,tolong baik aplikasi hp vivo ya versi android oreo aplikasi tidak buka buka muncul logo ipusnas coba hapus cache instal ulang tidak ubah tolong baik detail berbulanbulan tidak pakai aplikasi
delete deh makin jelek ini aplikasi,negative,delete deh jelek aplikasi
buku nya sih oke tapi enggak bisa ke download padahal koneksi oke benerin dong,positive,buku nya sih oke enggak download koneksi oke benerin
kenapa sekarang jelek begitu sih suka not responding,negative,jelek sih suka responding
error terus setiap kali mau pinjam tibatiba force quit dari tadi saya coba untuk masuk ke aplikasi keluar terus kacau,negative,error kali pinjam tibatiba force quit coba masuk aplikasi kacau
enggak bisa di buka nanti pas di buka kembali sendiri dia pleaseee padahal mau baca bukuu,positive,enggak buka pas buka pleaseee baca bukuu
ipusnas meskipun jarang dibuka kenapa tibatiba buka aplikasi dan keluar sendiri saya tidak dapat membaca mohon perbaiki kembali kestabilan aplikasinya,negative,ipusnas jarang buka tibatiba buka aplikasi tidak baca mohon baik stabil aplikasi
setelah diupdate jadi enggak bisa dibuka,neutral,diupdate enggak buka
aplikasi yang mencerdaskan bangsa sayang banget sering logout sendiri dan login lagi susaaaahhhh edit sekarang force close terus,negative,aplikasi cerdas bangsa sayang banget logout login susaaaahhhh edit force close
kenapa aplikasinya crash enggak bisa dibuka begitu terbuka langsung tertutup lagi kenapa enggak diupdate dan perbaiki,negative,aplikasi crash enggak buka buka langsung tutup enggak diupdate baik
suka ke log out sendiri enggak bisa dibuka buku yang dipinjem enggak bisa dibaca semua,positive,suka log enggak buka buku dipinjem enggak baca
sigma banget,positive,sigma banget
sering ngecrash dan maksa keluar,negative,ngecrash maksa
demi allah jelek banget ini apk tolong dong enggak bisa pinjem buku nihhhhh,positive,allah jelek banget apk tolong enggak pinjem buku nihhhhh
di update malah force close terus,negative,update force close
habis pinjam buku kok force closed terus cara baca bukunya bagaimana,negative,habis pinjam buku force closed baca buku
error teknis setelah update aplikasi crash dengan pesan no such column epub_read_locator kemungkinan ada masalah pada migrasi database mohon diperbaiki privasi riwayat baca terlihat oleh pengguna lain di linimasa tanpa opsi menonaktifkan ini berpotensi melanggar privasi karena data bacaan bersifat pribadi tambahkan pengaturan privasi untuk sembunyikan riwayat baca terima kasih,positive,error teknis update aplikasi crash pesan column epub read locator migrasi database mohon baik privasi riwayat baca guna linimasa opsi nonaktif potensi langgar privasi data baca sifat pribadi tambah atur privasi sembunyi riwayat baca terima kasih
ciri ciri orang sabar ada ipusnas di hpnya,positive,ciri ciri orang sabar ipusnas hpnya
cant open,negative,cant open
kebanyakan errornya,neutral,banyak errornya
saran untuk ui ketika membaca buku bagian atas garis bisa enggak diganti warna hitam saja contrast sama yang pakai dark mode atau pas baca malam untuk menu yang lain enggak masalah,negative,saran ui baca buku garis enggak ganti warna hitam contrast pakai dark mode pas baca malam menu enggak
lags often,neutral,lags often
aplikasi forced stop melulu kenapa ya,negative,aplikasi forced stop melulu ya
meminta update tapi enggak jalan aplikasinya bagaimana sih,negative,update enggak jalan aplikasi sih
jelek banget setiap mau buka buku yang baru dipinjam baru dipinjam belum diunduh langsung keluar sendiri,negative,jelek banget buka buku pinjam pinjam unduh langsung
setiap kali berhasil pinjam buku aplikasi selalu forced close tertutup sendiri dibuka lagi aplikasinya tertutup sendiri lagi sayang sekali padahal ini aplikasi yang bagus supaya orang suka membaca tapi masih banyak problem,negative,kali hasil pinjam buku aplikasi forced close tutup buka aplikasi tutup sayang aplikasi bagus orang suka baca problem
mengapa aplikasi terusterusan menutup sendiri,negative,aplikasi terusterusan tutup
ini kenapa force close terus ya versi sebelumnya masih bisa baca sekarang habis pinjam langsung keluar tiba enggak bisa masuk lagi,positive,force close ya versi baca habis pinjam langsung enggak masuk
di android v app crashed kakak,neutral,android v app crashed kakak
aplikasi force close di tab a,negative,aplikasi force close tab
aplikasinya sering error terus berat banget pas dipakai,negative,aplikasi error berat banget pas pakai
halaman buku tiba tiba tidak bisa dipindahkan padahal koneksi internet stabil dan terjadi berkalikali bukannya memudahkan pembaca malah bikin sakit kepala,negative,halaman buku tidak pindah koneksi internet stabil berkalikali mudah baca bikin sakit kepala
sudah pinjem ebook disini tapi pas mau dibuka malah out sendiri,positive,pinjem ebook pas buka
masih banyak bug enggak bisa unduh buku dan ganti foto profil,positive,bug enggak unduh buku ganti foto profil
apakah sudah tidak bisa di akses di android kebetulan android saya sudah tidak bisa update dan aplikasi selalu crash ketika akan membaca mohon bantuannya,negative,tidak akses android android tidak update aplikasi crash baca mohon bantu
setiap baru masuk aplikasi pasti langsung keluarkeluar terus,negative,masuk aplikasi langsung keluarkeluar
aplikasi pemerintah kok bisa begini ya padahal tujuan pembuatan aplikasi untuk membantu orang membaca dimana saja inilah mengapa sdm negara ini tidak pernah akan maju,negative,aplikasi perintah ya tuju buat aplikasi bantu orang baca mana sdm negara tidak maju
banyak pilihan bukunya tapi aplikasinya error terus tolong perbaikiiii,negative,pilih buku aplikasi error tolong perbaikiiii
setiap mau baca buku aplikasinya selalu otomatis keluar,positive,baca buku aplikasi otomatis
after forced me tapi update the app i cant open the app because its crash just go back tothe old ones dpsht,negative,forced update app cant open app crash go back tothe old ones dpsht
forced close di redmi note dan please diperbaiki bugs nya,negative,forced close redmi note please baik bugs nya
singkat saja aplikasinya jelek sering error dan lucunya kalo lagi error harus reinstall baru benar lagi juga sebelum ganti tampilan list antrean hilang semua catatan yang dibikin di dalam apknya juga lenyap ini fatal banget sih ada buku yang enggak bisa diunduh juga salah satunya lotr dan belum diperbaiki sampai sekarang heran saja sebenarnya apk ini diperhatiin enggak sih padahal sangat sangat berguna tapi bikin pengguna senang saja enggak bisa,negative,singkat aplikasi jelek error lucu kalo error reinstall ganti tampil list antre hilang catat bikin apknya lenyap fatal banget sih buku enggak unduh salah satu lotr baik heran apk diperhatiin enggak sih guna bikin guna senang enggak
aplikasi yang sangat bagus tapi sayang akhirakhir ini force closed terus tolong dong perbaiki please,negative,aplikasi bagus sayang akhirakhir force closed tolong baik please
ini kenapa app nya enggak bisa dibuka lagi ini memang disengaja atau memang app nya yang makin bapuk ya tolonglah pemerintah biarkan rakyatnya suka baca buku biarkan rakyatnya pintar kenapa fasilitas ini yang sebelumnya mudah diakses dan sangat membantu dalam pendidikan sekarang malah diputus,positive,app nya enggak buka sengaja app nya bapuk ya tolong perintah biar rakyat suka baca buku biar rakyat pintar fasilitas mudah akses bantu didik putus
jelek nge bug mulu nih apk,negative,jelek nge bug mulu nih apk
please fix this app sering force close baik di ipad maupun android sesusah itukah bikin aplikasi padahal banyak buku bagus tapi ampun banget kenapa enggak niat ya ini enggak di qa apa bagaimana,negative,please fix app force close ipad android susah bikin aplikasi buku bagus ampun banget enggak niat ya enggak qa
sekalinya berhasil minjem buku app nya force close mulu jelek banget tutup saja app enggak guna,negative,sekali hasil minjem buku app nya force close mulu jelek banget tutup app enggak
app stres,negative,app stres
ipusnasnya kok tidak bisa dibuka ya,negative,ipusnasnya tidak buka ya
aplikasinya saat ini kerap force close,negative,aplikasi kerap force close
this used tapi work well now its not functional anymore as itu always crashes,neutral,used work well functional anymore always crashes
sekarang ipusnas forcedclosed terus sangat mengganggu kalau dipusip bisa bikin app sebagus jaklitera kenapa ipusnas enggak keurus sih,negative,ipusnas forcedclosed ganggu dipusip bikin app bagus jaklitera ipusnas enggak urus sih
ngebug terus blok,neutral,ngebug blok
baru dibuka keluar sendiri terus padahal pengin baca buku,positive,buka pengin baca buku
plis memperbaiki bugs nya agak kurang nyaman,positive,plis baik bugs nya nyaman
force close terus padahal aku ingin baca kenapa sulit sekali,neutral,force close baca sulit
buka app selalu force close kenapa aplikasi dari pemerintah selalu jelek aplikasinya cuma pencitraan kah,negative,buka app force close aplikasi perintah jelek aplikasi citra kah
force closed mulu niat enggak sih,negative,force closed mulu niat enggak sih
lebih bagus versi lamanya,negative,bagus versi
kenapa ya tiap habis klik pinjam buku selalu keluar sendiri,positive,ya habis klik pinjam buku
bisa dipinjam tapi tidak bisa diunduh padahal memori kosong mohon diperbaiki tks,negative,pinjam tidak unduh memori kosong mohon baik tks
why is itu getting worse not a single book covers are properly shownits basically blank theres no tagshelf feature tapi list your tbr and the filter doesnt di anything at all good luck trying tapi browse book genre of your liking among all those outdated selfhelp books defund ikn build libraries instead,positive,getting worse single book covers properly shownits basically blank theres tagshelf feature list tbr filter doesnt anything good luck trying browse book genre liking among outdated selfhelp books defund ikn build libraries instead
akhirakhir ini kenapa aplikasinya langsung force close setiap dibuka ya,positive,akhirakhir aplikasi langsung force close buka ya
ini kenapa aplikasinya sering keluar sendiri ya,neutral,aplikasi ya
batasan pinjamnya jadi sedikit banget masa cuman hari,negative,batas pinjam banget cuman
tidak bisa dipakai karena force close terus menerus,negative,tidak pakai force close terus
aneh enggak bisa login,neutral,aneh enggak login
itu keeps closing whenever i try tapi search for a book,neutral,keeps closing whenever try search book
ketika mau baca buku aplikasi keluar sendiri,negative,baca buku aplikasi
setelah update versi terbaruaplikasi sering menutup sendiri bahkan belum sempat melihat buku yang dipinjam,negative,update versi terbaruaplikasi tutup buku pinjam
baru download kok enggak bisa kebuka ya aplikasi nya pas buka aplikasi langsung logout sendiri,positive,download enggak buka ya aplikasi nya pas buka aplikasi langsung logout
eror terus enggak bisa di buka app nya sudah sebulanan benerin tolonggg,negative,eror enggak buka app nya bulan benerin tolonggg
enggak bisa dibuka,neutral,enggak buka
tolong tambahkan screen zoom setting di mode baca,positive,tolong tambah screen zoom setting mode baca
banyak buku menarik untuk dibaca hanya saja aplikasinya sering merestart sendiri dan sekarang buku yang ada dalam rak buku tidak bisa dikembalikan meski sudah berulang kali nengetuk return update terbaru aplikasi error dan sering keluar sendiri,negative,buku tarik baca aplikasi merestart buku rak buku tidak kembali ulang kali nengetuk return update baru aplikasi error
kenapa lagi ini sorotan text tidak ada pilihan hapusnya,negative,sorot text tidak pilih hapus
jelek batt satt gue mau download nih ya semua buku pasti tulisan javaio blah blah blah inti nya error kan ah banget apaan deh nih app benerin satt developer nya mengapai,negative,jelek batt satt download nih ya buku tulis javaio blah blah blah inti nya error ah banget deh nih app benerin satt developer nya kapai
aplikasinya force close terus di hp tab sama enggak bisa dibuka,negative,aplikasi force close hp tab enggak buka
baru juga buka aplikasi langsung keluar sendiri,negative,buka aplikasi langsung
tidak berfungsi force close terus dulu palingan butuh minor improvement untuk kenyamanan pengguna dan kelengkapan koleksi setidaknya masih bisa dipakai sedangkan sekarang bahkan tidak bisa dipakai,negative,tidak fungsi force close paling butuh minor improvement nyaman guna lengkap koleksi pakai tidak pakai
suka nge lag,positive,suka nge lag
sejak update ui besarbesaran tidak hanya semua history pinjaman saya hilang lalu yang paling konyol jadi tidak bisa bookmark halaman what a joke update okt aplikasi kerap kali forced stopped sama sekali tidak bisa membuka buku aplikasi pakai uang rakyat please be considerate,negative,update ui besarbesaran tidak history pinjam hilang konyol tidak bookmark halaman joke update okt aplikasi kerap kali forced stopped tidak buka buku aplikasi pakai uang rakyat please considerate
kenapa sih akhir ini keep stopping mulu aps nya enggak bisa dipakai baca,positive,sih keep stopping mulu aps nya enggak pakai baca
satu satunya perpustakaan digital yang diharapkan tapi enggak bisa mengasih buku yang berkualitas aplikasi error terus bagaimana bisa indonesia maju kalo cari referensi buku saja susah buku enggak bisa di download buffering belum lagi close app sendiri tolong diperbaiki kita harus kemana lagi mencari sumber rujukan perkaya buku yang ada,negative,satu pustaka digital harap enggak asih buku kualitas aplikasi error indonesia maju kalo cari referensi buku susah buku enggak download buffering close app tolong baik mana cari sumber rujuk kaya buku
setelah diupdate malah sekarang aplikasi ipusnasnya enggak bisa dipakai force closed terus baru dibuka home mau mencari buku sudah auto ngeclose sendiri sudah minggu loh begini terus parah banget enggak dibenerin,negative,diupdate aplikasi ipusnasnya enggak pakai force closed buka home cari buku auto ngeclose minggu parah banget enggak dibenerin
mengantri lama banget najis,negative,antri banget najis
aplikasi selalu force close akhirnya terpaksa buka melalui website ketika sudah masuk di website diarahkan untuk ke aplikasi lagi sangat payah,negative,aplikasi force close paksa buka website masuk website arah aplikasi payah
tolong dong aplikasinya diupdate masa dikitdikit error enggak bisa login enggak bisa anotate enggak bisa pinjam padahal suka banget baca di sini please diperbaiki,negative,tolong aplikasi diupdate dikitdikit error enggak login enggak anotate enggak pinjam suka banget baca please baik
i cant login tapi this app,neutral,cant login app
setelah update malah jadi error saat selesai pengunduhan buku jadi enggak bisa baca karena selesai unduh langsung keluar aplikasi,negative,update error selesai unduh buku enggak baca selesai unduh langsung aplikasi
setelah di update buku yang sudah dipinjam tidak bisa dibaca lagi sayang banget padahal buku di ipusnas ini termasuk lengkap dan diperlukan banget mohon segera diperbaiki ya,positive,update buku pinjam tidak baca sayang banget buku ipusnas lengkap banget mohon baik ya
sumpah suka lag banget padahal asik buat bacaa bukunya juga termasuk lengkaapp,positive,sumpah suka lag banget asik bacaa buku lengkaapp
used tapi be able tapi borrow and read books now i cant even open the app whats the use of digital library if i cant access books,negative,used able borrow read books cant even open app whats use digital library cant access books
tolong dong dirawat perpustakaan digitalnya sedih banget lho sekarang jadi enggak bisa baca buku di sini padahal saya sudah mengikuti aplikasinya dari awal dan sudah pinjam ribuan buku ini kan aset berharga buat rakyat indonesia di masa sekarang ataupun masa depan saya bisa baca bukubuku yang harganya mahal atau naskah kuno berkat aplikasi ini jadi mohon banget dirawat baikbaik ini aplikasinya,negative,tolong rawat pustaka digital sedih banget lho enggak baca buku ikut aplikasi pinjam ribu buku aset harga rakyat indonesia baca bukubuku harga mahal naskah kuno berkat aplikasi mohon banget rawat baikbaik aplikasi
after update i cant download and read a single book why,positive,update cant download read single book
ini pakai pajak rakyat seharusnya kami bisa menggunakan dengan baik tapi aplikasi tidak bisa digunakan saat aplikasi dibuka langsung keluar otomatis jadi saya tidak bisa membaca buku apapun padahal saya cek internet baikbaik saja karena aplikasi lain bisa berjalan dengan baik terutama ini this economy tolong pajak kami untuk ipusnas digunakan sebaikbaiknya dengan memastikan aplikasi bisa kami gunakan untuk membaca buku saya tahu keluhan saya kemungkinan besar tidak dengar tapi saya tetap perlu menyampaikan,negative,pakai pajak rakyat aplikasi tidak aplikasi buka langsung otomatis tidak baca buku apa cek internet baikbaik aplikasi jalan economy tolong pajak ipusnas sebaikbaiknya aplikasi baca buku keluh tidak dengar
app nya selalu force close tiap habis pinjam buku benerin dong,negative,app nya force close habis pinjam buku benerin
enggak dibuka mulu sumpah mengesalkan banget,positive,enggak buka mulu sumpah kesal banget
aplikasi bug terus,negative,aplikasi bug
tidak bisa di buka,negative,tidak buka
aplikasi force close di device galaxy tab a,negative,aplikasi force close device galaxy tab
mau tunggu berapa bulan lagi baru bisa buka aplikasi ini tanpa error,negative,tunggu buka aplikasi error
force closed,negative,force closed
ipusnas ini sangat membantu untuk mencari buku secara daring baik untuk referensi atau pun sekadar ingin membaca karya sastra ironi kalau pengoperasian aplikasinya begitu buruk tolong segera diperbaiki agar dapat kembali digunakan dengan nyaman,positive,ipusnas bantu cari buku daring referensi baca karya sastra ironi operasi aplikasi buruk tolong baik nyaman
apps close by itself everytime i try tapi use itu,negative,apps close everytime try use
bug,neutral,bug
sebenarnya aplikasinya bagus ngembantu banget buat minjem buku digital menambah ilmu dan bukunya juga banyak tapi saat ngefilter buku lama banget terus juga enggak bisa search filter jadi harus ngescroll panjang padahal filter gendrenya banyak begitu juga dengan filter penulis tapi kalo mencari judul buku sudah cepat kok terima kasih,positive,aplikasi bagus ngembantu banget minjem buku digital tambah ilmu buku ngefilter buku banget enggak search filter ngescroll filter gendrenya filter tulis kalo cari judul buku cepat terima kasih
belum sempat baca aplikasinya berhenti mendadak ternyata beberapa review lainnya juga sama,negative,baca aplikasi henti dadak review
saya kira karena ini aplikasi resmi akan minim kendalaseperti error enggak bisa dibuka dan sebagainya tautau malah menjadi aplikasi yang paling menguji kesabaran pengguna enggak bisa dibuka sering log out sendiri sering error mohon perbaiki ya,negative,aplikasi resmi minim kendalaseperti error enggak buka tautau aplikasi uji sabar guna enggak buka log error mohon baik ya
bintang satu karena lumayan lengkap bukunya tapi errornya itu loh bikin mengesalkan plis deh ah cuma pengin baca dengan tenang doang pakai ada acara keluar sendiri ck,positive,bintang lumayan lengkap buku errornya bikin kesal plis deh ah pengin baca tenang doang pakai acara ck
sering tutup sendiri dan eror tak bisa dibuka semoga bisa teratasi di update terbaru,negative,tutup eror tak buka moga atas update baru
sering force closed setelah install ulang bookmark dan sorotan teks hilang semua,negative,force closed install ulang bookmark sorot teks hilang
selalu keluar aplikasi setiap membuka app sudah berulang kali mencoba tetap sama padahal baru update,negative,aplikasi buka app ulang kali coba update
habis diupdate makin jelek enggak bisa login padahal sinyal bagus selalu tibatiba keluar dari aplikasi,negative,habis diupdate jelek enggak login sinyal bagus tibatiba aplikasi
hari tidak bisa digunakan setiap masuk detik kemudian keluar begitu terus sampai sekarang tolong segera perbaiki dengan niat yang baik,negative,tidak masuk detik tolong baik niat
ini aplikasinya kenapa sih tibatiba keluar sendiri,negative,aplikasi sih tibatiba
jelek banget jir ini bukubukunya enggak bisa diunduh diupdate bukannya makin bagus malah makin hancur banyak bug juga please lah ini kan aplikasi buatan pemerintah malu dikit lah sama kualitasnya,negative,jelek banget jir bukubukunya enggak unduh diupdate bagus hancur bug please aplikasi buat perintah malu dikit kualitas
aplikasi paling busukkk enggak niattt blokkk,negative,aplikasi busukkk enggak niattt blokkk
crash mulu,negative,crash mulu
kenapa enggak bisa dibuka sih huhuuu,neutral,enggak buka sih huhuuu
really bad,negative,really bad
selalu forced close sebulan lebih jadi enggak bisa baca buku ipusnas kena efisiensi kah,negative,forced close bulan enggak baca buku ipusnas kena efisiensi kah
this app often crashed and its sok hard tapi run the program smoothly fix itu please,negative,app often crashed sok hard run program smoothly fix please
mau baca buku saja enggak bisa app nya tau macet koleksinya sih bagus tapi enggak bisa baca,negative,baca buku enggak app nya tau macet koleksi sih bagus enggak baca
aplikasi sudah updated tapi bukannya bagus malah makin sering error mana histori bacaan hilang semua lagi semenjak update makin sering force closed memori internal enggak penuh tapi dibilang penuh jadinya enggak bisa unduh buku waktu lagi scroll juga sensitive banget dikit dikit copy mana notifikasi tetap enggak muncul lagi deh jelek banget pokoknya tolong segera perbaiki lagi aplikasinya mending balik yang last version saja kalo ternyata yang baru sejelek ini,negative,aplikasi updated bagus error histori baca hilang semenjak update force closed memori internal enggak penuh bilang penuh enggak unduh buku scroll sensitive banget dikit dikit copy notifikasi enggak muncul deh jelek banget pokok tolong baik aplikasi mending last version kalo jelek
bolak balik eror ih sebel banget koleksi bukunya juga,negative,bolak eror ih sebel banget koleksi buku
keluar terus pengin baca helpp,positive,pengin baca helpp
tidak bisa dibuka,negative,tidak buka
banyak bug,neutral,bug
aplikasi tidak stabil enggak bisa log ini butuh maintenance,negative,aplikasi tidak stabil enggak log butuh maintenance
setelah update malah force close terus apa yang mau dibaca jadinya,neutral,update force close baca
apa sih ini apk kok sering banget trouble kembali sendiri bahkan enggak bisa dibukatolong benerin dong bagaimana sih,positive,sih apk banget trouble enggak dibukatolong benerin sih
koleksinya banyak dan penggunaannya mudah tapi ada beberapa hal yang perlu diperbaiki kategorinya tolong diurutkan berdasrkn abjad dong jadi lebih mudah buat menyeleksi buku yang pengin dibaca urutan bukunya juga tolong sediakan per abjad misalnya a jadi di list itu cuma ada bku dengan awalan a dst,positive,koleksi guna mudah baik kategori tolong urut berdasrkn abjad mudah seleksi buku pengin baca urut buku tolong sedia abjad list bku awal dst
padahal aplikasi ini sangat membantu saya dalam membaca buku tolong diperbaiki lagi aplikasinya keluar sendiri saat mau di buka,negative,aplikasi bantu baca buku tolong baik aplikasi buka
appnya dibuka tapi enggak ada detik langsung ketutup muluuuuu please helpp,negative,appnya buka enggak detik langsung tutup muluuuuu please helpp
sudah menunggu lama antrian buku bulan pas mau baca enggak bisa sudah ada di rak pinjam tolong benahi segera rugi,neutral,tunggu antri buku pas baca enggak rak pinjam tolong benah rugi
harusnya aplikasi ini bagus kalo di maintain dengan baik,negative,aplikasi bagus kalo maintain
aplikasi gagal diakses server down,negative,aplikasi gagal akses server
adakah teman teman progremmer atau sofwer engjiner yang bisa bekerja di ipusnas dan memperbaiki sistem yang ngebug tiap detik inisaya menua tahun menunggu buku loading pls orang pintar n baik hati di all of us a favor and fix this peace love and gaul,negative,ada teman teman progremmer sofwer engjiner ipusnas baik sistem ngebug detik inisaya tua tunggu buku loading pls orang pintar n hati us favor fix peace love gaul
why is itu always suddenly closed every time i just borrowed the new book,negative,always suddenly closed every time borrowed new book
jelek banget aplikasinya enggak pernah berubah selalu sulit mau login bagaimana literasi masyarakat indonesia naik kalau ipusnas yang online saja sulit diakses terlebih harga buku pada mahalmahal jelekkkk banget enggak pernah ada kemajuan sedikit pun sebenarnya ada enggak sih anggaran untuk ipusnas online ini,positive,jelek banget aplikasi enggak ubah sulit login literasi masyarakat indonesia ipusnas online sulit akses harga buku mahalmahal jelekkkk banget enggak maju enggak sih anggar ipusnas online
this app doesnt even work properly sok basically you cant di anything ini this app ini simpler words this app is purely garbage,neutral,app doesnt even work properly sok basically cant anything app simpler words app purely garbage
enggak bisa minjem padahal stok copy ada tbtb close app muluuuuu,negative,enggak minjem stok copy tbtb close app muluuuuu
kenapa sekarang pas mau buka langsung keluar terus padahal lagi pinjam satu buku,positive,pas buka langsung pinjam buku
apk nya membantu banget buat yang suka baca buku gratis dan aman tapi kenapa ya sering tibatiba logout sendiri jadi tertunda mau membaca copy buku juga terbatas jadi sulit kalo mau pinjem novel populer plis tambahkan jumlah copy bukunya dan bikin notifikasi pas copy buku tersediadi aku ini ada tapi cuma berlaku buat beberapa buku saja dan satu lagi mengadakan fitur bisa cari akun teman lewat emailtelp begitu biar bisa tukeran rak buku hihi semoga cepat update deh biar makin banyak yang suka baca disini,positive,apk nya bantu banget suka baca buku gratis aman ya tibatiba logout tunda baca copy buku batas sulit kalo pinjem novel populer plis tambah copy buku bikin notifikasi pas copy buku adi laku buku ada fitur cari akun teman emailtelp biar tukeran rak buku hihi moga cepat update deh biar suka baca
force close terus setelah diupdate,negative,force close diupdate
lengkap tapi bukunya enggak bisa diunduh padahal copyannya masih banyak,negative,lengkap buku enggak unduh copyannya
bagus sih cuman sering ngeleg tambahkan fitur bookmark kayak,negative,bagus sih cuman ngeleg tambah fitur bookmark kayak
ya sih kocak makin di update makin kagak bisa di buka keterangan update perbaikan bug tapi makin parah yang benar saja,negative,ya sih kocak update kagak buka terang update baik bug parah
the app force closes everytime after i borrowed a book,neutral,app force closes everytime borrowed book
okey nice elibrary aplikasi ini menyediakan banyak buku dan referensi yang bisa dibaca walaupun tidak terlalu lengkap bukunya tapi secara keseluruhan ini sudah bagus,negative,okey nice elibrary aplikasi sedia buku referensi baca tidak lengkap buku bagus
the app keeps stopping,neutral,app keeps stopping
sebetulnya senang ada aplikasi pinjam buku gratis kayak ipusnas begini tapi tolong dong sedikitsedikit eror sudah pinjam buku enggak bisa baca ktn aplikai ketutup sendiri lama banget lagi erornya,negative,senang aplikasi pinjam buku gratis kayak ipusnas tolong sedikitsedikit eror pinjam buku enggak baca ktn aplikai tutup banget eror
suka hang aplikasinya,negative,suka hang aplikasi
aplikasinya banyak eror sering banget enggak bisa ngunduh buku bahkan sering juga dibuka enggak muncul apaapa padahal sinyal lancar sayang banget mau baca saja kudu emosi dulu,negative,aplikasi eror banget enggak ngunduh buku buka enggak muncul apaapa sinyal lancar sayang banget baca kudu emosi
ini kenapa ya setiap mau masuk berapa detik keluar mau masuk keluar lagi tolong diperbaiki ya padahal sebelumnya aman saja,positive,ya masuk detik masuk tolong baik ya aman
enggak bisa kebuka,neutral,enggak buka
bugny kacau,neutral,bugny kacau
people if you want tapi read a book ini hurry go buy the book di not give this app bad revuew because you want free stuff tapi read,negative,people want read book hurry go buy book give app bad revuew want free stuff read
aplikasi tidak mau mendownload apa pun isinya putih saja benar benar menjengkelkan,negative,aplikasi tidak mendownload isi putih jengkel
aplikasinya tidak bisa dibuka setelah saya meminjam buku kesal juga padahal pengin baca buku,negative,aplikasi tidak buka pinjam buku kesal pengin baca buku
force close,negative,force close
setiap buka aplikasi langsung keluar sendiri,negative,buka aplikasi langsung
aplikasi bikinan pemerintah semuanya pada cacat deh dikasi anggaran itu buat improve jangan dikorupsi mulu,negative,aplikasi bikin perintah cacat deh kasi anggar improve korupsi mulu
tolong perbaiki aplikasinya kadang log out sendiri dan terlalu lalod aplikasinya padahal jaringan lancar kadang katanya tidak ada jaringan internet,positive,tolong baik aplikasi kadang log lalod aplikasi jaring lancar kadang tidak jaring internet
habis update tidak bisa dibuka padahal versi sebelumnya bisa,negative,habis update tidak buka versi
lagi baca buku setelah masuk dan daftar tapi tibatiba saja aplikasinya crash dan error setelahnya mau baca di meminta masuk dan daftar lagi tapi di coba berulangkalipun tidak bisa lagi daftar dan masuk masa pakai hanya satu jam sungguh mengecewakan,negative,baca buku masuk daftar tibatiba aplikasi crash error telah baca masuk daftar coba berulangkalipun tidak daftar masuk pakai jam sungguh kecewa
itu crashed keeps stopping over and over again,neutral,crashed keeps stopping
tried tapi register several times for almost an hour but still cant please fix itu,negative,tried register several times almost hour still cant please fix
dibenahin dong appnya masa dikitdikit error sehari enggak eror gatel banget apa,negative,dibenahin appnya dikitdikit error hari enggak eror gatel banget
this app is paid for by taxes but even reading a book is incredibly difficult every time something happens like the demonstration yesterday itu always crashes and theres no notification about the book queue damn app,neutral,app paid taxes even reading book incredibly difficult every time something happens like demonstration yesterday always crashes theres notification book queue damn app
the app automatically closes when im about tapi read aplikasi tertutup otomatis sebelum saya membaca,negative,app automatically closes im read aplikasi tutup otomatis baca
when i open the app is always force close,negative,open app always force close
setelah update malah jadi enggak bisa dibuka force close terus,negative,update enggak buka force close
jelek jelek jelek banget benerin dong gila parah jelek banget,negative,jelek jelek jelek banget benerin gila parah jelek banget
please fix itu asap app selalu force closed,negative,please fix asap app force closed
please fix itu,negative,please fix
ipusnas adalah aplikasi yang ratenya sama kayak akhlak sebagain wakil rakyat jelek banget,negative,ipusnas aplikasi ratenya kayak akhlak sebagain wakil rakyat jelek banget
ini kenapa lagi sih aplikasi,negative,sih aplikasi
benaran perpusatakaan digital nasional seburuk ini hadehhh,negative,benar perpusatakaan digital nasional buruk hadehhh
min gimnaa ini tiap buka ipusnas langsung keluar sendiri crash bijimane mau baca buku dan jadi pintar kalo diusir terus begini,negative,min gimnaa buka ipusnas langsung crash bijimane baca buku pintar kalo usir
capek banget sama ini apps kayak kebanyakan force close kocakk,negative,capek banget apps kayak banyak force close kocakk
app keeps on shutting down,neutral,app keeps shutting
belakangan ini enggak pernah bisa dibuka,neutral,enggak buka
berkalikali perbaikan tapi hasilnya nihil kayaknya karena kebanyakan update aplikasinya jadi berat balikin ke versi lama saja selama pakai versi lama ipusnas aku enggak pernah ada kendala pinjam buku lancar sehari baca satu buku enggak masalah waktu update semua masalah baru datang buku enggak bisa diunduh akun autologout mulu semua masalah datang after update tolong kalau diperbaiki yang benar hampir setahun begini terus loh ipusnas,positive,berkalikali baik hasil nihil kayak banyak update aplikasi berat balikin versi pakai versi ipusnas enggak kendala pinjam buku lancar hari baca buku enggak update buku enggak unduh akun autologout mulu update tolong baik tahun ipusnas
aplikasi yang bagus karena menyediakan banyak ebook untuk dibaca gratis tetapi sering sekali crash dan tidak bisa diakses semoga bisa diperbaiki lagi,negative,aplikasi bagus sedia ebook baca gratis crash tidak akses moga baik
bug dan crash saat mau buka,negative,bug crash buka
sudah tanya admin di ig katanya sudah bisa lagi ternyata sama saja sudah reinstalling berkalikali tapi tetap force close kalo tiap dibuka,negative,admin ig reinstalling berkalikali force close kalo buka
kategori bukunya mbo ya ada filter cari atau minimal urut abjad mau filter buku yang tampil laya mencari jarum dalam tumpukan jerami,negative,kategori buku mbo ya filter cari minimal urut abjad filter buku tampil laya cari jarum tumpu jerami
bug enggak mau dibuka,neutral,bug enggak buka
masa aplikasi pemerintah kayak begini jelek banget sumpah,negative,aplikasi perintah kayak jelek banget sumpah
dulu tahun sebelum dirombak abisan enggak pernah yang namanya force close atau error yang aneh sekarang setelah diperbarui dari tampilan dan segalanya kok malah jadi eror dan semua history jadi hilang juga tolong diperbaiki lagi,negative,rombak abis enggak nama force close error aneh baru tampil eror history hilang tolong baik
lemot kadang enggak bisa dibuka,negative,lot kadang enggak buka
alhamdulillah terimakasih bisa baca buku gratis dari rumah karena keterbatasan ruang dan waktu buku yang tersedia juga bervariasi novel ada untuk anak ada dll,positive,alhamdulillah terimakasih baca buku gratis rumah batas ruang buku sedia variasi novel anak dll
bad,negative,bad
sudah berapa lama aplikasinya selalu force close sedetik kebuka langsung keluar dari aplikasi detik berikutnya when will this be fixed,negative,aplikasi force close detik buka langsung aplikasi detik fixed
ipusnas kenapa sih lagi memakai tiba tiba keluar mau download buku tiba tiba enggak bisa kenapa,neutral,ipusnas sih pakai download buku enggak
tolonglah sebagai source membaca milik pemerintah bikin benaran accessible buat semua orang kenapa tiap kali update jadi enggak bisa login terus data history saya selalu hilang balikin history saya termasuk password etc update sept beberapa hari terakhir apps selalu force closed due tapi internal error begini amat mau baca buku saja,negative,tolong source baca milik perintah bikin benar accessible orang kali update enggak login data history hilang balikin history password etc update sept apps force closed due internal error baca buku
sering crash,negative,crash
eror mulu,negative,eror mulu
sudah seminggu force close terus padahal device sama os masih compatible,negative,minggu force close device os compatible
aplikasi membaca terbaik sangat membantu terima kasih ipusnas,positive,aplikasi baca baik bantu terima kasih ipusnas
waktu itu aman bisa dibuka terus tibatiba meminta diupdate sudah tuh aku update eh habis aku update malah enggak bisa dibuka aku diamkan siapa tau entar benar lagi tapi ternyata tetap susah terus aku hapus dan download ulang sampai dua kali tetap enggak bisa tolonglah bagaimana,negative,aman buka tibatiba diupdate tuh update eh habis update enggak buka diam tau entar susah hapus download ulang kali enggak tolong
aplikasi bikin tensi naik baru dibuka selalu keluar sendiri developernya enggak niat bikin aplikasi benar underrated,negative,aplikasi bikin tensi buka developer enggak niat bikin aplikasi underrated
setelah diperbaharui bukannya lebih baik malah lebih jelek sistemnya jelek enggak bisa masuk sama sekali tibatiba keluar sendiri,negative,baharu jelek sistem jelek enggak masuk tibatiba
enggak bisa daftar apalah ini aplikasi paling cuman buat money laundry para koruptor,negative,enggak daftar apa aplikasi cuman money laundry koruptor
forceclose mulu eek,negative,forceclose mulu eek
error mulu deh sering masuk ada notif enggak ada signal,negative,error mulu deh masuk notif enggak signal
setelah update aplikasi ketika dibuka sering berhenti tibatiba padahal belum klik apapun tolong developer nya ini diperbaiki soalnya bukubuku yang tersedia termasuk sudah lumayan lengkap,negative,update aplikasi buka henti tibatiba klik apa tolong developer nya baik bukubuku sedia lumayan lengkap
sering eror dan kadang enggak bisa dibuka sama sekali,negative,eror kadang enggak buka
force close,negative,force close
kok nge bug buka aplikasi tiba close,negative,nge bug buka aplikasi close
the app keeps crashing i couldnt read any borrowed books please fix this,negative,app keeps crashing couldnt read borrowed books please fix
jelek banget kenapa sih,negative,jelek banget sih
min apps nya tolong diperbaiki force close terus,positive,min apps nya tolong baik force close
bagus untuk literasi namun masih perlu ditingkatkan lagi ketika ingin menambahkan daftar buku pinjaman seringkali aplikasi keluar sendiri kedua susah sekali untuk masuk ke dalam aplikasi menggunakan akun google,negative,bagus literasi tingkat daftar buku pinjam seringkali aplikasi susah masuk aplikasi akun google
berharap apa sih sama aplikasi yang dikelola pemerintah,negative,harap sih aplikasi kelola perintah
sudah berharihari error terus enggak bisa masuk pas bisa masuk langsung nutup sendiri tolong segera dibenerin,negative,berharihari error enggak masuk pas masuk langsung nutup tolong dibenerin
terakhir update malah kepental terus its been quite a time semoga bisa lekas dibenahi,negative,update pental quite time moga lekas benah
eror mulu hih,negative,eror mulu hih
sejak di update malah tidak bisa di buka,negative,update tidak buka
aneh banget aplikasinya padahal lagi butuh buat mencari buku eh malah keluar sendiri dari aplikasi nyebeli,negative,aneh banget aplikasi butuh cari buku eh aplikasi nyebeli
kenapa ya selalu enggak bisa buka aplikasinya sudah di buka keluarkeluar sendirisedih banget padahal dulu dulu bisa buka,positive,ya enggak buka aplikasi buka keluarkeluar sendirisedih banget buka
navigasi halaman busuk aplikasi ini sebenarnya sangat bermanfaat tapi dibuat dengan sangat cacat salah klik halaman buku tibatiba kembali ke halaman awal lagi kemudian ketika keluar dari buku dan resume halaman tidak kembali ke halaman terakhir saya baca tidak ada fitur wishlist juga,negative,navigasi halaman busuk aplikasi manfaat cacat salah klik halaman buku tibatiba halaman buku resume halaman tidak halaman baca tidak fitur wishlist
saya update barubaru ini kenapa begitu masuk aplikasi belum ada lima detik sudah keluar sendiri berulangulang kali seperti itu padahal dalam deskripsi katanya bug sudah diperbaiki saya benarbenar kecewa dengan ipunas versi sekarang semakin mengalami penurunan kesempatan saya untuk membaca buku melalui perangkat ini menjadi berkurang dan sekarang tidak bisa digunakan sama sekali,negative,update barubaru masuk aplikasi detik berulangulang kali deskripsi bug baik benarbenar kecewa ipunas versi alami turun sempat baca buku perangkat kurang tidak
bercanda banget sih developernya duitnya dikemanin woy beresin nih app mending ngelag i can tolerate that lah ini habis diupdate malah makin enggak beres sudah login tapi habis itu malah nutup sendiri mulu sengaja mau bikin bego indonesia banget sudah buku mahal dikasi akses gratis malah begini beresin anjir,negative,canda banget sih developer duit dikemanin woy resin nih app mending ngelag tolerate habis diupdate enggak beres login habis nutup mulu sengaja bikin bego indonesia banget buku mahal kasi akses gratis resin anjir
i cant open the app always force close,negative,cant open app always force close
sering error tibatiba keluar sendiri apps nya,negative,error tibatiba apps nya
kalau bisa gua kasih setenga atau bhkan seperempat gua kasih dahhh mencoba di salah satu buku enggak bisa di download aku pikir itu karena buku nya kurang populerwlpn harusnya sistem kerja enggak memilih memilih rating buku pas mencoba buku yang lebih populer ketsrsediaan copy nya masih dan aku malah enggak bisa pinjem pls backend team pls di your work properly,negative,gua kasih setenga bhkan empat gua kasih dahhh coba salah buku enggak download pikir buku nya populerwlpn sistem kerja enggak pilih pilih rating buku pas coba buku populer ketsrsediaan copy nya enggak pinjem pls backend team pls work properly
aplikasi berfungsi dengan sangat baik tidak pernah crash sekalipun,negative,aplikasi fungsi tidak crash
tolong dong pemerintah ini bentuk fasilitas negara buat membaca secara gratis dan bisa diakses dimanapun saja mas ngebug begini sih duit nya habis buat gaji dpr apa bagaimana mending alokasiin nih dana buat benerin sistem ini anjir,positive,tolong perintah bentuk fasilitas negara baca gratis akses mana mas ngebug sih duit nya habis gaji dpr mending alokasiin nih dana benerin sistem anjir
gbisa daftar bro tlong bnerin dong,negative,gbisa daftar bro tlong bnerin
i cant login even though my network is good itu says please try again later i tried almost ten times btw,positive,cant login even though network good says please try later tried almost ten times
force close terus,negative,force close
habis pinjam buku appnya malah enggak bisa dibuka crash terus bakal dibenerin atau didiemin saja nih,negative,habis pinjam buku appnya enggak buka crash dibenerin didiemin nih
setiap aplikasi dibuka tampil beranda langsung hilang,negative,aplikasi buka tampil beranda langsung hilang
habis diupdate jadi enggak bisa dibuka,neutral,habis diupdate enggak buka
force closed terus tolong segera diperbaiki,neutral,force closed tolong baik
sudah sebulan ini aplikasi tidak bisa digunakan setiap kali dibuka langsung tertutup lagi ada masalah apa ya mohon bantuannya,negative,bulan aplikasi tidak kali buka langsung tutup ya mohon bantu
entah kenapa akhir ini selalu ipusnas keeps stoping padahal aku suka banget baca di apk ini,positive,ipusnas keeps stoping suka banget baca apk
aplikasi enggak niat dan sering eror,negative,aplikasi enggak niat eror
the app kept forced close though the connection is stable pls fix this,negative,app kept forced close though connection stable pls fix
apk jelek,negative,apk jelek
i cant borrow a book eventhough there is a copy available please fix this,negative,cant borrow book eventhough copy available please fix
aplikasinya gampang error pas dibuka tibatiba keluar sendiri padahal baru diperbarui,negative,aplikasi gampang error pas buka tibatiba baru
itu keeps force closed please fix itu,negative,keeps force closed please fix
sudah berharihari aplikasi force close mulu ayolah perbaiki bagaimana kita mau baca aku buka di web pc pad dan hp sama saja,positive,berharihari aplikasi force close mulu ayo baik baca buka web pc pad hp
terimakasih sangat membantu mahasiswa,positive,terimakasih bantu mahasiswa
jelek,negative,jelek
minusnya aplikasi sering error koleksi kurang lengkap beberapa buku ada yang tidak bisa diunduh plusnya bisa baca gratis,negative,minus aplikasi error koleksi lengkap buku tidak unduh plus baca gratis
kenapa ya ipusnas semakin ke sini semakin buruk kualitasnya,positive,ya ipusnas buruk kualitas
dulu app ini masih bisa dipakai sejak pindah ke versi terbaru tidak bisa lagi dipakai untuk download buku selalu gagal atau app keluar sendiri ayolah perbaiki sudah bulan ini berlangsung,negative,app pakai pindah versi baru tidak pakai download buku gagal app ayo baik
kenapa pas masuk langsung keluar sendiri ya,positive,pas masuk langsung ya
error terus,negative,error
the app isnt working force closed,negative,app isnt working force closed
menurut saya aplikasi ini biasa saja enggak ada bug atau apapun yang aneh,negative,aplikasi enggak bug apa aneh
itu crashed always stops and logs me out of the app,neutral,crashed always stops logs app
log ini saja enggak bisa bang hadehhh,neutral,log enggak bang hadehhh
daeipada gelontorin pajak ke dpr mending lu benerin nih apps literasi negara jelek banget buset,negative,daeipada gelontorin pajak dpr mending benerin nih apps literasi negara jelek banget buset
ipusnas kenapa lagi ya kok keeps stoping terus ya,positive,ipusnas ya keeps stoping ya
aplikasi buatan indonesia yang paling sering aku akses karena bagus dan bermanfaat banget masalah terbesarnya aplikasi ini sering banget trouble,positive,aplikasi buat indonesia akses bagus manfaat banget besar aplikasi banget trouble
setelah diupdate malah jadi enggak bisa dibuka sama sekali aplikasinya setiap klik aplikasinya langsung ketutup sendiri parah banget,negative,diupdate enggak buka aplikasi klik aplikasi langsung tutup parah banget
aplikasi berguna tapi sering error mohon perbaikannya,negative,aplikasi guna error mohon baik
versi sekarang jelek banget jujur kami enggak dibolehin baca buku kah setiap masuk ke aplikasi tbtb keluar dengan sendirinya,negative,versi jelek banget jujur enggak dibolehin baca buku kah masuk aplikasi tbtb
forced close terus,negative,forced close
situs perpustakaan negara tapi daftar saja susahnya meminta ampunhapus saja ini aplikasi enggak malu kalian ya,negative,situs pustaka negara daftar susah ampunhapus aplikasi enggak malu ya
padahal dulu appnya termasuk lancar untuk digunakan tapi kenapa akhirakhir ini sering gangguan ya,positive,appnya lancar akhirakhir ganggu ya
until now still many bug i cant open any books,negative,still many bug cant open books
always forced closed,negative,always forced closed
deh seharian enggak bisa dibuka kocak,negative,deh hari enggak buka kocak
aplikasi tidak bisa digunakan setiap mau masuk aplikasi malah keluar,negative,aplikasi tidak masuk aplikasi
apk buruk rusak terus sulit login percuma punya negara tapi kualitas buruk,negative,apk buruk rusak sulit login negara kualitas buruk
anggaran gede buat apa maintenence saja enggak konsisten,positive,anggar gede maintenence enggak konsisten
terkadang suka ngebug,positive,terkadang suka ngebug
why its suddenly closed when i just opened the app lu better fix itu baru i want tapi borrow sum books plsthanks,negative,suddenly closed opened app better fix want borrow sum books plsthanks
force close immediately lol,negative,force close immediately lol
semuanya aman sampai login tapi pas mau dipakai aplikasi sering keluar sendiri berulang kali,negative,aman login pas pakai aplikasi ulang kali
susah banget kak mau minjem buku tertera masih ada beberapa copy tapi mau dipinjem muncul kalimat copy tidak tersedia,negative,susah banget kak minjem buku tera copy dipinjem muncul kalimat copy tidak sedia
tolong dong aplikasinya dibenerin saya coba buka di web sebelumsebelumnya bisa dan enggak ada masalah tapi tibatiba harus download app nya dulu terus saya ganti ke app yang ada di ponsel sudah di update ke versi terbaru tapi malah enggak bisa ngapangapain ada notif tidak ada koneksi internet padahal saya buka app lain enggak ada masalah berarti bukan internet saya terus klik pinjam buku malah ke log out mencoba log ini tapi enggak bisa antara ke log out terus atau dapat notif koneksi internet buruk,negative,tolong aplikasi dibenerin coba buka web sebelumsebelumnya enggak tibatiba download app nya ganti app ponsel update versi baru enggak ngapangapain notif tidak koneksi internet buka app enggak bukan internet klik pinjam buku log coba log enggak log notif koneksi internet buruk
please diperbaikidi android apknya keluar mulu,negative,please diperbaikidi android apknya mulu
ini sistemnya lagi eror apa bagaimana sudah diperbarui malah jadi eror enggak bisa masuk aplikasi ini gaakan ada perbaikan,negative,sistem eror baru eror enggak masuk aplikasi gaakan baik
setelah update app versi terbaru hari ini setiap kali mau searchingpinjam buku loading lama tombol untuk pinjam unduh buku terlalu lama munculnya dibanding versi app sebelumnya setelah berhasil pinjam unduh buku pun saat mau klik tombol baca malah app forced closed mohon segera diperbarui bugs nya admin karena banyak yang mngeluhkn hal yang sama dari review pengguna yang lain,positive,update app versi baru kali searchingpinjam buku loading tombol pinjam unduh buku muncul banding versi app hasil pinjam unduh buku klik tombol baca app forced closed mohon baru bugs nya admin mngeluhkn review guna
just updated the app then i cannot read the book i borrow itu keeps force closed,negative,updated app read book borrow keeps force closed
ive tried tapi register tens of thousands of times ive downloaded this app over and over again but i still cant register why is this happening please fix this app its really annoying,negative,ive tried register tens thousands times ive downloaded app still cant register happening please fix app really annoying
error loginnya padahal sudah di versi terbaru dan keterangan update itu fix perihal bug dan segala macamnya,negative,error loginnya versi baru terang update fix perihal bug macam
baru mau login saja enggak bisa parah banget padahal aplikasi pemerintah yang didananin memakai duit pajak tapi jrlek banget,negative,login enggak parah banget aplikasi perintah didananin pakai duit pajak jrlek banget
misi para developer ini sebelumnya bagus banget loh bisa dibuka saya saja sering banget baca buku dari sini juga tapi pas update nih aplikasi tutup terus jadinya enggak bisa baca lagi ini mohon diperbaiki kesalahannya,negative,misi developer bagus banget buka banget baca buku pas update nih aplikasi tutup enggak baca mohon baik salah
kenapa setelah upgrade aplikasi saya tidak bisa masuk lagi tolong cepat diperbaiki ya,negative,upgrade aplikasi tidak masuk tolong cepat baik ya
error,negative,error
ini kenapa selalu tiap dibuka tidak ada koneksi internet padahal wifi dan kuota aku masih okeoke saja dan aku bisa buka apk lainnya tapi disini selalu blank dengan keterangan begitu,negative,buka tidak koneksi internet wifi kuota okeoke buka apk blank terang
nge bug mulu apalagi kalau pakai di laptop,positive,nge bug mulu pakai laptop
aplikasi enggak bisa mendeteksi jaringan padahal saya pakai wifi dan lancar sinyalnya tapi aplikasi ini malah memberi notif kalau saya enggak memiliki jaringan tolong perbaiki,positive,aplikasi enggak deteksi jaring pakai wifi lancar sinyal aplikasi notif enggak milik jaring tolong baik
whats wrong with you guyss aku cuma mau baca doang padahal tapi kenapa tiap kali update selalu enggak bisa dipakai apa gaperlu update kah mengira update buat perbaikan masih banyak pr kalian tolong segera diperbaiki love banget sama ipusnas isinya banyak buku bagus thank lu tapi sabilah diperbaiki biar enggak crash mulu,positive,whats wrong guyss baca doang kali update enggak pakai gaperlu update kah update baik pr tolong baik love banget ipusnas isi buku bagus thank sabi baik biar enggak crash mulu
permisi kak admin tolong ih aplikasinya diperbaiki aku mau ngerjain skripsi jadi terkendala soalnya enggak bisa login padahak semuanya sudah benar email kata sandi,negative,permisi kak admin tolong ih aplikasi baik ngerjain skripsi kendala enggak login padahak email sandi
bagus sebenarnya banyak buku yang mau au baca tapi aplikasnya jelek tiap mau buka enggak bisa sudah begitu pas awal login juga enggak bisa terus gangguan mulu kayaknya,negative,bagus buku au baca aplikasnya jelek buka enggak pas login enggak ganggu mulu kayak
kok sering forced close sih mohon untuk lebih diperbaiki lagi ya,positive,forced close sih mohon baik ya
apk kocak habis update kagak bisa di buka samsek,negative,apk kocak habis update kagak buka samsek
aplikasi error tidak bisa login dikatakan tidak ada jaringan internet padahal jaringan internet saya tidak ada masalah,negative,aplikasi error tidak login tidak jaring internet jaring internet tidak
jelek banget pleasee tampilan ux dan loading lama banget terus keluar keluar sendiri,negative,jelek banget pleasee tampil ux loading banget
i used tapi like this app ini fact i love tapi read ini this app but after not login for maybe month i cant login,positive,used like app fact love read app login maybe month cant login
habis update enggak bisa buka aplikasinya sudah coba uninstall terus mau login lagi malah error padahal mau ngerjain tugas,negative,habis update enggak buka aplikasi coba uninstall login error ngerjain tugas
halo kak kenapa saya enggak bisa buka aplikasi lagi ya setelah update loading sebentar langsung tutup aplikasi otomatis,negative,halo kak enggak buka aplikasi ya update loading sebentar langsung tutup aplikasi otomatis
setelah update crash enggak bisa dibuka,negative,update crash enggak buka
lumayan suka sama app ini buat aku yang suka baca novel selain novel indonesia ada juga novel terjemahan inggris juga ada pokoknya banyak buku lainnya juga app ini benaran sangat membantu walaupun ada minesnya enggak masalah buatku overall its pretty good beruntung aku nemu nih aplikasi cheers,positive,lumayan suka app suka baca novel novel indonesia novel terjemah inggris pokok buku app benar bantu mes enggak buat overall pretty good untung nemu nih aplikasi cheers
sedih banget kenapa pas login ke logout terus,negative,sedih banget pas login logout
hii ipusnas sebelum nya terimakasih sudah menciptakan aplikasi ini sebenarnya update terbaru nya sudah cukup bagus tapi akun saya yang lama jadi hilang padahal sudah bookworm riwayat bacaan dan antrian buku saya juga hilang padahal banyak yang belum sempat dibaca apalagi masih terdapat banya bug ya tolong segera diperbaiki ya semoga juga akun lama saya dapat kembali terimakasih dan terus semangat tim ipusnas,positive,hii ipusnas nya terimakasih cipta aplikasi update baru nya bagus akun hilang bookworm riwayat baca antri buku hilang baca banya bug ya tolong baik ya moga akun terimakasih semangat tim ipusnas
force close,negative,force close
ipusnas sepertinya hampir setiap hari mengalami error banyak yang ingin membaca tapi aplikasi ipusnas justru tidak mendukung apakah terkena dampak efisiensi sehingga aplikasi ini tidak ada perubahan menuju lebih baik tolong dengarkan keluhan kami sebagai pembaca dan penikmat ipusnas,negative,ipusnas alami error baca aplikasi ipusnas tidak dukung kena dampak efisiensi aplikasi tidak ubah tolong dengar keluh baca nikmat ipusnas
ngecrash mulu nih kenapa ya kena bungka juga,positive,ngecrash mulu nih ya kena bungka
mohon maaf aplikasi sering tertutupkeluar tibatiba setelah saya update mohon perbaikannya,negative,mohon maaf aplikasi tertutupkeluar tibatiba update mohon baik
woy apaansi keluar keluar mulu enggak dapat dapat buku yang di mau enggak bisa di baca setiap di baca keluar keluar mulu erorrr muluuuu mengesalkan,positive,woy apaansi mulu enggak buku enggak baca baca mulu erorrr muluuuu kesal
habis update force close terus,negative,habis update force close
suka error padahal mau baca buku tolong diperbaiki lagi ya kok ini malah habis di update malah enggak bisa dibuka deh tolong diperbaiki dong ini saya mau baca buku digital jadi terhambat,positive,suka error baca buku tolong baik ya habis update enggak buka deh tolong baik baca buku digital hambat
sudah update tapi malah enggak bisa dibuka keluar terus,neutral,update enggak buka
crash parah setelah update,negative,crash parah update
error after update cant open the app at all please fix,negative,error update cant open app please fix
jelek dikitdikit keluar dikitdikit error dikitdikit update makin update malah makin error aplikasi enggak jelas,negative,jelek dikitdikit dikitdikit error dikitdikit update update error aplikasi enggak
unresponsive,neutral,unresponsive
ini kenapa jadi enggak bisa dibuka pas sudah update hanas update atuh,positive,enggak buka pas update hanas update atuh
min ini setelah saya update aplikasinya jadi sering forceclose muluu padahal aku mau lanjutkan baca buku yang aku pinjam tempo hari yang lalu tolong segera diperbaiki minnn,negative,min update aplikasi forceclose muluu lanjut baca buku pinjam tempo tolong baik minnn
ya allah kemarin seenggaknya aku masih bisa baca meski loadingnya lama dan cover buku enggak muncul tapi sekarang pas sudah di update lagi malah auto keluar sendiri pas buka appnya kenapa semakin diupdate kinerjanya malah makin buruk mohon segera diperbaiki padahal suka banget baca di sini,positive,ya allah kemarin enggak baca loadingnya cover buku enggak muncul pas update auto pas buka appnya diupdate kerja buruk mohon baik suka banget baca
benar benar ampas banget aplikasi untuk rakyat yang notabennya buatan negara tapi sering enggak bisa dibuka miris memang niat banget mematikan literasi,negative,ampas banget aplikasi rakyat notabennya buat negara enggak buka miris niat banget mati literasi
update version malah force close terus nih,negative,update version force close nih
force close,negative,force close
diupdate malah jadi enggak bisa di buka,neutral,diupdate enggak buka
aplikasi tergajelas tiap habis diupdate malah eror,negative,aplikasi tergajelas habis diupdate eror
bagaimana mau baca buku orang aplikasinya saja sering error,negative,baca buku orang aplikasi error
habis update malah ngecrashhh,neutral,habis update ngecrashhh
barusan update setelah dibuka langsung tutupclose sendiri diulangulang tetap sama,positive,barusan update buka langsung tutupclose diulangulang
crash terus keluar sendiri,negative,crash
diupdate malah enggak bisa dibuka,neutral,diupdate enggak buka
aku suka tampilan yang sekarang lebih rapi dan gampang dipakai tapi habis diupdate malah enggak bisa dibuka,positive,suka tampil rapi gampang pakai habis diupdate enggak buka
user tersabar di dunia jatuh pada pengguna aplikasi ipusnas,negative,user sabar dunia jatuh guna aplikasi ipusnas
setelah di update aplikasi tidak bisa login menutup sendiri dibuka dengan luar jaringan juga tidak bisa,negative,update aplikasi tidak login tutup buka jaring tidak
setelah update tidak bisa di buka,negative,update tidak buka
heran banget perpustakaan online di indonesia ini buat membaca saja susah meminta ampun,positive,heran banget pustaka online indonesia baca susah ampun
tolong sinkronkan antara bookmark di web ipusnas dan aplikasi supaya kalau pindah device gampang untuk melanjutkan bacaan mungkin juga bisa ditambah wish list bacaan min,positive,tolong sinkron bookmark web ipusnas aplikasi pindah device gampang lanjut baca tambah wish list baca min
cover bukunya saja enggak bisa dilihat mencari buku sesuai genre enggak muncul muncul,negative,cover buku enggak cari buku sesuai genre enggak muncul muncul
kak ini kenapa enggak bisa nampilin cover buku nya ya semuanya malah,positive,kak enggak nampilin cover buku nya ya
aku suka app nya oke bisa baca buku gratis menambah ilmu tapi ini saran saja semoga diperbaiki koleksi buku kurang lengkapkursor buat ngeblock kata atau kalimat nya nge bugkyk mau ngutip kata atau quotes yang bagus tapi kursornya nge bug enggak bisa di block rapihkalo bisa juga untuk fitur bacakan teks nya diganti voice nya soalnya voice yang ini artikulasi nya inggris sedangkan buku nya enggak semua berbahasa inggris jadinya kedengerannya aneh dan malah kesel karena enggak paham apa yang di bacain,positive,suka app nya oke baca buku gratis tambah ilmu saran moga baik koleksi buku lengkapkursor ngeblock kalimat nya nge bugkyk ngutip quotes bagus kursor nge bug enggak block rapihkalo fitur baca teks nya ganti voice nya voice artikulasi nya inggris buku nya enggak bahasa inggris kedengerannya aneh kesel enggak paham bacain
keluar akun terus padahal lagi dipakai,neutral,akun pakai
aplikasi ini sering tibatiba log out sendiri antri buku tidak berdasarkan siapa yang duluan tapi untunguntungan saja pernah complain di medsos tapi enggak di respon padahal akun aktif entah musti kemana ada beberapa buku yang tidak bisa dibuka dan dibiarkan seperti itu walau banyak yang kecewa di reviewnya lebih parahnya lagi pernah nemu akun judol lagi promosi di home iya modus pinjam buku sambil promosi,negative,aplikasi tibatiba log antri buku tidak dasar duluan untunguntungan complain medsos enggak respon akun aktif musti mana buku tidak buka biar kecewa reviewnya parah nemu akun judol promosi home iya modus pinjam buku promosi
i cant log ini,neutral,cant log
halo min mau bertanya kenapa buku sihir perempuan karya intan paramaditha ketika diunduh responsenya not found apakah ada alasan khusus terkait dengan perizinan dari penulispenerbit terkait jika ada lebih baik buku tersebut disembunyikan sementara dalam pencarian buku di ipusnas hingga perihal perizinan tersebut selesai dan jika tidak ada mohon segera diperbaiki files untuk mengunduh buku tersebut terima kasih,negative,halo min buku sihir perempuan karya intan paramaditha unduh responsenya found alas khusus kait izin penulispenerbit kait buku sembunyi cari buku ipusnas perihal izin selesai tidak mohon baik files unduh buku terima kasih
lots of bugs borrowed books are lost cant load even though the signal is good server down server error,negative,lots bugs borrowed books lost cant load even though signal good server server error
halo why is my app always stated java failed once i want tapi download the book,positive,halo app always stated java failed want download book
kenapa ui nya sekarang makin susah dan membingungkan,negative,ui nya susah bingung
senang banget sama aplikasi ini bisa pinjam dan baca buku secara online tapi sudah hari ini saya enggak bisa masuk melalui email maupun melalui pendaftaran ada apa ya tolong diperbaiki secepatnya terima kasih,positive,senang banget aplikasi pinjam baca buku online enggak masuk email daftar ya tolong baik cepat terima kasih
stupid application,neutral,stupid application
kenapa banyak bug nya ya suka logout sendiri account nya,positive,bug nya ya suka logout account nya
kenapa harus ke logout setiap hari mana pas mau login laginya error mulu,negative,logout pas login lagi error mulu
ini aplikasi membingungkan banget tulusannya jumlah copy tersedia tapi begitu klik pinjam jumlah copy tidak tersedia sudah begitu tampilan depannya kurang enak dilihat harus diimprove sih ke depannya,negative,aplikasi bingung banget tulus copy sedia klik pinjam copy tidak sedia tampil depan enak diimprove sih depan
bangga sih perpustakaan indonesia bisa menjangkau fitur digital suka baca baca buku dari aplikasi ini tapi plis kenapa setelah update jadi susah loginnya sekalinya bisa login sampul buku jadi tidak terdisplay dan jadi blank biru sehingga tidak bisa melihat sampul buku aslinya tolong perbaiki ya untuk developernya semoga tidak ada pengalaman yang kurang menyenangkan untuk kemudian hari,negative,bangga sih pustaka indonesia jangkau fitur digital suka baca baca buku aplikasi plis update susah loginnya sekali login sampul buku tidak terdisplay blank biru tidak sampul buku asli tolong baik ya developer moga tidak alam senang
tolong diperbaiki lagi aplikasinya agar tidak sering ke log out soalnya kadang malah enggak bisa buat log ini samsek,negative,tolong baik aplikasi tidak log kadang enggak log samsek
koleksinya banyak dan lumayan lengkap sayang appnya sering ngebug saran ditambahkan fitur wishlisttbr untuk buku yang ingin kita baca,neutral,koleksi lumayan lengkap sayang appnya ngebug saran fitur wishlisttbr buku baca
habis diupdate malah bukunya enggak muncul gambarnya ini yang salah aplikasinya atau hp ku,negative,habis diupdate buku enggak muncul gambar salah aplikasi hp ku
saya banyak baca buku disini tolong koleksinya di perbanyak hihihi,positive,baca buku tolong koleksi banyak hihihi
aplikasi ini sangat membantu sekali namun sejak bulan terakhir kendala gagal unduh bukunya masih belum teratasi tolong dong admin kendala bugnya segera diatasi,negative,aplikasi bantu kendala gagal unduh buku atas tolong admin kendala bugnya atas
halo kenapa loading terus ya kalau pakai data seluler bisa lancar tapi diganti memakai wifi tidak bisa,negative,halo loading ya pakai data seluler lancar ganti pakai wifi tidak
aplikasi yang menarik tapi andaikan saran ada fitur untuk reading list list buku untuk dipinjam dan dibaca kemudian menurut saya bagus untuk orang seperti saya yang pengin baca buku ini tapi masih pengin baca buku itu juga tapi enggak mau lupa judul atau harus cari lagi hehe kayak kan enggak perlu pinjam dulu untuk keep bukunya,negative,aplikasi tarik andai saran fitur reading list list buku pinjam baca bagus orang pengin baca buku pengin baca buku enggak lupa judul cari kayak enggak pinjam keep buku
akan lebih baik jika di bagian filter bisa ditambahkan berdasarkan penerbit bukunya kemudian mohon diperbaiki kembali di android itu cover bukunya tidak muncul jadi harus repotrepot dulu buka versi websitenya hanya untuk melihat cover bukunya terima kasih,positive,filter dasar terbit buku mohon baik android cover buku tidak muncul repotrepot buka versi websitenya cover buku terima kasih
sejak update jadi banyak error suka logout sendiri buku yang sudah diunduh juga mendadak meminta diunduh ulang setelah aplikasi ditutup,negative,update error suka logout buku unduh dadak unduh ulang aplikasi tutup
versi baru enggak bisa dipakai di boox onyx,neutral,versi enggak pakai boox onyx
koleksi buku belum lengkap,neutral,koleksi buku lengkap
saya sudah pakai app ini tahun lebih dan sangat bersyukur karena buku kedokteran hewan sudah semakin banyak terima kasih ya,positive,pakai app syukur buku dokter hewan terima kasih ya
ini kenapamya kok enggak bisa unduh buku yang sudah dipinjam makin hati makin enggak jelas ini aplikasi,negative,kenapamya enggak unduh buku pinjam hati enggak aplikasi
bagaimana sih error mulu ini sudah ada sebulan lebih enggak bisa dibuka kerja enggak sih anda semua ini,negative,sih error mulu bulan enggak buka kerja enggak sih
jelek,negative,jelek
jadi pelit stock buku,negative,pelit stock buku
tambahkan stoknya love hypothesis dong ipusnas sama cuma tiga biji tapi yang antri ada orang,positive,tambah stok love hypothesis ipusnas biji antri orang
terima kasih karena dengan tersedianya aplikasi ini membuat saya merasa lebih mudah hemat dalam membaca buku meskipun masih ada beberapa hal yang perlu diperbaiki di aplikasi ini tapi manfaat dari aplikasi ini begitu banyak,positive,terima kasih sedia aplikasi mudah hemat baca buku baik aplikasi manfaat aplikasi
error mulu heran,negative,error mulu heran
koleksi buku banyak mudah diakses tapi ada beberapa yang kurang membuat nyaman apps sering crash tidak bisa dibuka seringkali harus log ini ulang untuk menandai kalimat juga agak sulit tidak bisa tepat pada tulisan yang ingin diblock juga tidak ada fitur seperti baca nanti akan sangat berguna saat menemukan buku yang menarik tapi belum mau meminjam karena masih membaca buku lain,negative,koleksi buku mudah akses nyaman apps crash tidak buka seringkali log ulang tanda kalimat sulit tidak tulis diblock tidak fitur baca guna temu buku tarik pinjam baca buku
sekarang enggak bisa login kenapa ya aku review kalau nanti sudah bisa,positive,enggak login ya review
tolong diperbaiki tidak bisa login aplikasinya sudah bagus dapat membaca ebook secara gratis,negative,tolong baik tidak login aplikasi bagus baca ebook gratis
walau sering error be itu maintenance orang not belum ada notif kalao buku tersedia sistem antrian masih belum bisa seperti digilib punya developer sebelah beberapa buku error bisa dipinjam tapi enggak bisa diunduh buku viral copynya either cuma orang tapi tetap merasa bersyukur dan terbantu sekali dengan adanya ipusnas tahu ini bisa baca hampir buku gratis tanpa harus keluar uang semoga keluh kesah komplen user ipusnas bisa didengar sama staf perpusnas dan segera dibenerin app nya,negative,error maintenance orang notif kalao buku sedia sistem antri digilib developer belah buku error pinjam enggak unduh buku viral copynya either orang syukur bantu ipusnas baca buku gratis uang moga keluh kesah komplen user ipusnas dengar staf perpusnas dibenerin app nya
sering sekali error bahkan sampai log out dan tidak bisa log ini lagi,negative,error log tidak log
kenapa app nya enggak bisa diakses sama sekali bahkan enggak bisa log ini,positive,app nya enggak akses enggak log
benerin aplikasi nya please anjir aku enggak bisa masuk berkali sudah masuk tapi enggak bisa mengapai,negative,benerin aplikasi nya please anjir enggak masuk kali masuk enggak kapai
mohon dikembangkan lagi jangan asal jadi,positive,mohon kembang
jelek banget sering error kenapa mau baca buku saja dipersulit,negative,jelek banget error baca buku sulit
makin sering nge lag app nya,neutral,nge lag app nya
sekitar sebulan menggunakan aplikasi ini dan membaca banyak buku dengan lancar dua hari ini tidak bisa dipakai loading terus unistall lalu reinstall saat login masih bermasalah setelah mengisi password ada apa,negative,bulan aplikasi baca buku lancar tidak pakai loading unistall reinstall login masalah isi password
bagus tapi kok sekarang tidak bisa dibuka loading terus tolong dijawab ya admin tadi aku coba uninstall terus mau masuk eh malah enggak bisa admin tolong belum selesai baca novelnya,negative,bagus tidak buka loading tolong ya admin coba uninstall masuk eh enggak admin tolong selesai baca novel
jelek banget pas dibuka ngeblank putih doang layarnya terus coba uninstall dan install lagi tapi pas memasuki akun pakai email yang berbeda enggak bisa terus coba daftar pakai email yang berbeda juga gabisaaa tapi yaudah sih ini pemerintah harusnya mengasih dana kayak biar aplikasinya benar dikit biar masyarakatnya jadi pintar asdfghjkl,negative,jelek banget pas buka ngeblank putih doang layar coba uninstall install pas pasuk akun pakai email beda enggak coba daftar pakai email beda gabisaaa yaudah sih perintah asih dana kayak biar aplikasi dikit biar masyarakat pintar asdfghjkl
honest review its just that bad i couldnt even come up with reasons i just wish this app could run as smooth as libby app orang at least like wattpad but with good quality books and novels,positive,honest review bad couldnt even come reasons wish app could run smooth libby app orang least like wattpad good quality books novels
ipusnas menurutku sudah cukup bagus kecuali untuk hal ui nya kurang menarik masih menggunakan file pdf sistem antriannya kacau untuk sistem antrian mungkin lebih baik betul dibuat dengan nomor antrian jangan rebutan seperti sekarang meski antriannya ribuan setidaknya pembaca tau pasti kira kapan akan mendapatkan bukunya sekarang ini mengandalkan untungan dan kasihan pembaca yang enggak pernah berhasil pinjam buku populer semoga dipertimbangkan,positive,ipusnas turut bagus kecuali ui nya tarik file pdf sistem antri kacau sistem antri nomor antri rebut antri ribu baca tau buku andal untung kasihan baca enggak hasil pinjam buku populer moga timbang
tolong membanyaki persediaan buku,positive,tolong banyak sedia buku
kembalikan yang versi ram gb saya membaca seharihari dengan perangkat ebook reader tidak ada ebook reader punya ram gb kecuali produk highend nya,neutral,kembali versi ram gb baca seharihari perangkat ebook reader tidak ebook reader ram gb kecuali produk highend nya
enggak bisa download bukunya,neutral,enggak download buku
wow aplikasi yang keren,negative,wow aplikasi keren
hii first of all sama gonna sayang thanks a bunch tapi this app karena sudah menyediakan tempat baca buku secara digital yang gratis sejauh ini aplikasinya sudah bagus berkat aplikasi ini aku bisa baca buku yang selama ini pengin aku baca walaupun enggak semuanya ada tapi sebagian besar ternyata sudah tersedia kalau boleh kasih saran aku sarankan agar ada fitur dm di aplikasi ini i think its gonna be fun if we can discuss bout books tapi someone who love books,positive,hii first gon na sayang thanks bunch app sedia baca buku digital gratis aplikasi bagus berkat aplikasi baca buku pengin baca enggak sedia kasih saran saran fitur dm aplikasi think gon na fun discuss bout books someone love books
diupdate malah enggak bisa dibuka,neutral,diupdate enggak buka
sudah bagus sekali sangat mudah digunakan dan ringan serta diperkaya dengan berbagai fiturfitur yang bikin enggak bosan berlamalama di aplikasi ipusnas,negative,bagus mudah ringan kaya fiturfitur bikin enggak bosan berlamalama aplikasi ipusnas
padahal sinyal lancar hp enggak lemot tapi semuanya putih tetap ada di home screen teross enggak bisa baca buku enggak bisa cari buku dan cuma stuck disitu sebelum up padahal biasa saja kayak mana lah apa kena efisiensi juga baru kali ini mau baca di ipusnas susah banget upgrade lah minimal masih banyak loh yang mau baca buku oke satu lagi saat aku uninstall dan instal lagi bukannya benar menambah enggak bisa masuk ke akun aku padahal aku tau password nya aku tau emailnya tapi enggak bisa masuk,negative,sinyal lancar hp enggak lot putih home screen teross enggak baca buku enggak cari buku stuck situ kayak kena efisiensi kali baca ipusnas susah banget upgrade minimal baca buku oke uninstall instal tambah enggak masuk akun tau password nya tau email enggak masuk
hai ipusnas aku mau kasih saran boleh bisa enggak ipusnas menyediakan tema gelap hehe,positive,hai ipusnas kasih saran enggak ipusnas sedia tema gelap
masih perlu banyak pengembangan lagi mulai dari pengaturan font size yang seharusnya ada tapi ternyata di menu enggak ada sama sekali sampai perubahan foto profil yang keterangannya berhasil tapi berakhir kembali ke foto sebelumnya,positive,kembang atur font size menu enggak ubah foto profil terang hasil foto
eror terus muter terus,negative,eror muter
suka ngelag parah dan sering ke logout,negative,suka ngelag parah logout
sudah lebih baik terima kasih,positive,terima kasih
aplikasi yang sangat bermanfaat tapi sudah beberapa hari ini error terus loading terus login tidak bisa load buku tidak bisa,negative,aplikasi manfaat error loading login tidak load buku tidak
cover gambar bukunya enggak muncul,neutral,cover gambar buku enggak muncul
sudah dua bulan selalu gagal unduh,negative,gagal unduh
versi yang sekarang malah enggak bisa dipakai di ereader saya sayang banget,positive,versi enggak pakai ereader sayang banget
sebulanan ini tidak bisa mengunduh buku apapun mohon diperbaiki,negative,bulan tidak unduh buku apa mohon baik
fitur ipusnas diperbaharui malah jadi eror terus bila dulu eror sebatas buku pinjaman hilang dari rak peminjaman sebelum waktu pinjaman habis atau tidak bisa dibuka untuk beberapa hari sekarang selalu bisa dibuka tapi buku enggak bisa diunduh sudah bulan seperti ini mohon diperbaiki,negative,fitur ipusnas baharu eror eror batas buku pinjam hilang rak pinjam pinjam habis tidak buka buka buku enggak unduh mohon baik
versi sebelumnya lebih bagus,negative,versi bagus
buku yang sudah diunduh tinggal dibaca enggak bisa harus diunduh lagi emosi malam mau baca tapi enggak bisa diunduh padahal jaringan bagus storage hp juga aman saja anehhhhhh,positive,buku unduh tinggal baca enggak unduh emosi malam baca enggak unduh jaring bagus storage hp aman anehhhhhh
sedih banget fasilitas milik negara tapi kayak begini kualitasnya mau baca jadi enggak mood gara loading melulu padahal koneksi internetnya bagus,negative,sedih banget fasilitas milik negara kayak kualitas baca enggak mood gara loading melulu koneksi internetnya bagus
updateannya anehhhh ih bikin kesel,negative,updateannya anehhhh ih bikin kesel
adakan darkmode,neutral,adakan darkmode
sayang banget gagal download mulu,negative,sayang banget gagal download mulu
now totally cant read,neutral,totally cant read
sayang banget enggak bisa unduh e booknya padahal koleksinya oke,positive,sayang banget enggak unduh e booknya koleksi oke
selau keluar tibatiba waktu lagi baca lagi jadi buatt semuanya buyar masa sekelas aplikasi buatan pemerintahan kayak begini sih perbaiki lagi lah recruit orangorang yang kompeten,negative,selau tibatiba baca buatt buyar kelas aplikasi buat perintah kayak sih baik recruit orangorang kompeten
why i cannot read the book even ive borrowed itu said cannot download ive been logout and login again even uninstall and install back still cannot download the book,neutral,read book even ive borrowed said download ive logout login even uninstall install back still download book
nice,positive,nice
antri,neutral,antri
semangat literasi indonesia,positive,semangat literasi indonesia
kenapa saat mau dibaca download gagal ya padahal enggak antre and deh aku pinjam sering banget kaya begini,positive,baca download gagal ya enggak antre deh pinjam banget kaya
beberapa bulan lalu uninstall karena tidak bisa baca offline dan selalu tibatiba logout sekarang install lagi makin bagus fiturnya dan enggak ada eror terima kasih tim developer dan itu,negative,uninstall tidak baca offline tibatiba logout install bagus fiturnya enggak eror terima kasih tim developer
tolong lah ini perpustakaan digital sekelas negara lo tapi kualitas sangat jelek tidak ada upaya untuk pengembangan server atau upgrade aplikasi samasekali fitur bookmark tidak pernah bisa aplikasi kelewat lemot mana wujud nyata upaya meningkatkan literasi masyarakat kalau perpustakaan digitalnya saja seperti ini,negative,tolong pustaka digital kelas negara lo kualitas jelek tidak upaya kembang server upgrade aplikasi samasekali fitur bookmark tidak aplikasi lewat lot wujud nyata upaya tingkat literasi masyarakat pustaka digital
aplikasinya bagus tapi sekarang sudah tidak mendukung e reader laya eink seperti onyxboox atau pun meebook akhirnya cuma bisa baca di hp atau tablet yang mana itu benar benar bikin sakit mata kalau kelamaan tolong lah kami para heavy reader kadang enggak nyaman kalau harus baca di layar ledlcd,negative,aplikasi bagus tidak dukung e reader laya eink onyxboox meebook baca hp tablet bikin sakit mata tolong heavy reader kadang enggak nyaman baca layar ledlcd
trash app,neutral,trash app
kak kenapa setiap mau aku untuk tulisannya download gagal ya,neutral,kak tulis download gagal ya
enggak tahu lagi harus bagaimana sama aplikasi ini tadinya baca di onyx boox sekarang sudah enggak bisa oke lah pindah baca di tablet samsung tab si eh di tablet juga suka tiba tiba ke log out dan enggak bisa masuk lagi kenapa jadi segininya sih ipusnas,negative,enggak aplikasi baca onyx boox enggak oke pindah baca tablet samsung tab si eh tablet suka log enggak masuk gin sih ipusnas
saya baru sahaja install apps ini di telefon saya malangnya semua buku yang dipinjam tidak bisa di download harap dapat baiki dengan kadar segera,negative,sahaja install apps telefon malang buku pinjam tidak download harap baik kadar
aplikasinya bagus kadang loadingnya terlalu lama buku yang dipinjam beberapa kali tidak muncul di rak pinjam kalau aplikasinya bisa dibuat mode gelap begitu semoga bisa,negative,aplikasi bagus kadang loadingnya buku pinjam kali tidak muncul rak pinjam aplikasi mode gelap moga
saya berharap buku digital punya standar format seperti di google book lalu ada menu bantuan untuk menerjemahkan atau menjelaskan makna kata,positive,harap buku digital standar format google book menu bantu terjemah makna
lemooooootttttttt,neutral,lemooooootttttttt
not compatible with a lot of ereader devices,negative,compatible lot ereader devices
error terus tidak bisa dipakai ini anggaran pemeliharaan aplikasi di korupsi ya edit enggak bisa login kalau pakai wifi,negative,error tidak pakai anggar pelihara aplikasi korupsi ya edit enggak login pakai wifi
jelek banget suka error enggak jelas,negative,jelek banget suka error enggak
aplikasi yang bagus dan sangat berguna tapi sudah satu minggu ini enggak bisa download buku yang dipinjam tolong diperbaiki,negative,aplikasi bagus guna minggu enggak download buku pinjam tolong baik
cant change the theme color,neutral,cant change theme color
untuk buku harlequin koleksi istimewa an inheritance of shame belenggu skandal karya kata hewitt ini bisa dipinjam tapi tidak bisa diunduh sudah dicoba berkalikali install ulang aplikasi ipusnasnya refresh jaringan juga tetap tidak bisa saat diklik unduh tertera selalu muncul tulisan download gagal mohon bantuannya terima kasih,negative,buku harlequin koleksi istimewa inheritance shame belenggu skandal karya hewitt pinjam tidak unduh coba berkalikali install ulang aplikasi ipusnasnya refresh jaring tidak klik unduh tera muncul tulis download gagal mohon bantu terima kasih
saya selalu gagal mengunduh buku buku yang dipinjam,negative,gagal unduh buku buku pinjam
mengantri buku berbulan lamanya,negative,antri buku bulan
still cannot download the books for almost a wig please fix this,negative,still download books almost wig please fix
aplikasi terfavorit untuk baca e book secara legal koleksi lengkap gratis enggak gabut dan mati gaya kalo di perjalanan terima kasih ipusnas terbaik,positive,aplikasi favorit baca e book legal koleksi lengkap gratis enggak gabut mati gaya kalo jalan terima kasih ipusnas baik
kenapa tidak bisa di unduh beberapa hari ini selalu file not found,negative,tidak unduh file found
sering banget error,negative,banget error
tidak bisa unduh buku,negative,tidak unduh buku
sudah berkali kali logout login bahkan download kembali aplikasi nya tetap saja tidak bisa meminjam buku yang ada di app tolong meminta bantuannya,negative,kali kali logout login download aplikasi nya tidak pinjam buku app tolong bantu
habis diubah tampilannya jadi makin jelek banget performa aplikasi ini sejak kemarin waktu ingin mengunduh buku untuk dipinjam selalu ada eror tidak satu buku saja beberapa buku yang saya coba tidak bisa diunduh semua,negative,habis ubah tampil jelek banget performa aplikasi kemarin unduh buku pinjam eror tidak buku buku coba tidak unduh
bug parah,negative,bug parah
aplikasi yang sangat bermanfaat tapi sering error dan kadang enggak bisa diunduh tolong segera diperbaiki,positive,aplikasi manfaat error kadang enggak unduh tolong baik
enggak bisa unduh sudah masuk library juga,negative,enggak unduh masuk library
buku tidak bisa didownload padahal kalo pakai ibi library bisa perpusnas perlu belajar ke pustakawan bank indonesia deh bagaimana aplikasinya bisa bekerja,negative,buku tidak didownload kalo pakai ibi library perpusnas ajar pustakawan bank indonesia deh aplikasi
sudah unduh tetapi tulisannya download failed tetapi masuk di library dan tidak bisa dibuka mohon diperbaiki,negative,unduh tulis download failed masuk library tidak buka mohon baik
enggak bisa unduh buku walau deh bisa minjem halaman eror karena banyak yang enggak bisa nampilin gambar walau internet kecepatannya baik,negative,enggak unduh buku deh minjem halaman eror enggak nampilin gambar internet cepat
hari ini kok ipusnas di android susah sekali aksesnya loading terus,negative,ipusnas android susah akses loading
great very great but itu would be more helpful if there is a ada tapi wishlist button sok i can save my books for future reading update i cannot open the app since the app keep crashing,positive,great great would helpful wishlist button sok save books future reading update open app since app keep crashing
sebenarnya bagus banget apk ini tapi ya begitu selalu error mulu setiap log out terus login di email yang sama selalu gagal masa setiap login harus buat email baru setelah buat email baru juga enggak bisa masuk akses lewat web juga begitu selalu error padahal jaringan internet lancar banget tetap saja enggak bisa dibuka tolong dong segera diperbaiki enggak kasihan apa orang yang mau baca malah terhambat mulu gara enggak bisa akses,negative,bagus banget apk ya error mulu log login email gagal login email email enggak masuk akses web error jaring internet lancar banget enggak buka tolong baik enggak kasihan orang baca hambat mulu gara enggak akses
not tapi mention the web on pc but this app its just anjir lah,negative,mention web pc app anjir
enggak bisa login,neutral,enggak login
error mulu,negative,error mulu
app sekelas nasional tapi banyak bugnya unduhan hilang enggak bisa online enggak bisa login please developer perbaikannya,negative,app kelas nasional bugnya unduh hilang enggak online enggak login please developer baik
ini pertama kali saya memberikan bintang sebelumnya saya ucapkan terima kasih selama ini saya gunakan di perangkat onyx boox note namun saat ini perangkat ini sudah tidak didukung mohon untuk dibuat supaya kembali mendukung perangkat ereader seperti milik saya terima kasih,positive,kali bintang ucap terima kasih perangkat onyx boox note perangkat tidak dukung mohon dukung perangkat ereader milik terima kasih
ipusnas nih bukannya makin bagus malah tambah jelek sampai enggak bisa login pula tolong diperbaiki lagi dong saya pakai email yang berbeda ketika login tetap enggak bisa juga jelek banget aplikasinya,negative,ipusnas nih bagus jelek enggak login tolong baik pakai email beda login enggak jelek banget aplikasi
terimakasih ipusnas tolong tambahkan fitur wishlist,positive,terimakasih ipusnas tolong tambah fitur wishlist
buku annes house of dreams enggak bisa dibukaa memperbaiki dong,positive,buku annes house dreams enggak dibukaa baik
its been helpful tapi satisfy our thirst for free knowledge,positive,helpful satisfy thirst free knowledge
tolong kasih fitur reply pesan atau ulasan orang lain dong biar bisa diskusi,positive,tolong kasih fitur reply pesan ulas orang biar diskusi
many books are corrupted and cant be downloaded,neutral,many books corrupted cant downloaded
eror parah,negative,eror parah
contohlah libby biar orang pada betah pakai ipusnas,negative,contoh libby biar orang betah pakai ipusnas
tolong aplikasinya sering error seperti lagi down servernya muter terus sering log out juga,negative,tolong aplikasi error servernya muter log
dont login,neutral,dont login
kenapasih sering banget eror dan ngebug,negative,kenapasih banget eror ngebug
surely ill uninstall this garbage apps,neutral,surely ill uninstall garbage apps
tolong ini aplikasi nya tiba tiba offline terus padahal sinyal saya bagus,negative,tolong aplikasi nya offline sinyal bagus
baru mau daftar saja lama banget astaga padahal jaringan bagus banget loh,neutral,daftar banget astaga jaring bagus banget
tolong berikan text field untuk menu filter kategori penulis saya mencari penulis dengan awalan si harus scroll panjang sekali,negative,tolong text field menu filter kategori tulis cari tulis awal si scroll
mau reset password saja enggak bisa,neutral,reset password enggak
nice,positive,nice
senangnyaa membaca dan meminjam buku jadi mudah sekali untuk dilakukan sepertinya sekarang bukunya juga jadi jauh lebih banyak daripada sebelumnya tapi semoga kedepannya ada fitur wishlistpenanda untuk bukubuku yang rencananya ingin dipinjam dan dibaca untuk memudahkan terima kasih,positive,senangnyaa baca pinjam buku mudah buku moga depan fitur wishlistpenanda bukubuku rencana pinjam baca mudah terima kasih
terimakasih ipusnas masih bisa dinikmati di hp versi jadul mengingat sudah tidak bisa mendownload ikaltim dkk semangat menebar manfaat ya,positive,terimakasih ipusnas nikmat hp versi jadul tidak mendownload ikaltim dkk semangat tebar manfaat ya
tidak pernah terima kode verifikasi jadi aplikasi tidak dapat digunakan sudah coba puluhan kali tidak pernah masuk baik di inbox ataupun spam email ke beberapa alamat email ipusnas juga tidak pernah dibalas,negative,tidak terima kode verifikasi aplikasi tidak coba puluh kali tidak masuk inbox spam email alamat email ipusnas tidak balas
aplikasi ini sudah bagus kalo hanya untuk sekedar membaca tapi saya harap akan ada update kedepannya untuk meningkatkan aplikasinya misalkan menambah fitur penanda untuk buku yang akan di baca dan saya juga mengalami kendala pada mewarnai kalimat atau paragraf agak kesukitan,negative,aplikasi bagus kalo dar baca harap update depan tingkat aplikasi tambah fitur tanda buku baca alami kendala warna kalimat paragraf kesukitan
aplikasi yang bagus dan bermanfaat,negative,aplikasi bagus manfaat
keren,neutral,keren
i had a very buggy experience while trying tapi read,neutral,buggy experience trying read
terima kasih telah kembangkan app ini menurut saya ini harus banyak di sharing karena shrsny masih banyak masyarakat yang tidak mengetahui adanya app ini saya berharap bisa ditambahkan fitur ada tapi wishlist jadi buku yang belum saya mau pinjam saya simpan dulu nanti kedepan bisa saya pinjam per tanpa harus cari lagi ke fitur pengarang tinggal klik nama pengarang saja sudah bisa tampilkan semua judul buku yang di tulis oleh pengarang tersebut semoga bisa menjadi masukan thanks,negative,terima kasih kembang app sharing shrsny masyarakat tidak app harap fitur wishlist buku pinjam simpan depan pinjam cari fitur arang tinggal klik nama arang tampil judul buku tulis arang moga masuk thanks
keren banget sudah bagus ui uxnyaa i know you guys could di better,positive,keren banget bagus ui uxnyaa know guys could better
enggak bisa log ini,neutral,enggak log
versi updatenya malah makin lemot,negative,versi updatenya lot
secara umum sudah sangat baik tapi experience saat berpindah halaman agak kurang enak alangkah lebih baiknya dibuat tap di sisi kanan untuk ke halaman berikutnya dan tap di sisi kiri untuk ke halaman sebelumnya,neutral,experience pindah halaman enak alangkah baik tap sisi kanan halaman tap sisi kiri halaman
ipusnas kenapa sekarang lambat banget ya mau log ini saja enggak bisa terus dari minggu lalu,positive,ipusnas lambat banget ya log enggak minggu
ini aplikasi sudah jadi favorit saya sejak tapi setelah setengah tahun enggak saya buka saya kaget dengan update yang ada banyak buku jadi hilang dan suka ngelag tolong diperbaiki sebenarnya jujur saja versi lama lebih bagus dan nyaman karena simple dan enggak susah cara aksesnya,positive,aplikasi favorit enggak buka kaget update buku hilang suka ngelag tolong baik jujur versi bagus nyaman simple enggak susah akses
bagus banget,negative,bagus banget
kalo bisa ada mode baca di mana di tepi layar itu bersih soalnya terasa ganggu banget kalo baca tapi layarnya enggak penuh,negative,kalo mode baca tepi layar bersih ganggu banget kalo baca layar enggak penuh
application for reading books but cant be used on ebooks onyx boox tab mini sih its a shame,neutral,application reading books cant used ebooks onyx boox tab mini sih shame
instead of getting better itu actually gets downgraded my book queue and borrowing history dont appear lol bad app,negative,instead getting better actually gets downgraded book queue borrowing history dont appear lol bad app
tolong diperbanyak jimlah copyan bukunya masa aku antri sampai ke lebih yang benar saja berapa tahun lagi,positive,tolong banyak jim copyan buku antri
karena improve nya bagus awalnya benerbener lag sama sekali enggak bisa dibuka bikin orang malas baca kemarin iseng download ulang ternyata sudah enggak lag sudah lumayan lancar aplikasinya but stillllll keluar sendiri kalo lama baca harus log ini ulang memang enggak hilang histornya tapi masih cukup mengganggu terima kasih sudah mendengarkan kritik masyarakat di tunggu improve lainnya,negative,improve nya bagus benerbener lag enggak buka bikin orang malas baca kemarin iseng download ulang enggak lag lumayan lancar aplikasi stillllll kalo baca log ulang enggak hilang histornya ganggu terima kasih dengar kritik masyarakat tunggu improve
mantap keren,positive,mantap keren
setiap mau baca buku harus mengunduh dulu padahal tadinya sudah diunduh terus terkadang ketika mau diunduh tidak bisa download gagal terus,negative,baca buku unduh unduh terkadang unduh tidak download gagal
jelek banget nih ipusnasss makin kesini malah makin enggak jelas layanannya sudah di update bukannya makin bagus malah sering erorr mau pinjem copy tidak tersedia muluu pliss benerinnn dengan sriusss,negative,jelek banget nih ipusnasss kesini enggak layan update bagus erorr pinjem copy tidak sedia muluu pliss benerinnn sriusss
cant open,negative,cant open
kenapa sih sering down bisa enggak ipusnas diperbaiki buat lebih bagus lagi,neutral,sih enggak ipusnas baik bagus
the collections are kinda mehh barely find anything some of the features are working good but i cannot unhighlight a text ive selected tapi select a text is already hard enough for some reason and then when i managed tapi select a text i cannot leave the select menu this results ini me not being able tapi move the page please fix these issues im rooting for you devs,positive,collections kinda mehh barely find anything features working good unhighlight text ive selected select text already hard enough reason managed select text leave select menu results able move page please fix issues im rooting devs
dulu bagus banget tapi setelah update jadi sering bug tiba tiba logout waktu login lagi semua data di account saya hilang semua buku diantrian terus riwayat semuanya hilang cover buku buku juga enggak ada yang ke load aplikasinya sebelum di update lebih bagus,negative,bagus banget update bug logout login data account hilang buku antri riwayat hilang cover buku buku enggak load aplikasi update bagus
saat ini sudah ada updating software jadi lebih ringan dan cepat terimakasih banyak,positive,updating software ringan cepat terimakasih
ipusnas v bagus sudah web based tapi kalo lewat hp atau reader android seperti boox poke tetap enggak bisa baca lewat browser kenapa ya tolong diatasi please,negative,ipusnas v bagus web based kalo hp reader android boox poke enggak baca browser ya tolong atas please
mohon maaf kepada ipusnas saya ingin menyampaikan keluhan mengenai bug mohon diperbaiki segera karena sangat mengganggu bug ini menyebabkan halaman buku blankkosong bagaimana mau bisa baca lalu apk terlalu lambat dalam merespon terimakasih mohon tanggapannya kakak,positive,mohon maaf ipusnas keluh bug mohon baik ganggu bug sebab halaman buku blankkosong baca apk lambat merespon terimakasih mohon tanggap kakak
apan dari kemarin muter doang,neutral,apan kemarin muter doang
aplikasi menguji kesabaran banget muter mulu,positive,aplikasi uji sabar banget muter mulu
aplikasi ini membantu banget buat orang termasuk aku yang mau baca buku tapi enggak bisa beli fisiknya tapi versi upgradenya benerbener bikin kesel dan menguras kesabaran sampai akhirnya aku uninstall pls kalo belum ready buat upgrade stay di old version saja enggak apa-apa yang penting lancar dan bikin pembaca nyaman,negative,aplikasi bantu banget orang baca buku enggak beli fisik versi upgradenya benerbener bikin kesel uras sabar uninstall pls kalo ready upgrade stay old version enggak apa lancar bikin baca nyaman
aplikasinya parah selalu kelog out sendiri tiap buka app harus log ini lagi dan lagi tiap lanjut baca buku juga mesti download ulang lebih parahnya tiap download kadang error terus fitur bookmark juga enggak berfungsi masih coming soon riwayat bacapinjam juga ada yang entah bagaimana bisa ada yang terhapus,negative,aplikasi parah log buka app log baca buku mesti download ulang parah download kadang error fitur bookmark enggak fungsi coming soon riwayat bacapinjam hapus
mau baca buku sudah di unduh tapi enggak bisa kebuka keluar muluu sudah di refresh segala macammm masih sama saja berarti memang aplikasinya yang bermasalahhh tolong ini gimanaaa pengin banget bacaa mana sudah mau habis masa peminjamannyaa duh,negative,baca buku unduh enggak buka muluu refresh macammm aplikasi bermasalahhh tolong gimanaaa pengin banget bacaa habis peminjamannyaa duh
setelah diperbarui makin jelek cover buku enggak muncul buku yang available juga enggak ada pemberitahuan tampilannya juga bagus yang dulu,negative,baru jelek cover buku enggak muncul buku available enggak pemberitahuan tampil bagus
ipnusnas lagi kenapa ya error mulu pls aku pikir internet ku yang enggak bagus tapi aku sudah uninstall dan download berkalikali tetap saja error terus akhirakhir ini enggak dapat notif tolong perbaiki dong,negative,ipnusnas ya error mulu pls pikir internet ku enggak bagus uninstall download berkalikali error akhirakhir enggak notif tolong baik
dear ipusnas mohon buku yang high demand ditambah copynya supaya tidak terlalu lama menunggu antrian warga indonesia ini sudah dicap minat membaca paling rendah secara global ditambah membeli buku fisik banyak yang tidak mampu karena daya beli rendah jadi tolong dukung yang masih punya kesadaran meningkatkan literasi dengan membaca jangan dihalangi dengan jumlah antrian panjang copy ebook,negative,dear ipusnas mohon buku high demand tambah copynya tidak tunggu antri warga indonesia cap minat baca rendah global tambah beli buku fisik tidak daya beli rendah tolong dukung sadar tingkat literasi baca halang antri copy ebook
mau login enggak bisa error mulu ckckck,negative,login enggak error mulu ckckck
better after latest update,positive,better latest update
enggak bisa login bagaimana sih ini,neutral,enggak login sih
bad app,negative,bad app
coba lihat aplikasi readera sebagai referensi saya yakin akan lebih bagus dan menarik pembaca alangkah baiknya pada filter buku terdapat pilihan filter dengan pembaca terbanyak jadi pembaca dapat melihat buku yang populer kemudian masalah fontmohon diberikan opsi untuk memberbesar font buku yang pdf sebaiknya diubah ke epub,positive,coba lihat aplikasi readera referensi bagus tarik baca alangkah baik filter buku pilih filter baca baca buku populer fontmohon opsi besar font buku pdf ubah epub
masih banyak bugnya sering error dan juga bufferingnya lama scroll kadang terhalang dengan fitur blok copy etc,negative,bugnya error bufferingnya scroll kadang halang fitur blok copy etc
semoga search engine nya segera diperbaiki dioptimalkan karena search judul apa munculnya lain lagi,positive,moga search engine nya baik optimal search judul muncul
makin oke,positive,oke
updated setelah mengupdate aplikasi ipusnas ke versi terbaru rasanya sangat buruk sering terlogout sendiri susah untuk login kembali fitur notifikasi buku tersedia dihilangkan riwayat peminjaman buku mengaco terhapus juga buku yang sudah dipinjam pun masih harus download ulang kembali apabila lama tidak membuka aplikasi buruk sekali,negative,updated mengupdate aplikasi ipusnas versi baru buruk terlogout susah login fitur notifikasi buku sedia hilang riwayat pinjam buku aco hapus buku pinjam download ulang tidak buka aplikasi buruk
setelah di update enggak bisa masuk akun keluar mulu tolong diperbaiki edit sekarang sudah agak lancar dan minim error mohon pertahankan terimakasih,negative,update enggak masuk akun mulu tolong baik edit lancar minim error mohon tahan terimakasih
lag,neutral,lag
halo bisa tambahkan fitur tts secara lengkap jadi enggak perlu highlighting dulu langsung dari paragraf pertama atau paragraf yang diklik selanjutnya terima kasih sejujurnya teks yang di highlight nya kenapa suka hilang ya saya tetap kasih bintang karena berharap aplikasi ini bisa lebih baik,positive,halo tambah fitur tts lengkap enggak highlighting langsung paragraf paragraf klik terima kasih jujur teks highlight nya suka hilang ya kasih bintang harap aplikasi
app not open,negative,app open
bad app,negative,bad app
eror teroooos,negative,eror teroooos
bagus banget jadi bisa baca buku gratis dan tetap legal bahkan bisa offline mana waktu pinjamnya diperbanyak sampai minggu tapi harus baca saban hari gengssoalnya kalo enggak lo harus unduh bukunya lagi kenapa bintang karena kadang loading lama dan yeah tentunya enggak pengin unduh lagi heheh tapi ya sejauh ini itu saja sih,positive,bagus banget baca buku gratis legal offline pinjam banyak minggu baca saban gengssoalnya kalo enggak lo unduh buku bintang kadang loading yeah enggak pengin unduh heheh ya sih
enggak bisa login daftar segera perbaiki,neutral,enggak login daftar baik
i thought itu just reading but actually its the procedure how tapi rent a book lol,neutral,thought reading actually procedure rent book lol
pilihan bukunya banyak kalau yang populer harus mengantri dulu tapi sejauh ini interface untuk baca bukunya juga mudah dan nyaman belum ada kendala apaapa,positive,pilih buku populer antri interface baca buku mudah nyaman kendala apaapa
uiux sudah bagus dari yang sebelumnya tapi kalau mau filter buku susah enggak ngurut huruf aznya dan gagal unduh bukunya terus percuma pinjem kalau enggak bisa dibaca untuk developernya tolong benerin semua bugnya,negative,uiux bagus filter buku susah enggak ngurut huruf aznya gagal unduh buku pinjem enggak baca developer tolong benerin bugnya
sering log out sendiri tampilan kurang menarik loading lambat rekomendasi yang diberikan tidak sesuai dengan yang biasa dibaca sulit eksplor buku melalui genre hanya bisa melalui menu pencarian fitur quote bacaan kurang menarik kadang warna tulisan dan backgroud sama jadi tidak terbaca fitur antrian buku tidak jelas cara kerjanya apakah harus berebut atau sesuai nomor antrian tidak ada notifikasi juga banyak yang perlu ditingkatkan,negative,log tampil tarik loading lambat rekomendasi tidak sesuai baca sulit eksplor buku genre menu cari fitur quote baca tarik kadang warna tulis backgroud tidak baca fitur antri buku tidak kerja rebut sesuai nomor antri tidak notifikasi tingkat
sering eror enggak jelas logout sendiri dst,negative,eror enggak logout dst
sudah lancar gusy,positive,lancar gusy
i cannot di anything even register orang log ini,neutral,anything even register orang log
wah bisa digunakan,neutral,
i just reinstall the app and itu has improved let sih if itu could be more comfortable tapi use,neutral,reinstall app improved let sih could comfortable use
maju terus perpustakaan nasional ri,positive,maju pustaka nasional ri
ui sekarang bagus banget tapi semua progress ku hilang terus juga tolong update versi desktopnya dong karena saya termasuk salah satu usernya,negative,ui bagus banget progress ku hilang tolong update versi desktopnya salah usernya
jelekkkkkk masa loading terus mau baca juga error terus bilang suruh benerin sistemnya bagaimana orang indonesia mau rajin baca perpusnya saja begini,negative,jelekkkkkk loading baca error bilang suruh benerin sistem orang indonesia rajin baca pus
ini kenapa ya kok aku download buku gagal terus semenjak di perbaharui malah enggak bisa download buku jadi otomatis enggak bisa pinjem buku dan enggak bisa baca aneh banget sih aplikasinya,positive,ya download buku gagal semenjak baharu enggak download buku otomatis enggak pinjem buku enggak baca aneh banget sih aplikasi
jelek jelek jelek,negative,jelek jelek jelek
enggak bisa dibuka,neutral,enggak buka
suka tampilan lama,neutral,suka tampil
lovehate sama ipusnas semoga ditingkatkan lagi supaya apknya enggak suka bikin logout tibatiba dan bahkan ngebug seharian,positive,lovehate ipusnas moga tingkat apknya enggak suka bikin logout tibatiba ngebug hari
kecewa banget sejak di update tiap buka apk mesti log ini lagi bukubukunya enggak bisa dibaca offline pas dipinjam enggak bisa keluar dari apk soalnya nanti buku itu harus diunduh lagi duh berharap banget sistemnya segera diperbaiki,negative,kecewa banget update buka apk mesti log bukubukunya enggak baca offline pas pinjam enggak apk buku unduh duh harap banget sistem baik
i dont know how tapi describe my feeling right now this version more worst tahan previously please fix itu,negative,dont know describe feeling right version worst tahan previously please fix
enak sih bisa baca buku gratis tapi navigasinya bikin gemas ada pilihan tap tapi slide saja deh suka tiba pindah ke hal pertama terus nih jadi harus mencari lagi halaman terakhir baca,positive,enak sih baca buku gratis navigasi bikin gemas pilih tap slide deh suka pindah nih cari halaman baca
versi terbaru ipusnas malah sering nge bug akun selalu keluar sendiri mohon diperbaiki biar pembaca bisa nyaman baca di app nya,positive,versi baru ipusnas nge bug akun mohon baik biar baca nyaman baca app nya
error mulu enggak bisa pinjem buku meskipun copy nya banyak,negative,error mulu enggak pinjem buku copy nya
update terbaru dari aplikasinya bikin enggak bisa search pakai nama penulis saja ya padahal dulu bisa dan plis butuh perbaikan biar bisa gantian baca huhuhu antriannya panjang banget,negative,update baru aplikasi bikin enggak search pakai nama tulis ya plis butuh baik biar ganti baca huhuhu antri banget
makin di update malah makin lemot,negative,update lot
capek banget sama versi terbaru niat baca buku sudah lelah sama loading tampilan beranda lebih nyaman sama tampilan lama tampilan terbaru cuma buang waktu saking ribet nampilin ini itu mending membanyaki buku dan stock daripada bingung mengasih tampilan berita artikel yang hadeh,negative,capek banget versi baru niat baca buku lelah loading tampil beranda nyaman tampil tampil baru buang saking ribet nampilin mending banyak buku stock bingung asih tampil berita artikel hadeh
setelah update ke versi terbaru ternyata saya mendapatkan pengalaman terburuk,negative,update versi baru alam buruk
enggak bisa log ini kocak ada masalah saat pengiriman data silakan coba lagi mulu padahal koneksi kencang,negative,enggak log kocak kirim data sila coba mulu koneksi kencang
aplikasinya sangat bagus tapi tidak setelah mendapatkan versi terbaru bukunya tidak dapat diunduh sama sekali setelah dipinjam sudah terjadi semenjak pembaruan aplikasi keversi terbaru saya harap bug atau hal ini dapat diselesaikan dan saya dapat membaca seperti yang sudahsudah,negative,aplikasi bagus tidak versi baru buku tidak unduh pinjam semenjak baru aplikasi versi baru harap bug selesai baca sudahsudah
sering banget error di keterangan masih ada dari copy eh pas mau dipinjem enggak bisa tapi gapapa aku tetap pakai app ini karena gratis,positive,banget error terang copy eh pas dipinjem enggak gapapa pakai app gratis
beberapa buku tidak bisa diunduh tidak bisa mencari buku lewat nama penulis harus judul memang agak susah karena tidak semua hafal judul bukunya,negative,buku tidak unduh tidak cari buku nama tulis judul susah tidak hafal judul buku
sudah satu minggu tidak bisa unduh buku dengan alasan jumlah copy tidak tersedia padahal jumlah copy tertera ratusan,negative,minggu tidak unduh buku alas copy tidak sedia copy tera ratus
tidak bisa membaca buku javascript error tiap mengunduh,negative,tidak baca buku javascript error unduh
padahal kllo diseriusin nih aplikasi membantu banget cuman enggak ada political will buat ngerjainnya,negative,kllo diseriusin nih aplikasi bantu banget cuman enggak political ngerjainnya
lemot banyak bug fitur notif enggak berfungsi tolong dibetulkan,negative,lot bug fitur notif enggak fungsi tolong betul
please back tapi the old version sering logout sendiri meski masih tersedia copy buku yang bisa dipinjam tapi ketika diklik pinjam error dan muncul tulisan jumlah copy tidak tersedia pencarian dahulu bisa berdasarkan nama author sekarang hanya bisa dari judul buku padahal sangat berguna karena mau melihat karya lainnya dari author tolong diperbaiki lagi aplikasinya bahkan aplikasi versi lama jauh lebih baik terima kasih,negative,please back old version logout sedia copy buku pinjam klik pinjam error muncul tulis copy tidak sedia cari dasar nama author judul buku guna karya author tolong baik aplikasi aplikasi versi terima kasih
bagaimana orang indonesia mau maju kalo aplikasi bacaan saja kagak jelas sistemnya padahal kalo dimaksimalkan aplikasi ini sangat sangat berguna plis deh adminnya baca ulasan disini,negative,orang indonesia maju kalo aplikasi baca kagak sistem kalo maksimal aplikasi guna plis deh adminnya baca ulas
trouble mulu,positive,trouble mulu
error terus sejak update,negative,error update
sudah lumayan lama tidak buka ipusnas lalu pas saya buka kembali coba pinjam buku yang kebetulan lihat salinannya banyak ternyata enggak bisa saya kira memang sedang galat di satu buku itu saja ternyata galatnya di seluruh isi apk ipusnas tolong segera diperbaiki ya developer eman banget setelah tampilan menarik malah fungsinya yang enggak berjalan baik,positive,lumayan tidak buka ipusnas pas buka coba pinjam buku lihat salin enggak galat buku galat isi apk ipusnas tolong baik ya developer eman banget tampil tarik fungsi enggak jalan
jelek,negative,jelek
kerja aplikasinya jelek banget loadingnya lama padahal koneksi internet bagusbagus saja sering log out sendiri jadi harus sering log ini dulu search bar bisa dipakai buat cari buku dari pengarang yang sama tinggal memasuki nama pengarangnya saja sekarang enggak bisa cuma bisa dipakai buat mencari judul buku histori dan antrian peminjaman dari sebelum update aplikasi juga enggak kesimpan tadi mau minjam buku copy nya masih ada tapi enggak bisa katanya jumlah copy tidak tersedia perbaiki lagi dong,negative,kerja aplikasi jelek banget loadingnya koneksi internet bagusbagus log log search bar pakai cari buku arang tinggal pasuk nama arang enggak pakai cari judul buku histori antri pinjam update aplikasi enggak simpan minjam buku copy nya enggak copy tidak sedia baik
setelah di perbarui malah tidak bisa dakses melakui pc menyebalkan sekali,negative,baru tidak dakses laku pc sebal
setelah pembaharuan malah tambah kacau tidak bisa log ini tibatiba log out rak buku dan riwayat tidak keluar lebih parahnya buku tersedia tapi tidak bisa dipinjam,negative,baharu kacau tidak log tibatiba log rak buku riwayat tidak parah buku sedia tidak pinjam
please fix the bugs,negative,please fix bugs
mohon sistem lebih di perbaiki lagi menjadi lebih baik tolong,negative,mohon sistem baik tolong
versi yang baru ini entah kenapa mencari keywordnya susah enggak bisa cari dengan nama penulis padahal kebanyakan buku fiksi pasti nyarinya nama penulisnya enggak hafal juduljudul bukunya selain itu ketika meminjam selalu ada keterangan salinan tidak tersedia padahal disitu tertera masih ada beberapa salinan yang bisa dibaca sudah tidak antri lagi keterangannya semakin update rasanya semakin menyulitkan pengguna semoga semakin berbenah ya,negative,versi cari keywordnya susah enggak cari nama tulis banyak buku fiksi nyarinya nama tulis enggak hafal juduljudul buku pinjam terang salin tidak sedia situ tera salin baca tidak antri terang update sulit guna moga benah ya
kalo mengantri buku enggak ada notif nya pas buku nya sudah ready overall bagus,positive,kalo antri buku enggak notif nya pas buku nya ready overall bagus
bosok banget ya allah aku cuma mau membaca secara gratis,positive,bosok banget ya allah baca gratis
kenapa tiap mau pinjem selalu copy tidak tersedia padahal ada copy,negative,pinjem copy tidak sedia copy
app jelek error terus enggak bisa dibuka,negative,app jelek error enggak buka
sering coba pakai akun tetap saja enggak bisa log ini tolong diperbaiki lagi sistemnya aplikasi kan dibuat biar lebih mudah diakses kalau banyak complain karena enggak bisa log ini berarti memang ada masalah dari sistem masa berbulan error terus bagaimana mau bangun literasi di tengah masyarakat kalo aksesnya susah sedangkan banyak orang enggak punya waktu ke perpus,negative,coba pakai akun enggak log tolong baik sistem aplikasi biar mudah akses complain enggak log sistem bulan error bangun literasi masyarakat kalo akses susah orang enggak pus
tolong perbaiki segalagalanya saya sudah tidak mampu berkomentar lebih banyak,negative,tolong baik segalagalanya tidak komentar
sangat amat mengecewakan ipusnas ini semenjak ganti develop dulu tuh memang sudah jelek ipusnasnya tapi setidaknya masih bisa diakses dan bisa untuk meminjam buku sekarang jangankan meminjam buku untuk login saja sangat susah giliran sudah bisa login tertipu dengan jumlah stok di apk katanya jumlah copy ada sekiansekian giliran akan dipinjam stok tidak ada like benaran ampas nih apk,negative,kecewa ipusnas semenjak ganti develop tuh jelek ipusnasnya akses pinjam buku pinjam buku login susah gilir login tipu stok apk copy sekiansekian gilir pinjam stok tidak like benar ampas nih apk
apakah aplikasi ipusnas sedang problem ya soalnya sejak melakukan pembaruan versi jadi tidak bisa meminjam buku padahal di buku tersedia copy tapi waktu dipinjam malah muncul tulisan copy tidak tersedia ini sudah hari kedua saya coba kemarin tidak bisa hari ini juga masih tidak bisa sejak ada pembaruan mohon informasinya terima kasih,negative,aplikasi ipusnas problem ya baru versi tidak pinjam buku buku sedia copy pinjam muncul tulis copy tidak sedia coba kemarin tidak tidak baru mohon informasi terima kasih
jelek error terus,negative,jelek error
a lot of bugs and errors very unnecessary updates too yang dikeluhin sama penggunanya padahal cuma update perihal buku antrian biar masuk notifikasi bar sama bugs sisanya ok tapi malah dirombak besarbesaran dan idk i cant bear using itu anymore makenya jadi repot dan berat,negative,lot bugs errors unnecessary updates dikeluhin guna update perihal buku antri biar masuk notifikasi bar bugs sisa ok rombak besarbesaran idk cant bear using anymore makenya repot berat
lebih baik kerjasama dengan overdrive agar terintegrasi ke libby pakbu ini aplikasi sudah sering banget down servernya,positive,kerjasama overdrive integrasi libby pakbu aplikasi banget servernya
i like this aplication but always error is very annoying,negative,like aplication always error annoying
sumpa deh memang aplikasi dari pemerintah nih enggak bisa diharepin lagi ya makin diupdate makin enggak jelas bagaimana orang enggak malas baca deh sekelas apk ipusnas saja mau diakses susah betul tiap mau akses harus login mana sekarang tiap buku cuma tersedia copy pliss tell me whyyyyy gua capeeeeeekkk capeeekkk betull deh jadi wni capeeeeeeeekkk please ipusnas be kind i beg lu,negative,sumpa deh aplikasi perintah nih enggak diharepin ya diupdate enggak orang enggak malas baca deh kelas apk ipusnas akses susah akses login buku sedia copy pliss tell whyyyyy gua capeeeeeekkk capeeekkk betull deh wni capeeeeeeeekkk please ipusnas kind beg
setelah diupgrade kok malah makin susah di buka kayak enggak ada sinyal padahal bagus kok,negative,diupgrade susah buka kayak enggak sinyal bagus
habis update jadi jelek banget enggak bisa pinjem buku,negative,habis update jelek banget enggak pinjem buku
sering error please perbaiki bug nya,negative,error please baik bug nya
lemot sering eror enggak bisa dibuka stok banyak enggak bisa dipinjam bisa dipinjam enggak bisa dibuka tolong sistemnya segera diperbaiki,negative,lot eror enggak buka stok enggak pinjam pinjam enggak buka tolong sistem baik
kok apknya makin jelekkk enggak bisa di download bukunya,neutral,apknya jelekkk enggak download buku
serius ini aplikasi milik pemerintah maaf tapi ipusnas versi update lebih buruk dari sebelumnya pertama aplikasi sering log out sendiri atau bahkan error kedua riwayat pinjaman juga sering hilang tanpa jejak ketiga dan paling disayangkan adalah koleksi buku enggak lengkap dan kuantitas yang enggak mumpuni sedih banget bagaimana masyarakat bisa melek literasi kalau support dari pemerintah saja kualitasnya kayak begini mohon segera diperbaiki lagi terima kasih,negative,serius aplikasi milik perintah maaf ipusnas versi update buruk aplikasi log error riwayat pinjam hilang jejak tiga sayang koleksi buku enggak lengkap kuantitas enggak mumpuni sedih banget masyarakat melek literasi support perintah kualitas kayak mohon baik terima kasih
tolong diperbaiki sayang banget koleksi bukunya sudah bagus tapi enggak bisa dibacadiunduh versi tebaru ini malah enggak bisa sama sekali,positive,tolong baik sayang banget koleksi buku bagus enggak dibacadiunduh versi tebaru enggak
sebelumnya sempat bermasalah dengan akun yang tibatiba logout sendiri buku yang musti di download berulang kali dan loading yang lama di home sinyal stabil dan memory juga cukup hari ini masalahnya tibatiba buku baru enggak bisa di download buku bisa dipinjam tapi pas download gagal terus coba buku sama hasilnya sampai clear chace dan uninstall tapi enggak ada perubahan satu lagi jumlah copy tersedia sekian cuma pas di klik pinjam muncul tulisan jumlah copy tidak tersedia,positive,masalah akun tibatiba logout buku musti download ulang kali loading home sinyal stabil memory tibatiba buku enggak download buku pinjam pas download gagal coba buku hasil clear chace uninstall enggak ubah copy sedia sekian pas klik pinjam muncul tulis copy tidak sedia
malas banget enggak bisa buat download buku terus login lama banget enggak bisa bisa,negative,malas banget enggak download buku login banget enggak
error terus loadingnya lama banget,negative,error loadingnya banget
nih aplikasi error mulu deh heran gue,negative,nih aplikasi error mulu deh heran
cant download the book,neutral,cant download book
dulu suka setelah di update loading dan akses buku terbtas,positive,suka update loading akses buku terbtas
pakbu saya bersyukur sekali dengan adanya aplikasi ini tapi tolong diperbaiki lagi apk sering tbtb log out terus pas masuk lagi loadingnya lama sebegitunya kah enggak ada biaya untuk perbaikan apk saya yakin kok banyak orang indonesia yang mumpuni dibidangnya saya tetap kasih rating karena saya masih butuh apk ini dan saya lihat ratingnya sudah jelek sekali maka segeralah dibenerin pakbu dengan adanya ipusnas ini bisa jadi jembatan bukan untuk generasi jadi suka membaca saya berharap,negative,pakbu syukur aplikasi tolong baik apk tbtb log pas masuk loadingnya begitu kah enggak biaya baik apk orang indonesia mumpuni bidang kasih rating butuh apk lihat ratingnya jelek segera dibenerin pakbu ipusnas jembatan bukan generasi suka baca harap
salah satu aplikasi favorit untuk baca namun sayangnya banyak terjadi trouble mulai dari sulit login tidak sinkronnya aplikasi jika digunakan di lebih dari satu perangkat sering mendapati buku yang tidak dapat dibuka detail pada buku mengenai jumlah copy yang tersedia tidak sesuai semua cover buku tidak terlihat sehingga harus ekstra jeli dalam membedakan mana buku yang dikehendaki menu pencarian sering tidak berfungsi dengan baik mohon segera diperbaiki ya sayang jika terus demikian,negative,salah aplikasi favorit baca sayang trouble sulit login tidak sinkron aplikasi perangkat dapat buku tidak buka detail buku copy sedia tidak sesuai cover buku tidak ekstra jeli beda buku hendak menu cari tidak fungsi mohon baik ya sayang
ini masuk aplikasinya lemot banget bahkan untuk mencari buku kelamaan loadingnya dan untuk peminjaman buku tolong diperhatikan lagi beberapa ada yang eror dan tidak bisa dibaca,negative,masuk aplikasi lot banget cari buku loadingnya pinjam buku tolong perhati eror tidak baca
setelah diupdate tambah buruk mau mengunduh gagal terus,negative,diupdate buruk unduh gagal
bug,neutral,bug
uiux is bad i cant borrow a book,negative,uiux bad cant borrow book
sering tibatiba log out dan ketika mau login malah eror aplikasinya lemot sekali loading lama cari buku dan rekomendasinya juga ribet tolong diperbaiki dan ditingkatkan lagi kinerja aplikasinya biar pengguna juga minat bacanya bertambah bukan malah berkurang karena sebel dengan aplikasinya,negative,tibatiba log login eror aplikasi lot loading cari buku rekomendasi ribet tolong baik tingkat kerja aplikasi biar guna minat baca tambah bukan kurang sebel aplikasi
setelah update menurut aku ux nya lebih buruk daripada ux versi lama sangat disayangkan padahal ui nya sudah lebih bagus satu hal lagi yang sangat disayangkan adalah tidak ada notifikasi update untuk buku yang sudah dikembalikan jadi agak susah harus cek satu satu terlebih dahulu update gemas banget sama ipusnas couldnt expect more i just want tapi read let me read pakai acara jumlah copy tidak tersedia padahal jelas jelas ditulis ada copy terus tiap mau baca harus unduh ulang bagaimana sih capek tau enggak,negative,update ux nya buruk ux versi sayang ui nya bagus sayang tidak notifikasi update buku kembali susah cek update gemas banget ipusnas couldnt expect want read let read pakai acara copy tidak sedia tulis copy baca unduh ulang sih capek tau enggak
halo admin sebelumnya aku sering menggunakan apps ini untuk alat belajarku tapi sudah beberapa bulan ke belakang ini aplikasinya selalu eror aku enggak bisa unduh file bukunya enggak bisa baca bukunya setelah menekan tombol pinjam akan selalu timbul tulisan download gagal file not found exception aku enggak tau ini kendalanya dimana aku sudah pernah pinjam akun temanku untuk mencoba juga tetap enggak bisa kenapa ya min aplikasinya juga lemot tolong berikan saran dan solusi untuk masalah ini terimakasih,negative,halo admin apps alat ajar aplikasi eror enggak unduh file buku enggak baca buku tekan tombol pinjam timbul tulis download gagal file found exception enggak tau kendala mana pinjam akun teman coba enggak ya min aplikasi lot tolong saran solusi terimakasih
aplikasi ini telah gagal menjalankan tugasnya dengan baik tidak dapat mendownload meminjam buku mungkin ini dibuat hanya untuk gimmick semata payah,negative,aplikasi gagal jalan tugas tidak mendownload pinjam buku gimmick payah
update makin jelekk najisss entah apa tau yang pengin dirubah dari yang dulu sudah server lemot menyusahkan pembaca buat bacaa,negative,update jelekk najisss tau pengin rubah server lot susah baca bacaa
benarbenar makin jelek aplikasinya loading terus enggak bisa di buka,negative,benarbenar jelek aplikasi loading enggak buka
setelah update malah bikin lemot parah banget eror pula buka di rak peminjaman enggak ada tapi waktu mencoba cari buku yang sudah dipinjam ada bisa klik baca percuma tampilan diperbaiki kalau sistem operasi nya malah lemot,negative,update bikin lot parah banget eror buka rak pinjam enggak coba cari buku pinjam klik baca tampil baik sistem operasi nya lot
sebelumnya ipurnas cukup bagus di old version nya tapi memang sebelum ganti ke new version sudah sering ke logout sendiri ditambah sekarang aplikasi sangat lagging mohon diperbaiki karena potensi aplikasi ini untuk meningkatkan literarsi masyarakat,negative,ipurnas bagus old version nya ganti new version logout tambah aplikasi lagging mohon baik potensi aplikasi tingkat literarsi masyarakat
demi allah lemot banget ini aplikasi perbaiki kayak makin hari kok makin bikin emosi,negative,allah lot banget aplikasi baik kayak bikin emosi
terlalu lambat loadingnya kadang mau log ini juga sering eror padahal jaringan bagus,positive,lambat loadingnya kadang log eror jaring bagus
sering error,negative,error
awalnya bisa lalu beberapa hari ini tidak bisa diakses lalu yerlogout login enggak bisa katanya tidak ada koneksi sudah coba pakai paket data dan wifi juga enggak bisa sedih deh buku di rak juga pada hilang padahal masih lama waktu peminjaman coba mau pinjam lagi tombol unduhnya enggak ada hiks hiks,negative,tidak akses yerlogout login enggak tidak koneksi coba pakai paket data wifi enggak sedih deh buku rak hilang pinjam coba pinjam tombol unduh enggak hiks hiks
aplikasi bosok eror tross,negative,aplikasi bosok eror tross
my profile is blank dan lemot banget,negative,profile blank lot banget
jelek banget setelah update di versi baru ini bukan malah makin bagus jadi makin lemot lemot yang lemot banget dan belum tentu bisa sangat sangat tidak membantu jadi mau baca malah jadi malas baca,negative,jelek banget update versi bukan bagus lot lot lot banget tidak bantu baca malas baca
entah kenapa ipusnas setelah mode baru leletnya meminta ampun apa enggak bisa app nya lebih ringan oke lebih berat tapi tolong dong bagaimana caranya supaya lebih cepat sayang banget padahal koleksi bukunya bagus pleaselah app ipusnas harusnya bisa diakses semua orang termasuk luar daerah yang jaringan internet terbatas dan berbagai jenis ponsel mending kembali ke mode lama deh lancar daripada model sekarang tapi enggak bisa digunakan kelihatannya doang lebih fresh,positive,ipusnas mode lelet ampun enggak app nya ringan oke berat tolong cepat sayang banget koleksi buku bagus pleaselah app ipusnas akses orang daerah jaring internet batas jenis ponsel mending mode deh lancar model enggak doang fresh
diperbarui malah jauh makin jelek lemot log out sendiri tapi susah banget untuk log ini kembali tapi bad,negative,baru jelek lot log susah banget log bad
loading lama,neutral,loading
aplikasi versi android makin berat dan loadingnya data nya makin lama setelah update banyak data yang hilang dan wishlistnya juga antrian jadi satu menu aplikasi versi desktop juga enggak bisa login memuatnya lama dan sering close app,negative,aplikasi versi android berat loadingnya data nya update data hilang wishlistnya antri menu aplikasi versi desktop enggak login muat close app
sebenarnya suka sama app nya kebantu banget buat yang enggak bisa pinjem buku fisiknya tapi sayang loadingnya lama banget terutama di beranda dan seringkali kalau mau baca harus unduh terus,positive,suka app nya bantu banget enggak pinjem buku fisik sayang loadingnya banget beranda seringkali baca unduh
mau pinjam satu buku saja loadingnya lama sekali tolong diperbaiki ya versi yang lama lebih baik satu klik halaman langsung berpindah,positive,pinjam buku loadingnya tolong baik ya versi klik halaman langsung pindah
interfacenya sudah ada perkembangan enggak terkesan jadul seperti versi sebelumnya tapi loadingnya jadi lama banget mau buka rak pinjaman ada menunggu menit mungkin lebih bisa dimaksimalkan lagi bagaimana caranya biar loadingnya lebih cepat karena lebih penting kecepatannya itu daripada interface diperbaharui untuk apa tampilannya bagus tapi lemot meminta ampun,negative,interfacenya kembang enggak kes jadul versi loadingnya banget buka rak pinjam tunggu menit maksimal biar loadingnya cepat cepat interface baharu tampil bagus lot ampun
tolong ya kepada pemerintah tolong banget server atau mungkin big data atau apalah itu aku masih awam dan enggak tahu banyak hal lebih diperbaiki lagi sering banget enggak bisa login atau error loadingnya lama bagaimana kita mau ningkatin tingkat literasi anak bangsa kalau platform milik negara saja kayak begini sudah buku tuh sekarang harganya mahal yhaa jujur enggak murah di kantong terus kalau platform baca yang paling murah dan mudah dibuat sulit kayak begini bagaimana mau berkembang yang lebih baik,positive,tolong ya perintah tolong banget server big data apa awam enggak baik banget enggak login error loadingnya ningkatin tingkat literasi anak bangsa platform milik negara kayak buku tuh harga mahal yhaa jujur enggak murah kantong platform baca murah mudah sulit kayak kembang
loadingnya parah sih lama banget padahal jaringan saya stabil,positive,loadingnya parah sih banget jaring stabil
sebelum update buku enggak ada yang ke load dicari ada judulnya tapi enggak ada yang bisa dipinjam setelah update malah enggak bisa login bagaimana sih,negative,update buku enggak load cari judul enggak pinjam update enggak login sih
tolong pajak dari gue buat perbaiki aplikasi ini,negative,tolong pajak baik aplikasi
tampilan jauh lebih bagus daripada yang sebelumnya tapi performanya luar biasa hancur masuk akun lambat loading homepage jauh lebih parah lambatnya setelah loading homepage mau ada buku malah loading lagi kacau aplikasinya,negative,tampil bagus performa hancur masuk akun lambat loading homepage parah lambat loading homepage buku loading kacau aplikasi
the app crashes whenever i try tapi open itu,negative,app crashes whenever try open
never had a good experience itu always kicked me from my account and said token revoked and a neverending buffering the best app if you want tapi sih a neverending buffering,positive,never good experience always kicked account said token revoked neverending buffering best app want sih neverending buffering
best,neutral,best
lemot,negative,lot
leley kali buat buka aplikasinya padahal banyak buku buku bagus,negative,leley kali buka aplikasi buku buku bagus
lemot banget kenapa siihhhh,negative,lot banget siihhhh
halo ipunas saya senang dengan ui ipusnas yang sekarang lebih fresh kekurangannya ada aplikasi yang sekarang tidak tersedia untuk huawei semoga ada update juga untuk perangkat huawei sehingga bisa diakses juga,negative,halo ipunas senang ui ipusnas fresh kurang aplikasi tidak sedia huawei moga update perangkat huawei akses
kenapa akhir ini error terus,negative,error
tolong dong saya tidak bisa mengakses aplikasinya sama sekali semuanya blank bahkan di bagian profil pun blank bagaimana ya bukan hanya saya banyak pengguna lain yang mengeluhkan hal ini juga sedihhhh mau baca buku,negative,tolong tidak akses aplikasi blank profil blank ya bukan guna keluh sedihhhh baca buku
kocagggg idah di update malah makin lagbug dahal internet lancarrr ini nih yang buat orang orang makin malas buat ber literasi kocagg banget gue sudah bulanan setelah update jadi kagak baca buku lagi nih minimal kalo mau majuin sdm tolong dah ya fasilitas yang mendukug memadai kocaggg ini gue sudah menitan masih saja muter muter enggak karuan woilah tolong di up lagi ya banyak bug lag parah dahal internet nya lancarr,negative,kocagggg idah update lagbug dahal internet lancarrr nih orang orang malas ber literasi kocagg banget bulan update kagak baca buku nih minimal kalo majuin sdm tolong dah ya fasilitas mendukug pada kocaggg menit muter muter enggak karuan woilah tolong ya bug lag parah dahal internet nya lancarr
loadingnya terlalu lama,neutral,loadingnya
setiap di buka yang muncul hanya blank space bahkan setelah saya log ini ulang tetap saja begitu tolong segera diperbaiki,positive,buka muncul blank space log ulang tolong baik
selalu loading padahal internet bagus tapi aplikasi loading,negative,loading internet bagus aplikasi loading
the bugs and errors are crazy please fix that asap,negative,bugs errors crazy please fix asap
,neutral,
loading take ages,neutral,loading take ages
please aplikasinya diperbaiki lagi sering banget erorrr bikin mood baca hilang nanti kalo sudah nyaman dipakai saya ganti rating lebih tinggi,positive,please aplikasi baik banget erorrr bikin mood baca hilang kalo nyaman pakai ganti rating
jangan setelah di update dan tampilannya berubah malah makin jelek uxnya tiba keluar dari aplikasi history peminjaman tidak terdata atau tidak bisa diakses sama sekali aplikasinya mengecewakan aplikasi sering force stop malam ini malah keterangannya no connection nor dls found padahal wifi lancar,negative,update tampil ubah jelek uxnya aplikasi history pinjam tidak data tidak akses aplikasi kecewa aplikasi force stop malam terang connection dls found wifi lancar
makin parah loading lama banget padahal internet lancar history buku yang dipinjam juga enggak ada dll entahlah sampai kapan begini enggak nyaman banget,positive,parah loading banget internet lancar history buku pinjam enggak dll enggak nyaman banget
loading di pencarian lamaa padahal sinyal bagus,negative,loading cari lamaa sinyal bagus
apk versi terbaru malah lebih jelek dari yang sebelumnya setiap masuk apk log out padahal sebelumnya sudah login dan juga loading lama blank space sampai keburu cspe menunggu nya karena lama blank space nya tolong diperbaiki,negative,apk versi baru jelek masuk apk log login loading blank space keburu cspe tunggu nya blank space nya tolong baik
sebelum update bagus banget lah sekarang sudah loadingnya lama terus enggak bisa unduh buku selalu ada masalah kalau mau unduh buku,negative,update bagus banget loadingnya enggak unduh buku unduh buku
enggak bisa kebuka sudah berkali reinstall kalau ada yang butuh banget bukunya buka website ipusnas di pc saja,negative,enggak buka kali reinstall butuh banget buku buka website ipusnas pc
ayolah aplikasinya terlalu berat dan kurang simple,positive,ayo aplikasi berat simple
jelek,negative,jelek
sir pls whats going on after this update when i tried tapi reading my borrowed book its did nothing like the page just buffering well i tried tapi waiting but ini the end my book doesnt pop up the ui design looks lit tho,positive,sir pls whats going update tried reading borrowed book nothing like page buffering well tried waiting end book doesnt pop ui design looks lit tho
lebih suka tampilan yang dulu kok jadi lemot ya,negative,suka tampil lot ya
firstid like tapi sayang thank you for providing us sok many good books for free dan masa peminjamannya sampai minggu tapi kalian tuh dari dulu budek banget ya tiap disuruh buat benerin appnya error mulu ini sudah seminggu lebih loading terus masa harus buka di pc mulu sih fix your app kalian nyiptain app ini juga pakai pajak yang kita bayar jadi mendengarkan kata user kalian,positive,firstid like sayang thank providing us sok many good books free pinjam minggu tuh budek banget ya suruh benerin appnya error mulu minggu loading buka pc mulu sih fix app nyiptain app pakai pajak bayar dengar user
tolong aplikasi diperbaiki sudah install dan login tapi loading terus,negative,tolong aplikasi baik install login loading
i cant access the app the worst version ever,neutral,cant access app worst version ever
aduh kok sekarang tambah lemot ya kalau mau buka aplikasinya bug nya tambah berat mohon di optimalkan lagi ya,negative,aduh lot ya buka aplikasi bug nya berat mohon optimal ya
kenapa habis update malah tambah jelek enggak bisa mengapai loading doang sampai kiamat,negative,habis update jelek enggak kapai loading doang kiamat
jelek banget appnya ketika buka maka kita akan berhadapan dengan loading tanpa henti dari appnya untuk memuat laman utama dan tolong perlengkap bukunya,negative,jelek banget appnya buka hadap loading henti appnya muat laman utama tolong lengkap buku
sudah berapa hari loading mulu padahal mau baca buku,positive,loading mulu baca buku
jelek banget kenapa sih mau cari buku dipencarian enggak bisa habis download malah suruh unduh lagi tiba tiba hilang jadi nya antri lagi stok sedikit enggak benar benar semenjak pembaharuan deh,negative,jelek banget sih cari buku cari enggak habis download suruh unduh hilang nya antri stok enggak semenjak baharu deh
parah parah,negative,parah parah
itu is kinda frustrating tapi sih the app keep logging out,neutral,kinda frustrating sih app keep logging
i cant open itu,negative,cant open
loading lama banget history buku yang dulu dulu juga hilang tolong segera perbaiki,positive,loading banget history buku hilang tolong baik
aplikasi di upgrade malah tambah jelek akun suka tibatiba logout sendiri terus loading mulu aplikasinya mencari buku jadi enggak bisa tolong diperbaiki dong aplikasinya banyak bacaan bagus soalnya sayang kalau error mulu,negative,aplikasi upgrade jelek akun suka tibatiba logout loading mulu aplikasi cari buku enggak tolong baik aplikasi baca bagus sayang error mulu
berandanya loading mulu,negative,beranda loading mulu
jelek banget lemot,negative,jelek banget lot
update bukannya tambah baik malah tambah buruk mending balikin ke versi sebelumnya saja deh enggak butuh tampilan kekinian yang penting bisa dipakai buat baca dan enggak lelet,negative,update buruk mending balikin versi deh enggak butuh tampil kini pakai baca enggak lelet
halo ini knapa sering lemot ya boleh di perbaiki soalnya penting banget buat nyusun skripsi huhu,positive,halo knapa lot ya baik banget nyusun skripsi huhu
makin jelek loading dan log out mulu,negative,jelek loading log mulu
enggak bisa login sama sekali heran loh katanya mau mencerdaskan anak bangsa bangsa yang mana mau baca saja susah banget aplikasi rusak,negative,enggak login heran cerdas anak bangsa bangsa baca susah banget aplikasi rusak
lemot banget,negative,lot banget
this app is unusable due tapi how long itu is tapi load its very unstable that i can barely use itu the old version is sok much better tahan this,neutral,app unusable due long load unstable barely use old version sok much better tahan
loading nya lama banget,positive,loading nya banget
lola banget tiap dibuka kenapa sih,positive,lola banget buka sih
tampilan baru malah makin buruk enggak bisa buka minat baca kita tinggi kok makanya kita pengin ipusnas bisa berfungsi sebagaimana mestinya,negative,tampil buruk enggak buka minat baca pengin ipusnas fungsi mesti
kalian yang baca di ipusnas asli sabar banget kalau aku jujur saja kurang sabar,positive,baca ipusnas asli sabar banget jujur sabar
too slow the turtle is faster tahan this app,neutral,slow turtle faster tahan app
terlalu terang buat dibaca kalau bisa ditambahkan fitur atau tema gelap supaya ketika dibaca mata tidak terlalu perih,negative,terang baca fitur tema gelap baca mata tidak perih
sangat sangat memuaskan cuman saya masih mencari cari novel the scorch trials enggak nemu nemu btw saya kasih saran kasih preview beberapa halaman dong di setiap bukunya biar seengganya bisa tau apa yang akan kita pinjem hehe bintang lima deh buat layanan customer service nya disini itu review saya di tahu yang notabene appnya masih jelek sekarang tahu bukannya upgrade malah downgrade gakaruan jelek banget minimal bisa dipakai lah dikit nah ini buat search buku saja enggak bisa aneh,negative,muas cuman cari cari novel scorch trials enggak nemu nemu kasih saran kasih preview halaman buku biar seengganya tau pinjem bintang deh layan customer service nya review notabene appnya jelek upgrade downgrade gakaruan jelek banget minimal pakai dikit search buku enggak aneh
min tolong memperbaiki aplikasinya dong updated version malah makin mengaco loading enggak selesaiselesai rekomendasi buku enggak berfungsi fitur pencarin cuma nampilin sedikit buku padahal pasti ada banyak banget,neutral,min tolong baik aplikasi updated version aco loading enggak selesaiselesai rekomendasi buku enggak fungsi fitur pencarin nampilin buku banget
dulu sudah bagus padahal sudah bisa dipakai pinjam buku digital dan baca dengan nyaman sekarang sejak update jadi loading terus saja sudah coba uninstall dan install ulang tetap sama loading saja terus di halaman awal mohon segera diperbaiki,positive,bagus pakai pinjam buku digital baca nyaman update loading coba uninstall install ulang loading halaman mohon baik
nganu alias banyak bugsss,neutral,nganu alias bugsss
tidak bisa masuk,negative,tidak masuk
parah habis diupdate malah buffering lama mana ui nya jadi jelek ribet tolong diperbaiki atau dikembalikan saja ke versi lama versi baru malah lebih bapuk,negative,parah habis diupdate buffering ui nya jelek ribet tolong baik kembali versi versi bapuk
aplikasi nya enggak bisa di akses loading lama,negative,aplikasi nya enggak akses loading
tolong banget di benerin sistemnya lagi minimal kalo tampilan update sistemnya juga update kak,negative,tolong banget benerin sistem minimal kalo tampil update sistem update kak
app is unopenable,neutral,app unopenable
semenjak update aplikasi jelek banget ke log out sendiri terus jadi notif antrian buku enggak pernah bunyi tolong dong diperbaiki dan copy buku di perbanyak karena jarang kebagian buku yang tersedia hampir ratarata harus antri,negative,semenjak update aplikasi jelek banget log notif antri buku enggak bunyi tolong baik copy buku banyak jarang bagi buku sedia ratarata antri
error mulu tiap mau baca mana harus logout login dulu tiap buka aplikasi,negative,error mulu baca logout login buka aplikasi
aplikasinya lemot banget saat dibuka koleksi pinjaman buku hilang semua terus teman yang diikuti juga hilang kembalikan versi yang lama jelek banget versi terbaru ini,negative,aplikasi lot banget buka koleksi pinjam buku hilang teman ikut hilang kembali versi jelek banget versi baru
worse uinya enggak pernah benar jadi kapan warga indonesia benerbener mulai gemar membaca,positive,worse uinya enggak warga indonesia benerbener gemar baca
why isnt not working,neutral,isnt working
tidak kompatibeldengan onxy boox lagi,negative,tidak kompatibeldengan onxy boox
kenapa setiap keluar dari aplikasi selalu otomatis log out padahal penyimpanan hp baikbaik saja jaringan juga tidak masalah kesal sekali setiap kali mau baca buku harus log ini ulang ya ampun sekarang hampir semua buku tidak bisa di download,negative,aplikasi otomatis log simpan hp baikbaik jaring tidak kesal kali baca buku log ulang ya ampun buku tidak download
servernya tolong diperbaikin terimakasih,positive,servernya tolong diperbaikin terimakasih
loadingnya lama banget,positive,loadingnya banget
sudah indonesia tingkat literasinya rendah ditambah ipusnas yang errornya dianggurin dari bulan desember padahal akses ipusnas tahun lalu masih oke loh akses buat baca saja diabaikan memang ini negara enggak ada niatan buat provide fasilitas yang baik,positive,indonesia tingkat literasinya rendah tambah ipusnas errornya dianggurin desember akses ipusnas oke akses baca abai negara enggak niat provide fasilitas
app jelek error terus,negative,app jelek error
habis update jelekkkkkkkkk banget bukunya harus di unduh lagi,positive,habis update jelekkkkkkkkk banget buku unduh
aplikasi nya enggak bisa dibuka loading terus di homenya,negative,aplikasi nya enggak buka loading homenya
perpustakaan nasional dengan kualitas buruk di dunia perlu di tingkatin lagi aplikasinya,negative,pustaka nasional kualitas buruk dunia tingkatin aplikasi
terima kasih harapannya bisa lebih banyak akses untuk ilmu dan sumber bacaan keren sih terima kasih pak menteri,positive,terima kasih harap akses ilmu sumber baca keren sih terima kasih menteri
eh jelek banget anjir habis di update semua history nya hilang yang di queues hilang semua cok alah masa harus cari memasuki ulang ke queue,negative,eh jelek banget anjir habis update history nya hilang queues hilang cok alah cari pasuk ulang queue
the app is getting worse my reading history is lost my followers and followings is lost my profile is back tapi basic the app is also slower badly,negative,app getting worse reading history lost followers followings lost profile back basic app also slower badly
the f is that buka aplikasi berandanya loading lamaaa banget oh god ive never seem a worse app tahan this,negative,f buka aplikasi beranda loading lamaaa banget oh god ive never seem worse app tahan
tolong perbaiki tidak bisa dibuka untuk apa download mau baca enggak bisa,neutral,tolong baik tidak buka download baca enggak
enggak bisa diakses sama sekali layar blank enggak bisa mencari buku selalu nunjukkin unknown error ada apa,negative,enggak akses layar blank enggak cari buku nunjukkin unknown error
lag banget tidak bisa login apk,negative,lag banget tidak login apk
setelah diperbaharui malah tidak bjsa digunakan,negative,baharu tidak bjsa
aplikasi kg jelass,negative,aplikasi kg jelass
perbaiki bugg,positive,baik bugg
kenapa ya sering error loading terus menu enggak muncul kalau antrian sudah selesai enggak muncul notif jadi sering ketinggalan buku yang mau dibaca please diupgrade lagi,negative,ya error loading menu enggak muncul antri selesai enggak muncul notif tinggal buku baca please diupgrade
setelah update aplikasi tidak dapat berjalan baik bahkan tidak bisa menampilkan beranda notifikasi pun tidak muncul sering log out sendiri,negative,update aplikasi tidak jalan tidak tampil beranda notifikasi tidak muncul log
kapan diupdatee lemot banget buka beranda saja muter saja,negative,diupdatee lot banget buka beranda muter
cant open the apps,negative,cant open apps
bagus versi lama bagus enggak bisa lewat web sejak bisa pakai web malah jadi lemot enggak bisa dipencet samsek juga mau baca malah badmood duluan kocak,negative,bagus versi bagus enggak web pakai web lot enggak pencet samsek baca badmood duluan kocak
setelah pembaharuan aplikasinya semakin tidak menarik dan pilihan bukunya kurang variatif penerbit buku yang muncul berulang dibeberapa penerbit yang sama lebih bagus versi yang lama,negative,baharu aplikasi tidak tarik pilih buku variatif terbit buku muncul ulang beberapa terbit bagus versi
lemot banget sumpah jadi malas buka ipusnas,negative,lot banget sumpah malas buka ipusnas
susahh dibuka di onyx boox poke,neutral,susahh buka onyx boox poke
aplikasi sangat bagus kalau dikelola dengan baik bisa pinjam dan baca buku online kendala terjadi setiap masuk aplikasi selalu loading lama dan logout sayang sekali,negative,aplikasi bagus kelola pinjam baca buku online kendala masuk aplikasi loading logout sayang
aplikasi terburuk,negative,aplikasi buruk
sebetulnya perlu dan suka sekali dengan app ini di versi sebelumnya tapi sejak update ya ampun makin jelek mau login susah sekali loading super lama bahkan enggak terbuka sangat kecewa,negative,suka app versi update ya ampun jelek login susah loading super enggak buka kecewa
sok much bug and i cant log ini tapi the app,neutral,sok much bug cant log app
lemot banget buffering waktu baru buka aplikasinya,negative,lot banget buffering buka aplikasi
suka banget sekarang buku yang lagi diomongin di sosmed seperti laut bercerita sudah masuk juga di ipusnas jadi akses lebih mudah buat pemerataan literasi masyarakat indonesia semoga ipusnas makin terdepan menyuguhkan berbagai macam buku nasional maupun internasional yang lagi viral agar daya baca anak muda indonesia meningkat juga merata ke seluruh pelosok,neutral,suka banget buku diomongin sosmed laut cerita masuk ipusnas akses mudah perata literasi masyarakat indonesia moga ipusnas depan suguh buku nasional internasional viral daya baca anak muda indonesia tingkat rata pelosok
sudah update versi yang baru tapi malah ialng semua ulasan dan list following terus appnya lambat dan enggak bisa minjam buku please fix this bagaimana ceritanya perpus negara pakai uang pajak rakyat modelnya kayak begini,negative,update versi ialng ulas list following appnya lambat enggak minjam buku please fix cerita pus negara pakai uang pajak rakyat model kayak
loadingnya lama enggak pernah dapat notif ketersediaan buku yang maauk dalam antrean,positive,loadingnya enggak notif sedia buku maauk antre
idk why the developer didnt di anything tapi response all the rating section eventho this app is take long time tapi load but i hope they will upgrade with the best version bcs we need tapi memakai reading as a habit sok please fix all the problems,negative,idk developer didnt anything response rating section eventho app take long time load hope upgrade best version bcs need pakai reading habit sok please fix problems
diupdate malah enggak bisa dibuka kocak,negative,diupdate enggak buka kocak
kocak menu rak pinjamnya hilang terus aku baca bukunya bagaimana,negative,kocak menu rak pinjam hilang baca buku
banyak kali error nya padahal koneksi enggak ada masalah tapi sering kali loading yang sampai enggak bisa tekan apaapa selain buku yang dipinjam,negative,kali error nya koneksi enggak kali loading enggak tekan apaapa buku pinjam
ipusnas ini setelah update aplikasi malah berantakan begini history peminjaman enggak ada buku yang dipinjam tiba hilang enggak bisa balikin buku aplikasinya makin lemot ini developernya lulusan mana sih bisa bikin app enggak dibayar murah pasti nih,negative,ipusnas update aplikasi beranta history pinjam enggak buku pinjam hilang enggak balikin buku aplikasi lot developer lulus sih bikin app enggak bayar murah nih
semenjak update ke versi terbaru malah makin jelek sering logout kadang bisa masuk tapi mau input search bar enggak bisa bagaimana sih ini,negative,semenjak update versi baru jelek logout kadang masuk input search bar enggak sih
why di the apps still on blank page,positive,apps still blank page
belum apa sudah lemot banget,negative,lot banget
enggak bisa kebuka samsekkk sudah ganti jaringan pun hasilnya tetap sama bagaimana niii,positive,enggak buka samsekkk ganti jaring hasil niii
automatic logout and blank space after log ini,neutral,automatic logout blank space log
this app helps ini reading activities but the more the app is updated the more itu gets downgraded,neutral,app helps reading activities app updated gets downgraded
loading berandanya lama min tolong diperbaiki soalnya aplikasi versi lama cepat,negative,loading beranda min tolong baik aplikasi versi cepat
aplikasi bagus,negative,aplikasi bagus
kok error mulu sih developernya niat enggak sih,negative,error mulu sih developer niat enggak sih
aplikasi kammpret menyusahkan,negative,aplikasi kammpret susah
payah banget setiap keluar aplikasi mau lanjut baca buku harus unduh lagi saya bingung ipusnas kenapa ya tidak berbenah dari dulu seperti ini terus kalo enggak logout tibatiba enggak bisa diakses bahkan sangaaaaaaat lambattt banyaknya rating jelek harusnya bisa menjadi evaluasi,negative,payah banget aplikasi baca buku unduh bingung ipusnas ya tidak benah kalo enggak logout tibatiba enggak akses sangaaaaaaat lambattt banyak rating jelek evaluasi
aplikasi baca ayo jangan dibiarkan bugging dan error supaya masyarakat tidak malas baca buku legal hehe,negative,aplikasi baca ayo biar bugging error masyarakat tidak malas baca buku legal
sejauh ini aplikasi ipusnas berjalan dengan cukup baik walaupun memang beberapa kali terkendala dalam proses login dan peminjaman bukunya saya mau izin kasih saran boleh min apakah bisa ipusnas mengembangkan kembali fitur chat di aplikasi tersebut saya rasa ini dapat menjadi alternatif untuk meningkatkan kuantitas literasi dan komunitas pecinta buku karena ada wadah untuk dapat berkomunikasi dan berbagi dengan lebih intens terima kasih banyak mohon dipertimbangkan min,negative,aplikasi ipusnas jalan kali kendala proses login pinjam buku izin kasih saran min ipusnas kembang fitur chat aplikasi alternatif tingkat kuantitas literasi komunitas cinta buku wadah komunikasi bagi intens terima kasih mohon timbang min
the uiux after update was good but the server is sok bad event before are better tahan now update january if i can i want tapi give this app a zero star,negative,uiux update good server sok bad event better tahan update january want give app zero star
zolim banget ini pemerintah sama rakyat indonesia minat baca kami tinggi dibuat gembel sama pemerintah indonesia,positive,zolim banget perintah rakyat indonesia minat baca gembel perintah indonesia
lemot parah,negative,lot parah
just memakai itu simple and easy tapi use,positive,pakai simple easy use
aplikasinya sangat lemot padahal sukabanget bisa pinjam buku gratis tolong petbaiki,negative,aplikasi lot sukabanget pinjam buku gratis tolong petbaiki
jelekkk banget ngelag parah mau buka loadingnya lambat padahal koneksi bagus kencang juga mana pilihannya di laman utama suka ilangan,negative,jelekkk banget ngelag parah buka loadingnya lambat koneksi bagus kencang pilih laman utama suka ilangan
semenjak diupdate malah lebih sering bug nya terus ke logout sendiri dan juga tiap mau baca buku harus unduh terlebih dahulu tetapi pas diunduh selalu saja gagal mau baca online pun tetap enggak bisa bagaimana mau baca coba online enggak bisa offline juga enggak bisa,positive,semenjak diupdate bug nya logout baca buku unduh pas unduh gagal baca online enggak baca coba online enggak offline enggak
apaan deh kok jadi enggak bisa,neutral,deh enggak
jelek banget aplikasinya suka logout sendiri buku enggak bisa dikembalikan tiap selesai baca padahal sudah klik opsi kembalikan suka tibatiba loading lama kalau lagi scroll antrian padahal sudah mentok koleksi buku a tapi pas dipencet malah yang keluar buku b,negative,jelek banget aplikasi suka logout buku enggak kembali selesai baca klik opsi kembali suka tibatiba loading scroll antri mentok koleksi buku pas pencet buku b
seballll,neutral,seballll
constant automatic logout is weird as this app is not a bank app the categorization is unhelpful especially for childrens books which throw all kinds of books under one umbrella instead of creating more subcategories eg fiction religion this category seems tapi dominate nonfiction picturebooks there is no clear distinction for middle grade novels as itu falls ini both children and teen fiction labels queue system with no chronological priority and notification is bad full of bugs,negative,constant automatic logout weird app bank app categorization unhelpful especially childrens books throw kinds books one umbrella instead creating subcategories eg fiction religion category seems dominate nonfiction picturebooks clear distinction middle grade novels falls children teen fiction labels queue system chronological priority notification bad full bugs
kenapa sih sering error padahal buku di dalamnya banyak sudah oke awalnya tapi akhir akhir ini login saja susah,negative,sih error buku dalam oke login susah
updated version did not work on tablet onyx boox,neutral,updated version work tablet onyx boox
bukunya bagusbagus awalawal update sempat sering error sekarang alhamdulillah deh oke,positive,buku bagusbagus awalawal update error alhamdulillah deh oke
kok enggak bisa diinstal di onyx boox poke padahal versi sebelumnya bisasetelah diupdate malah enggak bisa,neutral,enggak diinstal onyx boox poke versi bisasetelah diupdate enggak
okay sekarang sudah mendingan,positive,okay mending
loading mulu kenapa ini,positive,loading mulu
sangat buruk setelah diperbarui selalu keluar akun meskipun saya sedang membaca sering tidak bisa masuk akun setelahnya makin kesini makin buruk ya sekarang lagi baca tibatiba sistem eror sayang enggak bisa mengasih bintang atau minus,negative,buruk baru akun baca tidak masuk akun telah kesini buruk ya baca tibatiba sistem eror sayang enggak asih bintang minus
kenapa setelah update aplikasi ini enggak bisa lagi dipakai di ereader meebook sama mengesalkan,negative,update aplikasi enggak pakai ereader meebook kesal
perbaiki filenya dong min percuma sering update tapi error terus format filenya,negative,baik filenya min update error format filenya
kecewa sekali setelah diupgrade appsnya malah jadi makin jelek mutual hilang list antrian hilang history hilang fitur enggak penting malah muncul kayak quotes sama berita bla bla bla mending benerin yang ada dulu daripada menambah yang anehaneh appsnya lemot banget lebih lemot dari yang versi lama,negative,kecewa diupgrade appsnya jelek mutual hilang list antri hilang history hilang fitur enggak muncul kayak quotes berita bla bla bla mending benerin tambah anehaneh appsnya lot banget lot versi
ini kenapa ya buku yang saya pinjam sebelum update tau menghilang bahkan riwayat peminjaman saya juga berkurang tau serta entah kenapa beberapa kali saya terkeluar dari aplikasi karena katanya token ipusnas saya habis ini maksudnya apa coba tolong deh kalau bikin aplikasi itu jangan seperti ini orang yang kepengen baca akan kesusahan tau riwayat baca sama que yang lama sebelum update bulan november masih hilang enggak tau kenapa pliss kembalikan data akun lama saya,negative,ya buku pinjam update tau hilang riwayat pinjam kurang tau kali keluar aplikasi token ipusnas habis maksud coba tolong deh bikin aplikasi orang ken baca susah tau riwayat baca que update november hilang enggak tau pliss kembali data akun
kenapa setelah diupdate jadi lemot dan susah diakses ya bukunya menurut saya juga fitur video dll itu tidak perlu karena orang butuhnya baca buku saja di ipusnas itu juga yang mungkin membuat aplikasi ini jadi lemot mohon perbaikannya ya,negative,diupdate lot susah akses ya buku fitur video dll tidak orang butuh baca buku ipusnas aplikasi lot mohon baik ya
tidak bisa dipasang di onyx boox go capek baca dari ponsel,positive,tidak pasang onyx boox go capek baca ponsel
aplikasi tidak bisa dibuka search bar tidak bisa di klik queue hilang semua bagaimana ya ini edit dec sudah bisa terima kasih ipusnas,negative,aplikasi tidak buka search bar tidak klik queue hilang ya edit dec terima kasih ipusnas
update versi bikin banyak buku hilang bagusan yang lama,negative,update versi bikin buku hilang bagus
down mulu,positive,mulu
banyak bug sering error,negative,bug error
bukunya tidak bisa diunduh,negative,buku tidak unduh
makin kesini makin bobrok bjir banyak buku yang enggak bisa didownload padahal stoknya masih tersedia banyak bekum lagi rekomendasi buku yang sama sekali enggak relevan terus enggak ada notif buku antrean sudah tersedia kayak versi sebelumnya bikin kesusahan buat tracking buku inceran kita belum lagi buku buku antreanhistory yang hilang after updated itu uang anggaran buat gaji developer yang benar dong jangan dikorupsi mulu,negative,kesini bobrok bjir buku enggak didownload stok sedia bekum rekomendasi buku enggak relevan enggak notif buku antre sedia kayak versi bikin susah tracking buku inceran buku buku antreanhistory hilang updated uang anggar gaji developer korupsi mulu
stop soksokan update,neutral,stop soksokan update
saya sama sekali enggak bisa login padahal sudah punya akun dan pakainya sudah lama berkalikali mencoba tetap saja enggak bisa login sudah coba lapor di twitter enggak direspon saya harus bagaimana des aplikasi enggak bisa baca data gamuat profil buku di rak hilang enggak bisa dibaca habis di update malah jadi jelek banget aneh,negative,enggak login akun pakai berkalikali coba enggak login coba lapor twitter enggak direspon des aplikasi enggak baca data gamuat profil buku rak hilang enggak baca habis update jelek banget aneh
kembalikan ipusnas yang dulu min tolong lah masa mau buka saja perlu login ulang please lah,negative,kembali ipusnas min tolong buka login ulang please
koleksi bukunya banyak cocok untuk hampir semua usia hanya saja untuk pengalaman membaca kurang nyaman tidak seperti di playbook yang bisa ganti halaman dengan geser kanan kiri aplikasi ini cuma bisa baca buku seperti pdf jadi enggak enak buat baca novel dan tidak kompatibel dengan ereader meebook dan hampir semua jenis ereader standar rata e reader punya gb ram sedangkan aplikasi ini meminta gb tolong buat supaya bisa instal di ereader lagi,negative,koleksi buku cocok usia alam baca nyaman tidak playbook ganti halaman geser kanan kiri aplikasi baca buku pdf enggak enak baca novel tidak kompatibel ereader meebook jenis ereader standar e reader gb ram aplikasi gb tolong instal ereader
terima kasih atas aplikasinya tetapi ada suatu masalah besar saya baru membuka lagi ipusnas setelah beberapa minggu tidak menggunakannya tetapi loadingnya sangat lama dan bahkan tampilan utamaberanda tidak kunjung muncul hanya tampilan loading saja tombol pencarian juga tidak dapat ditekan mohon bantuannya untuk perbaikannya terima kasih,negative,terima kasih aplikasi buka ipusnas minggu tidak guna loadingnya tampil utamaberanda tidak kunjung muncul tampil loading tombol cari tidak tekan mohon bantu baik terima kasih
eror terus tiap hari,negative,eror
banyak buku yang error mohon ditambah fitur ada tapi favorite atau save tapi categories orang tags biar gampang manage mau baca apa kalo lagi antre,positive,buku error mohon tambah fitur favorite save categories orang tags biar gampang manage baca kalo antre
untuk fitur yang disediakan aplikasi cukup bermanfaat seperti pencarian berdasarkan buku atau penulis bisa juga membagikan buku yang telah kita baca ke platform media sosial tapi yang disayangkan adalah kestabilan dan performa aplikasi seringkali akun tertaut keluar dengan sendirinya semoga kedepannya bisa diperbaiki,positive,fitur sedia aplikasi manfaat cari dasar buku tulis bagi buku baca platform media sosial sayang stabil performa aplikasi seringkali akun taut moga depan baik
setelah update malah enggak compitable dengan e reader onyx book huuuuuuu,neutral,update enggak compitable e reader onyx book huuuuuuu
apa apaan malah jadi enggak bisa download kenapa ya sudah didownload saat mau dibaca offline malah tidak bisa dan download ulang,positive,enggak download ya didownload baca offline tidak download ulang
kenapa tampilan halaman bukunya malah tampilan buku digital kembalikan tampilan buku fisik sok uncomfortable,negative,tampil halaman buku tampil buku digital kembali tampil buku fisik sok uncomfortable
bisa diinstalndi galaxy tab a tapi tidak bisa diinstal di meebook p android tolong developer memahami bahwa bahyak ebook reader masih menggunakan android versi jadul masukan berikutnya masa pinjam sebaiknya diperpanjang ke atau minggu tidak hanya hari supaya tidak bolak balik meminjam ulang,negative,diinstalndi galaxy tab tidak diinstal meebook p android tolong developer paham bahyak ebook reader android versi jadul masuk pinjam panjang minggu tidak tidak bolak pinjam ulang
enggak bisa login sama sekali,neutral,enggak login
already had an account but once i logged out accidentally i couldnt log back ini and itu kept saying invalid token,negative,already account logged accidentally couldnt log back kept saying invalid token
enggak bisa log ini tampilan doang update sistem tetap lemot banget bahkan dibanding versi sebelumnya ini lebih amit invalid token mulu,negative,enggak log tampil doang update sistem lot banget banding versi amit invalid token mulu
the app frequently encounters errors and often logs me out unexpectedly which means i have tapi log ini every time i open itu additionally please allow screenshot access as id like tapi save some important sections tapi my gallery but unfortunately theres no option for screenshots and i also need original books ini english mohon segera diperbaiki ya terima kasih pls diperbaiki lagi sering eror tbtb token invalid,negative,app frequently encounters errors often logs unexpectedly means log every time open additionally please allow screenshot access id like save important sections gallery unfortunately theres option screenshots also need original books english mohon baik ya terima kasih pls baik eror tbtb token invalid
enggak bisa login terus,neutral,enggak login
lancar,positive,lancar
masa enggak bisa pinjam bukuuu padahal bukunya tersedia bagaimana sih ipusnas,positive,enggak pinjam bukuuu buku sedia sih ipusnas
jelek,negative,jelek
suka sama apk nya tapi tiap keluar dari apk harus login ulang selalu begitu mohon pencerahannya bagus banget aslinya tuh ini apk cuman ya itu tiap keluar apk harus log ini lagi log ini lagi sama asli ini mengesalkan banget fitur penanda tiap keluar dari halaman buku terus masuk lagi penandanya hilang kalo begitu buat apa itu fitur ada astagfirullah semua buku enggak bisa dipinjam hadeh padahal jelas jelas copy nya masih tersedia bagaimana sih makin di update makin jelek,negative,suka apk nya apk login ulang mohon cerah bagus banget asli tuh apk cuman ya apk log log asli kesal banget fitur tanda halaman buku masuk tanda hilang kalo fitur astagfirullah buku enggak pinjam hadeh copy nya sedia sih update jelek
setelah diupdate malah semakin lemoooot,neutral,diupdate lemoooot
pada saat saya mau baca salah satu buku yaitu sirah nabawi buku yang tersedia masih banyak namun pada saat saya mau pinjam tidak bisa mohon diperbaiki cepat direspon cepat dihapus rating ini dan saya kasih bintang,negative,baca salah buku sirah nabawi buku sedia pinjam tidak mohon baik cepat direspon cepat hapus rating kasih bintang
sejauh ini pihak pengembang responsif terhadap keluhan pengguna aplikasinya juga makin sini jadi makin stabil terima kasih tetap pantau kekuarangannya ya,positive,kembang responsif keluh guna aplikasi stabil terima kasih pantau arang ya
app versi terbaru sering banget error setiap mau baca harus download ulang dan masih sering error kalau mau download untuk baca offline juga susah overall lebih suka versi sebelumnya terutama dari segi kelancaran dan kemudahan,negative,app versi baru banget error baca download ulang error download baca offline susah overall suka versi segi lancar mudah
jelek banget diupdate bukannya bagus malah bapuk begini amat mau baca doang juga,negative,jelek banget diupdate bagus bapuk baca doang
setelah update malah error itu bagaimana zzz edit sudah lancar kembali semoga aplikasinya terus membaik agar orang bisa mengakses buku legal dan gratis dengan mudah,positive,update error zzz edit lancar moga aplikasi baik orang akses buku legal gratis mudah
enggak mengerti banget kenapa ini aplikasi enggak pernah benar ada saja bugnya progamernya bagaimana sih bisa kerja enggak sih enggak masuk akal sekali dari awal aplikasi ini ada sampai sekarang enggak pernaaahh benar enggak ada perkembangan signifikan ke yang lebih baik entah programernya enggak becus atau memang anggarannya yang mepet,negative,enggak erti banget aplikasi enggak bugnya progamernya sih kerja enggak sih enggak masuk akal aplikasi enggak pernaaahh enggak kembang signifikan programernya enggak becus anggar mepet
halo sayang sekali setelah update ke versi terbaru malah sering loading dan makin buruk,negative,halo sayang update versi baru loading buruk
versi updatenya jelek banget mau login susah loading lama history peminjaman dan antrian buku hilang buat apa diperbagus tampilannya tapi fungsinya malah makin bobrok tolong perbaiki segera,negative,versi updatenya jelek banget login susah loading history pinjam antri buku hilang bagus tampil fungsi bobrok tolong baik
cuma mutermuter loading doang enggak bisa kebuka apaapa,neutral,mutermuter loading doang enggak buka apaapa
setelah update jaringannya malah susah lelet loading lama fiturnya kuranguntuk besar kecil huruf tolong ditambahkan warna background tolong ditambah warna krem masa tersedia copy tapi pas dipinjam jumlah copy tidak tersedia suka log out sendiri,positive,update jaring susah lelet loading fiturnya kuranguntuk huruf tolong warna background tolong tambah warna krem sedia copy pas pinjam copy tidak sedia suka log
saya install ipusnas di device yang baru beberapa hari yang lalu awalnya itu was great kemudian saya tidak bisa masuk ke aplikasi lagi dikatakan ada kendala saat pengiriman data sayang sekali padahal koleksi ebooks ipusnas banyak dan wish list saya juga tersedia banyak tolong diperbaiki pelayanannya,negative,install ipusnas device great tidak masuk aplikasi kendala kirim data sayang koleksi ebooks ipusnas wish list sedia tolong baik layan
recently buy onyx boox poke sok i can use this app on an ereader but itu only last for a few moments before they updated itu and now my device isnt compatible with this app plsss fix this and i rerate the app you all use government funds anyway,neutral,recently buy onyx boox poke sok use app ereader last moments updated device isnt compatible app plsss fix rerate app use government funds anyway
kenapa susah banget sih untuk download buku ya,positive,susah banget sih download buku ya
aplikasinya lemottttt banget bahkan suka keluar sendiri tolong dong sistemnya benerin lagi,negative,aplikasi lemottttt banget suka tolong sistem benerin
astaga ipusnas aku sudah pakai aplikasi ini sudah hampir tahun lebih dari jaman awal diluncurin berubah presiden masa dataku di aplikasi ini ikut berubah juga aku sudah lama enggak buka aplikasi ini tau update baru ganti tampilan dan jadi keseringan antri loadingnya lama pula dulu enggak begini deh perasaan yasudahlah aku kecewa jadi aku kasih satu bintang karena ipusnas sudah hapus data lamaku yang banyak history pinjem bukunya bahkan di data lama ada banyak buku yang belum kubaca,negative,astaga ipusnas pakai aplikasi jaman diluncurin ubah presiden data aplikasi ubah enggak buka aplikasi tau update ganti tampil sering antri loadingnya enggak deh asa yasudahlah kecewa kasih bintang ipusnas hapus data lama history pinjem buku data buku baca
sejak pakai ipusnas dari an enggak pernah mengasih rate sekarang balik sini cuma mau mengasih bintang apresiasi buat ipusnas versi sekarang yang sudah banyak perubahan uiux nya jauh lebih baik,positive,pakai ipusnas enggak asih rate asih bintang apresiasi ipusnas versi ubah uiux nya
yang sekarang jelek banget app nya suka lemot suka enggak bisa diunduh terus suka tiba tiba enggak ada riwayat pinjaman hadeh harus banget sih diperbaiki soalnya yang mau baca jadi harus ketunda dulu banyak cover buku juga yang enggak ada dulu sekali klik buku ada banyak rekomendasi sekarang rekomendasi bukunya cuma itu itu saja covernya hilang,neutral,jelek banget app nya suka lot suka enggak unduh suka enggak riwayat pinjam hadeh banget sih baik baca tunda cover buku enggak klik buku rekomendasi rekomendasi buku covernya hilang
its sok bad for real aku mau masuk pakai akunku di perangkat lain malah katanya belum terdaftar emailnya padahal jelasjelas itu ada akunnya di perangkat yang sekarang kucobalah buat ganti kata sandi tapi malah eror enggak bisa ini bagaimana sih update aplikasi bukannya makin bagus malah makin jelek padahal aku sudah mau berdamai semua data akunku dari versi lama tuh hilang padahal sayang banget nah ini malah begini lagi sebelum bikin updatean aplikasi tuh dipertimbangkan diperhatikan lagi,negative,sok bad real masuk pakai akun perangkat daftar email jelasjelas akun perangkat coba ganti sandi eror enggak sih update aplikasi bagus jelek damai data akun versi tuh hilang sayang banget bikin updatean aplikasi tuh timbang perhati
lemot tiba ke log out sendiri antrian buku hilang,negative,lot log antri buku hilang
ereader meebook sama saya kok jadi enggak compatible ya padahal versi androidnya tolong dibantu ya min,positive,ereader meebook enggak compatible ya versi androidnya tolong bantu ya min
makin update bukannya makin bagus malah enggak bisa dibuka,negative,update bagus enggak buka
need more quality book and improvement,neutral,need quality book improvement
sudah bisa login aplikasi berjalan dengan baik tapi menurutku ui sangat ramai dan bikin enggak fokus baca ada beberapa hal yang bisa diperbaiki halaman pertama ditambahkan tampilan buku yang sedang dibaca dan sedang dipinjam bagian search buku sudah bagus tapi saat mengetik tidak berfungsi tolong diperbaiki lagi sortir buku per genre lalu ada opsi per jumlah berapa kali dipinjam sehingga pembaca tau buku apa yang sedang banyak diminati,negative,login aplikasi jalan turut ui ramai bikin enggak fokus baca baik halaman tampil buku baca pinjam search buku bagus etik tidak fungsi tolong baik sortir buku genre opsi kali pinjam baca tau buku mati
riwayat ulasan bacaan antrean bahkan sampai daftar akun pengikut dan mengikuti hilang semuanya stres lihatnya padahal sudah susah payah antre malah hilang semua datanya design aplikasi juga ribet malas,negative,riwayat ulas baca antre daftar akun ikut ikut hilang stres lihat susah payah antre hilang data design aplikasi ribet malas
setelah update jadi sering logout dari akun sendiri mana kalau sudah logout harus di unduh lagi buku yang di rak,neutral,update logout akun logout unduh buku rak
saya baru hari ini download apk ipusnas saya baru tau ternyata baca ebook perlu mengantri ini kan dibaca secara digital ya bukan fisik,positive,download apk ipusnas tau baca ebook antri baca digital ya bukan fisik
infobuku dari atomos hingga quark tidak bisa di downloadjavaio not found toling dong tambahi kategori buku paling populer di bacabagian info admin juga enggak tau di mana,negative,infobuku atomos quark tidak downloadjavaio found toling tambah kategori buku populer bacabagian info admin enggak tau
aplikasi ini sebenarnya sangat membantu dengan ketersediaan buku yang semakin banyak hanya saja server yang selalu down membuat aplikasi ini jadi tidak bisa dibuka sama sekali versi terbaru juga justru lebih buruk dari sebelumnya susah login dan setelah login data sebelumnya seperti riwayat buku yang dipinjam dll hilang seperti pengguna baru saya harap bisa lebih diperhatikan pengembangan aplikasinya masa harus reinstall terus setiap mau pinjam buku,negative,aplikasi bantu sedia buku server aplikasi tidak buka versi baru buruk susah login login data riwayat buku pinjam dll hilang guna harap perhati kembang aplikasi reinstall pinjam buku
mengecewakan dulu saya sangat suka sama ipusnas karena sangat simple dan bisa dipakai secara offline setelah mendonwload buku tapi sekarang malah tidak bisa bahkan semua antrian buku saya hilang komen dan review saya juga hilang di bukubuku yang telah saya baca apaapaan deh kecewa banget jujur bahkan list buku yang sudah dipinjam saja hilang tak bersisa mening balik ke setelan awal kalo begini mah yang versi baru pun tidak helpful jadinya malah bikin kecewa saya sebagai book lover,negative,kecewa suka ipusnas simple pakai offline mendonwload buku tidak antri buku hilang komen review hilang bukubuku baca apaapaan deh kecewa banget jujur list buku pinjam hilang tak sisa ning setel kalo mah versi tidak helpful bikin kecewa book lover
versi update nya jelek banget mesti login tiap kali mau masuk aplikasinya susah mau cari buku padahal sudah memasuki nama penulisnya rekomendasi bukunya itu doang padahal di versi yang sebelumnya ada beragam rekomendasi buku,negative,versi update nya jelek banget mesti login kali masuk aplikasi susah cari buku pasuk nama tulis rekomendasi buku doang versi agam rekomendasi buku
cukup suka dengan versi terbaru ipusnas tapi kenapa jadinya enggak bisa diinstall di perangkat ereader onyx boox ya padahal sebelumnya amanaman saja,positive,suka versi baru ipusnas enggak diinstall perangkat ereader onyx boox ya amanaman
setelah diupdate tampilannya berubah dan berbeda dari sebelumnya tapi jujur lebih suka yang dulu followers ku pun hilang bahkan riwayat meminjam pun hilang juga termasuk komentar reviewreview di buku yang pernah dipinjam hilang juga tapi di ipusnas yang terbaru ini waktu pinjam agak lebih panjang dari versi sebelumnya yang hanya kurang lebih hari yang versi sekarang bisa hampir minggu,negative,diupdate tampil ubah beda jujur suka followers ku hilang riwayat pinjam hilang komentar reviewreview buku pinjam hilang ipusnas baru pinjam versi versi minggu
aplikasi yang sangat sangat jelek,negative,aplikasi jelek
aku revisi review ku setelah update ternyata waktu pinjamnya lebih lama dan sudah bisa lihat koleksi buku langsung dari epustaka nya seperti popular dan idonasi itu sudah cukup buat aku terima kasih tim ipusnas,positive,revisi review ku update pinjam lihat koleksi buku langsung epustaka nya popular idonasi terima kasih tim ipusnas
dengan menghadirkan perpustakaan online gratis dimana berisi buku bacaan terlaris sudah sangat bagus idenya tapi sayang sekali aplikasinya tidak mumpuni dimana banyak bug dan loading saat klik antrian daftar antrian tidak muncul dan tidak ada notif saat buku antrian telah tersedia mohon untuk segera diperbaiki agar pengguna lebih nyaman terima kasih,negative,hadir pustaka online gratis mana isi buku baca laris bagus ide sayang aplikasi tidak mumpuni mana bug loading klik antri daftar antri tidak muncul tidak notif buku antri sedia mohon baik guna nyaman terima kasih
versi upgrade nya jelek bangeeetttttttt butut banget malas enggak bisa lihat antrian enggak bisa ngembaliin buku enggak bisa mencari buku padahal sudah menulis judulpenulis lengkap beberapa buku judulnya malah enggak sesuai semuanya loadingggg padahal sinyal dan wifi lancar aman tiap masuk apk harus login dulu sudahlah mending enggak usah di upgrade kalo ujungnya malah downgrade bikin semangat baca hilang bagaimana indonesia enggak minim literasi kalo apk dari kementrian saja enggak jelas begini,negative,versi upgrade nya jelek bangeeetttttttt butut banget malas enggak lihat antri enggak ngembaliin buku enggak cari buku tulis judulpenulis lengkap buku judul enggak sesuai loadingggg sinyal wifi lancar aman masuk apk login mending enggak upgrade kalo ujung downgrade bikin semangat baca hilang indonesia enggak minim literasi kalo apk tri enggak
semua buku tidak bisa diunduh padahal masa pinjam buku sudah lebih panjang tapi bukubukunya benaran enggak bisa dibaca sama sekali,negative,buku tidak unduh pinjam buku bukubukunya benar enggak baca
buku tidak bisa dibaca dan diunduh,negative,buku tidak baca unduh
edit versi terbaru lebih buruk dari versi lama semua buku yang sudah saya pinjam antrian dan riwayat peminjaman hilang semua pengikut dan mengikuti juga semua kenapa semua di restart versi sekarang juga sangat lama loadingnya,negative,edit versi baru buruk versi buku pinjam antri riwayat pinjam hilang ikut ikut restart versi loadingnya
stok bukunya jadi semakin sedikit bisa dapatin buku tapi enggak bisa diunduh riwayat bacaan cuma ada padahal sudah lebih dari buku yang dibaca followers dan following pun hilang masih bagusan tampilan ipusnas yang lama,negative,stok buku dapatin buku enggak unduh riwayat baca buku baca followers following hilang bagus tampil ipusnas
ipusnas sudah lebih baik sudah memperbaiki keluhan saya sudah bisa search penulisjudul buku langsung sama auto bookmark jadi sekali buka langsung muncul ke halaman yang terakhir dibaca itu membantu banget buatku terima kasih para developer selanjutnya tolong buku yang banyak dipinjam bisa diperbanyak copynya hehe,positive,ipusnas baik keluh search penulisjudul buku langsung auto bookmark buka langsung muncul halaman baca bantu banget buat terima kasih developer tolong buku pinjam banyak copynya
aneh banget enggak bisa pinjem padahal copynya masih banyak,positive,aneh banget enggak pinjem copynya
enggak bisa login salah password terus sudah reset password tetap salah juga pas login lagi enggak jelas,negative,enggak login salah password reset password salah pas login enggak
masih banyak fitur yang kurang lengkap dan kendala di aplikasi tidak ada fitur untuk menyimpan buku yang ingin dibaca seperti wishlist bookmark di buku tidak bisa disimpan lama karena terbatas akses ke ebook yaitu hari tidak bisa melakukan search di fitur filter buku padahal datanya ada sangat banyak terutama pengarang loading ketika scroll sangat lama akun sering tibatiba keluar dengan sendirinya,negative,fitur lengkap kendala aplikasi tidak fitur simpan buku baca wishlist bookmark buku tidak simpan batas akses ebook tidak search fitur filter buku data arang loading scroll akun tibatiba
after updating the apps my account always lost orang my history get lost its annoying geez di you guys updating with main server,negative,updating apps account always lost orang history get lost annoying geez guys updating main server
kecewa banget sama updatenya awalnya senang karena uiux better tapi semua datanya hilang following hilang dm hilang history dan buku lainnya hilang loading juga lebih lama banget kalau memang cuma sekedar update doang mending enggak usah versi lama juga lumayan kok karena member ipusnas lebih mentingin bukunya bukan hanya sekedar tampilan saja yang perlu di perbaiki itu bukunya lebih di tambah seperti jumlah copy supaya enggak antri dan durasi pinjam,negative,kecewa banget updatenya senang uiux better data hilang following hilang dm hilang history buku hilang loading banget dar update doang mending enggak versi lumayan member ipusnas mentingin buku bukan dar tampil baik buku copy enggak antri durasi pinjam
sebenarnya ini apk bagus karena menunjang masyarakat untuk mengakses bacaan jadi lebih mudah tapi tolong sistemnya diperbaiki lagi karena akun saya tidak bisa login sudah hampir bulan ini pakai akun lain juga tidak bisa saya harap segera diperbaiki terima kasih,positive,apk bagus tunjang masyarakat akses baca mudah tolong sistem baik akun tidak login pakai akun tidak harap baik terima kasih
semakin bagus dan lengkap bukubukunya waktu pinjam pun semakin lama terimakasihh luv sekali,negative,bagus lengkap bukubukunya pinjam terimakasihh luv
tidak bisa antri buku,negative,tidak antri buku
untuk versi update ini sudah lebih bagus karena tampilannya sudah lebih modern sayangnya file buku tidak bisa dibuka secara offline padahal sudah diunduh sebelumnya dan saat mengunduh file buku sering muncul masalah pada jaringan internet padahal jaringan internet saya baikbaik saja tolong untuk diperbaiki ke depannya supaya bisa baca ebook lagi meskipun offline dan dimudahkan untuk mengunduh buku,positive,versi update bagus tampil modern sayang file buku tidak buka offline unduh unduh file buku muncul jaring internet jaring internet baikbaik tolong baik depan baca ebook offline mudah unduh buku
jumlah copy tersedia tapi tidak bisa meminjam bukan pula masuk antrian tapi copy tidak tersedia padahal tertulis tersedia ratusan copy,negative,copy sedia tidak pinjam bukan masuk antri copy tidak sedia tulis sedia ratus copy
halo ipusnas bisakah kembalikan seluruh pertemanan di ipusnas itu memudahkan kami untuk melihat bahan bacaan segenre dengan teman juga mohon kembalikan seluruh history buku yang sudah dibaca tks,positive,halo ipusnas kembali teman ipusnas mudah bahan baca genre teman mohon kembali history buku baca tks
kenapa habis diperbarui malah sering eror,negative,habis baru eror
kenapa enggak bisa di download ya bukunya,positive,enggak download ya buku
enggak bisa diinstal di e reader payah,neutral,enggak diinstal e reader payah
luar biasa membuka cakrawala literasi digital pada masyarakat luas dalam era globalisasi yang haus akan bacaan ini,positive,buka cakrawala literasi digital masyarakat luas era globalisasi haus baca
yeeythe application is gradually returning tapi normal thank you now its more comfortable tapi use,positive,yeeythe application gradually returning normal thank comfortable use
hai ipusnas mohon dicek apakah antrian buku bila tersedia bisa diberi notifikasi karena saya tidak menerima notifikasi di ponsel apabila buku dalam antrian saya sudah tersedia tolong cek mohon perbaikannya terimakasih,positive,hai ipusnas mohon cek antri buku sedia notifikasi tidak terima notifikasi ponsel buku antri sedia tolong cek mohon baik terimakasih
i cant log ini,neutral,cant log
i cant use this application ini my phone tecno spark i dont know why,neutral,cant use application phone tecno spark dont know
aplikasinya suka eror jadi lama bufferingnya terus suka ke logout sendiri tolong diperbaiki dong,negative,aplikasi suka eror bufferingnya suka logout tolong baik
jumlah copy semakin banyak linimasa enggak jalan riwayat antrian baca hilang penerbit bisa diklik untuk menambilkan daftar buku pencarian berdasar penulis tidak muncul setiap keluar aplikasi diminta login tidak bisa mengembalikan buku notifikasi badge tidak hilang,negative,copy linimasa enggak jalan riwayat antri baca hilang terbit klik menambilkan daftar buku cari dasar tulis tidak muncul aplikasi login tidak kembali buku notifikasi badge tidak hilang
halaman beranda tidak terbuka muter terus tolong diperbaiki bug nya,negative,halaman beranda tidak buka muter tolong baik bug nya
updated version doesnt work i cant login at all itu keep saying wrong data all if the time,negative,updated version doesnt work cant login keep saying wrong data time
saya balikin lagi jadi karena sudah bisa cari buku pakai nama penulis nice maaf belum bisa kasih,positive,balikin cari buku pakai nama tulis nice maaf kasih
setelah diupdate ada buku yang enggak bisa dibuka setelah diunduh terjadi kesalahan pada sistem internal open failed invalid password fitur bacakan teks sama highlight juga masih kurang praktis karena gerakan kursornya enggak sesuai dengan yang diinginkan,negative,diupdate buku enggak buka unduh salah sistem internal open failed invalid password fitur baca teks highlight praktis gera kursor enggak sesuai
update kali ini lebih baik dari sebelumnya riwayat dan sesi login sudah lancar thanks,positive,update kali riwayat sesi login lancar thanks
setiap buka selalu meminta login ulang tolong perbaiki,positive,buka login ulang tolong baik
tiap keluar aplikasi disuruh log ini dulu sering error padahal dulu enggak begini riwayat peminjaman dan antrian hilang semua,negative,aplikasi suruh log error enggak riwayat pinjam antri hilang
log out mulu,positive,log mulu
akhirnyaaa diperbagus juga app ini moga saja tetap dipertahankan kualitasnya dan tentu saja saya berharap lebib baik lagi kedepannya,positive,akhirnyaaa bagus app moga tahan kualitas harap lebib depan
diupdate bukannya makin bagus malah makin jelek tiap buka harus masuk dulu padahal kau itu bukan mbanking nagapin harus login terus belum tidak ada notifikasi buku antrian aku masuk pakai akun lama kereset semua dan enggak ada historynya banyak buku yang tidak bisa didownload dan eror padahal jaringanku bagus tolonglah siapapun pengembangnya diperbaiki aplikasinya bagusan versi lama,negative,diupdate bagus jelek buka masuk kau bukan mbanking nagapin login tidak notifikasi buku antri masuk pakai akun kereset enggak historynya buku tidak didownload eror jaring bagus tolong kembang baik aplikasi bagus versi
update terbarunya benarbenar buruk aplikasi terlogout otomatis setelah ditutup mutualfollower hilang list antrian buku hilang dan setelah update buku yang disimpan di antrian tidak bisa dilihat sebagian buku tidak bisa di search aku suka banget app ini jadi tolong diperbaiki sistemnya terima kasih,negative,update baru benarbenar buruk aplikasi terlogout otomatis tutup mutualfollower hilang list antri buku hilang update buku simpan antri tidak buku tidak search suka banget app tolong baik sistem terima kasih
baru banget update lagi fitur riwayatnya masih tidak bisa digunakan,negative,banget update fitur riwayat tidak
buku tidak bisa diunduh untuk dibaca tidak bisa dikembalikan tidak bisa kirim laporan ini terjadi baik via app android maupun via web,negative,buku tidak unduh baca tidak kembali tidak kirim lapor via app android via web
worse tahan ever,negative,worse tahan ever
saya sangat suka dengan aplikasi ini karena memudahkan kita dalam membaca di manapun hanya dengan menggunakan ponsel tetapi itu dulu sekarang ipusnas bukan lagi aplikasi bacaan favorit saya karena ada banyak sekali masalah yang membuat saya jengkel akun sering keluar sendiri halaman yang blank loading lama padahal wifi rumah saya kencang tidak bermasalah menurut saya ini sungguh di sayangkan saya meminta dengan sangat untuk segera di perbaiki terima kasih,negative,suka aplikasi mudah baca mana ponsel ipusnas bukan aplikasi baca favorit jengkel akun halaman blank loading wifi rumah kencang tidak masalah sungguh sayang baik terima kasih
tiap buka selalu kelogout dan login ulang semenjak versi update baru capek banget tadinya semangat baca malah jadi malas versi yang lama jelek tapi enggak seribet sekarang harus bolakbalik login tiap buka,negative,buka kelogout login ulang semenjak versi update capek banget semangat baca malas versi jelek enggak seribet bolakbalik login buka
this application is very good but there is something wrong when opening ebook and automatically block the article which disturbs me because i could not scroll sok well i have tapi close the ebook first and could read again thank you,positive,application good something wrong opening ebook automatically block article disturbs could scroll sok well close ebook first could read thank
ipusnas please setelah aplikasinya ter update kenapa malah sulit sekali untuk baca dengan nyaman bukunya sudah nyatanyata memiliki banyak kopian sudah diunduh tetapi kenapa sulit untuk dibacaaaa semua riwayatku selama ada di ipusnas juga hilang setelah update aplikasi kenapa sih ada masalah apa banyak yang ngeluh loh sayang banget padahal ini aplikasi penyelamat bagi kitakita yang ingin baca buku miris sih saya sudah excited padahal,negative,ipusnas please aplikasi ter update sulit baca nyaman buku nyatanyata milik kopi unduh sulit dibacaaaa riwayat ipusnas hilang update aplikasi sih ngeluh sayang banget aplikasi selamat kitakita baca buku miris sih excited
bagaimana ini enggak bisa dibaca invalid password terus padahal lagi butuh buat skripsian hadeeh,negative,enggak baca invalid password butuh skripsi hadeeh
setelah diperbarui setiap keluar apk harus login ulang,neutral,baru apk login ulang
awalnya bisa download pakai ereader kemudian setelah update aplikasi susah dipakai setelah uninstall ternyata enggak mau diinstall kembali dengan ereader program benar perlu diperbaiki,negative,download pakai ereader update aplikasi susah pakai uninstall enggak diinstall ereader program baik
tiap buka aplikasi kenapa harus login ulang capek,negative,buka aplikasi login ulang capek
bukunya ada yang enggak bisa diunduh ada yang sudah diunduh tapi lamaaaaaaa banget bukanya tolong perbaiki lagi,positive,buku enggak unduh unduh lamaaaaaaa banget buka tolong baik
ada apa sama ini aplikasi setelah di update baru tadi pagi saya login masa sekarang malam mesti login lagi kalau yang dulu mana ada kayak begini hp saya yang bermasalah atau memang aplikasinya error sih,negative,aplikasi update pagi login malam mesti login kayak hp masalah aplikasi error sih
kenapa setelah ada update baru jadi jelek banget kualitasnya setiap buka aplikasi harus log ini lagi ini sangat mengganggu buat semua pembaca antrian buku yang dulu mau dipinjam juga hilang sedih banget padahal banyak banget buku yang sudah jadi wishlist ulasan buku juga hilang semua ada yang baru saja padahal ini juga membantu lo buat para pembaca sebagai referensi waktu mau pinjam terserah kalian mau update ditambahi video atau artikel apa tapi seharusnya tau dong apa yang harus diprioritasin,negative,update jelek banget kualitas buka aplikasi log ganggu baca antri buku pinjam hilang sedih banget banget buku wishlist ulas buku hilang bantu lo baca referensi pinjam serah update tambah video artikel tau diprioritasin
not working,neutral,working
yaampun kecewa banget sudah agak lama enggak buka ipusnas pas dibuka suruh login ulang pas berhasil masuk foto follower following history peminjaman buku semua hilang jadi kayak dari ulang lagi padahal sudah tahun,positive,yaampun kecewa banget enggak buka ipusnas pas buka suruh login ulang pas hasil masuk foto follower following history pinjam buku hilang kayak ulang
enggak bisa login server error berhari hari,negative,enggak login server error hari
buku sudah diunduh tapi tidak bisa dibaca secara offline tidak ada gunanya diunduh kalau begitu log out sendiri terus,negative,buku unduh tidak baca offline tidak guna unduh log
serius kenapa sih setiap update harus login ulang mana habis diupdate ini bukannya tambah baik malah tambah buruk dari minggu kemarin mau login enggak bisa dicoba ganti sandi sama buat akun baru tetap sama saja pakai cara install berkalikali juga enggak ada gunanya tolong banget lah ini diperbaiki lagi sayang banget punya aplikasi baca gratis tapi jelek kayak begini,negative,serius sih update login ulang habis diupdate buruk minggu kemarin login enggak coba ganti sandi akun pakai install berkalikali enggak guna tolong banget baik sayang banget aplikasi baca gratis jelek kayak
terpaksa update walaupun tahu versi yang baru buruk juga yang lama bisa masuk tapi koneksinya enggak bisa enggak ada notifikasi ataupun bjsa minjam buku hadeeh,negative,paksa update versi buruk masuk koneksi enggak enggak notifikasi bjsa minjam buku hadeeh
sesudah diupdate malah harus login tiap buka aplikasi muncul popup token revoked tiap buka apps enggak bisa pinjam buku walau ketersediaan eks bukannya jadi baik malah pengguna jadi enggak bisa baca sama sekali alasan harus diupdate karena buku yang dipinjam jadi tidak bisa dibaca,negative,diupdate login buka aplikasi muncul popup token revoked buka apps enggak pinjam buku sedia eks guna enggak baca alas diupdate buku pinjam tidak baca
mohon maaf kenapa jadi banyak banget ya bugnya pusing saya,neutral,mohon maaf banget ya bugnya pusing
the previous version was bad but the revamp version is the worst i have tapi log ini every time i open this app some of the books that i have borrowed cant be downloaded and the error message is file not found,negative,previous version bad revamp version worst log every time open app books borrowed cant downloaded error message file found
ebook tidak bisa dibuka padahal masih hari masa meminja mau meminjam buku lain tidak loading padahal wifi normal padahal sebelumnya komaptible dengan fire kindle tablet ini jadi tidak bisa diakses,negative,ebook tidak buka meminja pinjam buku tidak loading wifi normal komaptible fire kindle tablet tidak akses
di update jadi jelek banget,negative,update jelek banget
aneh padahal buku sudah diunduh tapi kalo mau balik baca harus unduh lagi,positive,aneh buku unduh kalo baca unduh
kak tolong dong dibantu padahal aku sudah minjem buku tapi waktu baca bukunya loading mulu dan alhasil balik lagi ke halaman awal padahal beberapa buku yang aku pinjem lancarlancar saja buku yang sudah ku pinjem tapi enggak bisa dibuka judulnya friend zone ini jakarta karya vanesa marcella tolong dibantu ya kak,positive,kak tolong bantu minjem buku baca buku loading mulu alhasil halaman buku pinjem lancarlancar buku ku pinjem enggak buka judul friend zone jakarta karya vanesa marcella tolong bantu ya kak
terakhir pakai ipusnas sekitar setahun lalu sebelumnya enggak pernah ada satu notif pun untuk antrian buku akhirnya baru beberapa hari lalu coba buka aplikasi ini lagi setelah sekian lama eh sudah enggak bisa dipakai jadi yaudah update saja pas sudah diupdate lupa akun yang sebelumnya log ini dan pakai akun baru pas coba dipakai akun sering kelog out sendiri dan hampir selalu harus log ini lagi hadeh capek deh plusnya sih untuk antrian buku ada notifnya semoga diperbaiki lagi deh ke depannya,neutral,pakai ipusnas tahun enggak notif antri buku coba buka aplikasi sekian eh enggak pakai yaudah update pas diupdate lupa akun log pakai akun pas coba pakai akun log log hadeh capek deh plus sih antri buku notifnya moga baik deh depan
setelah di update setiap mau masuk ke app nya harus memasuki email dulu lalu saat mau baca bukunya tersedia tapi tidak bisa di unduh,negative,update masuk app nya pasuk email baca buku sedia tidak unduh
diupdate kok malah ngebug terus ya tiap mau buka apk malah disuruh login lagi enggak bisa login pakai akun lama juga tolong diperbaiki ya,positive,diupdate ngebug ya buka apk suruh login enggak login pakai akun tolong baik ya
kenapa tampilannya jadi aneh setelah update,negative,tampil aneh update
ini sampai kapan ngebig terus sudah lama tapi enggak oernah ada perbaikan,positive,ngebig enggak oernah baik
tiap masuk harus login terus even tho maj minjem buku juga harus download sangat tidak efisien,negative,masuk login even tho maj minjem buku download tidak efisien
itu was fine until this app updated tapi a new version problems that i have i keep getting kicked out of the app for no reason and have tapi sign back ini then its super slow when i try tapi change my profile return books and stuff ini conclusion i really hope ipusnas gets better soon sok that everyone can enjoy reading again,positive,fine app updated new version problems keep getting kicked app reason sign back super slow try change profile return books stuff conclusion really hope ipusnas gets better soon sok everyone enjoy reading
versi terbaru kacau benar,neutral,versi baru kacau
setelah update aplikasi data buku pinjaman sebelumnya hilang followers dan following juga hilang ui memang baru dan lebih bagus dari sebelumnya tapi di beberapa buku yang saya pinjam setelah didownload malah tidak bisa dibaca loading terus mungkin perlu pembenahan sistem lagi untuk app ipusnas versi baru ini semoga dimudahkan ya karena app ipusnas sangat membantu untuk bisa menjaga habit baca buku tentu saja dengan fitur dan sistem yang mendukung ya,negative,update aplikasi data buku pinjam hilang followers following hilang ui bagus buku pinjam didownload tidak baca loading benah sistem app ipusnas versi moga mudah ya app ipusnas bantu jaga habit baca buku fitur sistem dukung ya
update ke latest malah enggak bisa login sama sekali muter loading doang dicoba lagi sudah bisa,positive,update latest enggak login muter loading doang coba
dari beberapa buku yang saya pinjam dan unduh hanya beberapa yang bisa saya buka dan baca apakah ada solusinya,positive,buku pinjam unduh buka baca solusi
jadi jelek aplikasinya lemot banget datadata riwayat peminjaman dan bukubuku yang sedang dipinjam dari akun yang sama hilang semua setelah diperbarui,negative,jelek aplikasi lot banget datadata riwayat pinjam bukubuku pinjam akun hilang baru
semakin diupdate malah makin jelek nih apps bagaimana sih mutunya tambah turun dibandingkan yang versi lama lho tadinya enggak mau update tapi karena di versi old buku enggak bisa direturn dan enggak bisa pula minjemterpaksa ku update kagetnyasetahun aku jadi anggota ipusnas buku history yang tlah dibaca hilang semua teman yang kufollow berubah followerwishlist jadi min kalo memang apps diupdatedata enggak hilangga masalah ini hilang semua yang tdny lagi dipinjam buku juga hilangantri lagibalikin ke old versi lagi,negative,diupdate jelek nih apps sih mutu turun banding versi lho enggak update versi old buku enggak direturn enggak minjemterpaksa ku update kagetnyasetahun anggota ipusnas buku history tlah baca hilang teman kufollow ubah followerwishlist min kalo apps diupdatedata enggak hilangga hilang tdny pinjam buku hilangantri lagibalikin old versi
saya pengguna setia i pusnas sejak tapi setelah versi update terbaru banyak data saya yang hilang data pengikut dan mengikuti followers dan following saya jadi hilang data riwayat pinjaman juga hilang masih banyak bug juga susah log out tolong perbaiki bugnya ya rasanya lebih berfungsi dan fungsional versi sebelumnya daripada versi terbaru yang kesannya hanya mementingkan visual tampilan saja mohon diperbaiki ya,negative,guna setia pusnas versi update baru data hilang data ikut ikut followers following hilang data riwayat pinjam hilang bug susah log tolong baik bugnya ya fungsi fungsional versi versi baru kesan penting visual tampil mohon baik ya
data hilang semua setelah update versi baru hahahaha,negative,data hilang update versi hahahaha
the worst reading app ever enggak normal banget ini app sudah pernah kirim email buat komplain tapi tetap saja kualitasnya begini terus malah makin parah sih,positive,worst reading app ever enggak normal banget app kirim email komplain kualitas parah sih
ereader banyak yang ram masih gb lalu sudah tidak bisa lagi update pun minimal ram gb,negative,ereader ram gb tidak update minimal ram gb
halo kak saya sangat apresiasi dengan update ipusnas sayangnya di device saya onyx boox versi updatenya tidak kompatibel mohon perbaikan terima kasih,positive,halo kak apresiasi update ipusnas sayang device onyx boox versi updatenya tidak kompatibel mohon baik terima kasih
setiap masuk ke aplikasi saya diminta login kembali dengan memasukkan email dan password bahkan saat saya baru saja membuka aplikasinya dan hanya melihat aplikasi lain sebentar saya tetap harus login kembali apa memang seperti itu,negative,masuk aplikasi login masuk email password buka aplikasi aplikasi sebentar login
aplikasi jelek bagusnya cuma bukunya lumayan lengkap selebihnya tolong memperbaiki,negative,aplikasi jelek bagus buku lumayan lengkap lebih tolong baik
update sendiri menjadi tidak berjalan dengan cepat dan benar seperti versi awalnya saya suka versi awal karena dia cepat dan tidak loading lama sekarang justru menjadi lelet sekali versi sekarang membuat saya menjadi gemas,negative,update tidak jalan cepat versi suka versi cepat tidak loading lelet versi gemas
beberapa fitur belum bisa digunakan dan juga sering log out dengan sendirinya setiap kali buka app harus selalu log ini semoga cepat diperbaiki,positive,fitur log kali buka app log moga cepat baik
payah setiap buka aplikasi selalu harus masukim email dan password terus enggak bisa lihat buku yang kita antri loading terus tolong dibenerin,neutral,payah buka aplikasi masukim email password enggak lihat buku antri loading tolong dibenerin
aplikasinya stressss parah di update bukannya makin benar malah tambah lag,negative,aplikasi stressss parah update lag
yang enggak rusak jangan dirusakin dong hadehh,negative,enggak rusak dirusakin hadehh
setelah diupdate buku yang dipinjam tidak bisa dibuka,negative,diupdate buku pinjam tidak buka
banyak buku yang tidak bisa didownload,negative,buku tidak didownload
berat banget aplikasinya download versi windows juga enggak bisa kebuka samsek padahal sudah versi terbaru makin update makin lemot kacau banget,negative,berat banget aplikasi download versi windows enggak buka samsek versi baru update lot kacau banget
ui terbarunya masih jelek rak antrian enggak loading jadi meski sudah antri buat satu buku enggak muncul di bagian antrian,negative,ui baru jelek rak antri enggak loading antri buku enggak muncul antri
aplikasi selalu ke logout sendiri dan sangat lemot,negative,aplikasi logout lot
the new version is extremly bad,negative,new version extremly bad
bagus isinya tapi diperbarui malah tambah error sering log out sendiri cepatan deh dibenerin jadi malas baca di ipusnas kalo bisa dikasih rating,negative,bagus isi baru error log cepat deh dibenerin malas baca ipusnas kalo kasih rating
i know i probably shouldnt judge too much but this is too much jeleeeeek tiap buka app harus login ulang enggak bisa mencari buku berdasarkan nama penulisnya daftar antrean selalu loading riwayat buku yang pernah dipinjam pun enggak ada ini bagaimana deh kok malah jadi hancur begini tampilan update jadi bagus enggak malah jadi unusable please i know there are tons of competent people there just why are you making this app worse,negative,know probably shouldnt judge much much jeleeeeek buka app login ulang enggak cari buku dasar nama tulis daftar antre loading riwayat buku pinjam enggak deh hancur tampil update bagus enggak unusable please know tons competent people making app worse
i love this appl but after several updated the appl is getting worst please fix itu,negative,love appl several updated appl getting worst please fix
pleaseee balikin ke versi sebelumnya dong versi terbaru ngehapus semua history peminjaman dan enggak bisa minjem buku,neutral,pleaseee balikin versi versi baru ngehapus history pinjam enggak minjem buku
astaghfirullah gue update malah jadi burik enggak bisa login sekalinya login malah hilang buku yang sudah gue pinjem ah elah,negative,astaghfirullah update burik enggak login sekali login hilang buku pinjem ah elah
ui ux nya malah makin berantakan di versi terbaru kembaliin ke versi lama saja lah,neutral,ui ux nya beranta versi baru kembaliin versi
idk why i cant open my account since last month without any info from the app my account was logs out by itself please fix itu,negative,idk cant open account since last month without info app account logs please fix
enggak jelas deh harus login ulang mulu tiap di buka yang benar kenapa kocak,negative,enggak deh login ulang mulu buka kocak
pengguna dibuat kesusahan saat login akun tibatiba keluar sendiri dari aplikasi apalagi kalau pengguna baru dan ingin mendaftar untuk membuat akun selalu gagal kenapa ya padahal sudah memasukkan data yang sesuai tolong untuk lebih diperhatikan lagi sih pengelolaan aplikasinya supaya lebih nyaman dan lebih banyak orang pinjam buku secara legal lewat ipusnas daripada nanti pada mencari bajakan di internet,negative,guna susah login akun tibatiba aplikasi guna daftar akun gagal ya masuk data sesuai tolong perhati sih kelola aplikasi nyaman orang pinjam buku legal ipusnas cari baja internet
makin jelek baru saja tutup apk sudah suruh login lagi jadinya banyak buku antrian yang hilang dibatasin enggak bisa langsung search buku langsung dari nama pengarang buku sudah ke download tapi enggak bisa di buka menyesal banget update mending balikin ke tampilan sederhana kayak dulu banyak bug hadeuhhhh update tuh yang benar dong harusnya makin glow up ini mah glow down,negative,jelek tutup apk suruh login buku antri hilang dibatasin enggak langsung search buku langsung nama arang buku download enggak buka sesal banget update mending balikin tampil sederhana kayak bug hadeuhhhh update tuh glow mah glow
tidak bisa login dengan id yang sudah didaftarkan sejak zaman jepang belum mendarat password dibilang salah tapi begitu memasuki email untuk reset password emailnya enggak sampaisampai gembus bercula nian,negative,tidak login id daftar zaman jepang darat password bilang salah pasuk email reset password email enggak sampaisampai gembus cula nian
jelek sangat mengecewakan aplikasi nya berubah dan heran tidak seperti dulu isinya jelek jelek jelek,negative,jelek kecewa aplikasi nya ubah heran tidak isi jelek jelek jelek
ipusnas jelek banget setelah di update app nya kenapa harus login terus setiap mau baca dan riwayat buku yang sudah aku pinjam juga kehapus semua parah sih parah updatenya bukan tambah benar _,negative,ipusnas jelek banget update app nya login baca riwayat buku pinjam hapus parah sih parah updatenya bukan 
begitu di update versi terbaru jadi kayak ibi library dan cara pemakaiannya benarbenar membingungkan tolong versi dulu itu sudah yang terbaik buku yang dicari juga enggak ada,negative,update versi baru kayak ibi library pakai benarbenar bingung tolong versi baik buku cari enggak
sering terlogout sendiri semenjak maintenance buku susah diakses di pencarian,negative,terlogout semenjak maintenance buku susah akses cari
i cant log ini with a new version,neutral,cant log new version
update versi sekarang jadi enggak bisa pinjam buku pasti selalu eror,negative,update versi enggak pinjam buku eror
the account is automatically logged out when trying tapi enter the application what the hell,neutral,account automatically logged trying enter application hell
setiap buka aplikasi selalu harus login ulang tolong diperbaiki agar login hanya perlu dilakukan sekali saja,negative,buka aplikasi login ulang tolong baik login
tampilan yang dulu lebih ringkas sekarang sudah tapi jam buku enggak unduh otomatis terus proses unduhnya yang satu halaman penuh mengganggu kenyamanan pengguna khususnya buat pengguna dengan kecepatan internet yang rendah _ akun gue ke hapus kesel banget riwayat buku yang sudah pernah dipinjam hilang semua bintang satu,negative,tampil ringkas jam buku enggak unduh otomatis proses unduh halaman penuh ganggu nyaman guna guna cepat internet rendah  akun hapus kesel banget riwayat buku pinjam hilang bintang
setiap mau buka app ipusnas pasti harus login padahal sebelumnya sudah login selain itu riwayat buku yang telah dibaca juga tidak ada,negative,buka app ipusnas login login riwayat buku baca tidak
saya sempat log out dan log ini lagi namun riwayat peminjaman buku saya tidak ada atau hilang tolong dievaluasi terima kasih,negative,log log riwayat pinjam buku tidak hilang tolong evaluasi terima kasih
aduh jelek banget updatean terbarunya history peminjamannya jadi hilang,negative,aduh jelek banget updatean baru history pinjam hilang
bukannya makin bagus setelah diupdate malah makin buruk setiap dibuka harus login koleksi juga tidak selengkap versi sebelumnya,negative,bagus diupdate buruk buka login koleksi tidak lengkap versi
nge bug tiap mau baca buku yang sudah didownload loading lama banget habis itu keluar ke halaman buku hadeh kocak,negative,nge bug baca buku didownload loading banget habis halaman buku hadeh kocak
update besar besaran bukannya makin bagus malah makin jelek setiap beberapa jam akun keluar sendiri enggak bisa mencari buku melalui nama penulis riwayat peminjaman buku hilang antrian hilang semua yang benar saja deh,negative,update besar bagus jelek jam akun enggak cari buku nama tulis riwayat pinjam buku hilang antri hilang deh
setelah diupdate malah akunnya selalu ke logout sendiri yang versi lama jelek yang versi baru lebih jelek lagi tolonglah ditinjau ulang enggak perlu ada fitur tambahan yang penting lancar saja aplikasinya dan nyaman dipakai,negative,diupdate akun logout versi jelek versi jelek tolong tinjau ulang enggak fitur tambah lancar aplikasi nyaman pakai
tolong dong ipusnas diperbaiki lagi kok setelah update malah ke logout terus ya dan setiap mau pinjam buku harus diunduh berkalikali dulu baru bisa dibaca,positive,tolong ipusnas baik update logout ya pinjam buku unduh berkalikali baca
tolong sudah beberapa hari ini ipusnas susah banget buat diakses mulai dari ke log out terus tiap masuk aplikasinya sampai ada beberapa buku yang pas sudah dipinjem malah loading lama banget dan ujungnya malah enggak bisa dibuka dari segi tampilan aplikasi memang lebih baik tapi perfomancenya justru lebih jelek dari versi sebelumnyaa,negative,tolong ipusnas susah banget akses log masuk aplikasi buku pas dipinjem loading banget ujung enggak buka segi tampil aplikasi perfomancenya jelek versi sebelumnyaa
sering terlogout otomatis buku yang sudah dipinjam tidak bisa diunduh sudah tidak bisa mencari buku berdasarkan penulis lagi riwayat peminjaman dan antrian semuanya hilang aplikasi terlalu banyak gimmick tapi fungsi utamanya untuk membaca malah tidak beres update bukannya makin baik malah makin hancur,negative,terlogout otomatis buku pinjam tidak unduh tidak cari buku dasar tulis riwayat pinjam antri hilang aplikasi gimmick fungsi utama baca tidak beres update hancur
aplikasi tidak sebagus sebelum terkena update tolong diperbaiki terima kasih,negative,aplikasi tidak bagus kena update tolong baik terima kasih
update terbaru ini sangat tidak baik selalu meminta login jadi ribet banget tolong untuk waktu peminjaman dibuat lebih lama hari hari terlalu cepat,negative,update baru tidak login ribet banget tolong pinjam cepat
tidak bisa login,negative,tidak login
ini seriusan masih maintenance,negative,serius maintenance
aplikasi jelek dikasih tambahan fitur jelek jadi tambah jelek mencari buku saja enggak bisa sosoan mengasih video,negative,aplikasi jelek kasih tambah fitur jelek jelek cari buku enggak sosoan asih video
versi update lebih buruk dari versi sebelumnya lebih menyukai versi sebelumnya yang lebih simpel versi terbaru malah kesulitan untuk meminjam buku terus loading saat mengklik menu baca tampilan buku yang dipinjam tak kunjung tampil,negative,versi update buruk versi suka versi simpel versi baru sulit pinjam buku loading klik menu baca tampil buku pinjam tak kunjung tampil
apasih lu jelek banget,negative,apasih jelek banget
di versi terbaru tidak bisa mencari berdasarkan nama penulis di epustaka bahkan tidak ada fitur search mau menggunakan filter berdasarkan nama pengarang tidak ada fitur search juga secara ui juga tidak lebih menarik lebih bagus performa versi sebelumnya antrian juga hilang apakah versi terbaru merujuk ke db baru karena saya juga harus membuat password baru saya harap versi baru ini bisa diperbaiki,negative,versi baru tidak cari dasar nama tulis epustaka tidak fitur search filter dasar nama arang tidak fitur search ui tidak tarik bagus performa versi antri hilang versi baru rujuk db password harap versi baik
kecewa ah sama ipusnas versi terbaru ini mana mau balik ke versi lawas sudah enggak bisa,negative,kecewa ah ipusnas versi baru versi lawas enggak
ini aplikasi apa sih jelek jelek lemot,negative,aplikasi sih jelek jelek lot
versi terbaru ui ux nya better tapi banyak banget bug nya riwayat buku semuanya hilang tiap buka pp harus login lagi begitu saja terus ngulang,positive,versi baru ui ux nya better banget bug nya riwayat buku hilang buka pp login ngulang
kasih tau aku kalo aplikasinya sudah bisa diakses,negative,kasih tau kalo aplikasi akses
bututtt jelekkk,neutral,bututtt jelekkk
makin diupdate makin aneh ke logout mulu antrean jadi hilang semua susah mencari buku di epustaka populer enggak bisa di search,negative,diupdate aneh logout mulu antre hilang susah cari buku epustaka populer enggak search
saya baru reinstall ipusnas versi terbaru tetapi riwayat peminjaman saya hilang kemudian di versi terbaru hanya bisa searching buku dari judulnya saja tidak bisa dari nama penulis kalau versi yang lama jika kita ketik nama penulis akan muncul semua buku karangan penulis tersebut mohon diterapkan juga di versi yang baru,negative,reinstall ipusnas versi baru riwayat pinjam hilang versi baru searching buku judul tidak nama tulis versi ketik nama tulis muncul buku karang tulis mohon terap versi
harus scroll jauh untuk mencari genre atau nama pengarang versi terbaru ini lebih buruk daripada versi yang sebelumnya,negative,scroll cari genre nama arang versi baru buruk versi
aplikasinya logout sendiri terus capek huhu,negative,aplikasi logout capek huhu
diupdate malah jadi ruwet enggak bisa login enggak bisa search penulis hadeuhhh,negative,diupdate ruwet enggak login enggak search tulis hadeuhhh
kenapa harus diupdate dengan versi baru yang justru lebih jelek dari versi lama di versi baru sering terlog out daftar riwayat pencarian komen pembaca semua hilang parahnya tidak bisa search berdasarkan pengarang tolonglah kembalikan saja ke versi lama kalo yang baru justru lebih jelek,negative,diupdate versi jelek versi versi log daftar riwayat cari komen baca hilang parah tidak search dasar arang tolong kembali versi kalo jelek
tidak bisa login ke akun lama harus buat baru lagi tidak bisa mengembalikan buku yang sudah dipinjam riwayat buku hilang semua please lebih baik kembali saja ke versi lama jika versi upgrade belum siap untuk digunakan downgrade,negative,tidak login akun tidak kembali buku pinjam riwayat buku hilang please versi versi upgrade downgrade
better sebelum di update deh ini setelah ku update bagus sih tampilannya tapi untuk kegunaannya nope kayak aplikasi baru kayak pengguna baru padahal aku pengguna lama di ipusnas semua antrian riwayat kosong melompong padahal sebelumnya aku sudah antre banyak buku tibatiba hilang begitu saja,negative,better update deh ku update bagus sih tampil guna nope kayak aplikasi kayak guna guna ipusnas antri riwayat kosong melompong antre buku tibatiba hilang
aplikasinya lemot padahal jaringan bagus tolong perbaiki,negative,aplikasi lot jaring bagus tolong baik
baru download terus searching bukunya ada sudah senang mau baca eh malah enggak bisa dibaca loading mulu terus balik keawal lagi mencoba baca lagi loading lagi balik keawal lagi begitu saja terus bisa minjem buku kalo enggak bisa dibaca buat apa dan juga buat apa ada fitur download buku diawal sudah download dibuka masih loading lawak,positive,download searching buku senang baca eh enggak baca loading mulu awal coba baca loading awal minjem buku kalo enggak baca fitur download buku awal download buka loading lawak
versi terbaru ini sangat buruk sekali histori peminjaman hilang selalu harus log ini daftar antrian tidak bisa dibuka buruk sekali,negative,versi baru buruk histori pinjam hilang log daftar antri tidak buka buruk
nih aplikasi makin banyak usernya bukannya makin diperbaiki malah makin downgrade,negative,nih aplikasi usernya baik downgrade
tolong dong kembaliin ke versi sebelumya lebih enak lebih nyaman di mata kekurangan versi terbaru mohon dibenahi tidak bisa mencari buku by author dulu di pencarian kalau mencari nama penulis langsung berjejer buku yang sesuai kalaupun enggak ada tetap berjejer buku yang mendekati sekarang mah kata kuncinya enggak sesuai saja kosong enggak ada rekomendasi buku apa adasih search by author tapi enggak guna sumpah harus scroll lamaa eh pas ada nih bukunya yang kagak ada wkwkwk kocakk gacukupp pt,negative,tolong kembaliin versi sebelumya enak nyaman mata kurang versi baru mohon benah tidak cari buku author cari cari nama tulis langsung jejer buku sesuai enggak jejer buku dekat mah kunci enggak sesuai kosong enggak rekomendasi buku adasih search author enggak sumpah scroll lamaa eh pas nih buku kagak wkwkwk kocakk gacukupp pt
setelah update permasalahan login teratasi hanya saja ada session login nya toke revoked alhasil tiap ingin masuk app harus masukan email dan password lagi ini kurang praktis,negative,update masalah login atas session login nya toke revoked alhasil masuk app masuk email password praktis
sejak aplikasi diperbarui fitur penting untuk mencari buku berdasarkan pengarangnya tidak ada sebuah kemunduran,negative,aplikasi baru fitur cari buku dasar arang tidak mundur
setelah diupdate jadi ampas loading lambat buku yang sudah dipinjam enggak bisa dibuka setiap buka aplikasi pasti diminta login lagi sangat merepotkan,negative,diupdate ampas loading lambat buku pinjam enggak buka buka aplikasi login repot
kenapa enggak bisa login,neutral,enggak login
versi terbarunya sangat tidak efisien selalu meminta login setiap buka aplikasi hal simpel tapi bikin malas tolong dijadikan bahan pertimbangan untuk hal ini jika tidak dibuka sebulan masih mending meminta login lagi ini hanya ditinggal mengerjakan hal lain beberapa jam sudah meminta login lagi,negative,versi baru tidak efisien login buka aplikasi simpel bikin malas tolong jadi bahan timbang tidak buka bulan mending login tinggal jam login
setelah di update banyak kurangnya saya tidak bisa track history peminjaman saya laman antrian juga membutuhkan waktu lama untuk memproses versi terdahulu lebih baik yang sekarang kurang bisa dinikmati,negative,update kurang tidak track history pinjam laman antri butuh proses versi nikmat
updatean terbarunya tidak memuaskan tidak bisa pilih kategori buku seperti sebelumnya tidak tersedia fitur catatan pribadi seperti sebelumnya tidak dapat mencari buku dengan nama penulis ada buku yang dikatakan tersedia tetapi galat ketika dibuka setiap buka aplikasi harus login ulang,negative,updatean baru tidak muas tidak pilih kategori buku tidak sedia fitur catat pribadi tidak cari buku nama tulis buku sedia galat buka buka aplikasi login ulang
file bukunya kenapa tidak bisa di download ya,negative,file buku tidak download ya
auto logout history buku yang pernah aku baca hilang semua sok sok an update,positive,auto logout history buku baca hilang sok sok update
tolong perbaiki versi yang sekarang jadinya buku yang sudah saya unduh malah harus diunduh lagi ketika offline dan itu selalu berulang saya baruuu saja mulai tertarik lagi membaca buku kuharap app ini mengalami perkembangan ya,positive,tolong baik versi buku unduh unduh offline ulang baruuu tarik baca buku harap app alami kembang ya
kecewa banget sama update an terbarunya buku yang sudah aku antri semuanya hilang,neutral,kecewa banget update baru buku antri hilang
jelek najis kgk bisa login sialan betul nih apk sudah di update bknnya bagus malah kgk bisa login shibal shiball,negative,jelek najis kgk login sial nih apk update bknnya bagus kgk login shibal shiball
sumpah semenjak di update kenapa jadi downgrade banget ya sebelumnya sudah lumayan banget walaupun masih suka ngelagbug tapi ternyata ini lebih parah pendingnya bukan main sudah begitu harus login lagi terus mau baca saja loadnya benar lama banget sampai ngira hp yang eror kesel sendiri mohon diperbaiki lagi ya,negative,sumpah semenjak update downgrade banget ya lumayan banget suka ngelagbug parah pending bukan main login baca loadnya banget ngira hp eror kesel mohon baik ya
aplikasi yang sebenarnya bagus bangetcuma kadang error kalo enggak mau disebut sering sesudah update yang terakhirpengalaman bacanya jadi tersendatsendat karena buku yang sedang dibaca mendadak menampilkan cover buku yang mulai dari awal alihalih halaman yang dibaca terakhir atau malah enggak bisa dibuka sama sekalitapi saya suka aplikasi ini sabar menanti ahmudahmudahan cepat lancar jaya,positive,aplikasi bagus bangetcuma kadang error kalo enggak update terakhirpengalaman baca tersendatsendat buku baca dadak tampil cover buku alihalih halaman baca enggak buka sekalitapi suka aplikasi sabar ahmudahmudahan cepat lancar jaya
diupdate malah error enggak bisa masuk pakai akun biasa kudu buat akun baru tampilannya tambah ribet ngunduh bukunya lamaaa kembalikan ipusnas versi yang sebelumnyaaaaaaaaa,negative,diupdate error enggak masuk pakai akun kudu akun tampil ribet ngunduh buku lamaaa kembali ipusnas versi sebelumnyaaaaaaaaa
tolong kalau belum siap semua fiturnya jangan langsung dirilis susah banget masa setiap masuk app harus login dulu,positive,tolong fiturnya langsung rilis susah banget masuk app login
aplikasi sering hang banyak buku yang jadi susah dibuka dan error saat mau dibaca padahal tadinya di versi yang lama bisa diakses dengan mudah,negative,aplikasi hang buku susah buka error baca versi akses mudah
jelek sekali,negative,jelek
aplikasi tidak bisa dibuka setelah melakukan pembaharuan,negative,aplikasi tidak buka baharu
terimakasih telah membuat aplikasi ini namun sayangnya setelah update tidak bisa digunakan hanya mentok di halaman awal doang ui nya juga kurang ramah tambah ribet kalau pun bisa dibuka selalu meminta login ulang menu menu nya pada ngeleg jadi enggak tau apa isinya semoga bisa diperbaiki lebih baik,negative,terimakasih aplikasi sayang update tidak mentok halaman doang ui nya ramah ribet buka login ulang menu menu nya ngeleg enggak tau isi moga baik
kalo punya duit buat kelola server aplikasi tuh di pakai anjing jangan di tilep itu dana buat ngembangin aplikasi,negative,kalo duit kelola server aplikasi tuh pakai anjing tilep dana ngembangin aplikasi
kenapa ya pas saya update buku buku dalam penyimpanan saya hilang terus following dan followers nya juga hilang bahkan profile saya juga jadi kosong padahal saya sudah banyak menyimpan buku pas mau dibaca malah data datanya kosong semua karena di update makin lemot juga mau ganti foto di profile saja lama banget muter terus,negative,ya pas update buku buku simpan hilang following followers nya hilang profile kosong simpan buku pas baca data data kosong update lot ganti foto profile banget muter
sudah mengunduh bukunya tetapi tidak bisa dibaca hanya berhenti pada halaman loading screen,negative,unduh buku tidak baca henti halaman loading screen
haloo ini kenapa enggak bisa digunain ya aplikasinya bisa masuk tapi hilang semua buku antrian riwayat sama pinjaman even mutualan dan followers pun hilang whyyy,negative,haloo enggak digunain ya aplikasi masuk hilang buku antri riwayat pinjam even mutualan followers hilang whyyy
updated version was sucks i lost all of my books,negative,updated version sucks lost books
setiapkali keluar aplikasi akun saya terlog out jadi harus didaftar ulang lagi sok far aplikasinya bagus bukubukunya juga lengkap tapi bagian aku terlogout ini yang menyebalkan tolong diperbaiki lagi ya saya suka aplikasi ini tapi sayang,negative,setiapkali aplikasi akun log daftar ulang sok far aplikasi bagus bukubukunya lengkap terlogout sebal tolong baik ya suka aplikasi sayang
error terus padahal saya ingin mencari buku untuk mengerjakan tugas,negative,error cari buku tugas
mau lanjutkan baca di ipusnas tibatiba disuruh update aplikasinya masalah pun tiba enggak bisa login tanpa alasan mau login dibilang salah password padahal itu sudah autofill dari hp terpaksa pakai forgot password setelah bolakbalik cek email dan ganti password baru bisa login koleksi buku pinjaman wishlist history hilang semua coba pinjem buku lagi buku enggak bisa dibuka muncul peringatan terjadi kesalahan pada sistem internal,negative,lanjut baca ipusnas tibatiba suruh update aplikasi enggak login alas login bilang salah password autofill hp paksa pakai forgot password bolakbalik cek email ganti password login koleksi buku pinjam wishlist history hilang coba pinjem buku buku enggak buka muncul ingat salah sistem internal
setelah update enggak bisa di access sama sekali enggak bisa login,neutral,update enggak access enggak login
parah setelah di update semuanya malah loading lama keluar mulu dan harus masuk akun terus,negative,parah update loading mulu masuk akun
kenapa jadi enggak bisa di backa offlineini bakal jadi seperti aplikasi junk seperti ruang guru dllyg harus berbayaritukah tujuan uodate,negative,enggak backa offlineini aplikasi junk ruang guru dllyg berbayaritukah tuju uodate
enggak nyaman banget ini yang baru malah makin ke sini makin ke sana enggak jelas dan enggak berjalan dengan baik semua eror masih lebih suka yang lama meski jelek begitu masih nyaman pakainya,positive,enggak nyaman banget enggak enggak jalan eror suka jelek nyaman pakai
kembalikan ke versi lama versi baru enggak jelas terlalu banyak fitur yang enggak penting versi lama jauh lebih ringkas simple dan nyaman untuk membaca cari buku pakai nama penulis enggak muncul enggak seperti yang lama selain itu setelah update malah enggak bisa login alasan password salah padahal enggak pernah ganti password setelah berhasil login malah semua buku yang sedang dipinjam queue dan history hilang semua lagi harus login tiap buka aplikasi ini bukan aplikasi banking yang perlu protect tiap saat,negative,kembali versi versi enggak fitur enggak versi ringkas simple nyaman baca cari buku pakai nama tulis enggak muncul enggak update enggak login alas password salah enggak ganti password hasil login buku pinjam queue history hilang login buka aplikasi bukan aplikasi banking protect
pengalaman membaca di ipusnas sebelumnya menyenangkan tapi update terbaru sangat mengecewakan selain susah login saya kehilangan seluruh history peminjaman buku dan pertemanan beberapa buku yang dipinjam dan diunduh juga tidak bisa dibuka dan tidak bisa dikembalikan search enginee belum berfungsi maksimal saya tidak baikbaik saja,negative,alam baca ipusnas senang update baru kecewa susah login hilang history pinjam buku teman buku pinjam unduh tidak buka tidak kembali search enginee fungsi maksimal tidak baikbaik
tidak ada opsi bahasa swahili,negative,tidak opsi bahasa swahili
versi terbaru ini kenapa jadi membuat saya susah untuk cari buku dibanding yang versi lama dari kemarin hampir sering munculnya pencarian tidak ditemukan setiap masukkan keywords entah judul atau authornya meskipun itu buku sebenarnya ada di database ipusnas karena saya sudah pernah pinjam padahal di versi lama itu selalu muncul result ketika saya lakukan itu untuk cari buku,negative,versi baru susah cari buku banding versi kemarin muncul cari tidak temu masuk keywords judul authornya buku database ipusnas pinjam versi muncul result laku cari buku
banyak bug dan fiturfitur yang belum diselesaikan saya beri bintang karena fitur utama untuk pinjam buku sudah membaik,neutral,bug fiturfitur selesai bintang fitur utama pinjam buku baik
bagus sih membantu juga untuk cari sumber referensi yang dibutuhkan tapi masih belum lengkap koleksi bukunya sayang banget dan versi sekarang kenapa ya harus login setiap kali mau masuk ke aplikasinya bikin ribet dan memakan banyak waktu lalu tulisan dalam aplikasi juga semakin kecil kasihan bagi para pembaca sangat tidak enak dilihat tolong ya dibenahi lagi karena ini berguna banget loh sayang kalo disajikannya masih mengundang banyak kritikan,negative,bagus sih bantu cari sumber referensi butuh lengkap koleksi buku sayang banget versi ya login kali masuk aplikasi bikin ribet makan tulis aplikasi kasihan baca tidak enak tolong ya benah guna banget sayang kalo saji undang kritik
ipusnas kenapa deh dulu pertama kali install totally fine pas update pertama ada error yang terbaru ini tiap mau buka apps harus log ini dan gbisa search by author,positive,ipusnas deh kali install totally fine pas update error baru buka apps log gbisa search author
updated versionnya kacau banget saya enggak bisa log ini dan sign up sama sekali,positive,updated versionnya kacau banget enggak log sign
aplikasi nya jadi jelek banget token revoked terus tiap masuk keluar sendiri akun ipusnas saya dulu enggak bisa login fitur buat lihat berapa menit yang lalu orang nambahin buku itu hilang pokoknya jadi jelek,negative,aplikasi nya jelek banget token revoked masuk akun ipusnas enggak login fitur lihat menit orang nambahin buku hilang pokok jelek
applikasinya error melulu dan sekali error bisa sampai bermingguga bisa login dll setelah diupdate kok nih perpus jadi enggak punya koleksi buku mira gue sama sekali dijual lagi kah bukunya demi bayar biaya update aplikasi parah banget riwayat peminjaman juga hilang semua perpustakaan nasional kebanggaan indonesia tapi kaya begini bagaimana mau menggerakkan masyarakat indonesia supaya gemar membaca lagi pengin baca tapi applikasinya enggak bisa diakses bukunya pada hilang payahhhh,negative,applikasinya error melulu error bermingguga login dll diupdate nih pus enggak koleksi buku mira jual kah buku bayar biaya update aplikasi parah banget riwayat pinjam hilang pustaka nasional bangga indonesia kaya gerak masyarakat indonesia gemar baca pengin baca applikasinya enggak akses buku hilang payahhhh
saya mau login pakai akun yang sudah didaftarkan tapi tidak bisa masuk norifnya authentification failed coba daftar dengan akun yang baru juga tidak bisa,negative,login pakai akun daftar tidak masuk norifnya authentification failed coba daftar akun tidak
versi sudah mulai stabil,positive,versi stabil
baru saja update kemarin malah aplikasinya berulang kali enggak bisa dibuka forced stop padahal saya lagi baca,negative,update kemarin aplikasi ulang kali enggak buka forced stop baca
terimakasih telah menyediakan berbagai ebook untuk dibaca gratis dan sangat menolong saya dalam belajar namun di versi terbaru ini tiap aplikasi dibukak log out otomatis mulu kak semoga bisa diperbaiki kembali oleh tim pengembang aplikasi,positive,terimakasih sedia ebook baca gratis tolong ajar versi baru aplikasi dibukak log otomatis mulu kak moga baik tim kembang aplikasi
enggak mengerti kenapa harus di update ditambah fitur enggak penting yang membuat aplikasi tidak bekerja kami hanya butuh pinjam buku dan baca buku tidak perlu ada tambahan lain yang tidak penting dan malah mengganggu kenyamanan,negative,enggak erti update tambah fitur enggak aplikasi tidak butuh pinjam buku baca buku tidak tambah tidak ganggu nyaman
habis update jadi enggak bisa login sudah berharihari begini terus buku kelar semua masa pinjamnya huft,positive,habis update enggak login berharihari buku kelar pinjam huft
jangan pakai muka prabowo gibran lah jelek jijik banget lihat muka penjahat ham sama anak hina konstitusi yang bahkan enggak suka baca,negative,pakai muka prabowo gibran jelek jijik banget lihat muka jahat ham anak hina konstitusi enggak suka baca
masih ora iso login,negative,ora iso login
setelah diperbarui malah jadi sulit mencari buku cari pakai kata kunci penerbit dan penulis tidak bisa lebih user friendly yang versi sebelumnya riwayat sebelumnya juga hilang padahal ada buku yang mau dipinjam lagi,negative,baru sulit cari buku cari pakai kunci terbit tulis tidak user friendly versi riwayat hilang buku pinjam
tampilan baru ipusnas yang bikin mabok jadi semua riwayat histori buku yang pernah dipinjam hilang pertemanan hilang antrian buku hilang search menggunakan nama pengarangnya tidak bisa jadi sekarang harus ketik judulnya ya temanteman waktu pinjam baca sekarang hari enggak hari lagi oh ipusnas,negative,tampil ipusnas bikin mabok riwayat histori buku pinjam hilang teman hilang antri buku hilang search nama arang tidak ketik judul ya temanteman pinjam baca enggak oh ipusnas
kenapa ya enggak bisa login di versi update padahal email password sama untuk daftar barupun sulit berkali gagal meminta tolong diperbaiki dong dev aplikasi ipusnas sendiri sangat membantu agar saya mencari bacaan secara mudah tanpa harus belipinjam buku fisik,negative,ya enggak login versi update email password daftar baru sulit kali gagal tolong baik dev aplikasi ipusnas bantu cari baca mudah belipinjam buku fisik
setelah di update saya tidak bisa log ini ataupun daftar baru please fix itu sayang sekali tidak bisa masuk dan pinjam buku,negative,update tidak log daftar please fix sayang tidak masuk pinjam buku
updatean barunya jelek enggak bisa masuk terus,negative,updatean baru jelek enggak masuk
aplikasi lemot min loading terusand then kalo tutup aplikasi pasti otomatis ke logout juga deh,negative,aplikasi lot min loading terusand kalo tutup aplikasi otomatis logout deh
overall i love this app and recently i updated the app itu has new display and thats a good improvement but sadly there was an error itu was sok hard tapi logged ini my followings and followers queued books also borrowed books are missing help please,positive,overall love app recently updated app new display thats good improvement sadly error sok hard logged followings followers queued books also borrowed books missing help please
tidak bisa login,negative,tidak login
bug erornya banyak banget sudah deh kenapa enggak bikin library card terus gabung sama app libby saja susah amat negara tetangga saja bisa sama libby indonesia punya ipusnas tapi bag big bug eror,negative,bug eror banget deh enggak bikin library card gabung app libby susah negara tetangga libby indonesia ipusnas bag big bug eror
now bad application i cant login,negative,bad application cant login
saya bersyukur karena setelah sekian lama akhirnya aplikasi ini di update tapi versi terbaru ini malah membuat saya tidak bisa log ini aku hanya berharap beranda diisi dengan bukubuku populer,negative,syukur sekian aplikasi update versi baru tidak log harap beranda isi bukubuku populer
jelek,negative,jelek
setelah ada update baru ini banyak masalah mulai dari bermasalah saat login bahkan setelah login kadang akun tidak terkoneksi database buku tidak terkoneksi pencarian buku sudah tidak semudah dulu harus lebih spesifik sepertinya juga sudah tidak bisa pencarian melalui kategori bahkan yang paling parah kenapa tidak bisa mendownload buku yang telah dipinjam selalu error bagaimana bukunya bisa dibaca kalau tidak bisa didownload,negative,update masalah login login kadang akun tidak koneksi database buku tidak koneksi cari buku tidak mudah spesifik tidak cari kategori parah tidak mendownload buku pinjam error buku baca tidak didownload
sampai detik ini belum bisa log ini sudah seminggu lebih tolong diperbaiki,positive,detik log minggu tolong baik
jelek banget huft bete,negative,jelek banget huft bete
habis diupdate malah enggak bisa log ini,neutral,habis diupdate enggak log
sehabis di update tampilan sih oke tapi kenapa ya suka keluar keluar terus sudah begitu kalo minjem buku suka enggak bisa di download padahal tersedia copynya tolong ya ipusnas di perbaiki lagi aplikasinya yang minat baca itu banyak loh literasi indonesia bisa meningkat kalo aplikasinya enak dipakai,positive,habis update tampil sih oke ya suka kalo minjem buku suka enggak download sedia copynya tolong ya ipusnas baik aplikasi minat baca literasi indonesia tingkat kalo aplikasi enak pakai
the latest version is messy koneksi bagus dibilang tidak ada koneksi buka buku lama sekali kadang tidak terunggah cari buku dengan nama pengarang hasilnya tidak muncul tapi kalau cari judul buku hasilnya muncul tim qa mengapai saja,negative,latest version messy koneksi bagus bilang tidak koneksi buka buku kadang tidak unggah cari buku nama arang hasil tidak muncul cari judul buku hasil muncul tim qa kapai
the latest app is very unpleasant,neutral,latest app unpleasant
setelah terupgrade ke versi terbaru akun malah keluar dan saat mau login lagi gagal terus padahal sebelum diperbarui ipusnas nyaman banget dipakai tolong diperbaiki,positive,terupgrade versi baru akun login gagal baru ipusnas nyaman banget pakai tolong baik
buruk sekali aplikasi pemerintah satu ini begitu banyak bugs error setiap tutup dan buka aplikasi selalu ke menu daftar kenapa semua yang berbau pemerintahan selalu payah,negative,buruk aplikasi perintah bugs error tutup buka aplikasi menu daftar bau perintah payah
enggak bisa login terus,neutral,enggak login
aplikasi jelek enggak pernah ada kemajuan mau baca buku saja dipersulit,negative,aplikasi jelek enggak maju baca buku sulit
lemot banget,negative,lot banget
sebelum update aku suka sama aplikasi ini bantu banget untuk baca baca buku baru tapi setelah update akun aku enggak bisa masuk pertama disuruh ganti kata sandi setelah itu enggak bisa masukmasuk lagi mohon bantuannya kak,negative,update suka aplikasi bantu banget baca baca buku update akun enggak masuk suruh ganti sandi enggak masukmasuk mohon bantu kak
setelah update malah tidak bisa login dan tidak bisa search nama pengarang ipusnas lama bisa ayo diperbaiki nanti ratingnya saya naikkan lagi,negative,update tidak login tidak search nama arang ipusnas ayo baik ratingnya naik
maaf kok ini malah makin lemot dan enggak jelas ya aplikasinya tiba tiba logout sendiri buku yang dipinjem hilang enggak bisa login ada keterangan enggak ada sinyal padahal kencang internetnya bagaimana sih,negative,maaf lot enggak ya aplikasi logout buku dipinjem hilang enggak login terang enggak sinyal kencang internetnya sih
app logout dengan gaib login pun mustahil ajaib literasi rakyat hebat hanya ilusi sesat apakah engkau sekarat wahai ipusnas,negative,app logout gaib login mustahil ajaib literasi rakyat hebat ilusi sesat engkau sekarat ipusnas
setelah update malah makin enggak jelas whats wrong ipusnas koleksi pinjaman buku saya juga hilang semua ngeblank kecewa,neutral,update enggak whats wrong ipusnas koleksi pinjam buku hilang ngeblank kecewa
saya tidak bisa log ini dan tidak bisa buat baru sudah uninstall dan download lagi tetap tidak bisa masuk tolong segera perbaiki,negative,tidak log tidak uninstall download tidak masuk tolong baik
cant login after update,neutral,cant login update
tolong segera diperbaiki versi barunya biar bukunya bisa dibaca,positive,tolong baik versi baru biar buku baca
setelah update saya tidak bisa login ke akun saya mohon diperbaiki,negative,update tidak login akun mohon baik
eror enggak bisa login,negative,eror enggak login
halo kok habis update buku nya enggak lengkap ya kayak dulu,positive,halo habis update buku nya enggak lengkap ya kayak
woi ini kenapa deh sering error bukunya juga copynya dikit lagi susah dapetnya,negative,woi deh error buku copynya dikit susah dapetnya
enggak bisa login setelah update,neutral,enggak login update
halo ui sekarang bagus modern tapi bukunya enggak bisa dibacadiunduh lebih baik seperti yang lama saja search enginenya pun sulit harus cari by judul lebih baik by autor saja kayak dulu terima kasih,positive,halo ui bagus modern buku enggak dibacadiunduh search enginenya sulit cari judul autor kayak terima kasih
versi terbarunya tetap masih susah untuk diakses semua history pinjaman hilang mau baca buku yang sudah disimpan juga tidak bisa padahal sudah di download datanya tolong diperbaiki lagi,negative,versi baru susah akses history pinjam hilang baca buku simpan tidak download data tolong baik
bagus namun apakah sekarang ada masalah ya di aplikasinya sehingga tidak bisa masuk,negative,bagus ya aplikasi tidak masuk
i like this app its like having your own library but since last wig this app close on its own and i cant log ini back please fix itu,negative,like app like library since last wig app close cant log back please fix
after updating the newest version ini october i cant log ini tapi my account until now i dont know whats wrong with this newest version,neutral,updating newest version october cant log account dont know whats wrong newest version
error terus heran,negative,error heran
tampilannya jadi bagus tapi pas di update malah bukunya enggak ada yang bisa di buka sudah dua hari nij,negative,tampil bagus pas update buku enggak buka nij
tiba meminta update terus ke log out dan enggak bisa masuk lagi app jelek banget,negative,update log enggak masuk app jelek banget
berkalikali reinstall ipusnas tetap enggak bisa login berbulanbulan baru kali ini pakai app dengan user experience sejelek ini,negative,berkalikali reinstall ipusnas enggak login berbulanbulan kali pakai app user experience jelek
sunting tibatiba keluar dari aplikasi ipusnas dan tidak bisa masuk kembali ketika akan masuk dalam penginputan usernameemail dan password terdapat galat dalam prosesnya tolong diperbaiki secepatnya aplikasi ini sangat membantu akademisi dengan akses buku yang sulit karena berada di ujung timur indonesia,negative,sunting tibatiba aplikasi ipusnas tidak masuk masuk penginputan usernameemail password galat proses tolong baik cepat aplikasi bantu akademisi akses buku sulit ujung timur indonesia
apa yang terjadi dengan ipusnas setelah diupdate banyak buku yang tidak bisa ditemukan sebagaimana sebelumnya loadingnya begitu lama dan tidak bisa kekuar akun ditunggu update perbaikannya,negative,ipusnas diupdate buku tidak temu loadingnya tidak kuar akun tunggu update baik
jelek sekali update diperlukan untuk memperlancar ini aplikasi sebenarnya sangat berguna tapi karena masalah lag bug yang sangat mengganggu semua kegiatan dalam aplikasi jadi terhambat,negative,jelek update lancar aplikasi guna lag bug ganggu giat aplikasi hambat
after update cant login,neutral,update cant login
bukannya makin bagus malah makin jelek mau login saja susah banget harus pakai akun lain akun yang lama enggak bisa di login mana lama banget pas loginnya minusnya banyak banget plusnya cuman copyan sekaranh dibanyakin jeleekkkkk harusnya buat ratenya nih,negative,bagus jelek login susah banget pakai akun akun enggak login banget pas loginnya minus banget plus cuman copyan sekaranh dibanyakin jeleekkkkk ratenya nih
sudah update versi terbaru tetapi tidak dapat log ini sama sekali,negative,update versi baru tidak log
tidak bisa diinstal di onyx book poke,negative,tidak diinstal onyx book poke
waktu mengunakan ipusnas versi lama tidak ada hambatan justru ketika beberapa hari yang lalu aplikasi terupdate otomatis dan belum bisa login hinga sekarang karena ada persoalan dalam pengiriman data,negative,mengunakan ipusnas versi tidak hambat aplikasi terupdate otomatis login hinga kirim data
banyak bugnya padahal banyak manfaatnya log out terus log ini susah,positive,bugnya manfaat log log susah
waktu pinjem dari yang cuma hari sekarang jadi hari saja dalam kondisi ui masih jelek dan enggak bisa login bagaimana saya mau lanjutkan bacaan saya aplikasi keberatan di fitur enggak penting news friends posts etc dan susah login harusnya fokus supaya reading friendly bukan fitur enggak jelas yang cuma bikin aplikasi lemot dan error betulin dong secepatnya i cant believe i sayang this mending balikin ke ui lama kalau sejelek ini performa ui baru,negative,pinjem kondisi ui jelek enggak login lanjut baca aplikasi berat fitur enggak news friends posts etc susah login fokus reading friendly bukan fitur enggak bikin aplikasi lot error betulin cepat cant believe sayang mending balikin ui jelek performa ui
enggak bisa daftar,negative,enggak daftar
sudah hampir sebulan ya maintenance nih aplikasi menyebalkan banget baru aku unduh lagi beberapa hari ini eh sekarang sudah enggak bisa buka lagi mau sampai kapan perbaikan terus bikin enggak nyaman ini mana catatan lama hilang semua karena beda tampilan sekarang,positive,bulan ya maintenance nih aplikasi sebal banget unduh eh enggak buka baik bikin enggak nyaman catat hilang beda tampil
dear admin kenapa setelah update aplikasikok malah jadi susah banget buat log ini yamudah mudahan bisa segera diperbaiki,positive,dear admin update aplikasikok susah banget log yamudah mudah baik
susah login kenapa ya,positive,susah login ya
cannot register,neutral,register
aplikasi base milik negara tapi kok sering banget error padahal butuh referensi buku,negative,aplikasi base milik negara banget error butuh referensi buku
awalnya oke saja tapi setelah update aku ke log out otomatis dan sampai sekarang enggak bisa masuk app sedih banget,negative,oke update log otomatis enggak masuk app sedih banget
whats wrong with ipusnaswhy cant i open itu,negative,whats wrong ipusnaswhy cant open
saiki rak iso mlebu ning app ini aneh,neutral,saiki rak iso mlebu ning app aneh
too much bug cant access,neutral,much bug cant access
tampilan baru update daaan lamaaa sekali loadingnya kalo yang sebelumnya download cepat yang sekarang download lama dan saat akan baca pun lama sekali semoga segera ada perbaikan,positive,tampil update daaan lamaaa loadingnya kalo download cepat download baca moga baik
aneh enggak bisa masuk lebih baik menggunakan aplikasi yang dulu daripada update tapi enggak bisa masuk,negative,aneh enggak masuk aplikasi update enggak masuk
versi terbaru malah makin enggak jelas sering terjadi gagal download karena file tidak ditemukan padahal sudah menunggu buat dapat pinjam,negative,versi baru enggak gagal download file tidak temu tunggu pinjam
error tuh,negative,error tuh
sangat susah untuk login baik di aplikasi hp maupun pc,negative,susah login aplikasi hp pc
ada masalah apa sih ipusnas kenapa setelah update jadi bolak balik ter logout sendiri sampai susah login lagi kemarin pas bisa login dengan tampilan baru enggak bisa search dengan kata kunci nama pengarang padahal yang versi lama itu bisa,positive,sih ipusnas update bolak ter logout susah login kemarin pas login tampil enggak search kunci nama arang versi
setelah update tanggal malah enggak bisa login,negative,update tanggal enggak login
terima kasih sudah normal aplikasinya semoga copy dari buku filosofi teras dan retorika aristoteles diperbanyak supaya tidak rebutan pinjamhhe,negative,terima kasih normal aplikasi moga copy buku filosofi teras retorika aristoteles banyak tidak rebut pinjamhhe
kecewa sama ipusnas yang baru tidak bisa cari buku dengan nama pengarang tidak seperti versi yang lama buku yang sudah dipinjam tidak bisa diunduh pula,negative,kecewa ipusnas tidak cari buku nama arang tidak versi buku pinjam tidak unduh
semenjak di update dengan tampilan baru jadi jelek banget ke logout sendiri enggak bisa log ini bug terus menerus,negative,semenjak update tampil jelek banget logout enggak log bug terus
sangat tidak bisa digunakan karena error terus tolong untuk lebih ditingkatkan lagi agar tidak sering error l,negative,tidak error tolong tingkat tidak error l
setelah update malah tidak bisa buka karena tidak bisa login,negative,update tidak buka tidak login
sekarang ipusnas gampang eror apalagi kalo ada update baru malah susah buat masuk,negative,ipusnas gampang eror kalo update susah masuk
aplikasi versi lebih keren,negative,aplikasi versi keren
hi mengapa setelah update aplikasi ipusnas update tanggal jadi tidak bisa logindevice tablet sebelum update masih bisa login dan baca buku dimana bisa download apk aplikasi ipusnas yang versi lama sebelum update,negative,hi update aplikasi ipusnas update tanggal tidak logindevice tablet update login baca buku mana download apk aplikasi ipusnas versi update
app pada update terbaru berjalan baik dan buku yang available juga makin banyak,neutral,app update baru jalan buku available
ribet log ini susah cuman bisa di akses lewat jaringan gsmmobilelwt jaringan wifi enggak bisa diaksesngasih ilmu kok pelit uninstall,positive,ribet log susah cuman akses jaring gsmmobilelwt jaring wifi enggak diaksesngasih ilmu pelit uninstall
bagus tapi bugnya banyak banget,negative,bagus bugnya banget
ngecrash parah di update terbaru langsung ke close sendiri waktu mau buka,negative,ngecrash parah update baru langsung close buka
ui kurang nyaman adakan fitur filter misal dari buku paling populer atau berdasarkan penulis buku terjemahan dsb sulit mencari buku yang diinginkan harus lihat rekomendasi dari pihak luar kalau buku tersebut ternyata ada di ipusnas,positive,ui nyaman adakan fitur filter buku populer dasar tulis buku terjemah dsb sulit cari buku lihat rekomendasi buku ipusnas
lemot sekali konsepnya bagus masih perlu banyak perbaikan semoga bisa lebih baik,negative,lot konsep bagus baik moga
absurd the app asking access tapi photos,positive,absurd app asking access photos
the book collection is incomplete the queue tapi borrow is quite long even up tapi hundreds of queues,neutral,book collection incomplete queue borrow quite long even hundreds queues
what an awful app tolong perbaiki lagi kecepatan aplikasinya sering error dan tidak sinkron,negative,awful app tolong baik cepat aplikasi error tidak sinkron
koleksi bukunya lumayan lengkap ada buku self improv novel resep masakan cerpen dsb saran saja buat aplikasi ini bisa tambahkan fitur share kutipan tulisan atau screenshot tapi diberi watermarkdi batasi begitu biar bisa review ebook juga di medsos,neutral,koleksi buku lumayan lengkap buku self improv novel resep masakan cerpen dsb saran aplikasi tambah fitur share kutip tulis screenshot watermarkdi batas biar review ebook medsos
terimakasih berkat ini aku bisa mendapat banyak literasi secara gratis,positive,terimakasih berkat literasi gratis
gampang eror anjir ah malas,negative,gampang eror anjir ah malas
seperti biasa apapun yang dipegang pemerintah selalu cacat,negative,apa pegang perintah cacat
tidak bisa login sejak ada update baru selalu forced stop,negative,tidak login update forced stop
lama lodingnya,neutral,lodingnya
i have updated the app but still cannot open itu why,negative,updated app still open
setelah diupdate malah tidak bisa masuk ke aplikasi sama sekali,negative,diupdate tidak masuk aplikasi
mungkin untuk sekarang masih baik tapi kenapa ya saya tidak bisa menandai teks pada buku yang saya baca apa terjadi eror mohon perbaikan nya ya kak terima kasih,positive,ya tidak tanda teks buku baca eror mohon baik nya ya kak terima kasih
dear ipusnas please fix the bug kemarinkemarin kalo mau minjem buku bisa baru saja sekarang log ini lagi malah enggak bisa minjem buku bagaimana nih wahai ipusnas dimohon untuk kasih pencerahannya apl ini benaran membantu banget buat sumber karya tulis buat yang malas ke perpus langsung tolong mendengarkan apa kata rakyat user apl maksudnya ya bantuin jelasin benerin pls banget ini mah,positive,dear ipusnas please fix bug kemarinkemarin kalo minjem buku log enggak minjem buku nih ipusnas mohon kasih cerah apl benar bantu banget sumber karya tulis malas pus langsung tolong dengar rakyat user apl maksud ya bantuin jelasin benerin pls banget mah
thanks setidaknya dengan baca buku walau enggak ada buku bisa mengalihkan depresi ke arah yang lebih positif ketimbang terjebak pada dunia hitam yang kelam,negative,thanks baca buku enggak buku alih depresi arah positif ketimbang jebak dunia hitam kelam
astaga register enggak bisa load book tanpa login enggak bisa kalau buat tender aplikasi jangan kebanyakan dipotong untuk panitia atau pokjanya,negative,astaga register enggak load book login enggak tender aplikasi banyak potong panitia pokjanya
after updating i can not accesssign ini,neutral,updating accesssign
terima kasih sudah mengembalikan ipusnas mobile ke versi lama next time kalau mau rilis versi baru pastikan sudah stabil dan siap dirilis karena kemarin banyak fitur seperti history yang jadi hilang lalu buku yang sudah dipinjam juga hilang semoga bisa lebih baik lagi love ipusnas,positive,terima kasih kembali ipusnas mobile versi next time rilis versi pasti stabil rilis kemarin fitur history hilang buku pinjam hilang moga love ipusnas
tolong segera perbaiki bugnya ada banyak sekali tbr yang ingin saya baca dan sudah saya pinjam saya takut saat sedang perbaikan buku yang saya pinjam sudah dikembalikan secara otomatis,positive,tolong baik bugnya tbr baca pinjam takut baik buku pinjam kembali otomatis
sering maintenance tapi masih banyak bugnya saya kecewa dengan kinerja aplikasi ini entah itu aplikasi versi mobile maupun pc,negative,maintenance bugnya kecewa kerja aplikasi aplikasi versi mobile pc
enggak bisa dibuka aplikasinya,negative,enggak buka aplikasi
enggak bisa dibuka,neutral,enggak buka
suka banget karena bisa pinjam banyak buku secara gratis dan menambah wawasan sayang aplikasinya cukup sering gangguan baru saja update suka ngeclose sendiri lagi baca buku mau lanjut eh enggak bisa masuk lagi sedih soalnya ada buku yang belum selesai dibaca saran tambahan mungkin history secara otomatis halaman terakhir dibaca bisa dipertimbangkan soalnya di fitur saya belum ada,positive,suka banget pinjam buku gratis tambah wawas sayang aplikasi ganggu update suka ngeclose baca buku eh enggak masuk sedih buku selesai baca saran tambah history otomatis halaman baca timbang fitur
tidak bisa login setelah diupdate,negative,tidak login diupdate
mohon bisa diakses disemua macbook min,negative,mohon akses semua macbook min
sampah kgk bisa dibuka samasekali,negative,sampah kgk buka samasekali
enggak bisa login di update terbarunya,neutral,enggak login update baru
aplikasinya enggak jalan,negative,aplikasi enggak jalan
susah bacanya halman nya suka keulang sendiri bookmark nya juga gaguna nge highlight nya susah banget kadang pas baca halamannya ke highlight sendiri tolong dibenerinstress banget tau bacanya,positive,susah baca halman nya suka ulang bookmark nya gaguna nge highlight nya susah banget kadang pas baca halaman highlight tolong dibenerinstress banget tau baca
min saya enggak bisa login sedih banget semenjak interface barutolong perbaiki,negative,min enggak login sedih banget semenjak interface barutolong baik
ini aplikasi aneh banget ya sudah update dengan tampilan baru yang lebih bagus dan ada keterangan waktunya eh tibatiba disuruh update lagi malah ke tampilan lama itu update buat apa,negative,aplikasi aneh banget ya update tampil bagus terang eh tibatiba suruh update tampil update
hai tim ipunasterima kasih sudah kembali ke setelan awalsmoga yang diperbaharui adalah bobot kualitas bukunya,positive,hai tim ipunasterima kasih setel awalsmoga baharu bobot kualitas buku
the year is but your app is,neutral,year app
balik ke tampilan awal lagi,negative,tampil
tolong ini kenapa habis diupdate pas login data gue kereset riwayat baca gue enggak ada rak peminjaman gue kosong tolong dong bjir,neutral,tolong habis diupdate pas login data kereset riwayat baca enggak rak pinjam kosong tolong bjir
this is the second time i download this app and cant even use itu man we just want tapi read some books why dont you guys just keep the app simple you dont need tapi ada any unnecessary features you know this app could really help indonesians get more into reading,positive,second time download app cant even use man want read books dont guys keep app simple dont need unnecessary features know app could really help indonesians get reading
koleksi buku cukup lengkap tapi sistem antriannya agak membingungkan,negative,koleksi buku lengkap sistem antri bingung
server dan ui tolong diperbaiki,positive,server ui tolong baik
habis di update malah tidak bisa log ini bisa log ini pun cuma muter doang,negative,habis update tidak log log muter doang
kenapa enggak bisa login setelah update,neutral,enggak login update
belum bisa login kenapa ya apa memang lagi maintenance bintang kalo sudah bisa login,positive,login ya maintenance bintang kalo login
saya suka sekali aplikasinya tapi kalo mau login lama banget masuknya pas sudah masuk malah keluar sendiri tolong perbaiki aplikasinya,negative,suka aplikasi kalo login banget masuk pas masuk tolong baik aplikasi
tolong diperbaiki setelah update bukannya semakin baik malah tidak bisa login setiap login selalu keluar sendiri tanpa sebab padahal jaringan saya bagus,negative,tolong baik update tidak login login jaring bagus
enggak bisa login ipusnas akhirnya saya sangat senang dengan aplikasi ini saya berharap koleksinya makin banyak dan ada preview buku sebelum dipinjam bravo,negative,enggak login ipusnas senang aplikasi harap koleksi preview buku pinjam bravo
after the update i cant even login please fix this app orang undo the update,negative,update cant even login please fix app orang undo update
apasih mau login malah auto close,negative,apasih login auto close
jelek banget suka ngebug sendiri terus pas masuk lagi malah ke logout mau login malah enggak bisa bilangnya data enggak sesuai terus pas sudah log ini malah ngebug enggak jelas banget,positive,jelek banget suka ngebug pas masuk logout login enggak bilang data enggak sesuai pas log ngebug enggak banget
lemot banget aplikasinya mau daftar lemot mau masuk halaman utamanya juga lemot niat lanunching aplikasi enggak sih sebenarnya percuma kalo bikin aplikasi cuma nanggung kayak begini,negative,lot banget aplikasi daftar lot masuk halaman utama lot niat lanunching aplikasi enggak sih kalo bikin aplikasi nanggung kayak
setelah diupdate malah enggak bisa dipakai terus datadata sebelumnya jadi hilang,negative,diupdate enggak pakai datadata hilang
setelah diupdate bukannya semakin bagus malah jadi jelek enggak bisa diakses mengecewakan banget walaupun yang versi lama memang tampilannya enggak bagus bagus banget tapi setidaknya bisa buat baca,negative,diupdate bagus jelek enggak akses kecewa banget versi tampil enggak bagus bagus banget baca
the app sucks period,neutral,app sucks period
why now ipusnas cant open like as usual this one my favorite aps actually but after update cant di anything,positive,ipusnas cant open like usual one favorite aps actually update cant anything
sudah hari error return book enggak bisa edit sudah benar edit setelah update makin jelek hebat,negative,error return book enggak edit edit update jelek hebat
aplikasinya tidak bisa digunakan,negative,aplikasi tidak
sudah lebih hari saya tidak bisa mengakses aplikasi beberapa kali instal uninstall login berulang kali tetap tidak bisa mungkin sedang ada pengembangan aplikasi tapi saya pikir ini terlalu lama semoga pihak terkait segera memperbaiki ini,negative,tidak akses aplikasi kali instal uninstall login ulang kali tidak kembang aplikasi pikir moga kait baik
updated version doesnt work properly i can finally log ini after a wig but after logging ini i cannot di anything all blank space cannot search for books even my profile is blank just get back tapi the old version but memakai itu sok that the page that we bookmarked stay marked even after we close reopen the app,neutral,updated version doesnt work properly finally log wig logging anything blank space search books even profile blank get back old version pakai sok page bookmarked stay marked even close reopen app
terjadi bug pada uinya setelah update,neutral,bug uinya update
enggak bekerja terus saya harus apa ini yang disuruh kerjain aplikasinya dikasih gaji yang sesuai apa enggak sedih banget saya cuma mau bacaperpus jauh kenapa susah banget apa tidak bisa dibuat versi websitenya,negative,enggak suruh kerjain aplikasi kasih gaji sesuai enggak sedih banget bacaperpus susah banget tidak versi websitenya
itu used tapi be my fave app but not anymore after itu was updated itu is getting unuseful i cant read my saved book anymore because of the error hope lu can fix itu quickly,negative,used fave app anymore updated getting unuseful cant read saved book anymore error hope fix quickly
aplikasinya tidak jelas saya tidak bisa mendaftar saat mengisi alamat kecamatan tolong untuk lag nya,negative,aplikasi tidak tidak daftar isi alamat camat tolong lag nya
tampilannyaa ngebug,neutral,tampilannyaa ngebug
the application is trouble,neutral,application trouble
semenjak di update kok jadi error mulu login saja susah please diperbaiki lagi,negative,semenjak update error mulu login susah please baik
niat buat aplikasi enggak sih masak ngelaag mulu,negative,niat aplikasi enggak sih masak ngelaag mulu
tolong dong ini setelah update enggak bisa login sama sekali selalu muncul notifikasi terjadi masalah bagaimana solusinya,positive,tolong update enggak login muncul notifikasi solusi
bug terus nih semenjak update sudah hari enggak bisa buka padahal sengaja enggak mau update karena baca review orang bug terus eh tbtb punya saya forced close terus jadi terpaksa diupdate ternyata semakin parah lebih baik perbaiki ini dulu tolong sistem peminjaman search bar tambah mode lock ketika membaca supaya minim salah tekan perbaiki kategori buku masih berantakan penanda stabilo ketika diselect juga susah diatur masih harus diperbaiki,negative,bug nih semenjak update enggak buka sengaja enggak update baca review orang bug eh tbtb forced close paksa diupdate parah baik tolong sistem pinjam search bar mode lock baca minim salah tekan baik kategori buku beranta tanda stabilo diselect susah atur baik
yang belum upgrade lebih baik enggak usah diupgrade punya gue setelah diupgrade malah susah login sekalinya bisa langsung ngebug dan enggak lama logout sendiri lagi please developer kalo belum ready buat diupdate mending enggak usah daripada bikin sebel cepatan benerin enggak,negative,upgrade enggak diupgrade diupgrade susah login sekali langsung ngebug enggak logout please developer kalo ready diupdate mending enggak bikin sebel cepat benerin enggak
tidak bisa login sama sekali padahal sebelum update bisa,negative,tidak login update
sudah bisa log ini tapi aplikasi tidak menampilkan apa hanya menu utama bagian bawah saja selebihnya kosong semua fiturfiturnya pun tidak muncul dan tidak bisa digunakan mohon bantuannya,negative,log aplikasi tidak tampil menu utama lebih kosong fiturfiturnya tidak muncul tidak mohon bantu
just updated the app and god only knows how itu infuriates me that this app is sok bapuk i cant even log ini and if i did successfully log ini the app would just stop working entirely its frustrating tapi know that what is supposedly tapi be the main indonesians digital library turns out tapi be ini a very low and poor quality dear developers please just please release the updated version once you guys know that the app will work with minimum bugs,negative,updated app god knows infuriates app sok bapuk cant even log successfully log app would stop working entirely frustrating know supposedly main indonesians digital library turns low poor quality dear developers please please release updated version guys know app work minimum bugs
aplikasi diupdate namun tidak bisa diakses sok sad,negative,aplikasi diupdate tidak akses sok sad
best,neutral,best
niat enggak sih bikin aplikasi anggaran meminta gedean kinerja asalan enggak becus,negative,niat enggak sih bikin aplikasi anggar gede kerja asal enggak becus
cant login,neutral,cant login
the app has still bug and others i cant login into my account for a wig sok i unistalled this app i already used mobile data and wifi clear cache etc but itu doesnt work tapi be honest this is one of my favourite app because i can read sok much e book from there please fix the bug sok i can use this app easily,negative,app still bug others cant login account wig sok unistalled app already used mobile data wifi clear cache etc doesnt work honest one favourite app read sok much e book please fix bug sok use app easily
lebih baik fitur video tidak usah ada karena takut aplikasinya jadi berat sistem antrian lebih baik dibuat daftar tunggu jadi enggak usah rebutan dan user lain enggak memungkinkan untuk ngekeep satu buku buat temannya atau return terus dipinjam sendiri lagi sampai waktu yang enggak jelas bookmark usahakan jangan hilang terus,negative,fitur video tidak takut aplikasi berat sistem antri daftar tunggu enggak rebut user enggak ngekeep buku teman return pinjam enggak bookmark usaha hilang
mohon maaf bug nya tolong diperbaiki karena dari awal dan sudah dicoba beberapa kali hingga saya install dan uninstall lagi tetap enggak bisa sign up dan log ini,positive,mohon maaf bug nya tolong baik coba kali install uninstall enggak sign log
enggak bisa login padahal suka banget baca di ipusnas ayo dong perbaiki lagi sistemnya bisa kok bisa,positive,enggak login suka banget baca ipusnas ayo baik sistem
tolong deh tiba tiba update jadi enggak bisa login sudah hari enggak bisa login,positive,tolong deh update enggak login enggak login
i cant get ini,neutral,cant get
habis di update malah enggak bisa login mana lemot banget tau begitu mending enggak usah update tolong ini sistemnya diperbaikin dong bukannya makin bagus malah makin error mau baca buku saja susah banget heran,negative,habis update enggak login lot banget tau mending enggak update tolong sistem diperbaikin bagus error baca buku susah banget heran
tampilan sudah oke tapi kecepatan akses semua halaman tidak sesuai perkiraan,neutral,tampil oke cepat akses halaman tidak sesuai kira
beres update langsung log out otomatis terus enggak bisa log ini lagi kenapa aplikasi pemerintah jelek jelek sih mendingan duit korupsi noh dipakai buat benerin aplikasi pemerintah katanya mau digitalisasi tapi ngerjainnya setengahsetengah proyek minim manfaat buat masyarakat malah jorjoran,negative,beres update langsung log otomatis enggak log aplikasi perintah jelek jelek sih mending duit korupsi noh pakai benerin aplikasi perintah digitalisasi ngerjainnya setengahsetengah proyek minim manfaat masyarakat jorjoran
aku gangerti ya kenapa layanan pemerintah itu payah lemot banget buat log ini saja susah menyusahkan saja,negative,gangerti ya layan perintah payah lot banget log susah susah
always eror when i have tapi learn for my task,negative,always eror learn task
bug terus enggak bisa masuk,negative,bug enggak masuk
after the lates update most of user cant login this issue has been came out ini all social media please kindly recheck and fix itu,negative,lates update user cant login issue came social media please kindly recheck fix
sangat disayangkan login saja enggak bisa aplgi meminjam buku padahal aku benar benar pengin baca buku,positive,sayang login enggak aplgi pinjam buku pengin baca buku
semenjak update malah jadi enggak bisa login selalu nyangkut,neutral,semenjak update enggak login nyangkut
this app is actually very useful and i liked itu a lot its easy tapi borrow and read a book however the app bug a lot especially after i read more tahan two books forced closing and cannot be opened and thus i have tapi reinstall please fix this issue and please ada a feature when we can read a book offline,negative,app actually useful liked lot easy borrow read book however app bug lot especially read tahan two books forced closing opened thus reinstall please fix issue please feature read book offline
keupdate sendiri tibatiba keluar begitu saja mau login lagi enggak bisa terus padahal sudah diinstal ulang juga jeleeeeeeeeek sayang sekali koleksi bukunya bagus tapi selalu begini tiap update seperti tidak ada perbaikan downgrade,negative,keupdate tibatiba login enggak diinstal ulang jeleeeeeeeeek sayang koleksi buku bagus update tidak baik downgrade
aplikasi lemot pas mau minjam malah eror terus tolong di perbaiki lagi aplikasi nya,negative,aplikasi lot pas minjam eror tolong baik aplikasi nya
unable tapi login problem with data,negative,unable login problem data
i cant log with any of my google account please fix itu,negative,cant log google account please fix
aplikasi kok enggak bisa di login padahal sinyal oke oh aplikasinya memang enggak ok kali ya,positive,aplikasi enggak login sinyal oke oh aplikasi enggak ok kali ya
enggak bisa login bagaimana mau baca buku,positive,enggak login baca buku
aplikasinya ke update sendiri terus enggak bisa login lagi sudah berharihari orangorang yang sudah update juga banyak yang enggak bisa login tolong diperbaiki,negative,aplikasi update enggak login berharihari orangorang update enggak login tolong baik
tolong kepada developer apps untuk meningkatkan kualitas ipusnas agar lebih ramah baca update terbaru justru semakin merepotkan pengguna,positive,tolong developer apps tingkat kualitas ipusnas ramah baca update baru repot guna
habis diupdate kok malah enggak bisa dibuka sih,neutral,habis diupdate enggak buka sih
parah banget ini habis diupdate malah enggak bisa dibuka sama sekaliii,negative,parah banget habis diupdate enggak buka sekaliii
tampilan baru tapi performa mengecewakan semenjak di install sampai sekarang cuma bisa login sekali dan keesokan hari tidak bisa di akses lagi sampai sekarang semoga lekas ada perbaikan ya,neutral,tampil performa kecewa semenjak install login esok tidak akses moga lekas baik ya
setelah diperbarui malah jadi jelek keluar terus akunnya sekarang susah log ini padahal mau baca buku mencoba jam pagi ternyata bisa diakses kemudian siang dikit enggak bisa lagi susah amat cuma mau baca buku doang padahal ayolah min cepat perbaiki apk nya percuma tampilan jadi bagus kalo enggak bisa dipakai,negative,baru jelek akun susah log baca buku coba jam pagi akses siang dikit enggak susah baca buku doang ayo min cepat baik apk nya tampil bagus kalo enggak pakai
tolonglah ini ada update atau apa malah enggak bisa masuk ke appnya sama sekali,negative,tolong update enggak masuk appnya
kata gue mah benerin bugnya asli problemnya dari dulu kagak berubah sering enggak bisa login cmon men,negative,mah benerin bugnya asli problem kagak ubah enggak login cmon men
kenapa jadi ngebugg begitu ya selalu keluar pas mau log ini atau sign ini,positive,ngebugg ya pas log sign
apakah ipusnas lagi perbaikan,positive,ipusnas baik
update baru malah gaberhasil masuk sudah mencoba bolak balik uninstall install tetap enggak bisa kecewa banget lagi asik baca buku karena auto update jadi eror dan enggak bisa baca bukunya lagi,positive,update gaberhasil masuk coba bolak uninstall install enggak kecewa banget asik baca buku auto update eror enggak baca buku
sering gangguan,negative,ganggu
secara keseluruhan bagus apknya cuma suka log out sendiri giliran log ini malah enggak bisa,neutral,bagus apknya suka log gilir log enggak
sayang sekali saat aplikasi ini selesai di update saya hanya bisa menggunakannya satu kali kemudian logout dengan sendirinya sekarang sudah berharihari dan loginnya selalu gagal saya tidak bisa masuk,negative,sayang aplikasi selesai update guna kali logout berharihari loginnya gagal tidak masuk
update malah bikin errror,neutral,update bikin errror
koneksi server sering error highlight bacaan sulit sering terlogout dan sulit untuk login kembali,negative,koneksi server error highlight baca sulit terlogout sulit login
kenapa wajib allow camera phone photos and video dan music and audio memang fungsinya apa,negative,wajib allow camera phone photos video music audio fungsi
enggak bisa log ini,neutral,enggak log
enggak bisa login atau daftar dev nya gen boomer,negative,enggak login daftar dev nya gen boomer
edit worse tahan previous versions i cant log ini app says my account doesnt exist even if ive been a member before the update trying tapi create a new account just force stops the app are you serious the drop down subdistrict menu doesnt even load after minutes waiting please consider functionality very carefully before you update,negative,edit worse tahan previous versions cant log app says account doesnt exist even ive member update trying create new account force stops app serious drop subdistrict menu doesnt even load minutes waiting please consider functionality carefully update
setelah diupdate malah enggak bisa login crash terus app nya padahal senang banget karena bisa baca buku legal secara gratis ayo perbaiki lagi min,positive,diupdate enggak login crash app nya senang banget baca buku legal gratis ayo baik min
aplikasi yang sebenarnya sangat membantu menyediakan berbagai macam buku secara gratis hanya saja untuk akses dan tampilan masih sangat perlu diperbaiki juga untuk update terbaru saya malah tidak bisa akses ke akun saya turn out bukan hanya saya saja yang mengalami ribuan pengguna juga mengeluhkan hal yang sama sudah sounding di sosmed sayangnya admin tidak update,negative,aplikasi bantu sedia buku gratis akses tampil baik update baru tidak akses akun turn bukan alami ribu guna keluh sounding sosmed sayang admin tidak update
sering error sebaiknya segera diperbaiki,negative,error baik
aplikasinya berhenti befungsi serelah update tolong diperbaiki cepat,negative,aplikasi henti befungsi serelah update tolong baik cepat
setelah aplikasi diperbaharui saya tidak bisa login,negative,aplikasi baharu tidak login
aplikasinya masih ngebug belum bisa log ini dari kemarin saya masih menunggu perbaikan supaya bisa segera masuk akun dan baca buku lagi,negative,aplikasi ngebug log kemarin tunggu baik masuk akun baca buku
crash di android,negative,crash android
gagal login terus,negative,gagal login
mohon diperbaiki min kendala bug pas mau daftar malah force close secepatnya,positive,mohon baik min kendala bug pas daftar force close cepat
koleksi bukunya beragam ada buku populer juga tapi habis update kemarin sampai sekarang masih belum bisa login,positive,koleksi buku agam buku populer habis update kemarin login
after updated difficult tapi connect tapi server after connected need more time tapi read need tapi re download again always disconnect after use always need re login not used animation difficult tapi search book heavy loading now i cannot login ada masalah dalam pengiriman data infonya,negative,updated difficult connect server connected need time read need download always disconnect use always need login used animation difficult search book heavy loading login kirim data info
jelek suka error,negative,jelek suka error
setelah update malah enggak bisa masuk ke ipusnas padahal sebelum di update bisa dengan baik digunakan tolong dong betulin,negative,update enggak masuk ipusnas update tolong betulin
everytime i logging ini tapi my email the apps always forced close and i dont know why this apps keeps closing,negative,everytime logging email apps always forced close dont know apps keeps closing
habis update malah enggak bisa dibukaaa mau baca buat tugas ayo diperbaiki segera,positive,habis update enggak dibukaaa baca tugas ayo baik
jelek banget sering bug sering logout tb enggak jelas,negative,jelek banget bug logout tb enggak
aku suka baca di sini meminta tolong maintenance jangan lamalama trouble segera diperbaiki terima kasih,positive,suka baca tolong maintenance lamalama trouble baik terima kasih
ini app bagus buat baca cuman susah banget login suka logout sendiri makin hari makin jelek padahal dulu bagus,negative,app bagus baca cuman susah banget login suka logout jelek bagus
jadi malas baca buku di ipusnas versinya enggak lebih baik dari sebelumnyangetik nama pengarang langsung muncul semua yang berkaitan dengan nama pemgarang itu buku yang ditampilkan pun enggak cuma satu tapi semua,negative,malas baca buku ipusnas versi enggak sebelumnyangetik nama arang langsung muncul kait nama pemgarang buku tampil enggak
update baru jadi lebih lama bukanya dan membutuhkan koneksi yang lebih cepat koneksi dibawah mbps sulit mengakses,negative,update buka butuh koneksi cepat koneksi bawah mbps sulit akses
kemarin baik saja deh sekarang kenapa error ya,negative,kemarin deh error ya
why i cant log ini i want tapi reaaaaddddd t___t,neutral,cant log want reaaaaddddd t t
habis update enggak bisa log ini sama sekali,neutral,habis update enggak log
setelah update kok aplikasi nya lemot ya tolong diperbaiki,negative,update aplikasi nya lot ya tolong baik
really bad after i updated this app uninstall this already,negative,really bad updated app uninstall already
great app but suddenly got log out and cant log ini back,neutral,great app suddenly got log cant log back
big l after they updated itu i cant even access the web one both app and web are suck like ini sekelas perpusnas lo plis kerja yang benar dong kecewa banget,neutral,big l updated cant even access web one app web suck like kelas perpusnas lo plis kerja kecewa banget
awalnya suka sama app ini karena bisa baca dan pinjam buku gratis tapi semenjak diperbarui loadingnya lama sekali dan semua buku yang sudah saya pinjam hilang,positive,suka app baca pinjam buku gratis semenjak baru loadingnya buku pinjam hilang
aplikasi terberat yang pernah aku rasakan mana loadingnya lama banget,negative,aplikasi berat rasa loadingnya banget
kak ini lagi maintenance ya tadi update versi terbaru tapi ngebug terus harus login lagi dan foto juga hilang untung di tablet belum diupdate,positive,kak maintenance ya update versi baru ngebug login foto hilang untung tablet diupdate
sejak update error enggak bisa masuk login saja lama banget sekalinya sudah masuk lemotnya meminta ampun tutup aplikasinya sebentar pas mau buka harus login lagi dan masih susah banget untuk loginnya sudah hari tapi belum ada perbaikan apaapa,negative,update error enggak masuk login banget sekali masuk lot ampun tutup aplikasi sebentar pas buka login susah banget loginnya baik apaapa
error mulu,negative,error mulu
ipusnas kenapa ya tbtb logout sendiri dan enggak bisa login lagi sudah saya coba login dari kemarin tapi enggak bisabisa tulisannya ada masalah mengirim data coba lagi nanti,positive,ipusnas ya tbtb logout enggak login coba login kemarin enggak bisabisa tulis kirim data coba
update makin jelek,negative,update jelek
setelah pembaruan semakin jelek versi sebelummya lemot ini semakin lemot tampilannya makin bagus tapi banyak bug dan crashnya sudah clear chache tapi tidak membantu,negative,baru jelek versi sebelummya lot lot tampil bagus bug crashnya clear chache tidak bantu
ui sudah bagus uxnya kurang tolong perbaiki servernya biar bisa memuat koleksi bukunya,neutral,ui bagus uxnya tolong baik servernya biar muat koleksi buku
enggak bisa login terus dari kemarin enggak tau kenapa,negative,enggak login kemarin enggak tau
aplikasi jelek,negative,aplikasi jelek
habis update bukannya tambah bagus malah tambah lemot login saja enggak bisa,negative,habis update bagus lot login enggak
jelek ngelag parah sekarang lemot juga,negative,jelek ngelag parah lot
cant login after the newest update,neutral,cant login newest update
mending enggak usah di upgrade kalo ujungnya error mulu enggak bisa login,negative,mending enggak upgrade kalo ujung error mulu enggak login
saya penggunanya tiap hari download buku cerita untuk anak tapi saat ini tidak bisa dibuka karena ada bug tolong diupdate agar bisa digunakan kembali,negative,guna download buku cerita anak tidak buka bug tolong diupdate
aplikasinya bermanfaat banget sebenarnya untuk mencari bacaan gratis sayangnya sering error bugnya suka force closed sendiri begitu dan susah buat login lagi,negative,aplikasi manfaat banget cari baca gratis sayang error bugnya suka force closed susah login
tidak bisa daftar akun berkalikali coba tetap keluar sendiri dari aplikasi,negative,tidak daftar akun berkalikali coba aplikasi
kenapa sekarang malah tidak bisa dibuka harus daftar akun tapi setiap mau daftar apps nya close sendiri,negative,tidak buka daftar akun daftar apps nya close
kenapa jadi susah login aplikasi jadi banyak bug sebercanda ini negara mengasih fasilitas kepada masyarakatnya,negative,susah login aplikasi bug canda negara asih fasilitas masyarakat
bagaimana sih update malah jadi lemot parah enggak bisa login sekalinya bisa taunya riwayat peminjaman hilang semua riwayat follow sama dm juga hilang terus nge bug akhirnya enggak bisa login lagi padahal mau lanjutkan baca buku kalo kayak begini mending balikin versi lama saja sudah nanti aku ubah reviewnya kalo sudah diperbaiki,negative,sih update lot parah enggak login sekali tau riwayat pinjam hilang riwayat follow dm hilang nge bug enggak login lanjut baca buku kalo kayak mending balikin versi ubah reviewnya kalo baik
kenapa tidak bisa masuk padahal saya sudah punya akun sebelumnya,negative,tidak masuk akun
the interface is old fashioned and whenever i was on a waiting list for a book the notification never appeared ini my phone,neutral,interface old fashioned whenever waiting list book notification never appeared phone
tidak bisa login,negative,tidak login
always force close after update,negative,always force close update
semenjak ada update terbaru aplikasi jadi tidak bisa dibuka dan terus keluar,negative,semenjak update baru aplikasi tidak buka
tiba mati logout sendiri dan enggak bisa login lagi di tunggu beberapa hari tetap enggak bisa juga,negative,mati logout enggak login tunggu enggak
habis di update malah makin enggak jelas sistemnya berulang kali login malah enggak bisa awalnya bisa login tapi lemotnya meminta ampun terus waktu mau masuk ke apk nya lagi malah disuruh login ulang,negative,habis update enggak sistem ulang kali login enggak login lot ampun masuk apk nya suruh login ulang
diupdate malah enggak bisa login,neutral,diupdate enggak login
sebelum update aman bisa diakses sekarang sesudah update malah enggak bisa login tiap login tiba tiba keluar terus,positive,update aman akses update enggak login login
ipusnas sebelum ada versi baru sering banget error keluar akun tbtb sekarang sudah ada versi baru malah enggak bisa login tiap buka seering banget bug terus jadi lelet banget pedahal jaringan di sini stabil fiturnya ada yang oke sih tapi menurutku jauuuh lebih nyaman pakai versi lama please diperbaiki min waktu pinjemnya cuman hari,positive,ipusnas versi banget error akun tbtb versi enggak login buka ering banget bug lelet banget pedahal jaring stabil fiturnya oke sih turut jauuuh nyaman pakai versi please baik min pinjemnya cuman
ayo lah diperbaiki saya percaya bisa lebih baik lagi aplikasi ini tahun kemarin saya kasih bintang tahun ini pas mau digunain meminta update eh setelah di update malah enggak bisa masuk kendala terus padahal lagi butuh butuhnya semangat tim buat perbaiki apk ini ya jujur apk ini sangat membantu dan bermanfaat,positive,ayo baik percaya aplikasi kemarin kasih bintang pas digunain update eh update enggak masuk kendala butuh butuh semangat tim baik apk ya jujur apk bantu manfaat
capek banget deh tiap buma app suruh login ulang mana susah banget kalo login mending versi lama juga karena bisa search nama penulis,negative,capek banget deh buma app suruh login ulang susah banget kalo login mending versi search nama tulis
update terbaru malah enggak bisa masuk,negative,update baru enggak masuk
never ending loading never ending crash and the app keep shut keep sign out after i close the app hard tapi download the book the feature is lacking very down grade,negative,never ending loading never ending crash app keep shut keep sign close app hard download book feature lacking grade
setelah update sulit login akses internet tidak ada saat buka aplikasi ini padahal jaringan internet tidak ada masalah,negative,update sulit login akses internet tidak buka aplikasi jaring internet tidak
lemot banget harusnya kalo update ui itu makin bagus tapi malah makin jelek dan lemootttt,negative,lot banget kalo update ui bagus jelek lemootttt
setelah update malah crash,negative,update crash
cant log ini using my existing account,neutral,cant log using existing account
aplikasi update otomatis tetapi tidak bisa masuk akun,negative,aplikasi update otomatis tidak masuk akun
ada bug pas daftar langsung keluar tidak bisa masuk,negative,bug pas daftar langsung tidak masuk
aplikasinya sering galat sering keluar sendiri eh pas mau masuk malah enggak bisa tulisannya sih ada masalah saat mengirim data uinya sudah diperbarui tapi lemotnya meminta ampun sistem pinjam belum pakai sistem antre kayak libby plis tirulah libby ada fitur baru yang bisa bikin quote dari buku yang dibaca bagus sih tapi mohon divariasikan lagi supaya keterbacaannya dan nilai estetikanya lebih baik tolong perbaiki sistemnya supaya pengalaman baca pengguna bisa maksimal baiknya,negative,aplikasi galat eh pas masuk enggak tulis sih kirim data uinya baru lot ampun sistem pinjam pakai sistem antre kayak libby plis tiru libby fitur bikin quote buku baca bagus sih mohon variasi baca nilai estetika tolong baik sistem alam baca guna maksimal baik
setelah update jadi jeleg,neutral,update jeleg
tapi be honest i like this app cz itu sok helpful if i wanna read the college material here but i dunno time by time this is sok bad this app usually stopped tapi work and doesnt wanna opened im sok regret pls lu must check and solve itu,negative,honest like app cz sok helpful wan na read college material dunno time time sok bad app usually stopped work doesnt wan na opened im sok regret pls must check solve
apk always crash bad,negative,apk always crash bad
enggak bisa logiinnnn ngebug sudah clear cache padahal semalaman mencoba login enggak bisa dan stuck terus di halaman awal login tolong dibenerin lagi,positive,enggak logiinnnn ngebug clear cache malam coba login enggak stuck halaman login tolong dibenerin
jelek banget suka error enggak bisa log ini kadang ke log out sendiri sistem antrian cepetcepetan jadi enggak jelas harusnya pakai sistem kayak libby jelas diurutan berapa dan kapan dapetnya overall reading experience tidak menyenangkan,negative,jelek banget suka error enggak log kadang log sistem antri cepetcepetan enggak pakai sistem kayak libby urut dapetnya overall reading experience tidak senang
setelah update susah login baik di ponsel laptop bahkan web kalaupun bisa login pasti ke logout sendiri kalau habis update tolong gercep ngefixnya mau berapa lama begini terus,negative,update susah login ponsel laptop web login logout habis update tolong gercep ngefixnya
kenapa aplikasinya tidak bisa digunakan tidak bisa login kenapa sungguh mengecewakan padahal katanya buku jendela dunia kalau kayak begini jendelanya enggak bisa dibuka bagaimana kecewa banget,negative,aplikasi tidak tidak login sungguh kecewa buku jendela dunia kayak jendela enggak buka kecewa banget
setelah diupdate aplikasi enggak bisa jalan,negative,diupdate aplikasi enggak jalan
suka banget aplikasi nya buat yang memiliki keterbatasan untuk membeli bukuuu edit ini kenapa aku enggak bisa masuk akun terus ya padahal mau bacaa kemarin nemu hidden gem,negative,suka banget aplikasi nya milik batas beli bukuuu edit enggak masuk akun ya bacaa kemarin nemu hidden gem
kenapa bukubuku yang saya pinjam hilang semua ya akun saya susah dibukanya,neutral,bukubuku pinjam hilang ya akun susah buka
kenapa tiba tiba berubah tampilan dan hilang semua buku pinjaman saya yang terbaru ini membingungkan saya sudah menggunakan aplikasi ini bertahun tahun sekarang jadi berubah dan tidak bisa pinjam buku lagi,negative,ubah tampil hilang buku pinjam baru bingung aplikasi tahun ubah tidak pinjam buku
semenjak update sering kelog out dan lola antrian buku dan mutualku juga hilang,negative,semenjak update log lola antri buku mutualku hilang
saya kira aplikasi ini tidak terawatloading lamapengunduhan juga terkadang errorbahkan login pun lama sayang sekali kan aplikasi yang berkaitan dengan ilmu tapi terlihat di biarkan apa adanya tanpa usaha membuatnya menjadi lebih menarik,negative,aplikasi tidak terawatloading lamapengunduhan terkadang errorbahkan login sayang aplikasi kait ilmu biar usaha buat tarik
aplikasi diperbarui malah enggak bisa login sudah kali beri penilaian tetap jelek saja heraannn tidak pernah berbenah sama sekali dapat dana triliunan buat apa ajaaaaa beli loh server yang layak enggak habis miliyar kok,negative,aplikasi baru enggak login kali nilai jelek heraannn tidak benah dana triliun ajaaaaa beli server layak enggak habis miliyar
ngebug seharian bikin frustasi ih aku bakal ubah bintangnya kalo sudah lancar dan good improve,positive,ngebug hari bikin frustasi ih ubah bintang kalo lancar good improve
kenapa ya habis di update kok apknya tidak bisa login lagi loading terus menerus tolong dibantu ya,positive,ya habis update apknya tidak login loading terus tolong bantu ya
aplikasi yang menarik untuk bisa meningkatkan literatur dan budaya baca tetapi beberapa kali sangat sulit untuk login bahkan untuk membuka app nya sering keluar ini terjadi berulang kali,positive,aplikasi tarik tingkat literatur budaya baca kali sulit login buka app nya ulang kali
please kenapa habis di update malah jadi super lemot dan auto ke log out terus ya tolong dong ipusnas perbaiki lagi aplikasinya,negative,please habis update super lot auto log ya tolong ipusnas baik aplikasi
bad system,negative,bad system
ipusnas kenapa sih sudah di upgrade tapi kok ngelag terus dan akun saya keluar terus menerus enggak bisa lihat riwayat enggak bisa pinjam buku enggak bisa baca,positive,ipusnas sih upgrade ngelag akun terus enggak lihat riwayat enggak pinjam buku enggak baca
i cant login for the pasti few hours ongod the update makes the app sok slow,positive,cant login hours ongod update makes app sok slow
lemot banget pleaseee bikin selayaknya app baca ya bisa buat baca saja mengapai ditambah video sudah jelek makin jelek pula hfffttttt,negative,lot banget pleaseee bikin layak app baca ya baca kapai tambah video jelek jelek hfffttttt
setelah update lemot banget mau lihat deskripsi buku saja setaun,negative,update lot banget lihat deskripsi buku taun
setelah dikembangkan aplikasinya justru susah diakses,negative,kembang aplikasi susah akses
aplikasi dongok muter terus yang buat anak magang,negative,aplikasi dongok muter anak magang
the app is really bad sok many bugs ive been logged out automatically and hardly get back tapi my account please fix this issue as soon as possible,negative,app really bad sok many bugs ive logged automatically hardly get back account please fix issue soon possible
sok ugly updated but i logged off from my account out of sudden and also i couldnt log my account ini after the update,neutral,sok ugly updated logged account sudden also couldnt log account update
cant even log ini after updating itu,neutral,cant even log updating
lag banget ke log out mulu ih,positive,lag banget log mulu ih
kalo bisa mengasih bintang berkalikali sudah saya spam ini kolom review enggak ada perbaikan sama sekali,positive,kalo asih bintang berkalikali spam kolom review enggak baik
setelah update terbaru malah sering gagal login menggunakan akun google kadang loading menu utama pun gagal,negative,update baru gagal login akun google kadang loading menu utama gagal
woe app nya malah nge bug mulu nih min habis diupdate,positive,woe app nya nge bug mulu nih min habis diupdate
ngebug enggak bisa dibuka,neutral,ngebug enggak buka
tolong sistemnya diperbaiki desain aplikasi lebih dipermudah dan simpel untuk memudahkan pembaca dalam menyortir buku dengan baik saran saya update keseluruhan aplikasinya mulai dari icon dan desain terlalu oldfashioned dan ribet arsip buku yang telah dibaca tambahkan perpustakaan khusus dari antrian buku,positive,tolong sistem baik desain aplikasi mudah simpel mudah baca sortir buku saran update aplikasi icon desain oldfashioned ribet arsip buku baca tambah pustaka khusus antri buku
enggak jelas enggak bisa dibuka,neutral,enggak enggak buka
bukunya enggak lengkap padahal ini nasional loh,negative,buku enggak lengkap nasional
tidak ada notifikasi dari buku yang akan dipinjam dan sistem antreannya lama,negative,tidak notifikasi buku pinjam sistem antre
niceee,neutral,niceee
loading awal lambat banget sampai bosan menunggu nya agak aneh untuk aplikasi membaca tapi meminta permission untuk akses music library foto dan contact,positive,loading lambat banget bosan tunggu nya aneh aplikasi baca permission akses music library foto contact
too much bugs that my phone suggested me tapi put this app ini deep sleep ini order tapi get my phone running smoothly,neutral,much bugs phone suggested put app deep sleep order get phone running smoothly
sering enggak bisa dibuka,neutral,enggak buka
overall good but now if i want use app itu crashed and my borrowed books just disappear after days,positive,overall good want use app crashed borrowed books disappear days
kok aplikasi yang paling update enggak bisa download buku ya,neutral,aplikasi update enggak download buku ya
dulu ini adalah aplikasi terampas sudah mah buku bukunya jadul sering error lagi sekarang ini aplikasi favorit saya huhuhu senang banget aplikasi ini bisa berkembang dan dananya tidak di korupsi sangat bermanfaat sekali banyak banget sekarang buku buku terbarunya semoga bisa terus berkembang dan di update terus buku buku terbarunya huhuhuhu terharu pemerintah sudah mulai peduli terhadap literasi terimakasih kepada siapapun yang terlibat dalam pembuatan aplikasi ini ini seperti mimpi,negative,aplikasi ampas mah buku buku jadul error aplikasi favorit huhuhu senang banget aplikasi kembang dana tidak korupsi manfaat banget buku buku baru moga kembang update buku buku baru huhuhuhu haru perintah peduli literasi terimakasih libat buat aplikasi mimpi
bad apptake sok much time tapi open,negative,bad apptake sok much time open
ada jokowinya,neutral,jokowinya
copy buku cuma sedikit jadi sering mengantri buku dan ofc yang mengantri banyak buku dan penulis enggak begitu lengkap sering error mencari apa yang keluar apa kadang pas buka aplikasi aplikasi ketutup sendiri atau penanda buku hilang whats good just i can read from this app secara gratis fix the bug n membanyaki judul buku for the better,negative,copy buku antri buku ofc antri buku tulis enggak lengkap error cari kadang pas buka aplikasi aplikasi tutup tanda buku hilang whats good read app gratis fix bug n banyak judul buku better
tidak terlalu buruk perbanyak lagi bukubukunya supaya para pembaca makin senang untuk mendownload seperti beberapa rekan saya,negative,tidak buruk banyak bukubukunya baca senang mendownload rekan
the look is very old sok many bugs,neutral,look old sok many bugs
aplikasi pemerintah kok jelek banget heran ui enggak menarik banyak bug enggak ada notif buku available ketika mengantri pun sistem ngantrinya enggak jelas sudah namanya antri tapi ketika ada orang return kita harus war lagi apanya yang antri kalo begitu plis sistemnya diperbaiki lagi app ini sebenarnya membantu banget ketika lagi pengin baca buku tapi enggak ada budget banyak tapi sistemnya huft bikin elus dada,negative,aplikasi perintah jelek banget heran ui enggak tarik bug enggak notif buku available antri sistem ngantrinya enggak nama antri orang return war apa antri kalo plis sistem baik app bantu banget pengin baca buku enggak budget sistem huft bikin elus dada
sebulan terakhir ini aplikasinya selalu force stop setiap kali saya mau baca buku padahal seharusnya device saya masih kompatibel dan saya tidak memiliki masalah dengan koneksi internet karena saya enggak bisa pakai aplikasi ini lagi akhirnya saya uninstall,negative,bulan aplikasi force stop kali baca buku device kompatibel tidak milik koneksi internet enggak pakai aplikasi uninstall
enggak bisa login sama sekali itu kenapa ya daftar akun baru juga enggak bisa padhal internet lancar semenjak ada bug beberapa hari yang lalu sampai sekarang masih enggak bisa dipakai sudah coba uninstal lalu di instal ulang lagi tetap enggak bisa dipkakai,positive,enggak login ya daftar akun enggak padhal internet lancar semenjak bug enggak pakai coba uninstal instal ulang enggak dipkakai
enggak lengkap buku banyak yang jelek banyak tulisan kosong koleksinya enggak menambah,negative,enggak lengkap buku jelek tulis kosong koleksi enggak tambah
aplikasi ini sebenarnya bagus saya yang bukan domisili jakarta jadi bisa lihat koleksi perpustakaan nasional dan bisa pinjam buku kapan saja dimana saja tapi app ini tuh seriiiiing banget gangguan sudah seminggu ini homepage saya mengeluarkan rekomendasi buku yang sama terus saya refresh enggak pergaruh apa halaman log peminjaman orang lain lancar saja di refresh bisa update tapi page rekomendasi buku sudah di refresh berkali enggak pengaruh apa tolong performanya ditingkatkan lagi,positive,aplikasi bagus bukan domisili jakarta lihat koleksi pustaka nasional pinjam buku mana app tuh seriiiiing banget ganggu minggu homepage keluar rekomendasi buku refresh enggak pergaruh halaman log pinjam orang lancar refresh update page rekomendasi buku refresh kali enggak pengaruh tolong performa tingkat
error nya banyak banget cepettt perbaikiiii pleasee demi kenyamanan pengunjung tolong jugalah perbaharui tampilan nya terlalu kuno,negative,error nya banget cepettt perbaikiiii pleasee nyaman unjung tolong juga baharu tampil nya kuno
bagus banget fasilitasnya,negative,bagus banget fasilitas
aplikasinya ngestuck di loading screen,negative,aplikasi ngestuck loading screen
koleksinya sih lengkap tapi fiturnya kurang memuaskan dan bikin enggak bisa eksplore banyak buku yang tersedia kadang beranda enggak bisa di refresh padahal sudah dicoba berulang kali saran untuk memberi filter misal buku paling populer buku terbaru dsb,positive,koleksi sih lengkap fiturnya muas bikin enggak eksplore buku sedia kadang beranda enggak refresh coba ulang kali saran filter buku populer buku baru dsb
lol mau baca buku saja enggak bisa bagaimana mau literasi indonesia mau tinggi hahahahahah,positive,lol baca buku enggak literasi indonesia hahahahahah
sok far sok good aplikasi ini membantu banget untuk cari bahan bacaan atau sumber data untuk kepentingan yang lain but ive a question admin ipusnas aplikasi ini memang dirancang untuk tidak memunculkan notifikasi popup ketersediaan buku yang dalam antrean dalam hal ini notifikasi meskipun aplikasinya tidak dibuka saling serobot memang seru tapi di aplikasinya itu loh yang awalnya provided tibatiba statusnya tetap queue terima kasih semoga dijawab panjang umur literasi,negative,sok far sok good aplikasi bantu banget cari bahan baca sumber data penting ive question admin ipusnas aplikasi rancang tidak muncul notifikasi popup sedia buku antre notifikasi aplikasi tidak buka serobot seru aplikasi provided tibatiba status queue terima kasih moga umur literasi
too much bugs and errors ini this app thats really annoying,neutral,much bugs errors app thats really annoying
excelent,neutral,excelent
keren,neutral,keren
mau ubah kata sandi karena lupa password saja pun enggak bisabisa aduh tolong di perbaiki bagus padahal nih aplikasi gue pengin login ke akun lama tapi enggak bisa ganti kata sandi,negative,ubah sandi lupa password enggak bisabisa aduh tolong baik bagus nih aplikasi pengin login akun enggak ganti sandi
tujuan aplikasi bagus bermanfaat tapi sayang sering eror,negative,tuju aplikasi bagus manfaat sayang eror
aplikasinya bagus banget sayangnya sering galat tampilan oke minimalis tapi perlu diupdate too old menurutku semoga ke depannya ada perbaikan signifikan,negative,aplikasi bagus banget sayang galat tampil oke minimal diupdate old turut moga depan baik signifikan
nice app,positive,nice app
baguuss sekali sangat bermanfaat,positive,baguuss manfaat
sudah banyak yang review jelek tapi masih enggak dibenerin juga,negative,review jelek enggak dibenerin
juli mau pinjam buku enggak bisa error begitu terus diinstal ulang ternyata malah enggak bisa login mohon diperbaiki error ini secepatnya,negative,juli pinjam buku enggak error diinstal ulang enggak login mohon baik error cepat
tidak bisa login internet tidak ada di keterangannya padahal internet saya lancar,negative,tidak login internet tidak terang internet lancar
saya suka aplikasi ini karena bisa meminjam buku gratis tapi tolong dikembangkan lagi untuk kategori buku lebih detail supaya pembaca lebih mudah mencari buku yang ingin dipinjam karena untuk saat ini cakngkupam kategori yang tersedia masih terlalu luas dan membingungkan terimakasih,positive,suka aplikasi pinjam buku gratis tolong kembang kategori buku detail baca mudah cari buku pinjam cakngkupam kategori sedia luas bingung terimakasih
bagus memang tapi enggak lengkap buku nya batas pinjam cuma hari stok nya cuma dikit aplikasinya masih sering lelet,negative,bagus enggak lengkap buku nya batas pinjam stok nya dikit aplikasi lelet
aplikasi yang bagus koleksi bukunya banyak enak buat bahan referensi ngebacain cerita pengantar tidur ke anak tapi enggak tau kenapa kok hari ini enggak bisa masuk ke aplikasi ipusnasnya,negative,aplikasi bagus koleksi buku enak bahan referensi ngebacain cerita antar tidur anak enggak tau enggak masuk aplikasi ipusnasnya
interaksi uinya saat membaca cukup mengganggu ketika sedang scroll fullpage bacaan tapi sering kali berubah tampilan ke halaman yang dilengkapi sub judul bookmarks swipescroll dll,neutral,interaksi uinya baca ganggu scroll fullpage baca kali ubah tampil halaman lengkap sub judul bookmarks swipescroll dll
bagus aplikasi sangat membantu bagi orang orang yang hobby membaca tapi tidak punya dana untuk beli buku tersebut catatan tolong untuk developer untuk memperbaiki sistem ipusnas yang didownload untuk windows karena aplikasi ini sering forceclose,negative,bagus aplikasi bantu orang orang hobby baca tidak dana beli buku catat tolong developer baik sistem ipusnas didownload windows aplikasi forceclose
tolong di tingkatkan lagi pemeliharaan aplikasi nya kak agar tidak terus terusan down server,negative,tolong tingkat pelihara aplikasi nya kak tidak terus server
saya mendukung dan mengapresiasi langkah besar dalam literasi indonesia terutama dengan aplikasi ipusnas ini edit maaf developer mengapa di aplikasi ipusnas ini hilang semua thumbnail bukunya dan sering terjadi kegagalan saat meminjam terimakasih,negative,dukung apresiasi langkah literasi indonesia aplikasi ipusnas edit maaf developer aplikasi ipusnas hilang thumbnail buku gagal pinjam terimakasih
sistemnya tingkatin lagi dong masa iya kadang enggak bisa dibuka aplikasinya terus aku coba uninstall terus download lagi malah susah login harus pakai akun baru lagi,negative,sistem tingkatin iya kadang enggak buka aplikasi coba uninstall download susah login pakai akun
banyak buku yang tersedia apalagi kumpulan buku populer namun jumlah koleksinya cuma sedikit dan selalu kosong saya kurang suka dengan fitur mengantri pinjaman queue buku karena tidak bisa dimatikan dan otomatis setiap buku tersedia selalu menambahkan notifikasi pemberjtahuan buku tersedia berulang kali sampai bertumpuk namun saya tidak menerima notifikasi buku tersedia saat berada di luar aplikasi saya harap ada pembaharuan pada fitur antrian buku ini sehingga tidak memenuhi kotak notif,negative,buku sedia kumpul buku populer koleksi kosong suka fitur antri pinjam queue buku tidak mati otomatis buku sedia notifikasi pemberjtahuan buku sedia ulang kali tumpuk tidak terima notifikasi buku sedia aplikasi harap baharu fitur antri buku tidak penuh kotak notif
aplikasi nya oke banget tapi kenapa sih suka tiba tiba error,negative,aplikasi nya oke banget sih suka error
overall saya suka aplikasi ini cuman tolong developer masa mau baca fc aneh banget woy tingkatkan lagi kompabilitasbya dengan berbagai macam device masa update terakhir semalas apa bruh,negative,overall suka aplikasi cuman tolong developer baca fc aneh banget woy tingkat kompabilitasbya device update malas bruh
masih ada kendala saat membaca dan mengunduh buku tampilannya ui dan ux kurang menarik dan fiturnya kadang tidak bisa di klik kecepatan unduhan sangat lambat kadang sampul buku tidak sesuai judul dan terlalu jadul semoga ada perbaikan dan perubahan terima kasih,positive,kendala baca unduh buku tampil ui ux tarik fiturnya kadang tidak klik cepat unduh lambat kadang sampul buku tidak sesuai judul jadul moga baik ubah terima kasih
bagus sih aku jadi bisa pinjem buku dengan mudah tapi ui uxnya jelek betul suka ngelaggg juga ya allah huft capek banget,positive,bagus sih pinjem buku mudah ui uxnya jelek suka ngelaggg ya allah huft capek banget
maaf ya sebenarnya berguna banget bikin aku dan temanteman suka baca tapi apk ini sering down tidak merespon ketika dibuka juga sering terjadi bug mohon perbaikannya ipusnas hi masih error sampai sekarang ih tt bulan juni going tapi juli padahal minat baca sedang tinggitingginya maaf kalau kasar tapi kalian lama mengatasinya,positive,maaf ya guna banget bikin temanteman suka baca apk tidak merespon buka bug mohon baik ipusnas hi error ih tt juni going juli minat baca tinggitingginya maaf kasar atas
banyak masalah benerin pls masa sekelas perpus nasional apknya kayak begini bagaimana minat baca mau tinggi kalau begitu,negative,benerin pls kelas pus nasional apknya kayak minat baca
i used tapi love this app good varied books and features unfortunately there are sok many bugs now the apps often forced tapi close itself and i cant even open the app orang download the books with my wifi but itu works well with mobile data,negative,used love app good varied books features unfortunately sok many bugs apps often forced close cant even open app orang download books wifi works well mobile data
banyak buku yang tidak ada tapi di internet tertulis bahwa buku yang dicari ada mohon di update,negative,buku tidak internet tulis buku cari mohon update
saya ingin meminjam buku di sini dan mengharuskan saya untuk verifikasi email dari sekian banyak update saya tetap todak menerima verifikasi email setelah saya request terusmenerus tolong diperbaiki karena saya tidak bisa meminjam,negative,pinjam buku harus verifikasi email sekian update todak terima verifikasi email request terusmenerus tolong baik tidak pinjam
percuma anda membuat aplikasi seperti ini jika tidak bisa diakses saat ingin membuat akun,negative,aplikasi tidak akses akun
i cant borrow book there im just can ada book tapi my whishlist,neutral,cant borrow book im book whishlist
diupdate dong diperbaiki bug bugnya berkalikali keluar login ulang tapi tetap enggak bisa masuk entah password benar atau salah tetap stuck enggak ada loadnya,negative,diupdate baik bug bugnya berkalikali login ulang enggak masuk password salah stuck enggak loadnya
susah banget mau masuk log ini enggak bisa registrasi juga enggak bisa,negative,susah banget masuk log enggak registrasi enggak
kenapa enggak bisa dibuka,neutral,enggak buka
how about managing this application more professional there are a lot of readers out there waiting for reading quality books from indonesian library,negative,managing application professional lot readers waiting reading quality books indonesian library
mau register saja enggak bisa,neutral,register enggak
bisa baca ebook di aplikasi ini tapi saya bingung kenapa harus mengasih phone photo video music audio permission apa urgensinya kalau enggak mengasih permission appsnya enggak bisa dijalanin,positive,baca ebook aplikasi bingung asih phone photo video music audio permission urgensi enggak asih permission appsnya enggak dijalanin
apps nya oke lah buat minjem buku tapi kenapa batas peminjaman nya cepat banget juga dia tuh enggak bisa di bookmark kalo di tutup bukunya selalu balik ke awal malah jadi bete kan kayak begitu dari kapan tau mode bookmark nya coming soon mulu ih sebel,negative,apps nya oke minjem buku batas pinjam nya cepat banget tuh enggak bookmark kalo tutup buku bete kayak tau mode bookmark nya coming soon mulu ih sebel
tidak ada fitur untuk wishlist secara manual wishlist baru aktif saat ingin meminjam tapi buku tidak tersedia dan ingin mengantri bedakan antara wishlist buku yang ingin dibaca dan queue mengantri untuk meminjam bisa saja orang memiliki wishlist untuk dibaca di masa mendatang bukan untuk dibaca saat ini tidak ada notifikasi saat buku yang di queue telah tersedia sehingga sering terlewat dan mengantri ulang,negative,tidak fitur wishlist manual wishlist aktif pinjam buku tidak sedia antri beda wishlist buku baca queue antri pinjam orang milik wishlist baca bukan baca tidak notifikasi buku queue sedia lewat antri ulang
aplikasinya jelek suka crash dan enggak bisa login,negative,aplikasi jelek suka crash enggak login
secara keseluruhan bagus bisa mengakses buku buku apapun secara gratis dan bisa dibaca sat offline tetapi terkadang terjadi ketidaknyamanan seperti lag ngebug dll tampilannya bisa dipercantik lagi secara kekinian sukses terus untuk tim ipusnas dan semoga bisa berkembang terus dan tidak berhenti,negative,bagus akses buku buku apa gratis baca sat offline terkadang ketidaknyamanan lag ngebug dll tampil cantik kini sukses tim ipusnas moga kembang tidak henti
sungguh mengecewakan tailahh,positive,sungguh kecewa tailahh
lagilagi dengan masalah yang sama sudah berapa kali ganti akun karena hal seperti ini tidak bisa masuk aplikasi sudah reinstall tapi saat masuk dengan akun lama tidak bisa forgot password juga tidak ada email masuk,negative,lagilagi kali ganti akun tidak masuk aplikasi reinstall masuk akun tidak forgot password tidak email masuk
i cant even open the app,negative,cant even open app
senang banget ada aplikasi ini bisa pinjam buku gratis dan baca dimanapun sudah satu tahun pakai ipusnas permasalahannya cuma sering ngebug makin kesini makin sering ngebug,neutral,senang banget aplikasi pinjam buku gratis baca mana pakai ipusnas masalah ngebug kesini ngebug
senang banget ada apl buku online free thankyou ipusnas,positive,senang banget apl buku online free thankyou ipusnas
good,positive,good
wah luar biasa sebelumnya saya mengalami kendala login dan registrasi setelah menghubungi pihak ipusnas melalui email keluhan saya langsung diatasi bahkan tidak sampai jam meskipun email keluhan saya kirim di malam hari saya berharap mendapatkan pengalaman yang menyenangkan bersama ipusnas semoga ipusnas semakin berkembang kedepannya salam literasi,negative,alami kendala login registrasi hubung ipusnas email keluh langsung atas tidak jam email keluh kirim malam harap alam senang ipusnas moga ipusnas kembang depan salam literasi
belakangan ini aplikasi sama sekali tidak dapat diakses,negative,aplikasi tidak akses
terimakasih ipusnas sudah bisa diakses kembali,positive,terimakasih ipusnas akses
terima kasih saya haturkan atas responnya saya telah bisa kembali log ini di aplikasi inimudahn aplikasinya tetap stabil ada baiknya memberitahu pengguna jika aplikasi sedang melakukan pembaharuan data,negative,terima kasih hatur responnya log aplikasi inimudahn aplikasi stabil baik memberitahu guna aplikasi baharu data
aplikasinya suka hang sendiri tolong segera diperbaiki,positive,aplikasi suka hang tolong baik
saya selalu menggunakan aplikasi ipusnas untuk kegiatan seharihari namun sudah beberapa hari ini aplikasinya tidak bekerja dengan baik dan terdeteksi ada bugs saya harap dengan menulis review ini tim developer bisa segera menangani masalah aplikasi ini terima kasih,negative,aplikasi ipusnas giat seharihari aplikasi tidak deteksi bugs harap tulis review tim developer tangan aplikasi terima kasih
akun sering keluae buku terbatas memang pemerintan layanannya kureng,neutral,akun keluae buku batas intan layan reng
sok many bug i cant open the app and always ini loading screen,negative,sok many bug cant open app always loading screen
i love everything about this app tapi tolong diperbaiki lagi aku sering terlogout sendiri dan malah susah masuknya,negative,love everything app tolong baik terlogout susah masuk
appmya bagus tapi sering crash,negative,appmya bagus crash
sebenarnya sistem peminjamannya cukup bagusnamun aplikasinya banyak banget bugnyadan paling sering adalah appnya tidak bisa terbuka entah itu stuck di loadingforce closedataupun no signal padahal sudah berganti jaringanmulai dari wifi paket data bahkan hotspot tolong diperbaiki untuk aplikasinya terkadang appnya sudah benar berfungsi dengan baik tapi terkadang tetap force close ataupun tidak render ini app banyak banget masalahnyaerror terus enggak bisa login,negative,sistem pinjam bagusnamun aplikasi banget bugnyadan appnya tidak buka stuck loadingforce closedataupun signal ganti jaringanmulai wifi paket data hotspot tolong baik aplikasi terkadang appnya fungsi terkadang force close tidak render app banget masalahnyaerror enggak login
for a few days i can access and read the books although its not that convenient tapi use but still okay but today i cant open the app then i can open itu but i have tapi login i forget the password but itu keep saying no connection my internet connection is good btw the collection n epustaka page cant be reload also itu says data not found,positive,days access read books although convenient use still okay today cant open app open login forget password keep saying connection internet connection good collection n epustaka page cant reload also says data found
error terus kenapa ya,negative,error ya
kenapa begini apk nya sih katanya mau majuin sdm tapi apk saja enggak nyaman buat dipakai tau tau ke logout sendiri buat login susah banget sudah stabilin jaringan sama saja hasilnya bahkan hapus data restart hp install ulang enggak membantu sama sekali tolong diperbaiki lagi,negative,apk nya sih majuin sdm apk enggak nyaman pakai tau tau logout login susah banget stabilin jaring hasil hapus data restart hp install ulang enggak bantu tolong baik
kadang apknya suka ngebug sama tibatiba akunnya keluar sendiri berkali kali kadang juga kalau mau login enggak bisabisa mohon untuk diperbaiki ya padahal bukunya sudah beragam sayang banget suka eror,positive,kadang apknya suka ngebug tibatiba akun kali kali kadang login enggak bisabisa mohon baik ya buku agam sayang banget suka eror
aplikasi erorr,negative,aplikasi erorr
baru buka app sering banget ada bug jadi ganggu banget mau baca,neutral,buka app banget bug ganggu banget baca
the apps keep force close,negative,apps keep force close
servernya enggak jelas kayak sampah,negative,servernya enggak kayak sampah
kenapa akhir akhir ini banyak bug nya gagal login mulu,negative,bug nya gagal login mulu
suka karena bisa minjam buku secara gratis tapi bugnya yolong diperbaiki,positive,suka minjam buku gratis bugnya yolong baik
terlalu banyak bug tidak bisa login tolong segera diperbaiki,negative,bug tidak login tolong baik
enggak bisa login entah kenapa pas bisa login sering keluar aplikasi stop tiba baru juga mau mulai rajin baca lagi sudah diuji sama ipusnas,positive,enggak login pas login aplikasi stop rajin baca uji ipusnas
halo mau tanya apakah aplikasinya sedang under maintenance karena loadingnya lama sekali dan langsung keluar sendiri terima kasih,positive,halo aplikasi maintenance loadingnya langsung terima kasih
mohon diperbaiki ya ini parah sekali aplikasinya ngebug terus tidak bisa dibuka sering force close,negative,mohon baik ya parah aplikasi ngebug tidak buka force close
bug tolong enggak bisa diakses,positive,bug tolong enggak akses
kenapa ya tiba enggak bisa dibuka aplikasinya padahal lagi butuh banget karena mau ngelanjutin baca buku referensi yang aku ambil dari sini,negative,ya enggak buka aplikasi butuh banget ngelanjutin baca buku referensi ambil
sangat membantu memperkaya bacaan tanpa harus beli buku tapiiiii tadi baru otw baca buku ke eh aplikasinya tibatiba nutup sendiri sudah dicoba berkalikali bahkan sampai restart hp ternyata masih sama saja mohon bantuannya kak,negative,bantu kaya baca beli buku tapiiiii otw baca buku eh aplikasi tibatiba nutup coba berkalikali restart hp mohon bantu kak
aplikasi baca gratis tapi jelek banget kalau closekeluar apk dikit bacaan nya balik lagi ke awal enggak ada notif samsek tentang buku sering error hpku beberapa kali stuck di waiting waktu mau download buku lamaaa banget aku close eh enggak bisa download lagi malah masuk ke history enggak ada di rak buku benerin dong bug nya mau komplain ke twt enggak aktif ig enggak punya menyebalkan banget benerinnnnnn,negative,aplikasi baca gratis jelek banget closekeluar apk dikit baca nya enggak notif samsek buku error hpku kali stuck waiting download buku lamaaa banget close eh enggak download masuk history enggak rak buku benerin bug nya komplain twt enggak aktif ig enggak sebal banget benerinnnnnn
tidak bisa baca sudah registrasi tapi pesan verifikasi tidak terkirim ke email,negative,tidak baca registrasi pesan verifikasi tidak kirim email
kenapa sih aplikasinya lama dibukanya bukan sekali dua kali kayak begini berulang kali terjadi kenapa aplikasinya juga sensitif banget lagi baca tibatiba next lah ke pencet yang lain lah tolong dong diperbaiki tolong ya terima kasih,negative,sih aplikasi buka bukan kali kayak ulang kali aplikasi sensitif banget baca tibatiba next pencet tolong baik tolong ya terima kasih
kenapa ya ini di tablet aku enggak bisa kebuka padahal internet lancar saja tolong dong min,positive,ya tablet enggak buka internet lancar tolong min
bagus enggak ada masalah apapun,negative,bagus enggak apa
suka freezing ya,positive,suka freezing ya
ada bug yang membuat aplikasi tidak bisa dibuka dan digunakan sama sekali meskipun sudah menghapus cache aplikasi,negative,bug aplikasi tidak buka hapus cache aplikasi
there is a problem that i cant reset the password because the link that ipusnas send tapi me ini gmail cannot be open please fix itu,negative,problem cant reset password link ipusnas send gmail open please fix
saya suka aplikasi ini sangat membantunamun sayang banyak bug apk nya sering tidak bisa di buka sekarang saya copot dan pasang lagi malah login enggak bisa padahal saya perlu untuk ambil teori skripsi saya,negative,suka aplikasi membantunamun sayang bug apk nya tidak buka copot pasang login enggak ambil teori skripsi
maaf hari ini ipusnas sedang error kembali ya atau memang perangkat saya saja yang sedang bermasalah,negative,maaf ipusnas error ya perangkat masalah
terobosan menarik untuk tingkatkan minat baca terutama buat kaum miskin mendang mending untuk beli buku jauh dari perpus fisik hanya saja di android lebih sering error forced close smtr di ios lebih stabil hanya saja untuk versi ipad belum nemu dimana tombol book return nya jadi merasa bersalah karena enggak ngembaliin buku segera setelah selesi baca padahal antreannya masih banyak sama bookmarked nya sering hilang semoga segera dibenahi,negative,terobos tarik tingkat minat baca kaum miskin dang mending beli buku pus fisik android error forced close smtr ios stabil versi ipad nemu mana tombol book return nya salah enggak ngembaliin buku les baca antre bookmarked nya hilang moga benah
lag mulu ipusnas deh malas,negative,lag mulu ipusnas deh malas
fix the bugs please,negative,fix bugs please
tolong diperbaiki aplikasinya saya sudah login tetap tidak bisa masuk,negative,tolong baik aplikasi login tidak masuk
enggak bisa dibuka padahal kemarin dipakai masih normal,positive,enggak buka kemarin pakai normal
kesulitan login di pc ataupun hp padahal internet lancar jadi enggak bisa buka,positive,sulit login pc hp internet lancar enggak buka
apk jelek enggak bisa digunain,negative,apk jelek enggak digunain
ipusnas kok sering error ya mohon diperbaiki servernya,positive,ipusnas error ya mohon baik servernya
bagus banget tapi lagi eror kadang tampilan ui nya bikin greget semoga lebih baik lagi ke depannya dan segera beres erornya mau lanjut baca lagi,negative,bagus banget eror kadang tampil ui nya bikin greget moga depan beres eror baca
aplikasi bug enggak bisa dibuka enggak bisa login juga,negative,aplikasi bug enggak buka enggak login
tolong dong lebih diperhatikan lagi kekurangannya fiturfiturnya masih terbilang primitif kurang nyaman ketika digunakan yang paling bikin mengganggu adalah ketika membaca slide tertentu lalu malah berpindah ke slide yang jauh,negative,tolong perhati kurang fiturfiturnya bilang primitif nyaman bikin ganggu baca slide pindah slide
sebuah aplikasi yang sangat baik untuk meningkatkan minat membaca banyak pula juduljudul novel baru tapi sayangnya aplikasinya di saya masih tidak bisa digunakan untuk membaca buku setiap membuka buku yang sudah dipinjam pasti force closed sangat disayangkan saya menggunakan poco sama pro dengan android apakah ada saran,negative,aplikasi tingkat minat baca juduljudul novel sayang aplikasi tidak baca buku buka buku pinjam force closed sayang poco pro android saran
overall its quite good but i cant register my account on this app i cant even read one book because of the bug,positive,overall quite good cant register account app cant even read one book bug
is this app down orang under maintenance aku coba buka app dan login enggak bisa sudah hari any news,positive,app orang maintenance coba buka app login enggak news
tidak bisa memuat gambar dan tulisan loadingnya juga lama kadang app juga mandet,negative,tidak muat gambar tulis loadingnya kadang app mandet
lebih ditingkatkan lagi dong apknya lemot terus suka keluar sendiri,negative,tingkat apknya lot suka
tolong perbaiki lagi aplikasinya sering terjadi error dan antrian yang terlalu lama sebaiknya berikan limit kepada pengguna yang returnpinjam buku berkalikali sampai pengguna lain tidak bisa pinjam buku yang ada juga perbaiki untuk highlight teks karena sangat sulit untuk menghighligt teks,negative,tolong baik aplikasi error antri limit guna returnpinjam buku berkalikali guna tidak pinjam buku baik highlight teks sulit menghighligt teks
jelek uiux nya bermasalah mulu,negative,jelek uiux nya masalah mulu
enggak bisa dibuka selain pakai mobile data huhuhu padahal di rumah aku pakai wifi,negative,enggak buka pakai mobile data huhuhu rumah pakai wifi
sering error,negative,error
ipusnas tolong dong di update app nya saya enggak bisa baca buku,positive,ipusnas tolong update app nya enggak baca buku
kembalikan aplikasi ipusnas seperti dulu yang sekarang aneh sekali tersentuh sedikit sudah kembali ke sampul buku saya kan tidak selalu hapal halaman berapa terakhir saya membaca kalau pakai bookmark akan kembali ke halaman yang kita bookmark tersentuh sedikit sudah ada fitur ubah warna text segala macam tidak berguna pada tempatnya,negative,kembali aplikasi ipusnas aneh sentuh sampul buku tidak hapal halaman baca pakai bookmark halaman bookmark sentuh fitur ubah warna text tidak guna tempat
ada bug sehingga aplikasi enggak bisa digunakan,negative,bug aplikasi enggak
plis banget kalo servernya suka labil ya seenggaknya walaupun ada stok bisa masuk rak antrian begitu loh ini sudah senang dapat judul yang ripiu nya bagus tapi enggak bisa diapakan terus ini buku populer susah banget return nya astaga enggak andro enggak pc sama saja tolong banget,negative,plis banget kalo servernya suka labil ya enggak stok masuk rak antri senang judul ripiu nya bagus enggak apa buku populer susah banget return nya astaga enggak andro enggak pc tolong banget
haloo min sebenarnya aku sudah senang bisa baca buku dengan gratis tapi beberapa buku kayaknya ada yang stoknya dikit ya beberapa buku yang aku antri sudah dari lama belum juga ada kesempatan untuk pinjam dan baca untuk request penambahan stok buku kemana ya kak dan satu hal lagi aku harap aplikasi ipusnas bisa mengembangkan atau menambah fitur notif ya paling enggak untuk dm karena sangat menghambat komunikasi atau tahu tidaknya antrian buku yang sudah ditunggutunggu terima kasih,positive,haloo min senang baca buku gratis buku kayak stok dikit ya buku antri sempat pinjam baca request tambah stok buku mana ya kak harap aplikasi ipusnas kembang tambah fitur notif ya enggak dm hambat komunikasi tidak antri buku ditunggutunggu terima kasih
kadang eror malas,negative,kadang eror malas
notifikasinya lebih bagus kalo muncul di luar aplikasi dehkyk notif fb gtkalo cuma di dalam aplikasikita enggak tau kalo enggak buka apk nyajadi kalah cepat sama yang selalu mantengin kalo lagi mengantri,negative,notifikasi bagus kalo muncul aplikasi dehkyk notif fb gtkalo aplikasikita enggak tau kalo enggak buka apk nyajadi kalah cepat mantengin kalo antri
enggak tau kenapa apk nya enggak bisa dibuka kalo pakai wifi,negative,enggak tau apk nya enggak buka kalo pakai wifi
jujur saja koleksinya lumayan tapi hanya untuk buku tertentu masih sangat banyak buku indonesia apalagi berbahasa asing yang enggak tersedia bukan hanya fiksi tapi juga nonfiksi selain itu tampilan saat membaca sangat tidak fleksibel tidak dapat membuat tangkapan layar tidak ada terjemahan riwayat bacaan terhapus tidak ada sistem antrian jadi siapa cepat dia dapat,negative,jujur koleksi lumayan buku buku indonesia bahasa asing enggak sedia bukan fiksi nonfiksi tampil baca tidak fleksibel tidak tangkap layar tidak terjemah riwayat baca hapus tidak sistem antri cepat
saya sebelumnya sudah pakai dan semoet enggak pakai lama terus sekarang mau login dengan email karena sudah punya akun tapi tiap link ke email tersebut enggak pernah bisa alias eror pindah ke web nya ternyata sama saja tolong dong solusinya bagaimana ini,negative,pakai semoet enggak pakai login email akun link email enggak alias eror pindah web nya tolong solusi
ayo dong di update lebih bagus lagi aplikasinya,negative,ayo update bagus aplikasi
bagus sih tapi saran kalo misalnya mau ngembaliin buku yang dipinjem enggak usah menunggu jam karena ada buku yang selese dibaca dalam waktu kurang dari jam sama minimal pinjemnya ditambah universitas saja maksimal biar tiap hari bisa baca buku terima kasih sudah ditambah jadi bisa minjem banyak thank you admin yang baik boleh mengasih saran lagi huhu tolong kerja sama dengan one drive supaya kami bisa akses lewat libby terima kasih karena selalu mendengarkan masukan kami,positive,bagus sih saran kalo ngembaliin buku dipinjem enggak tunggu jam buku selese baca jam minimal pinjemnya tambah universitas maksimal biar baca buku terima kasih tambah minjem thank admin asih saran huhu tolong kerja one drive akses libby terima kasih dengar masuk
aplikasinya enggak bisa bukan file yang sudah didownload selalu crash keterangannya ada bugs please fix this,negative,aplikasi enggak bukan file didownload crash terang bugs please fix
error terosssss sudah hari gue kagak bisa login,negative,error terosssss kagak login
please fix the bug i cannot login and lost my books,negative,please fix bug login lost books
kenapa enggak ada notifnya kalo misal buku yang kita memasuki ke antrian sudah tersedia jadi harus sering buka app biar melihat cuma kan enggak efektif banget,positive,enggak notifnya kalo buku pasuk antri sedia buka app biar enggak efektif banget
saya pakai di samsung tab si fe berulang kali reinstall tetap tidak bisa buka buku yang saya pilih,negative,pakai samsung tab si fe ulang kali reinstall tidak buka buku pilih
sebulan coba sangat bagus dan rekomen tapi setelah itu sering keluar sendiri saat loading di logo ipusnas tolong diperbaiki bugnya ya bukunya bagus sayang kalo appsnya error,negative,bulan coba bagus rekomen loading logo ipusnas tolong baik bugnya ya buku bagus sayang kalo appsnya error
bagus tapi suka ngebug,neutral,bagus suka ngebug
aplikasi sering macet agak lama aplikasi tidak bisa buka,negative,aplikasi macet aplikasi tidak buka
halo admin bisa kah dibantu mengatasi bugs aplikasi ini di redmi pad se soalnya loading koleksi buku anak hanya sampai scroll pertama saja scroll lagi tidak bisa tidak loading koleksi barunya terima kasih ya aku bintang deh kalau sudah beres troublenya terima kasih,negative,halo admin kah bantu atas bugs aplikasi redmi pad loading koleksi buku anak scroll scroll tidak tidak loading koleksi baru terima kasih ya bintang deh beres troublenya terima kasih
highlightnya suka aneh tekan apa yang terhighlight apa mau highlight saja habis menit karena aplikasinya gakmau highlight bagian yang diinginkan kudu sabar waktu sudah terhighlight tautau yang awalnya pink berubah warna jadi merah lah jadi susah dibaca padahal tidak saya tebalkan ada juga bagian yang tidak pernah sama sekali saya sentuh terhighlight merah hadeh,negative,highlightnya suka aneh tekan terhighlight highlight habis menit aplikasi gakmau highlight kudu sabar terhighlight tautau pink ubah warna merah susah baca tidak tebal tidak sentuh terhighlight merah hadeh
error sudah dipinjam tapi app nya crash judulnya prinsip dan praktik bantuan hukum di indonesia jandi mukianto sh mah legal aid bantuan hukum untuk orang miskin robert egerton sama llb,negative,error pinjam app nya crash judul prinsip praktik bantu hukum indonesia jandi mukianto sh mah legal aid bantu hukum orang miskin robert egerton llb
aplikasi selalu force closed setiao mau baca buku,negative,aplikasi force closed setiao baca buku
tidak bisa baca buku yang dipinjam sudah lebih dari bulan mhn perbaikannya,negative,tidak baca buku pinjam mhn baik
sudah jarang crash tapi hasil pencarian di versi android beda dengan hasil pencarian di versi windows saya cari arswendo di versi windows ada serial imung dan kiki di sini enggak ada terima kasih,negative,jarang crash hasil cari versi android beda hasil cari versi windows cari arswendo versi windows serial imung kiki enggak terima kasih
sudah update bagus kritik saya ditanggapi semoga kedepannya bisa mencerdaskan anak anak bangsa dan memantik logika berpikir,negative,update bagus kritik tanggap moga depan cerdas anak anak bangsa mantik logika pikir
bagus sih bukunya banyak tapi gampang error,negative,bagus sih buku gampang error
buku yang sudah dipinjam tidak bisa dibaca aplikasi langsung force stop,negative,buku pinjam tidak baca aplikasi langsung force stop
login sudah memasuki email tapi alert error format email correct saya ubah bintang nya kalo sudah perbaikan lagi jangan ikut kayak aplikasi pemerintah yang lain yang banyak bug,negative,login pasuk email alert error format email correct ubah bintang nya kalo baik kayak aplikasi perintah bug
bagus tapi kurang fitur untuk melihat daftar buku yang daftar tunggunya kosong kadang mau baca buku dari beranda malah daftar tunggunya banyak banget,negative,bagus fitur daftar buku daftar tunggu kosong kadang baca buku beranda daftar tunggu banget
manfaat aplikasinya mengalahkan kekurangannya tapi serius deh saya kesal sekali setiap ingin menghighlight tulisan sangat susah diatur ui ipusnas juga sejujurnya kurang menarik tapi terima kasih sudah membuat literasi lebih mudah diakses,negative,manfaat aplikasi kalah kurang serius deh kesal menghighlight tulis susah atur ui ipusnas jujur tarik terima kasih literasi mudah akses
fitur bookmark sejauh ini tidak berfungsi dengan baik kadang hilang atau belum tersedia fitur highlight juga belum mulus menyebabkan glitch seperti pindah halaman atau error mohon diperbaiki sangat dibutuhkan untuk menandai buku tebal,negative,fitur bookmark tidak fungsi kadang hilang sedia fitur highlight mulus sebab glitch pindah halaman error mohon baik butuh tanda buku tebal
unsatisfied,neutral,unsatisfied
halo admin saya baru saja ingin join ipusnas dan baru mau registasi tapi kenapa tidak bisa ya apakah ipusnas sedang ada kendala tolong kabari dan bantu saya ya,positive,halo admin join ipusnas registasi tidak ya ipusnas kendala tolong kabar bantu ya
tolongggggg aplikasi forced close terus mau verifikasi email sejuta kali enggak ada email masuk not recommended,negative,tolongggggg aplikasi forced close verifikasi email juta kali enggak email masuk recommended
mau minjem buku harus verifikasi akun via email dulu tapi email verifikasinya enggak muncul berkali resend tetap enggak ada enggak di inbox enggak di spam bagaimana mau minjemnya ini,negative,minjem buku verifikasi akun via email email verifikasi enggak muncul kali resend enggak enggak inbox enggak spam minjemnya
i cant use itu and itu keeps saying itu doesnt able tapi open,negative,cant use keeps saying doesnt able open
gagal terus mau pinjam novel tolong diperbaiki dong min,positive,gagal pinjam novel tolong baik min
enggak bisa diperbesar fontnya terlalu kecil hanya beberapa buku yang formatnya epub saja ayo dong ipusnas ditingkatkan lagi,positive,enggak besar fontnya buku format epub ayo ipusnas tingkat
masih banyak bug yang harus diperbaiki kalau bisa tampilannya lebih dibagusin tambahkan fitur pencarian buku berdasarkan tahun terbit saat membaca tambahkan fitur lock agar saat membaca enggak lari dan tambahkan fitur simpan buku yang lebih mudah,positive,bug baik tampil dibagusin tambah fitur cari buku dasar terbit baca tambah fitur lock baca enggak lari tambah fitur simpan buku mudah
saya baca buku paulo coelho yang the alchemist bookmarknya hilang terus pas kita mau lanjut baca nge tag tulisan pun susah tolong di perbaiki,positive,baca buku paulo coelho alchemist bookmarknya hilang pas baca nge tag tulis susah tolong baik
bad ui and ux,negative,bad ui ux
akun saya kenapa ke logout sendiri ya dan mau login susah sekali,positive,akun logout ya login susah
why is itu sok hard tapi bookmark some sentences the text blocking cant work properly,neutral,sok hard bookmark sentences text blocking cant work properly
why this application always error fixed the sistem please,negative,application always error fixed sistem please
please bikin aplikasi berhenti dimana terakhir dibaca dongdi bookmark juga suka hilang ilangan parah banget deh sayang kalo misalnya enggak di perbaiki tuh ini perpus onlen yang keren sebenarnya,negative,please bikin aplikasi henti mana baca dongdi bookmark suka hilang ilangan parah banget deh sayang kalo enggak baik tuh pus onlen keren
cant sign up,neutral,cant sign
kurang enak buat bacanya kadang goyang goyang dan sehabis membaca ketika membuka bacaan lagi bacaan sebelumnya tidak tersimpan terakhir saya ingin aplikasi ini seperti ebook yang ada di google yang buat nyaman saat membacanya,negative,enak baca kadang goyang goyang habis baca buka baca baca tidak simpan aplikasi ebook google nyaman baca
tidak bisa login,negative,tidak login
enggak bisa register balik lagi rating kalau nanti bisa register setiap mau register terus muncul failed network timeout,negative,enggak register rating register register muncul failed network timeout
kenapa buka ipusnas loadingnya jadi lama ya sayang banget,positive,buka ipusnas loadingnya ya sayang banget
aplikasi sering error kemarin ke log out dengan sendirinya dan enggak bisa log ini lagi bagaimana ya,negative,aplikasi error kemarin log enggak log ya
terimakasih atas layanannya delovers,positive,terimakasih layan delovers
good collection of books but is buggyapp kept closing,positive,good collection books buggyapp kept closing
dulu aman saja buka bisa login dengan facebook sekarang enggak bisa malah disuruh bikin akun sendiri di daftarin malah enggak ada respon sama sekali dari appnya enggak jelas banget,positive,aman buka login facebook enggak suruh bikin akun daftarin enggak respon appnya enggak banget
enggak bisa register bagaimana coba apps belum siap mengapai di upload playstore,positive,enggak register coba apps kapai upload playstore
enggak bisa baca buku apaapa tapi pinjam bisa sudah ada di borrowed books tapi pas dipencet malah nutup sendiri appsnya ini kenapa ya koneksi lancar padahal sayang banget buku yang dipinjam enggak bisa dibaca __,positive,enggak baca buku apaapa pinjam borrowed books pas pencet nutup appsnya ya koneksi lancar sayang banget buku pinjam enggak baca 
registrasi susah banget selalu failed,negative,registrasi susah banget failed
belakangan ini servernya sering down error ya mau pinjam buku failed terus dan tiba logout sendiri waktu mau login ulang juga susah banget pas sudah login eh enggak ada buku apapun di dalamnya,neutral,servernya error ya pinjam buku failed logout login ulang susah banget pas login eh enggak buku apa dalam
aplikasinya bagus terus kadang suka restock buku yang populer walau cepat juga kehabisannya saran dari aku mungkin durasi peminjaman dibuat minggu soalnya hari itu aku enggak sempat nyelesein bukunya dan mau perpanjang juga susah mesti rebutan pinjem lagi sama satu lagi usul kerja sama dengan libby biar bisa baca buku ipusnas di kindle terima kasih,positive,aplikasi bagus kadang suka restock buku populer cepat habis saran durasi pinjam minggu enggak nyelesein buku panjang susah mesti rebut pinjem usul kerja libby biar baca buku ipusnas kindle terima kasih
ini kenapa pliss buku yang kupinjem hilang semua apa memang sistemnya bakal otomatis balikin buku yang kita pinjem setelah beberapa hari sedih banget sih jujur kalo memang sistemnya begitu seengaknya bisa kasih notifikasi kaya peringatan batas waktu peminjaman berakhir sampai kapan begitu sama bisa sih ini mulai di upgrade dari look dan membanyaki fiturnyaa bisa nambahin filter judul berdasarkan abjad filter berd rating atau yang paling banyak dipinjem dll semoga bisa jadi masukan dan perbaikan nih,negative,pliss buku kupinjem hilang sistem otomatis balikin buku pinjem sedih banget sih jujur kalo sistem seengaknya kasih notifikasi kaya ingat batas pinjam sih upgrade look banyak fiturnyaa nambahin filter judul dasar abjad filter berd rating dipinjem dll moga masuk baik nih
tiap kali dibuka file buku yang dipinjam langsung force close,positive,kali buka file buku pinjam langsung force close
salah satu masalah di aplikasi ini adalah fitur pencariannya beberapa kali saya mau cari judul buku yang saya inginkan malah keluar judul lain padahal saya ingat betul judulnya serta nama author yang tetulis dan sudah saya pastikan di kolom pencarian sangat spesifik untuk fitur pencariannya mohon di perbaiki supaya lebih mudah digunakan terima kasih,negative,salah aplikasi fitur cari kali cari judul buku judul judul nama author tetulis pasti kolom cari spesifik fitur cari mohon baik mudah terima kasih
sudah hari tidak bisa log inpadahal sudah dicoba di tiga device yang berbeda aplikasi juga tidak bisa dibuka,negative,tidak log inpadahal coba device beda aplikasi tidak buka
cant borrow books keeps getting errors,neutral,cant borrow books keeps getting errors
bukunya banyak yang populer tapi server nya minus banget jadi enggak bisa pinjem,positive,buku populer server nya minus banget enggak pinjem
ada masalah di bagian registrasi jadi aku enggak bisa baca deh mohon sistem nya diperbaiki pls,negative,registrasi enggak baca deh mohon sistem nya baik pls
sudah coba registrasi berkali soalnya mau cari referensi dari buku yang tersedia di ipusnas tapi registrasinya selalu gagal padahal sudah seharian menunggu tolongg ya ipusnass aku butuh banget ngett ngett,negative,coba registrasi kali cari referensi buku sedia ipusnas registrasi gagal hari tunggu tolongg ya ipusnass butuh banget ngett ngett
hello kok ini banyak bugnya ya sudah begitu ngelag banget lagi,positive,hello bugnya ya ngelag banget
setelah melakukan serangkaian percobaan untuk bisa login namun gagal akhirnya berhasil terima kasih untuk tetap berusaha melakukan pelayanan yang terbaik saya mengerti bahwa kepuasan pemustaka adalah tujuan utama sebuah perpustakaan semoga kedepannya semakin lebih baik lagi salam literasi,positive,rangkai coba login gagal hasil terima kasih usaha layan baik erti puas mustaka tuju utama pustaka moga depan salam literasi
emai belum terverifikasi penanganan nya bagaimana ya padahal sudah register dan login,positive,emai verifikasi tangan nya ya register login
difficult tapi regist,neutral,difficult regist
aplikasinya bagus buku yang disediakan juga stocknya sudah mulai banyak hanya saja saya rasa perlu ditambahkan opsi wishlist yang fungsinya tidak hanya untuk buku yang belum distock kembali melainkan juga untuk buku yang ingin dibaca tapi belum sempat dipinjam terima kasih,negative,aplikasi bagus buku sedia stocknya opsi wishlist fungsi tidak buku distock buku baca pinjam terima kasih
aku berterima kasih pada aplikasi ini karena sangat membantu untukku yang enggak bisa beli langsung buku fisiknya dan banyak copyan yang tersedia cuma kadang suka tibatiba eror dan itu menganggu banget tapi enggak masalah karena biasanya erornya enggak lama dan aku meminta tambahkan lagi buku yang lain ya min aku req the burning god karya rf khuang thank you adminn,positive,terima kasih aplikasi bantu untuk enggak beli langsung buku fisik copyan sedia kadang suka tibatiba eror menganggu banget enggak eror enggak tambah buku ya min req burning god karya rf khuang thank adminn
kadang suka ngelag ih kalo bukunya tinggal copy doang,positive,kadang suka ngelag ih kalo buku tinggal copy doang
kurangnya fitur bookmark,negative,kurang fitur bookmark
senang banget aplikasi ini bisa jadi alternatid kalo mencari buku heuheu tapi masih sering bug kak min,negative,senang banget aplikasi alternatid kalo cari buku heuheu bug kak min
good website for readersesp when we have a trip no need tapi bring physical book,positive,good website readersesp trip need bring physical book
tolong kualitasnya ditingkatkan minimal sama seperti aplikasi google playbook min dari tingkat kecerahan bookmark buku dll tolong ya min biar saya betah berlamax baca buku disini,positive,tolong kualitas tingkat minimal aplikasi google playbook min tingkat cerah bookmark buku dll tolong ya min biar betah berlamax baca buku
sudah pakai lama tapi baru kasih rating sekarangterima kasih sudah membuat saya bisa baca buku tanpa harus pergi ke toko buku,positive,pakai kasih rating sekarangterima kasih baca buku pergi toko buku
sangat membantu untuk orang orang yang minim budget yang ingin membaca tapi sayangnya saat membaca seringkali tiba tiba halamannya kembali ke halaman pertama entah kenapa sangat mengganggu dan merepotkan,negative,bantu orang orang minim budget baca sayang baca seringkali halaman halaman ganggu repot
app ini sebenarnya sangat membantu hanya saja banyak masalah dalam penggunaan app ini semoga pihak perpustakaan nasional dapat mengupgrade permasalahanpermasalahan mereka agar penggunanya makin banyak,positive,app bantu guna app moga pustaka nasional mengupgrade permasalahanpermasalahan guna
saya suka aplikasi ini namun tidak bisa meminjam error terhitung sejak kemarin siang saya harap segera diperbaiki,negative,suka aplikasi tidak pinjam error hitung kemarin siang harap baik
sudah bisa login terima kasih tapi pas mau cari judul buku malah enggak ada yang muncul aku tulis bahasa satupun enggak ada yang keluar mohon bantuannya,neutral,login terima kasih pas cari judul buku enggak muncul tulis bahasa satu enggak mohon bantu
yaelah dari bertahun tahun masih saja suka error enggak jelas mentangmentang gratis begitu kah enggak pernah ada major upgrade minor upgrade pun enggak berarti,positive,yaelah tahun suka error enggak mentangmentang gratis kah enggak major upgrade minor upgrade enggak
gampang eror ya saat waktuwaktu genting malah tidak bisa diandalkan,neutral,gampang eror ya waktuwaktu genting tidak andal
loading nya lama banget padahal sinyal aku bagus saja terus pas aku mau cari judul buku hasil pencariannya enggak keluar pas mau minjam buku juga enggak bisa unknown error terus sudah aku coba hapus sama install ulang tapi sama saja enggak berubah,negative,loading nya banget sinyal bagus pas cari judul buku hasil cari enggak pas minjam buku enggak unknown error coba hapus install ulang enggak ubah
kak admin kenapa sore ini saya enggak bisa pinjam buku ya padahal saya sudah update aplikasinya,neutral,kak admin sore enggak pinjam buku ya update aplikasi
thx bermanfaat sekali app nya,positive,thx manfaat app nya
suka banget terima kasih ipusnas sudah nyediain buku gratis makin banyak koleksinya tapi sedih banget kalo lagi baca bookmark suka menghilang kadang enggak bisa adjust teks dan masih sering banyak bug huhuuu semoga cepat bisa diperbaiki dan berkembang biar kalo baca makin nyaman harapanku semoga dengan berkembangnya ipusnas makin banyak orang indonesia yang suka baca buku terutama secara legal hihi,positive,suka banget terima kasih ipusnas nyediain buku gratis koleksi sedih banget kalo baca bookmark suka hilang kadang enggak adjust teks bug huhuuu moga cepat baik kembang biar kalo baca nyaman harap moga kembang ipusnas orang indonesia suka baca buku legal hihi
kenapa kalau scroll kategori buku berhenti di kategori komik tidak bisa lanjut scroll ke kategori setelah itu,negative,scroll kategori buku henti kategori komik tidak scroll kategori
terima kasih banyak ipusnas berkat aplikasi ini aku jadi bisa baca banyak bukubuku yang belum sempat kubeli,positive,terima kasih ipusnas berkat aplikasi baca bukubuku bel
buku bagusbagus copyannya banyak banget sampai ratusan dimanjakan sama ipusnas terima kasih ipusnas love you,positive,buku bagusbagus copyannya banget ratus manja ipusnas terima kasih ipusnas love
keren banget bikin hemat jajan bukunyaa semoga tetap improve ke depannyaa,positive,keren banget bikin hemat jajan bukunyaa moga improve depannyaa
semoga banyak novel bahasa inggris ataupun bahasa asing lainnya yang diunggah disini dan perlu dark modenight mode juga untuk lebih nyaman mata mebaca,negative,moga novel bahasa inggris bahasa asing unggah dark modenight mode nyaman mata mebaca
often crash the app will forced close with no clue at all sometimes i also cant login the app will stop at the first page hhh,negative,often crash app forced close clue sometimes also cant login app stop first page hhh
tolong tambahkan copy an bukunya dong aku mau baca buku tapi masih menunggu antrian dan antriannya itu lamaaaa banget harus menunggu ribu orang yang sudah mengantri duluan plis plis ya tolong banget tambahkan copyan nya,positive,tolong tambah copy buku baca buku tunggu antri antri lamaaaa banget tunggu ribu orang antri duluan plis plis ya tolong banget tambah copyan nya
bookmark nya enggak berfungsi koleksi nya masih kurang,positive,bookmark nya enggak fungsi koleksi nya
sudah pinjem buku pas mau dibaca eh malah enggak ada riwayat peminjaman,positive,pinjem buku pas baca eh enggak riwayat pinjam
saya suka dengan aplikasi ipusnas tapi belakangan ini saya tidak bisa membaca bukubuku yang saya pinjam sering sekali langsung keluar dari aplikasi dan pemberitahuan ipusnas closed because this app has a bug try updating this app after its developer provides a fix for this error apakah ada solusinya,negative,suka aplikasi ipusnas tidak baca bukubuku pinjam langsung aplikasi pemberitahuan ipusnas closed app bug try updating app developer provides fix error solusi
aplikasi perpustakaan tapi butuh permission access kamera microphone foto dll buat apa butuh akses sampai kesana,negative,aplikasi pustaka butuh permission access kamera microphone foto dll butuh akses kesana
why is itu running sok slow and come out on own,positive,running sok slow come
teks buku enggak bisa di tandain dengan kalau sudah baca sering enggak kesimpen progress nya,negative,teks buku enggak tandain baca enggak kesimpen progress nya
seharusnya ada fitur notifikasi untuk ketersediaan ebooknya,positive,fitur notifikasi sedia ebooknya
ok,positive,ok
lavv,neutral,lavv
notifikasi ketika buku sudah tersedia tidak muncul di layar ketika tidak membuka aplikasi hanya muncul di aplikasi saja sehingga perlu membuka aplikasi dulu untuk mengecek apakah buku sudah tersedia atau belum tombol bookmark juga tidak membantu karena seringkali hilang ketika membuka buku kembali setelah menutupnya,negative,notifikasi buku sedia tidak muncul layar tidak buka aplikasi muncul aplikasi buka aplikasi ecek buku sedia tombol bookmark tidak bantu seringkali hilang buka buku tutup
bagus padahal banyak pengetahuan yang disajikan tapi untuk sekelas aplikasiweb pemerintahan sangat disayangkan tidak user friendly karena enggak ada fitur scrolling page nya semoga ditingkatin lagi ya khusus buat orang itu nya,positive,bagus tahu saji kelas aplikasiweb perintah sayang tidak user friendly enggak fitur scrolling page nya moga ditingkatin ya khusus orang nya
this app need easy flip page just suggest memakai this app can use volume button tapi flip tapi next page orang side touch tapi flip coz this app not use any function from volume key and the side touch made the page appear different thx keep spirit dev,positive,app need easy flip page suggest pakai app use volume button flip next page orang side touch flip coz app use function volume key side touch made page appear different thx keep spirit dev
enggak enak di mata variasi layar pas baca cuma item sama putih enggak ada variasi untuk penanda kalimat setiap keluar apps terus baca lagi halaman jadi balik ke awal itu buruk menurutku aplikasi macam readera bahkan lebih baik dari segi fitur dan tata letak di mata semoga apps perpustakaan digital bisa lebih baik kedepannya,negative,enggak enak mata variasi layar pas baca item putih enggak variasi tanda kalimat apps baca halaman buruk turut aplikasi readera segi fitur tata letak mata moga apps pustaka digital depan
sangat membantu dalam memupuk kembali minat baca saya tetapi sayang sekali ada bug yang membuat bookmark saya hilang setiap kali aplikasi ditutup jadi harus mengingatingat sampai mana bacaan saya menjengkelkan,negative,bantu pupuk minat baca sayang bug bookmark hilang kali aplikasi tutup mengingatingat baca jengkel
enggak semua judul bisa dicari online buku ada tapi nya bisa di find kadang nemu pas lihat,positive,enggak judul cari online buku nya find kadang nemu pas lihat
tolong ya buat desain grafisnya pas mencet tengah tuh halamannya tolong gaperlu diperkecil begitu mengerti enggak suka balik lagi ke halaman awal ngerepotin genre nya tolong lebih spesifik dong terutama fiksi kan bisa di bagi lagi biar mencari bukunya enggak susah tambahkan menu bookmark karena kadang kita belum mau memasuki ke library saat itu juga sudah hilang minat duluan karena menunggu ada stock yang pertama mohon banget buat diperbaiki karena sangat amat mengganggu buat referensi bisa lihat app readera deh,positive,tolong ya desain grafis pas mencet tuh halaman tolong gaperlu kecil erti enggak suka halaman ngerepotin genre nya tolong spesifik fiksi biar cari buku enggak susah tambah menu bookmark kadang pasuk library hilang minat duluan tunggu stock mohon banget baik ganggu referensi lihat app readera deh
aplikasinya sangat bagus namun sayang cukup banyak judul buku yang saya cari pada aplikasi ini masih belum ditemukan terutama buku pengetahuan saya harap buku pengetahuan yang terdapat pada aplikasi ini semakin lama semakin banyak,negative,aplikasi bagus sayang judul buku cari aplikasi temu buku tahu harap buku tahu aplikasi
aplikasi yang sebenarnya sangat bagus hanya saja akhir ini selalu crash sehingga tidak bisa dibuka mohon segera diupdate setelah diberi jawaban ternyata aplikasi masih bermasalah yaitu saat mencoba membuka buku yang dipinjam aplikasi langsung close aplikasi sudah menggunakan versi paling update,negative,aplikasi bagus crash tidak buka mohon diupdate aplikasi masalah coba buka buku pinjam aplikasi langsung close aplikasi versi update
saya setiap kali buka buku selalu meminta direset,neutral,kali buka buku direset
sok far cukup oke aplikasinya perlu ditingkatkan kinerjanya kecepatan akses dan koleksi saran untuk login username dibuat single login dengan akun perpusnas biar lebih terintegrasi terus ada fitur share yang kalau ke ig story nampilin cover buku diklik bisa menuju ke aplikasi biar seperti netflix spotify agar makin banyak yang tahu dan pakai apps ini,positive,sok far oke aplikasi tingkat kerja cepat akses koleksi saran login username single login akun perpusnas biar integrasi fitur share ig story nampilin cover buku klik aplikasi biar netflix spotify pakai apps
i just borrowed a book and downloaded itu but when i click the read button itu back tapi first page and i cant read the book the book called alpha one by cynthia eden is this a bug if yes please fix this thank you,positive,borrowed book downloaded click read button back first page cant read book book called alpha one cynthia eden bug yes please fix thank
login dengan username pas seperti sebelum nya gagal terus pilih alternatif lupa password enggak ada yang masuk email yang sudah didaftarkan what should i di,negative,login username pas nya gagal pilih alternatif lupa password enggak masuk email daftar
permisi error mulu sedari hari yang lalu itu bagaimana ya,neutral,permisi error mulu dar ya
enggak bisa login,neutral,enggak login
one thing that frustrate me the most is the bookmark i marked a page this morning and exited the app because itu took forever this afternoon i cant find my bookpage sok i tried tapi marked the page again but itu wont load please firx this problem thank you the book is fanteen shadow,positive,one thing frustrate bookmark marked page morning exited app took forever afternoon cant find bookpage sok tried marked page wont load please firx problem thank book fanteen shadow
mari mulai membaca buku langkah pertama bintang dulu akan diupdate secara berkala thankyou,positive,mari baca buku langkah bintang diupdate kala thankyou
hi i used tapi be able tapi open books ive saved but not this time would you help me out with this issue,neutral,hi used able open books ive saved time would help issue
sudah tidak bisa login pakai facebook lagi ya plis jawab min ya allah sedih banget,positive,tidak login pakai facebook ya plis min ya allah sedih banget
setelah update terakhir tiap mau baca buku jadi enggak bisa sebelum update baik saja padahal,positive,update baca buku enggak update
tampilan terbaru yang sekarang rasanya kurang nyaman tiap sentuh layar tibatiba mode bacanya berubah yang awalnya scroll jadi slide dan sebaliknya enggak bisa netap di satu mode baca,positive,tampil baru nyaman sentuh layar tibatiba mode baca ubah scroll slide enggak netap mode baca
seriously aku deh sabar banget selama tiga hari ini tapi ipusnas masih belum bisa digunakan enggak bisa loading stuck di antrian seminggu yang lalu berarti memang deh trouble sejak hari minggu aku uninstall terus install lagi malah enggak bisa masuk,positive,seriously deh sabar banget ipusnas enggak loading stuck antri minggu deh trouble minggu uninstall install enggak masuk
saya tidak bisa buka buku yang telah dipinjam malah aplikasinya tutup begitu saja ini sudah seminggu dan saya tidak tahu bagian mana yang salah sudah saya restart sudah saya coba login dan logout beberapa kali tapi masih sama jadi tolong diperbaiki terima kasih,negative,tidak buka buku pinjam aplikasi tutup minggu tidak salah restart coba login logout kali tolong baik terima kasih
hi informing that after i updated the app there is no bugs fixed setelah saya memperbarui aplikasinya tidak ada masalah yang diperbaiki saya sudah meminjam buku puisi dari joko pinurbo yang berjudul malam ini aku tidur di matamu ketika saya mencoba membuka bukunya saya selalu kembali ke halaman utama ponsel saya tolong aplikasinya diperbaiki,negative,hi informing updated app bugs fixed baru aplikasi tidak baik pinjam buku puisi joko pinurbo judul malam tidur mata coba buka buku halaman utama ponsel tolong aplikasi baik
aplikasi sampah sudah digital masih antri kayak perpus manual padahal di luar sana pdf gratis juga banyak tinggal download,negative,aplikasi sampah digital antri kayak pus manual pdf gratis tinggal download
semonga alokasi anggaran untuk buku digital melalui epespus makin diperbanyak sehingga koleksi buku stoknya makin banyak juga karena epespus bisa dimanfaatkan seluruh rakyat indonesia dimanapun dia berapa merdeka btw bookmark ya dibenerin dong dan baiknya bisa sinkron antar device jadi pindah dari smartphone ke tablet jadi makin mudah,positive,semonga alokasi anggar buku digital epespus banyak koleksi buku stok epespus manfaat rakyat indonesia mana merdeka bookmark ya dibenerin baik sinkron device pindah smartphone tablet mudah
i love this app how i can read the books i wanted but cant afford atm for free but the problem im getting these days is confusingfirst the app doesnt work properly when i want tapi open the app its loading ini a few seconds and then the app suddenly closed i didnt click anything its just happened out of nowhere i reinstalled the app and then i cant log back ini tapi my account i tried sok many times but itu says network timeout and i clicked forgot password but they dont email me yet,negative,love app read books wanted cant afford atm free problem im getting days confusingfirst app doesnt work properly want open app loading seconds app suddenly closed didnt click anything happened nowhere reinstalled app cant log back account tried sok many times says network timeout clicked forgot password dont email yet
mau register kok gagal terus,negative,register gagal
padahal aku itu suka banget loh sama ini apk tapi kenapa ya sekarang kalau mau buka ipusnas enggak bisa langsung kembali ke layar menu ini kenapa ya tolong perbaiki ya,positive,suka banget apk ya buka ipusnas enggak langsung layar menu ya tolong baik ya
kenapa force closed terus ya padahal internet lancar sudah diupdate juga edit mencoba buat uninstall lalu install lagi malah enggak bisa log ini padahal internet juga lancar,positive,force closed ya internet lancar diupdate edit coba uninstall install enggak log internet lancar
kategorisasi pada kolom pencariannya lebih mirip toko buku daring grmedia yang menyulitkan pencarian tidak semua buku muncul pula ketika kata kunci ditulis sebagai aplikasi resmi dari perpustakaan nasional yang dibiayai uang rakyat kalian seharusnya membuat kategorisasi sesuai standar perpustakaan dewey dll karena hal itulah yang diajarkan di seluruh jurusan ilmu perpustakaan,positive,kategorisasi kolom cari toko buku daring grmedia sulit cari tidak buku muncul kunci tulis aplikasi resmi pustaka nasional biaya uang rakyat kategorisasi sesuai standar pustaka dewey dll ajar jurus ilmu pustaka
sekarang ipusnas sering banget eror masalah buku yang dipinjam enggak bisa dibaca dan malah ngeclose sendiri belum teratasi eh sekarang malah baru juga mau buka aplikasinya enggak lama ngeclose sendiri mohon lekas diatasi karena mengganggu banget terima kasih,negative,ipusnas banget eror buku pinjam enggak baca ngeclose atas eh buka aplikasi enggak ngeclose mohon lekas atas ganggu banget terima kasih
saya senang dengan ipusnas beberapa buku referensi bisa saya temukan cuma saat update ke versi baru aplikasi tidak mau terbuka selalu close terus mohon diperbaiki segera supaya saya bisa melanjutkan tulisan saya,negative,senang ipusnas buku referensi temu update versi aplikasi tidak buka close mohon baik lanjut tulis
setelah update ke versi aplikasi malah tidak bisa digunakan proses unduh buku berjalan dengan baik tetapi saat akan membaca buku aplikasi selalu force close akhirnya balik ke versi yang malah berjalan lancar tanpa kendala asus zenfone android,negative,update versi aplikasi tidak proses unduh buku jalan baca buku aplikasi force close versi jalan lancar kendala asus zenfone android
setelah di update ke versi baru aplikasi ngebug dan tidak bisa digunakan untuk membaca mohon di upgrade lagi ke versi yang lebih baik agar tidak ada bug,negative,update versi aplikasi ngebug tidak baca mohon upgrade versi tidak bug
saat mau membaca buku yang telah saya pinjam aplikasi selalu force close,negative,baca buku pinjam aplikasi force close
enggak bisa baca keclose terus padahal sudah download,positive,enggak baca keclose download
ada dark mode pls,negative,dark mode pls
halo aku sangat senang ketika perpusnas ada dalam genggaman aku bisa mengeksplor begitu banyak ragam buku di layar hp tapi membaca menjadi sedikit tidk menyenangkan ketika bookmark yang sudah ditandai hilang halaman begitu sensitif dengan kali sentuhan sehingga berubah ke halaman pertama lagi padahal sudah di pertengahan buku agak menyebalkan pengaturan blok kalimat yang baru hilang setelah kali ketuk sekali ketuk cukup semoga ada perbaikan demi kenyamanan membaca lebih baik terima kasih,positive,halo senang perpusnas genggam mengeksplor ragam buku layar hp baca tidk senang bookmark tanda hilang halaman sensitif kali sentuh ubah halaman tengah buku sebal atur blok kalimat hilang kali ketuk ketuk moga baik nyaman baca terima kasih
terimakasih pemerintah yang sudah menyediakan pelayanan via aplikasi ipusnas sangat membantu rakyat jelata seperti saya,negative,terimakasih perintah sedia layan via aplikasi ipusnas bantu rakyat jelata
sangat bermanfaat karena bisa baca berbagai buku bagus,positive,manfaat baca buku bagus
its not working blank space only _,neutral,working blank space 
halo admin salam sejahtera untuk aplikasi sudah semakin baik ya tapi saya ingin menginformasikan kalau ipusnas desktop yang saya install di laptop beberapa kali close sendiri saya meminta tolong untuk di follow up ke pihak terkait ya,positive,halo admin salam sejahtera aplikasi ya informasi ipusnas desktop install laptop kali close tolong follow kait ya
just installed this app ini my new phone and this app continues tapi force close the only book i can read just strawberry generation and all the novels i borrowed like kesetiaan mrx will grayson tingka cant be read i really upset its really hard tapi borrow the queue is crazy that book and when i borrowed itu i just cant read itu,negative,installed app new phone app continues force close book read strawberry generation novels borrowed like setia mrx grayson tingka cant read really upset really hard borrow queue crazy book borrowed cant read
untuk aplikasinya sudah bagus mungkin kedepannya bisa bekerjasama dengan percetakan lain atau dengan penulis dalam negeri,negative,aplikasi bagus depan bekerjasama cetak tulis negeri
sangat membantu untuk orang yang kesulitan mencari buku atau membeli buku meskipun di buku tertentu menunggunya sangat lama tapi terkadang ada penambahan jumlah buku yang bisa dipinjam,neutral,bantu orang sulit cari buku beli buku buku tunggu terkadang tambah buku pinjam
sering eror,negative,eror
aplikasinya bagus cukup lengkap koleksi bukunya hanya saja ketika saya buka aplikasi pada komputer sering close program sendiri,negative,aplikasi bagus lengkap koleksi buku buka aplikasi komputer close program
enggak ada history buku yang sudah dibaca terus pas searching judul buku yang sudah dibaca dan mau dibaca lagi malah enggak ada,positive,enggak history buku baca pas searching judul buku baca baca enggak
kenapa tidak ada staupun buku yang bisa dipinjam ya,negative,tidak staupun buku pinjam ya
aplikasinya cuman ada gambar kartun orang dan hastag mencerdaskan bangsa edit sudah bisa di pakai tapi memang loadingnya lama,negative,aplikasi cuman gambar kartun orang hastag cerdas bangsa edit pakai loadingnya
sering bermasalah pas mau pinjem sering bad request proses memuat apknya juga lama banget,negative,masalah pas pinjem bad request proses muat apknya banget
koleksi bukunya banyak tapi sering error,negative,koleksi buku error
kenapa jadi susah ngembaliin buku selalu ada status invalid padahal aplikasi sudah saya update dan biasanya tidak seperti ini whats wrong with this app,negative,susah ngembaliin buku status invalid aplikasi update tidak whats wrong app
aplikasinya bagus banget bisa pinjam berbagai macam judul buku tapi masih ada yang harus diperbaiki enggak bisa chat pengguna lain inbox muncul tulisan metacodeerror_messagetidak valid sudah dicoba pakai hp lain dan akun lain tapi masih sama enggak bisa return buku muncul tulisan failed is invalid dan pilihan close bookmark hilang enggak bisa balas komentar pengguna lain muncul tulisan failed not been sent sekian tolong segera diperbaiki terimakasih banyak,negative,aplikasi bagus banget pinjam judul buku baik enggak chat guna inbox muncul tulis metacodeerror messagetidak valid coba pakai hp akun enggak return buku muncul tulis failed invalid pilih close bookmark hilang enggak balas komentar guna muncul tulis failed sent sekian tolong baik terimakasih
tanda bookmark pada buku hilang terpaksa pakai highlighter buat penanda buku dan tanda highlighernya juga semoga bisa dihapus min kalau seumpama kita salah highlight,negative,tanda bookmark buku hilang paksa pakai highlighter tanda buku tanda highlighernya moga hapus min umpama salah highlight
masih bisa diskrinsut appnya kasihan yang menulis buku,positive,diskrinsut appnya kasihan tulis buku
kok mendadak enggak bisa return buku padahal dulu hari ini dan mau memperpanjang peminjaman,positive,dadak enggak return buku panjang pinjam
since updating there are lots of errors,neutral,since updating lots errors
plissss dong ipusnas tolong notifikasinya bisa kelihatan di hp tanpa harus buka aplikasi nya sebel banget tiap buka aplikasinya selalu saja ada notif yang beberapa jam lalu buku di wishlist sudah tersedia alhasil aku enggak bisa mnjem karena sudah dipinjem orang lain dan menunggu lama lagi,negative,plissss ipusnas tolong notifikasi hp buka aplikasi nya sebel banget buka aplikasi notif jam buku wishlist sedia alhasil enggak mnjem dipinjem orang tunggu
penanda halamannya tidak muncul hilang ketika aplikasi kita close jadi ribet lagi mencari mencari sudah sampai mana bacaan kita,negative,tanda halaman tidak muncul hilang aplikasi close ribet cari cari baca
bukunya bagus tapi sayang dilimit buku per hari padahal halamannya memang sedikit,negative,buku bagus sayang limit buku halaman
hai ipusnas saya sangat terbantu dengan adanya aplikasi ini tolong lengkapi bukubukunya ya khususnya novel dark series di balik sosok gelap karya lexie xu nanggung banget dark series lainnya sudah ada tinggal yang keempat itu tolong banget ya terima kasih,positive,hai ipusnas bantu aplikasi tolong lengkap bukubukunya ya novel dark series sosok gelap karya lexie xu nanggung banget dark series tinggal empat tolong banget ya terima kasih
kecewa siang tadi saya mau pinjam buku buat pekerjaan dan harus register padahal sudah masuk akun alhasil saya logout sesuai prediksi usai log out karena lupa password susah lagi buat log ini tahun kemarin saya sudah tulis ulasan perihal kendala log ini ipusnas dan email dari admin ipusnas perihal link ganti password yang selalu enggak valid saya sudah coba link ganti password kali per siang ini dan enggak ada yang ok saya penasaran bisakah literasi indonesia naik dengan fasilitas yang kayak begini,negative,kecewa siang pinjam buku kerja register masuk akun alhasil logout sesuai prediksi log lupa password susah log kemarin tulis ulas perihal kendala log ipusnas email admin ipusnas perihal link ganti password enggak valid coba link ganti password kali siang enggak ok penasaran literasi indonesia fasilitas kayak
when read ini dark mode the screen would blinked everytime i touched the screen tapi move between pages quite annoying and ruin reading concentration this is not happening ini light mode sok clearly the dark mode is broken please fix this,negative,read dark mode screen would blinked everytime touched screen move pages quite annoying ruin reading concentration happening light mode sok clearly dark mode broken please fix
fitur penanda lamannya belum bisa nih,negative,fitur tanda laman nih
force close saat ingin membaca pada peminjaman awal mau scroll buku tapi ke detect seleksi teks bingung bagaimana solusinya ternyata tekan back semakin kesini semakin membingungkan aplikasinya mau baca susah tolong dikasih petunjuk dulu kalau ada fitur baru,negative,force close baca pinjam scroll buku detect seleksi teks bingung solusi tekan back kesini bingung aplikasi baca susah tolong kasih tunjuk fitur
buruk,negative,buruk
saran saya untuk bagian history peminjaman buku ada baiknya diberi opsi publik atau privat saya sendiri merasa tidak perlu memperlihatkan kepada publik bukubuku yang akun saya telah pinjam,negative,saran history pinjam buku baik opsi publik privat tidak publik bukubuku akun pinjam
membantu banget solusi baca buku hemat mudah diakses koleksi juga terus bertambah tinggal terus perbaiki bug saja,positive,bantu banget solusi baca buku hemat mudah akses koleksi tambah tinggal baik bug
saya suka terima kasih sudah membuat aplikasi semacam ini saya tipikal orang yang suka membaca buku tapi tidak mau menghabiskan uang saya tapi saya punya kendala seperti terkadang saya tidak bisa mendowload buku yang sudah saya pinjam,negative,suka terima kasih aplikasi tipikal orang suka baca buku tidak habis uang kendala terkadang tidak mendowload buku pinjam
kurang memuaskan tampilan ngebosenin antrean terlalu panjang terus seringkali halaman yang sudah saya bookmark hilang ini jadi menyulitkan saya untuk melanjutkan bacaan tolong diperbaiki lagi soalnya aplikasi ini sarana yang sangat bagus untuk membaca dengan legal,neutral,muas tampil ngebosenin antre seringkali halaman bookmark hilang sulit lanjut baca tolong baik aplikasi sarana bagus baca legal
kenapa saat ini fitur bookmark hanya berfungsi ketika kita tidak menutup aplikasi ketika aplikasi tertutup bookmarknya hilang semua,negative,fitur bookmark fungsi tidak tutup aplikasi aplikasi tutup bookmarknya hilang
bisakah dikembangkan aplikasinya sehingga bisa langsung terbuka halaman terakhir yang sedang dibaca,positive,kembang aplikasi langsung buka halaman baca
app biasa saja desain terlalu sederhana dan kalo aplikasi enggak dibuka enggak akan tau ada notif buku kurang lengkap banyak author baru yang karyanya bagusbagus belum ada koleksi bukunya oh iya dan enggak bisa memasuki buku ke wishlist yang ingin dibaca kalo ngantre buku baru secara otomatis masuk ke wishlist harusnya dipisah antara wishlist dan daftar antrean,negative,app desain sederhana kalo aplikasi enggak buka enggak tau notif buku lengkap author karya bagusbagus koleksi buku oh iya enggak pasuk buku wishlist baca kalo ngantre buku otomatis masuk wishlist pisah wishlist daftar antre
sering error sisanya baikbaik saja,negative,error sisa baikbaik
lengkap,negative,lengkap
terima kasih sudah memudahkan rakyat untuk membaca di era digital ini respec dengan semua elemen yang terlibat membuat aplikasi ini,positive,terima kasih mudah rakyat baca era digital respec elemen libat aplikasi
sayang banget padahal aplikasinya gampang diakses tapi terlalu sering error entah aplikasinya enggak bisa dibuka buku pinjaman enggak termuat dan makan waktu lama untuk log ini setiap ada notifikasi pinjaman buku juga aplikasinya sering crash tolong diperbaiki ya halhal ini rasanya penting untuk kenyamanan dan pengalaman pengguna,negative,sayang banget aplikasi gampang akses error aplikasi enggak buka buku pinjam enggak muat makan log notifikasi pinjam buku aplikasi crash tolong baik ya halhal nyaman alam guna
semoga bug di aplikasinya bisa segera diperbaiki karena benarbenar membuat tidak nyaman karena aplikasi selalu freeze atau tibatiba close sendiri,negative,moga bug aplikasi baik benarbenar tidak nyaman aplikasi freeze tibatiba close
masih banyak bug ada beberapa ebook yang enggak bisa di buka seperti ebook karya jostein gaarder,positive,bug ebook enggak buka ebook karya jostein gaarder
theres one situation when i had just bookmarked some pages and then the day after that i couldnt find those bookmarks on the book i had been reading even ini online mode its kind of frustrating since im not really good at remembering something sok ini order tapi know the last page ive read i have tapi scroll and pay attention tapi every sentence tapi memakai sure that i didnt miss the pages i meant tapi read the book i mean is breaking point i hope this problem can be solved soon,negative,theres one situation bookmarked pages day couldnt find bookmarks book reading even online mode kind frustrating since im really good remembering something sok order know last page ive read scroll pay attention every sentence pakai sure didnt miss pages meant read book mean breaking point hope problem solved soon
cannot open itu,negative,open
tolong setidaknya bagian dm ada notifikasinya,positive,tolong dm notifikasi
format baca yang baru kurang nyaman tiap menyentuh layar untuk scroll justru muncul highlighter versi desktop juga eror tidak bisa terbuka bukunya,negative,format baca nyaman sentuh layar scroll muncul highlighter versi desktop eror tidak buka buku
force close terus knapa ya eror kah dari ipusnas nya,negative,force close knapa ya eror kah ipusnas nya
kids mode perlu untuk klasifikasi bacaan sesuai umur,positive,kids mode klasifikasi baca sesuai umur
di aku aplikasi nya jadul banget bukunya padahal aku pakai android aku mencari buku bagus kayak psychology of money kim jiyeong enggak ada tapi di teman aku bisa mencari buku begitu mau update pun enggak ada yang harus di update aplikasi nya,negative,aplikasi nya jadul banget buku pakai android cari buku bagus kayak psychology money kim jiyeong enggak teman cari buku update enggak update aplikasi nya
buku yang sebelumnya dibaca tidak bisa kebuka setelah update t_t sumpah bagusan versi lama,negative,buku baca tidak buka update t t sumpah bagus versi
i cant login this app help me pls,negative,cant login app help pls
astaga bukunya masih pada antri kenapa mau minjam harus ada sistem antri ya ini enggak friendly untuk semua kalangan sih jadinya sekali lihat waiting list hampir an lebih orang,positive,astaga buku antri minjam sistem antri ya enggak friendly kalang sih lihat waiting list orang
baru saja update tapi fitur bookmark atau semacam toread masih belum ada juga ya wadaw repot sekali kalau mau nandain buku yang mau dibaca,positive,update fitur bookmark toread ya wadaw repot nandain buku baca
di beberapa buku yang enggak bisa diubah ukuran huruf latar warna dll agak usah baca bukunya kendala baca hp di buku kalau dulu bisa di rotate sekarang malah ke lock dan enggak bisa diapaapakan sama sekali apalagi kalau tulisannya kecilkecil ampun deh lebih suka versi yang dulu kalau buka halaman misal balik lagi ke halaman mesti bolakbalik fitur simpan halamannya ada yang bisa ada yang enggak bisa semoga ada perbaikan ya karena membantu banget kalau baca buku online,positive,buku enggak ubah ukur huruf latar warna dll baca buku kendala baca hp buku rotate lock enggak diapaapakan tulis kecilkecil ampun deh suka versi buka halaman halaman mesti bolakbalik fitur simpan halaman enggak moga baik ya bantu banget baca buku online
overall aplikasi yang bagus buat literasi ada baaaanyak banget pilihan buku tapi kadang ada beberapa buku yang enggak bisa dibaca saat dibuka malah forced closed padahal sudah antre lama buat baca masukan mode bacanya bisa diseragamkan kadang ada buku yang bisa disesuaikan fontnya kadang ada yang hanya bisa zoomin zoomout halamannya lalu mungkin jika bisa dibaca secara landscape lebih mantap terima kasih judul buku yang saya maksud di atas ksatria putri dan bintang jatuh dek lestari,positive,overall aplikasi bagus literasi baaaanyak banget pilih buku kadang buku enggak baca buka forced closed antre baca masuk mode baca seragam kadang buku sesuai fontnya kadang zoomin zoomout halaman baca landscape mantap terima kasih judul buku maksud ksatria putri bintang jatuh dek lestari
sering ngelag apknya,neutral,ngelag apknya
ipusnas sama ijak sepertinya developer tapi kenapa yang di ijak sudah versi kali yang ini masih kali padahal diversi yang ijak sudah ada fitur donasi dan membuat library sendiri dimana bisa menambah jumlah ketersediaan buku karena ada peran user untuk donasi masak perpisahan nasional kalah sama perpustakaan daerah padahal vendor developer nya sama,positive,ipusnas ijak developer ijak versi kali kali versi ijak fitur donasi library mana tambah sedia buku peran user donasi masak pisah nasional kalah pustaka daerah vendor developer nya
min boleh diupdate bukubuku bumi series by tere liye,neutral,min diupdate bukubuku bumi series tere liye
tolong kasih fitur rotate lagi dong gaenak banget nih baca bukunya potrait jadi pegel jarinya,negative,tolong kasih fitur rotate gaenak banget nih baca buku potrait gel jari
koleksinya bagus bugnya banyak,negative,koleksi bagus bugnya
suka banget nemu aplikasi ini pengin punya akses buku yang murah enggak terlalu menghabiskan memori hp overall great cuman ini kenapa status pembaca enggak berubah ya dari newbie ke status berikutnya dari syarat yang terdeteksi baru padahal syarat ke total bacaan minim sudah terpenuhi stuck terus di pengguna newbie lalu aku belum nemu banyak buku pengetahuan yang dari luarnegeri misal buku sekolah atau pengembangan diri semoga ditambah lagi koleksinya ya min sukses selalu,positive,suka banget nemu aplikasi pengin akses buku murah enggak habis memori hp overall great cuman status baca enggak ubah ya newbie status syarat deteksi syarat total baca minim penuh stuck guna newbie nemu buku tahu luarnegeri buku sekolah kembang moga tambah koleksi ya min sukses
koleksi bukunya kurang lengkap huhuu,negative,koleksi buku lengkap huhuu
bagus koleksi buku memadai tapi penggunaan app kurang praktis pas slide halaman rawan salah pencet,negative,bagus koleksi buku pada guna app praktis pas slide halaman rawan salah pencet
good app,positive,good app
suka banget baca di sini tapi akhir ini beberapa buku yang sudah diunduh malah enggak bisa dibaca karena app nutup sendiri terus,positive,suka banget baca buku unduh enggak baca app nutup
tolong diperbaiki agar aplikasi ini bisa di rotasi karena bagi saya kurang nyaman kalau baca dalam posisi portrait,positive,tolong baik aplikasi rotasi nyaman baca posisi portrait
enggak berhasil pinjam buku tapi status jumlah bukunya jadi berkurang itu bagaimana ya update hari ini sudah berfungsi normal terima kasih menyenangkan bisa baca buku online update lagi error lagiiiii,positive,enggak hasil pinjam buku status buku kurang ya update fungsi normal terima kasih senang baca buku online update error lagiiiii
cant download only borrow and then stuck,neutral,cant download borrow stuck
gagal forgot password enggak bisa login enggak ada alert atau error pemberitahuan paswordnya salah atau apa aman enggak ada kendala internet heran tapi di ios aman,negative,gagal forgot password enggak login enggak alert error pemberitahuan paswordnya salah aman enggak kendala internet heran ios aman
update aplikasi sudah semakin bagus cuma kurangnya setiap menutup buku bookmarknya yang sudah diberi jadi hilang jadi tidak ada bookmarknya lagi bisa diupgrade untuk ini ya min supaya tidak hilang bookmarknya tiap menutup buku,negative,update aplikasi bagus kurang tutup buku bookmarknya hilang tidak bookmarknya diupgrade ya min tidak hilang bookmarknya tutup buku
tolong kak fitur rotasi nya kembalikan kembali cukup berguna bagi para pembaca hp layar kecil,positive,tolong kak fitur rotasi nya kembali guna baca hp layar
tolong dibenahi di bugnya saya tidak bisa mengakses buku bacaan terima kasih,positive,tolong benah bugnya tidak akses buku baca terima kasih
baru saja senang dapat update ternyata masih ada bugs penanda laman malah tidak berfungsi bagaimana caranya mau lanjutkan membaca ebook kalau setiap keluar app tanda bookmark halamannya hilang sama sekali memangnya bisa kita tempel stiker warna warni post itu kayak di buku fisik,negative,senang update bugs tanda laman tidak fungsi lanjut baca ebook app tanda bookmark halaman hilang memang tempel stiker warna warni post kayak buku fisik
bookmarkpenanda laman hilang saat aplikasi ditutup jadi bingung tanda terakhir bacanya dimana ui dan ux masih lebih bagus versi yang lama sederhana tapi lancar,negative,bookmarkpenanda laman hilang aplikasi tutup bingung tanda baca mana ui ux bagus versi sederhana lancar
koleksi krg lengkap sangat susah mendapatkan dan mengantre buku best seller tolong tambahkan koleksi ebook rich dad poor dad robert t kiyosaki,negative,koleksi krg lengkap susah antre buku best seller tolong tambah koleksi ebook rich dad poor dad robert kiyosaki
sebelum update yang terakhir ini lancar dan nagus tapi sekarang tidak bisa sownload buku yang dipinjam jasinya tidak bisa dibaca edit sudah lancar semua terimakasih,positive,update lancar nagus tidak sownload buku pinjam jas tidak baca edit lancar terimakasih
kalo memang pihak perpustakaan nasional memiliki perhatian khusus pada peningkatan minat literasi generasi bangsa seharusnya pihak perpustakaan nasional menyediakan aplikasi yang minim bug eror dan disfungsi sistem aplikasi,negative,kalo pustaka nasional milik perhati khusus tingkat minat literasi generasi bangsa pustaka nasional sedia aplikasi minim bug eror disfungsi sistem aplikasi
tolong kembalikan fungsi landscapeportrait karena enggak semua orang matanya enak dipakai baca tulisan kecilkecil di mode portrait thanks,positive,tolong kembali fungsi landscapeportrait enggak orang mata enak pakai baca tulis kecilkecil mode portrait thanks
nah begitu dong gercep,neutral,gercep
dari hari yl kenapa jadi enggak bisa pinjam dan baca buku ya setiap klik pinjam dan confirm yes selalu dapat pesan error bad request ada apakah,negative,yl enggak pinjam baca buku ya klik pinjam confirm yes pesan error bad request
kenapa enggak bisa download buku yang sudah dipinjam sih sudah tanya di email juga enggak dibalas,negative,enggak download buku pinjam sih email enggak balas
apresiasi saya untuk para developer dan pustakawan dibalik aplikasi ipusnas aplikasi ini memudahkan masyarakat untuk membaca dan meningkatkan literasi walaupun sudah termasuk cukup bagus kualitas aplikasi ipusnas masih perlu ditingkatkan terutama untuk bagian login yang sering error dan kadang buku mengalami bad request saat dipinjam tidak dapat diunduhsama sekali tidak dapat dipinjam padahal stok buku masih ada saya harap akan ada fitur bookmark untuk list buku yang akan dibaca user,negative,apresiasi developer pustakawan balik aplikasi ipusnas aplikasi mudah masyarakat baca tingkat literasi bagus kualitas aplikasi ipusnas tingkat login error kadang buku alami bad request pinjam tidak diunduhsama tidak pinjam stok buku harap fitur bookmark list buku baca user
apakah saat ini app sedang error karena sudah coba berkali kali borrow books tidak bisa meskipun sudah uninstall install berulang kali,negative,app error coba kali kali borrow books tidak uninstall install ulang kali
saya sudah reinstall tapi tetap tidak bisa mendownloadunduh buku yang sudah saya pinjam mohon dibantu,negative,reinstall tidak mendownloadunduh buku pinjam mohon bantu
kenapa bukubukunya enggak bisa dipinjam ya beberapa hari yang lalu malah enggak bisa masuk ke akun,positive,bukubukunya enggak pinjam ya enggak masuk akun
overall bagus bisa pinjam buku tanpa harus ribet tapi mungkin bisa ditambahin halaman buku agar pembaca enggak bingung koleksi bukunya juga kurang lengkap terutama bukubuku bahasa sastra,negative,overall bagus pinjam buku ribet ditambahin halaman buku baca enggak bingung koleksi buku lengkap bukubuku bahasa sastra
banyak bug banyak buku yang tersedia tapi tidak bisa dipinjam keterangannya bad request,negative,bug buku sedia tidak pinjam terang bad request
kenapa kok bad request bad request terus ini kalo mau pinjam buku,negative,bad request bad request kalo pinjam buku
aku suka banget baca disini karena mempermudah aku buat meningkatkan minat baca diriku sendiri cuma sayang barubaru ini aku mau pinjam buku tapi enggak bisa padahal stoknya masih banyaaak keluar statement bad request apakah app sedang dalam maintenance sangat disayangkan soalnya keburu stoknya habis,positive,suka banget baca mudah tingkat minat baca diri sayang barubaru pinjam buku enggak stok banyaaak statement bad request app maintenance sayang keburu stok habis
telkomsel kok enggak bisa masuk sih di aplikasinya,negative,telkomsel enggak masuk sih aplikasi
sebenarnya bagus tapi sering ada bug sehingga peminjaman buku menjadi sulit hasil pencarian buku dengan kata tertentu juga tergolong sedikit padahal saya yakin buku yang ada dengan kata yang serupa banyak mohonlah diperbaiki app nya,neutral,bagus bug pinjam buku sulit hasil cari buku golong buku mohon baik app nya
setiap kali pinjam buku pesannya selalu failed dan bad request maintenance nya selalu berujung error tolong segera perbaiki,negative,kali pinjam buku pesan failed bad request maintenance nya ujung error tolong baik
eror lagi ya,neutral,eror ya
tolong diperbaiki ipusnasnya karena saya tak bisa masuk per tanggal maret dan tak bisa reload buku jadi tak bisa diakses aplikasinya selebihnya deh bagus saya sering akses apk ini tapi sekarang enggak bisa terima kasih,negative,tolong baik ipusnasnya tak masuk tanggal maret tak reload buku tak akses aplikasi lebih deh bagus akses apk enggak terima kasih
unable tapi register with error no connection im pretty sure its connected tapi the internet i will update this review later,negative,unable register error connection im pretty sure connected internet update review later
ingin berterima kasih pada negara yang sudah nyediain apps ini tapi tolong buatlah dengan sungguhsungguh banyak banget gangguan masuk apps ini enggak bisa di buka tetiba buku yang sudah di pinjam enggak bisa di baca log ini lama mohon dengan sangat perbaiki,neutral,terima kasih negara nyediain apps tolong buat sungguhsungguh banget ganggu masuk apps enggak buka tetiba buku pinjam enggak baca log mohon baik
please fix this app i cant open itu itu always stuck,negative,please fix app cant open always stuck
ratingnya saya ubah jadi satu bintang setelah update ke versi terbaru aplikasinya eror terus jangankan digunakan login saja tidak bisa disuruh cek koneksi terus padahal koneksi kuat dan stabil buktinya bisa kasih rating di sini main game atau menonton video pun aman jaya,negative,ratingnya ubah bintang update versi baru aplikasi eror login tidak suruh cek koneksi koneksi kuat stabil bukti kasih rating main game tonton video aman jaya
aplikasinya sering bermasalah pas di buka loading lama sekali dan sering ke log out sendiri tolong ditingkatkan lagi supaya pembaca nyaman dan bisa pinjam buku kapan saja,positive,aplikasi masalah pas buka loading log tolong tingkat baca nyaman pinjam buku
aplikasinya bagus tapi sering error,negative,aplikasi bagus error
sebenarnya aplikasinya cukup oke koleksinya juga beragam dan ketersediaan buku lumayan banyak dibandingkan app lain tapi nge bug ketika sedang asik membaca tiba semua not available dan dibilang koneksi internet saya error,positive,aplikasi oke koleksi agam sedia buku lumayan banding app nge bug asik baca available bilang koneksi internet error
keseringan ngebug,positive,sering ngebug
just a moment ago error start happening while i was reading the bookboth my ios iad and android frozen the apps didnt open properly and after attempting many times tapi clarify from my email itu says check your connection my connection is strong and stable nothing is wrong on top of itu i didnt receive any email from you tapi clarify orang change my password itu is really frustated not only i couldnt continue reading the booki sama currently reading but i cant open the app at all,negative,moment ago error start happening reading bookboth ios iad android frozen apps didnt open properly attempting many times clarify email says check connection connection strong stable nothing wrong top didnt receive email clarify orang change password really frustated couldnt continue reading booki currently reading cant open app
apakah aplikasi ini memang sering mengalami kendala karena sering mengalami error saat dibuka,negative,aplikasi alami kendala alami error buka
terima kasih ipusnas karena sudah menyediakan platform membaca digital yang gratis aksesibel juga karena registrasinya mudah tinggal pakai email tanpa mengurus berkas iniitu semoga upaya kalian bisa meningkatan literasi masyarakat saran tolong reader terbaru supaya bisa dibaca dengan mode landscape ya soalnya kalo mode portrait bacanya susah tulisannya kecil jadinya bikin mata capek dan enggak nyaman namun keren sih sekarang bisa dibikin dark mode,positive,terima kasih ipusnas sedia platform baca digital gratis aksesibel registrasi mudah tinggal pakai email urus berkas iniitu moga upaya tingkat literasi masyarakat saran tolong reader baru baca mode landscape ya kalo mode portrait baca susah tulis bikin mata capek enggak nyaman keren sih bikin dark mode
lumayan happy,positive,lumayan happy
lebih baik versi sebelum update sekarang halamnan sering berubah sendiri dan sering terhighlight yang tidak perlu,negative,versi update halamnan ubah terhighlight tidak
its a great app tapi begin with itu has tremendeous amount of book options and very accessible as a reader myself i dont really enjoy reading digitally by scrolling fortunately the app gives the option of sliding which amazes me though there are some minor problems that i believe is going tapi be fixed orang added ini the future for example bookmark orang closing the app without the worry of having tapi start reading all over from the start again but overall i enjoy itu,positive,great app begin tremendeous amount book options accessible reader dont really enjoy reading digitally scrolling fortunately app gives option sliding amazes though minor problems believe going fixed orang added future example bookmark orang closing app without worry start reading start overall enjoy
bagus ya karena gratis sih buku yang ada di kategori popular books antriannya lamaaaa sekali mungkin bisa diperbanyak eksemplar bukunya aku juga mau baca di,positive,bagus ya gratis sih buku kategori popular books antri lamaaaa banyak eksemplar buku baca
kenapa password saya dibilang salah padahal saya sudah login keanggotaan,negative,password bilang salah login anggota
mohon maaf apa ada solusi banyak sekali buku yang saya pinjam saat saya buka selalu appnya langsung crash contohnya tentang hidup yang bajik filsafat santo thomas aquinas perangkat yang saya gunakan samsung as tolong solusinya terimakasih,positive,mohon maaf solusi buku pinjam buka appnya langsung crash contoh hidup bajik filsafat santo thomas aquinas perangkat samsung tolong solusi terimakasih
butut,negative,butut
sayang sekali tidak bisa di zoom susah juga kalau baca tulisan kecilkecil dicoba mode landscape malah jadi halaman alias makin kecil ukuran tulusannya juga bentuk font sebaiknya bisa diubah,positive,sayang tidak zoom susah baca tulis kecilkecil coba mode landscape halaman alias ukur tulus bentuk font ubah
maret password dianggap keliru padahal sudah jadi member sejak lama terus lupa password dapat email untuk ganti dan email berikutnya berisi password baru input ke aplikasi dianggap salah padahal sudah sama dua kali keliru capek harus ngulang lagi kalo siasia hasilnya ipusnas error,negative,maret password anggap keliru member lupa password email ganti email isi password input aplikasi anggap salah kali keliru capek ngulang kalo siasia hasil ipusnas error
terrible experience that ive got there are sok many books that crashed when i opened itu,negative,terrible experience ive got sok many books crashed opened
sudah install tapi tidak mau terbuka bagaimana ini,negative,install tidak buka
aplikasinya lemot belajar jadi terhambat develop lagi dong,negative,aplikasi lot ajar hambat develop
lola banget,positive,lola banget
bukunya lumayan lengkap app sering eror kayak tiba tiba keluar sendiri tulisannya offline padahal internet di sini kencang sering gagal pinjem buku app enggak bisa dibuka lewat jam ditunggu jam cuma loading,negative,buku lumayan lengkap app eror kayak tulis offline internet kencang gagal pinjem buku app enggak buka jam tunggu jam loading
cant open the app,negative,cant open app
appnya nge bug membuka halaman kedua di buku yang dipinjam bikin app crashterjadi disemua buku tanpa terkecualisangat disayangkanpadahal buku yang tersedia amat beragam,positive,appnya nge bug buka halaman buku pinjam bikin app crashterjadi semua buku terkecualisangat disayangkanpadahal buku sedia agam
setiap malam kalau buka aplikasinya cuman stuck di logo baru bisa bekerja kembali di pagi hari sudah di log out pun tetap tidak bisa masuk ke home page walau begitu ini aplikasi perpus digital yang membantu banget buat baca buku tanpa keluarkan biaya keren,negative,malam buka aplikasi cuman stuck logo pagi log tidak masuk home page aplikasi pus digital bantu banget baca buku keluar biaya keren
lemot enggak bisa dibuka tolong diperbaiki sistemnya padahal deh bagus ada perpus digital tapi belum bisa leluasa digunakan oleh masyarakat ingat warga indonesia itu ratusan juta orang loh semoga kedepannya semakin banyak bukunya tidak lemot jangan ada bug lagi semakin menarik biar banyak pembacanya ini salah satu ajang peningkatan literasi kan ya semoga semakin bagus ya app nya,negative,lot enggak buka tolong baik sistem deh bagus pus digital leluasa masyarakat warga indonesia ratus juta orang moga depan buku tidak lot bug tarik biar baca salah ajang tingkat literasi ya moga bagus ya app nya
itu keeps logging out and itu says that my password keeps on wrong even though its true,neutral,keeps logging says password keeps wrong even though true
lagi eror ya kok enggak bisa terbuka,neutral,eror ya enggak buka
please solve the bugss,negative,please solve bugss
senang banget dengan ipusnas sebenarnya karena bisa baca buku gratis dan mudah tapi aplikasinya sering ngebug sering banget last update nya bahkan satu tahun yang lalu jadi sedih kenapa enggak sering di maintain ya mohon bantuannya untuk segera perbaiki ipusnas ya agar bisa pinjam dan baca buku,positive,senang banget ipusnas baca buku gratis mudah aplikasi ngebug banget last update nya sedih enggak maintain ya mohon bantu baik ipusnas ya pinjam baca buku
loading mulu enggak bisa di download pula,positive,loading mulu enggak download
kenapa jadi sering force close sekarang ada juga buku yang sudah dipinjam tapi enggak bisa dibuka,negative,force close buku pinjam enggak buka
bad error unknown every time i try tapi login,negative,bad error unknown every time try login
sejauh ini menyenangkan bisa pinjam buku gratis pula kendalanya cuma di appnya yang loading mulu waktu buka loadingnya lama waktu cek notifikasi loadingnya juga lama padahal internet lancar semoga ipusnas bisa lebih baik lagi ke depannya,positive,senang pinjam buku gratis kendala appnya loading mulu buka loadingnya cek notifikasi loadingnya internet lancar moga ipusnas depan
sangat membantu namun harusnya ada fitur cari kata di buku ada fitur yang memudahkan kita membuka halaman ke berapa agar memudahkan user yakali scroll dari halaman ke,negative,bantu fitur cari buku fitur mudah buka halaman mudah user yakali scroll halaman
halo admin saya forgot password tapi setelah dapat password baru via email pas saya masukkan salah ya padahal sudah saya copy paste dan cek sudah betul hurufnya bisa dibantu kah,negative,halo admin forgot password password via email pas masuk salah ya copy paste cek huruf bantu kah
edit sudah bisa terimakasih banyak tim admiin,positive,edit terimakasih tim admiin
app seriiiing banget crash tolong perbaiki ya isinya sangat bagus,negative,app seriiiing banget crash tolong baik ya isi bagus
as an active member of perpusnas its confusing why there is no option tapi login with my perpusnas account instead give me option tapi login with my email orang facebook,neutral,active member perpusnas confusing option login perpusnas account instead give option login email orang facebook
aplikasi terburuk enggak bisa sama sekali buka aplikasi nya stuck di logo homescreen ipusnas sudah menunggu sampai menit juga enggak bisa kebuka aplikasi nya,negative,aplikasi buruk enggak buka aplikasi nya stuck logo homescreen ipusnas tunggu menit enggak buka aplikasi nya
tolong segera perbaiki bugnya,positive,tolong baik bugnya
sering stuck di loading screen logo sama download ebooknya sama tampilan interface ui bisa di bikin lebih simpel,positive,stuck loading screen logo download ebooknya tampil interface ui bikin simpel
burukkk,neutral,burukkk
sering ngebug pas mau baca bukunya,positive,ngebug pas baca buku
beberapa kali saya pinjam novel eh enggak bisa dibuka aplikasinya crash saya kihat review ada beberapa buku yang memang enggak bisa dibuka ada juga yang cuma error di saya mohon diperbaiki,negative,kali pinjam novel eh enggak buka aplikasi crash kihat review buku enggak buka error mohon baik
baru download aplikasinya tapi masih enggak bisa dibuka sampai sekarang,negative,download aplikasi enggak buka
setelah klik borrow tombol download tidak bisa di klik atau tidak terjadi apapun,negative,klik borrow tombol download tidak klik tidak apa
saya tidak tahu kenapa aplikasi tidak bisa dibuka,negative,tidak aplikasi tidak buka
aplikasi ini memang bagus karena kita bisa baca buku yang kita mau dan tersedia banyak pilihan konsepnya juga bagus sekali tapi hal yang bermasalah adalah aplikasi ini sering sekali error ketika saya ingin membaca buku yang sudah saya pinjam tulisannya tidak terlihat dan hanya ada layar putih lalu tibatiba aplikasi keluar sendiri ke halaman awal padahal jaringan saya sudah bagus tapi tetap saja setelah refresh tidak bisa juga semoga saja aplikasinya bisa ditingkatkan agar tidak ada error,negative,aplikasi bagus baca buku sedia pilih konsep bagus masalah aplikasi error baca buku pinjam tulis tidak layar putih tibatiba aplikasi halaman jaring bagus refresh tidak moga aplikasi tingkat tidak error
ui jelek dan yang terparah selalu force close hp saya bisa menjalankan genshin impact jadi pasti bukan masalah performa,negative,ui jelek parah force close hp jalan genshin impact bukan performa
setiap kali mau membaca ebook aplikasinya crash melulu back tapi home berkali sebelum akhirnya closed sendiri setelah berkali mengecek playstore enggak ada pembaruan sama sekalimalhasil akhirnya uninstall karena sepertinya tidak support dengan android,negative,kali baca ebook aplikasi crash melulu back home kali closed kali ecek playstore enggak baru sekalimalhasil uninstall tidak support android
aplikasi yang cemerlang mungkin untuk eksekusinya atau resources nya minimalis mohon di tingkatkan terima kasih telah menyediakan platfrom untuk membaca secara gartis,positive,aplikasi cemerlang eksekusi resources nya minimal mohon tingkat terima kasih sedia platfrom baca gartis
saya sangat senang dengan adanya perpustakaan daring yang memberikan izin untuk meminjam buku secara gratis dengan berbagai macam jenis buku namun notifikasi kerap tidak muncul dan saat tengah malam aplikasi tidak bisa dibuka semoga aplikasi ipusnas bisa memperbaiki kekurangan ini,negative,senang pustaka daring izin pinjam buku gratis jenis buku notifikasi kerap tidak muncul malam aplikasi tidak buka moga aplikasi ipusnas baik kurang
ada category by most read orang popular and new books fix ui for better explore not just keep scroll down,positive,category read orang popular new books fix ui better explore keep scroll
bagus sekali appnya,negative,bagus appnya
bagus koleksi juga cukup lengkap tapi mohon maaf buat apa antre kalau ujungnya rebutan,negative,bagus koleksi lengkap mohon maaf antre ujung rebut
baru pertama kali coba ipusnas tetapi sudah kesulitan saat mendownload buku yang ingin dipinjam buku tewasnya gagak hitam karya sidik nugroho semoga buku yang berikutnya tidak ada masalah dalam mendownload sukses selalu pusnas indonesia update terima kasih ipusnas sekarang sudah tidak ada masalah lagi saat mendownload ipusnas terbaik,negative,kali coba ipusnas sulit mendownload buku pinjam buku tewas gagak hitam karya sidik nugroho moga buku tidak mendownload sukses pusnas indonesia update terima kasih ipusnas tidak mendownload ipusnas baik
tampilan daftar buku tidak bagus tidak rapi ketika menggulir ke bawah sering kali daftar buku terrefresh jadi tidak enak dilihat daripada tampilan kolase lebih enak jika dibuat urutan teks daftar judul penulisnya gambar sampul tidak perlu terlalu besar,negative,tampil daftar buku tidak bagus tidak rapi gulir kali daftar buku terrefresh tidak enak tampil kolase enak urut teks daftar judul tulis gambar sampul tidak
i like this app cause itu lets us read many kinds of books for free but its design looks old and boring its also pretty hard tapi use the app doesnt function at midnight maybe due tapi maintenance and the notifications dont appear on notifications bar its such a shame please improve itu,neutral,like app cause lets us read many kinds books free design looks old boring also pretty hard use app doesnt function midnight maybe due maintenance notifications dont appear notifications bar shame please improve
sering ngebug nih app tolong perbaiki lagi ya app ini juga sering enggak bisa dibuka ngestuk di tampilan logo ipusnas,positive,ngebug nih app tolong baik ya app enggak buka ngestuk tampil logo ipusnas
kok buku yang sudah dipinjam tidak bisa dibaca,negative,buku pinjam tidak baca
maaf aplikasinya bisa ditambahin priview enggak soalnya kalau mau lihat doang jadi harus minjem dulu kan banyak yang antri nantinya jangan hanya sinopsis ya,positive,maaf aplikasi ditambahin priview enggak lihat doang minjem antri sinopsis ya
couldve been better but alright i guess,positive,couldve better alright guess
aplikasi bagus cuma bukunya kurang lengkap,negative,aplikasi bagus buku lengkap
plis perbanyak bukunya lagi dong sukses terus ipusnas benar solusi saat buku cetak semakin mahal harganya,positive,plis banyak buku sukses ipusnas solusi buku cetak mahal harga
menakjubkan,positive,takjub
kenapa saya enggak bisa pinjam buku yang saya pinjam setiap saya buka filenya malah crash kembali ke menu awal,negative,enggak pinjam buku pinjam buka filenya crash menu
tolong buat aturan setelah neminjam satu buku tidak dapat meminjam lagi setelah masa peminjaman habis setelah satu minggu baru boleh pinjam lagi seperti di ruang buku kominfo seringnya pengguna ipusnas ijak ikaltara dan i i yang lain memonopoli satu buku sehingga yang lain tidak bisa pinjam,negative,tolong atur neminjam buku tidak pinjam pinjam habis minggu pinjam ruang buku kominfo guna ipusnas ijak ikaltara monopoli buku tidak pinjam
i dont know why itu wont working on my device i keep repeating the same installation but itu still cant work,neutral,dont know wont working device keep repeating installation still cant work
apresiasi untuk perpusnas yang menyediakan wadah pelayanan peminjaman buku elektronik secara legal gratis koleksinya juga lumayan banyak sayangnya ada buku tidak bisa dibookmark untuk menandai posisi terakhir yang kita baca fungsifungsinya basic sekali dan kurang user friendly pemberian kategori juga banyak yang tidak sesuai semoga kualitas aplikasi bisa ditingkatkan lagi dan koleksinya diperbanyak tambahan durasi peminjaman tolong disesuaikan dengan ukuran buku jangan dipukul rata,positive,apresiasi perpusnas sedia wadah layan pinjam buku elektronik legal gratis koleksi lumayan sayang buku tidak dibookmark tanda posisi baca fungsifungsinya basic user friendly beri kategori tidak sesuai moga kualitas aplikasi tingkat koleksi banyak tambah durasi pinjam tolong sesuai ukur buku pukul
tidak ada notifikasi,negative,tidak notifikasi
awalnya senang menemukan aplikasi ini tapi setelah mengunduh ebook fiksi dan membacanya saya agak kecewa karena sptnya ada beberapa halaman yang tidak tersusun berurutan selain itu saya tidak menemukan fitur bookmark dan penomoran halaman yang biasa terdapat pada ebook reader umumnya sehingga setiap kali ingin lanjut membaca ebook yang sempat tertunda saya harus mengulang kembali dari awal pada akhirnya saya harus menghapus aplikasi ini semoga beberapa bulan kemudian aplikasi ini menjadi lebih baik,negative,senang temu aplikasi unduh ebook fiksi baca kecewa sptnya halaman tidak susun rurut tidak temu fitur bookmark nomor halaman ebook reader kali baca ebook tunda ulang hapus aplikasi moga aplikasi
lame bab and no copy book,negative,lame bab copy book
dear ipusnas kapan kasih update tiap mau menyempatkan membaca di lewat dari jam malam app tidak bisa terbuka sama sekali aplikasi error di waktu mau rebahan mengsedih aku,negative,dear ipusnas kasih update sempat baca jam malam app tidak buka aplikasi error rebah mengsedih
suka sama aplikasi ini tapi kok jadi stuck di loading screen terus ya sudah reinstall tetap saja begitu,positive,suka aplikasi stuck loading screen ya reinstall
kenapa app nya enggak bisa di buka ya saya sudah uninstalinstal lagi tapi tetap saja enggak bisa di buka mohon dong di perbaiki,positive,app nya enggak buka ya uninstalinstal enggak buka mohon baik
aplikasi yang tidak niat lu dikembangkan selama ini baik saja tetiba ngulah stuck lama di homescreen logo ipusnas tolong developernya diperbaiki dong bugnya padahal ide aplikasinya bagus loh kok eksekusinya setengah,negative,aplikasi tidak niat kembang tetiba ngulah stuck homescreen logo ipusnas tolong developer baik bugnya ide aplikasi bagus eksekusi
enggak bisa masuk stuck di logo saja sebel,negative,enggak masuk stuck logo sebel
enggak bisa dibuka,neutral,enggak buka
enggak ada fungsinya fr gbisa minjem apa,neutral,enggak fungsi fr gbisa minjem
trash,neutral,trash
tidak bisa search judul ketika meminjam loading terus,negative,tidak search judul pinjam loading
tidak bisa log ini,negative,tidak log
min kok per tanggal di apk dan di laptop di menu pencarian nya jadi eror,negative,min tanggal apk laptop menu cari nya eror
tidak bisa login sudah mengisi username dan password tapi saat tombol next dipencet tidak ada respon apapun mohon segera diperbaiki,negative,tidak login isi username password tombol next pencet tidak respon apa mohon baik
bersyukur kali bisa baca buku di ipusnas semoga app ini makin baik developer tolong tambah keterangan seperti halaman buku sebelum kita pinjam buku terima kasih,positive,syukur kali baca buku ipusnas moga app developer tolong terang halaman buku pinjam buku terima kasih
makin parah buku sudah terunduh tapi ketika dibuka aplikasi langsung crash,negative,parah buku unduh buka aplikasi langsung crash
buat baca cukup nyaman tapi experiencenya kacau dan bingungin banyak tombol yang enggak bisa dipencet hasil pencarian enggak bisa difilter kalo sudah terbiasa ya nyaman saja kali ya enggak rekomenin ke orang lain tapi juga enggak ada pilihan lain di sini bisa baca pinjam banyak ebook judul populer gratis,positive,baca nyaman experiencenya kacau bingungin tombol enggak pencet hasil cari enggak filter kalo biasa ya nyaman kali ya enggak rekomenin orang enggak pilih baca pinjam ebook judul populer gratis
please provide us dark mode for the display bright mode is not convenient tapi read ini the evening thanks kindly wait for the response,neutral,please provide us dark mode display bright mode convenient read evening thanks kindly wait response
mau baca tapi enggak bisa mohon segera diselesaikan problemnya,negative,baca enggak mohon selesai problem
kenapa ipusnas enggak bisaerror ya belakangan sudah logout mau login lagi juga enggak bisa tolong ini coba diperbaiki,positive,ipusnas enggak bisaerror ya logout login enggak tolong coba baik
ini bagaimana deh mau login saja susah amat,negative,deh login susah
aplikasi yang sangat bermanfaat bagi semua orang terima kasih telah menyediakan berbagai jenis buku yang bisa kami baca dengan gratis dan nyaman di manapun dan kapanpun saya juga ingin menyarankan untuk memperpanjang batas waktu peminjaman buku karena ada bukubuku yang halaman yang butuh lebih dari hari untuk menamatkannya,positive,aplikasi manfaat orang terima kasih sedia jenis buku baca gratis nyaman mana saran panjang batas pinjam buku bukubuku halaman butuh tamat
bagus dan bermanfaat,positive,bagus manfaat
thank you trimakasih,positive,thank trimakasih
halo biasanya tidak ada kendala tapi hari ini aplikasi nya sering force close ketika saya tekan button read please fix this thank you,negative,halo tidak kendala aplikasi nya force close tekan button read please fix thank
sangat membantu saya dalam pengerjaan skripsi kemarin jadi tidak perlu repot mendatangi perpus nasional secara langsung,negative,bantu kerja skripsi kemarin tidak repot pus nasional langsung
bagus untuk yang enggak punya banyak uang dan ingin berhemat khususnya pelajar bukunya koleksinya bagus dan banyak serta bisa dibaca dimana saja semoga kedepannya ditambah lagi koleksinya untuk berbagai ilmu pengetahuan untuk memajukan negeri dan juga tolong untuk aplikasinya dikurangin dikit kalau ada bug dan maintancenya supaya banyak orang bisa akses pokok bagus sudah semoga orang yang membuat aplikasi ini sukses selalu karena telah bebagi ilmu,positive,bagus enggak uang hemat ajar buku koleksi bagus baca mana moga depan tambah koleksi ilmu tahu maju negeri tolong aplikasi rangin dikit bug maintancenya orang akses pokok bagus moga orang aplikasi sukses bebagi ilmu
readernya payah enggak interaktif terus terusan dikasih toast dibawah setiap geser halaman nomor halaman,negative,readernya payah enggak interaktif terus kasih toast bawah geser halaman nomor halaman
enggak bisa register mulu bagaimana deh,positive,enggak register mulu deh
ayolah ditingkatkan lagi optimasinya ini sering banget ngebug boroboro nyaman baca mau pinjem buku saja susah banget please improve lah biar bisa ningkatin literasi kita yang kurang,positive,ayo tingkat optimasinya banget ngebug boroboro nyaman baca pinjem buku susah banget please improve biar ningkatin literasi
apk terburuk yang pernah ku pakai,negative,apk buruk ku pakai
setiap baca ebook selalu keluar sendiri has a bug,positive,baca ebook bug
kenapa ada beberapa buku yang tidak bisa terbaca padahal sebelumnya belum pernah seperti ini,negative,buku tidak baca
i cant even open an ebook i have bought itu keeps going tapi the homepage whenever i clicked on the ebook,negative,cant even open ebook bought keeps going homepage whenever clicked ebook
kasih karena masih perlu pengembangan saya mengapresiasi aplikasi ini sudah baik menyediakan puluhan ribu judul dari berbagai vendor perpus contohnya perpusnas sendiri kepolisian cocacola tokoh negara seperti presiden dan menteri kekurangan yang saya temukan berkaitan dengan sinkronisasi statushistori kita dengan kenaikan peringkat baca misalnya saya sudah baca lebih dari buku tapi misi read books pun tidak terbuka download buku terbatasi jml maks buku sehari,positive,kasih kembang apresiasi aplikasi sedia puluh ribu judul vendor pus contoh perpusnas polisi cocacola tokoh negara presiden menteri kurang temu kait sinkronisasi statushistori naik peringkat baca baca buku misi read books tidak buka download buku batas jml maks buku hari
lodingnya lama banget ya,positive,lodingnya banget ya
superrrr,neutral,superrrr
sering error enggak bisa pinjam buku,negative,error enggak pinjam buku
selalu gagal mengunduh harus memasukan passcode untuk untuk jadi member tapi sudah login jadi selalu gagal saya cek tidak ada upgrade aplikasi tapi saya coba close apps n latar belakang tetap sama koneksi internet baik mohon perbaikannya karena apps sangat bermanfaat thnk lu,negative,gagal unduh pasu passcode member login gagal cek tidak upgrade aplikasi coba close apps n latar koneksi internet mohon baik apps manfaat thnk
jelek banget lemot,negative,jelek banget lot
aplikasinya muter mulu pas mau daftar disuruh isi password habis itu muter lagi,negative,aplikasi muter mulu pas daftar suruh isi password habis muter
internet stabil tapi enggak bisa load halaman aplikasi bug nya masih banyak tolong diperbaiki,positive,internet stabil enggak load halaman aplikasi bug nya tolong baik
essip can reng madureh,neutral,essip reng madureh
ini memang kalau di pcleptop aplikasinya lemot ya,negative,pcleptop aplikasi lot ya
sebenarnya sudah bagus sistemnya cuma kurang notifikasi untuk buku yang sudah tersedia di wishlist kita saja jadi sering kehabisan buku karena tidak ada notifikasi otomatis di depan please di maintenance lagi ya untuk bagian notifikasi pemberitahuan untuk buku yang sudah tersedia,negative,bagus sistem notifikasi buku sedia wishlist habis buku tidak notifikasi otomatis please maintenance ya notifikasi pemberitahuan buku sedia
tolong om desainer perhalus tampilan aplikasinya,negative,tolong om desainer halus tampil aplikasi
aplikasi crash tidak bisa dibuka saya sudah coba reinstall tapi tetap crash tidak bisa dibuka,negative,aplikasi crash tidak buka coba reinstall crash tidak buka
bagus,negative,bagus
koleksinya cukup lengkap semoga kedepan tampilannya lebih baik lagi,negative,koleksi lengkap moga depan tampil
cukup membantu dalam mencari referensi masalah ui nya walau kuno its not a big deal cuma ada beberapa yang perlu ditingkatkan fitur history jadi kalo kita mau meminjam kembali buku yang sudah pernah dipinjam jauh lebih mudah mencarinya tolong benerin fitur search nya dong karena semisal digunakan untuk mencari buku dengan kategori umum kayak misalnya dengan keyword ilmu yang tampil hanya beberapa buku saja bukan semua buku dengan judul ilmu semoga ditingkatkan terus,negative,bantu cari referensi ui nya kuno big deal tingkat fitur history kalo pinjam buku pinjam mudah cari tolong benerin fitur search nya cari buku kategori kayak keyword ilmu tampil buku bukan buku judul ilmu moga tingkat
ah error mulu,negative,ah error mulu
sangat membantu sampai kapan yang di pc servernya maintenance,negative,bantu pc servernya maintenance
ipusnas tolong konfirmasi dua hari ini aplikasi tidak bisa reload padahal internet baikbaik saja apa sedang gangguan di sistem aplikasi mau cari buku nih,negative,ipusnas tolong konfirmasi aplikasi tidak reload internet baikbaik ganggu sistem aplikasi cari buku nih
login pakai email gabisalagi eror kah,negative,login pakai email gabisalagi eror kah
bagus banget aku harap aplikasi ipusnas punya opsi untuk menyimpan buku jadi bisa save buku yang hendak di baca hal itu mungkin akan memudahkan pembaca yang ingin baca buku lain tapi masih on going baca buku yang sedang di baca,positive,bagus banget harap aplikasi ipusnas opsi simpan buku save buku baca mudah baca baca buku going baca buku baca
tambahkan jumlah bukunya dan stock buku yang dapat dipinjam karena banyaknya antrean dan jangka waktu hari untuk peminjaman membuat banyak antrean yang tak kunjung selesai mungkin dari sempitnya waktu membaca sehingga pembaca awal belum selesai dengan bukunya lalu mengantre kembali sehingga antrean pembaca yang belum membaca akan tidak ada jatah waktu untuk membaca buku yang akan dibaca,positive,tambah buku stock buku pinjam banyak antre jangka pinjam antre tak kunjung selesai sempit baca baca selesai buku antre antre baca baca tidak jatah baca buku baca
koleksi bukunya makin banyak tapi ya itu susah banget minjemnya mungkin karena skalanya nasional jadi banyak banget yang antri susah begitu rebutannya ke depannya mungkin bisalah ditambah bukunya kalo reinstall dan login lagi sering agak susah,negative,koleksi buku ya susah banget minjemnya skala nasional banget antri susah rebut depan bisa tambah buku kalo reinstall login susah
deez nutzz,neutral,deez nutzz
aplikasi ipusnas hari ini lagi enggak bisa ya,neutral,aplikasi ipusnas enggak ya
apl jelek login saja lama cuuaakkhhhss,negative,apl jelek login cuuaakkhhhss
terima kasih ipusnas telah menyediakan sarana membaca buku gratis dan legal untuk siapa pun beberapa kendala saran respon aplikasi yang sering lemot untuk transisi halaman lebih praktis jika ditap saja tanpa harus dislide sediakan tombol wishlist kadang nemu buku yang menarik tapi di saat yang bersamaan saya sedang menyewa buku lain teks buku terlalu kecil atau mungkin ini setting di hp saya ya sudah ubah ke dark mode tapi tampilan background tetap putih silau,positive,terima kasih ipusnas sedia sarana baca buku gratis legal kendala saran respon aplikasi lot transisi halaman praktis tap dislide sedia tombol wishlist kadang nemu buku tarik sama sewa buku teks buku setting hp ya ubah dark mode tampil background putih silau
ipusnas versi windows mapun versi android sangat sangat bad ya enggak cukup kali klik langsung kebuka begitu aplikasinya lemot lagi yampunnn enggak berniat perbaiki bug nya pakbu,negative,ipusnas versi windows mapun versi android bad ya enggak kali klik langsung buka aplikasi lot yampunnn enggak niat baik bug nya pakbu
pilihan buku beragam tapi masuk halaman muka saja loading lama sekali padahal koneksi internet lancar,neutral,pilih buku agam masuk halaman muka loading koneksi internet lancar
teu baleg teu bisa login persis seperti yang diharapkan,neutral,teu baleg teu login persis harap
saran bisa dimunculkan notifikasi pinjam dinotif bar handphone sehingga tidak perlu untuk membuka appnya terlebih dahulu dan bisa cepat untuk pinjam buku,negative,saran muncul notifikasi pinjam dinotif bar handphone tidak buka appnya cepat pinjam buku
aplikasinya lelet meminta ampun banyak bug buku sering kosong sangatsangat tidak menyenangkan menggunakan aplikasi ini,negative,aplikasi lelet ampun bug buku kosong sangatsangat tidak senang aplikasi
awalnya ipusnas lancar saja operasinya sekarang kok lebih sering keluar sendiri padahal bukunya benar lagi butuh buat dijadikan referensi,negative,ipusnas lancar operasi buku butuh jadi referensi
tolong ditambahkan fitur terakhir baca jadi user bisa langsung otomatis ke halaman ke yang terakhir dibaca ketika buku dibukaini akan memudahkan user tambah lagi kenapa harus ada fitur pinjam meminjam pada implementasinya hal ini mengakibatkan buku yang populer seringkali habis dan hanya bisa dibaca oleh segelintir kenapa tidak unlimited saja atau kalau harus ada mekanik pinjam meminjam tolong aplikasikan fitur batas waktu pinjam setahu saya belum ada tolong pertimbangkan saran saya,positive,tolong fitur baca user langsung otomatis halaman baca buku dibukaini mudah user fitur pinjam pinjam implementasi akibat buku populer seringkali habis baca gelintir tidak unlimited mekanik pinjam pinjam tolong aplikasi fitur batas pinjam tahu tolong timbang saran
tidak user friendly,negative,tidak user friendly
ipusnas saya akui sudah menjadi terobosan untuk mencapai tujuan manusia indonesia yang bermoral bermartabat serta berilmu tapi hal yang paling disayangkan adalah ketika banyak yang antre untuk membaca hingga sistem berebut ebook menjadi hal yang biasa harusnya hal ini menjadi tinjauan bagi pihak pengelola untuk meningkatkan pelayanannya sehingga yang ingin membaca tanpa harus memikirkan sistem berebut copyan ebook yang menyusahkan dan merepotkan,negative,ipusnas aku terobos capai tuju manusia indonesia moral martabat beril sayang antre baca sistem rebut ebook tinjau kelola tingkat layan baca pikir sistem rebut copyan ebook susah repot
koleksi lengkap dalam dan luar negeri sastra lama sampai karya populer baca buku tidak perlu ke manamana cukup dalam satu genggaman,positive,koleksi lengkap negeri sastra karya populer baca buku tidak manamana genggam
jelek banget enggak bisa daftar akun jadinya nih aplikasi enggak bisa dipakaiplease update dong sebenarnya ini apk bagus,negative,jelek banget enggak daftar akun nih aplikasi enggak dipakaiplease update apk bagus
semoga diperbanyak koleksi bukunya terimakasih,positive,moga banyak koleksi buku terimakasih
jelek banget aplikasinya bukunya kurang lengkap ui nya juga enggak enak di mata,negative,jelek banget aplikasi buku lengkap ui nya enggak enak mata
waktu itu pernah enggak sengaja saya uninstall dan pas diinstall kembali malah enggak bisa log inini bagaimana ya saya sudah ajukan komplain lewat email tapi enggak direspon,positive,enggak sengaja uninstall pas diinstall enggak log inini ya aju komplain email enggak direspon
setelah di update membaca buku setelah beberapa halaman dia force close,neutral,update baca buku halaman force close
sudah borrow enggak bisa download dan enggak bisa baca di appsnya juga enggak jelas,positive,borrow enggak download enggak baca appsnya enggak
keren abizz,neutral,keren abizz
aplikasi perpus paling sederhana di dunia,negative,aplikasi pus sederhana dunia
nice app,positive,nice app
popup nomor halaman tiap menscroll halaman buku tolong dihilangkan update agar bisa memfavoritekan buku tanpa harus download saat copy buku tersedia update agar user dapat masuk ke halaman book detail melalui books borrowed kadang ada kasus buku yang sudah didownload enggak bisa dibuka tolong diperbaiki,positive,popup nomor halaman menscroll halaman buku tolong hilang update memfavoritekan buku download copy buku sedia update user masuk halaman book detail books borrowed kadang buku didownload enggak buka tolong baik
semoga makin banyak copyan bukunya dan makin banyak yang hobi baca terima kasih ipusnas edited enggak bisa dibuka di infinix tolong kakak developer,positive,moga copyan buku hobi baca terima kasih ipusnas edited enggak buka infinix tolong kakak developer
update terbaru malah enggak bisa dibuka sama sekali ngefreeze doang tolong diperbaiki tq,positive,update baru enggak buka ngefreeze doang tolong baik tq
sering banget ngebugnya,positive,banget ngebugnya
sebelum login app normal lancar setelah login kenapa untuk membuka app nya lama sekali bahkan sama sekali tidak bisa diakses lebih hanya logo ipusnas saja di awal,neutral,login app normal lancar login buka app nya tidak akses logo ipusnas
why this app cant be open i wait sok long and nothing happen,negative,app cant open wait sok long nothing happen
i cant open this app since the first time i download itu bahkan untuk registrasi email saja enggak bisabisa,negative,cant open app since first time download registrasi email enggak bisabisa
its take really long time tapi open the app,negative,take really long time open app
koleksi bukunya lumayan beragam tapi sangat disayangkan ketika mau di buka kembali tidak bisa hanya keluar tampilan awal saja padahal saya sangat butuh referensi untuk study saya mohon diperbaiki lagi ya aplikasinya ipusnas,negative,koleksi buku lumayan agam sayang buka tidak tampil butuh referensi study mohon baik ya aplikasi ipusnas
great and easy tapi use the uis kinda old but thats rlly okay for me since i can read and borrow a lot of books for completely free and no ads great job ipusnas,positive,great easy use uis kinda old thats rlly okay since read borrow lot books completely free ads great job ipusnas
aplikasi terlalu berat loading page lambat buku yang sudah diunduh juga harus dibuka dengan koneksi internet minat baca di indonesia sudah rendah kalau apps keluaran perpusnas saja lemot begini bagaimana minat baca bisa naik tolong diperbaiki min salam cinta literasi,positive,aplikasi berat loading page lambat buku unduh buka koneksi internet minat baca indonesia rendah apps keluar perpusnas lot minat baca tolong baik min salam cinta literasi
sejauh ini cukup baik secara keseluruhan hanya saja seringkali terjadi loncat halaman dan itu cukup mengganggu akan lebih baik apabila untuk menuju ke halaman selanjutnya atau sebelumnya bisa hanya dengan tap layar sebelah kanankiri dan juga ada fitur menandai halaman yang sedang dibaca agar bila akan melanjutkan bacaan tidak harus mencari halaman tersebut,negative,seringkali loncat halaman ganggu halaman tap layar belah kanankiri fitur tanda halaman baca lanjut baca tidak cari halaman
app tidak bisa dibuka bug lama,negative,app tidak buka bug
bukunya bagusbagus tapi aplikasinya jelek error terus,negative,buku bagusbagus aplikasi jelek error
sebagai seorang guru kehadiran aplikasi ini adalah sebuah hal yang ditunggu cocok sekali untuk memotivasi anak sekolah yang agak malas ke perpus untuk membaca buku namun sayangnya saya mencoba pinjam buku saya sudah ketuk beberapa kali menu unduh tapi tetap saja buku tersebut tidak bisa diunduh saya khawatir saat saya mengarahkan siswa untuk pinjam di ipusnas mereka mengalami kendala seperti saya padahal hp speck sudah memenuhi jaringan bagus mungkin ada bug,negative,guru hadir aplikasi tunggu cocok motivasi anak sekolah malas pus baca buku sayang coba pinjam buku ketuk kali menu unduh buku tidak unduh khawatir arah siswa pinjam ipusnas alami kendala hp speck penuh jaring bagus bug
terima kasih ipusnas karena kamu aku jadi bisa baca buku gratis,positive,terima kasih ipusnas baca buku gratis
crash terus,negative,crash
koleksi makin bertambah terima kasih perpusnas,positive,koleksi tambah terima kasih perpusnas
kenapa tidak ada tombol sign up daftar edit ternyata tombol register baru muncul setelah terkoneksi dengan akun facebook,negative,tidak tombol sign daftar edit tombol register muncul koneksi akun facebook
aplikasi menyediakan buku legal dengan gratis tetapi ada fitur fitur yang belum berjalan seperti notifikasi yang tidak muncul penggunaan pemberitahuan ketika halaman berganti bisa saja membuat beberapa pengguna merasa pengganggu senang apabila bisa mendapat kabar perbaikan untuk aplikasi ini,negative,aplikasi sedia buku legal gratis fitur fitur jalan notifikasi tidak muncul guna pemberitahuan halaman ganti guna ganggu senang kabar baik aplikasi
eror lag force close sendiri kalau saya sedang menggunakan aplikasi selang beberapa waktu juga langsung close sendiri untuk login juga ngelagnya meminta ampun,negative,eror lag force close aplikasi selang langsung close login ngelagnya ampun
app yang saya butuhkan sekali hanya terkendala ketika meminjam respon klik untuk konfirmasi pinjamnya lambat sekali seperti ngefreeze saya harus keluar aplikasi dan kembali lagi dulu supaya dia bisa di tap lagi next mungkin bisa ditambah fitur bookmark untuk list buku yang mau kita baca agar tidak perlu mencari buku yang mau kita baca,negative,app butuh kendala pinjam respon klik konfirmasi pinjam lambat ngefreeze aplikasi tap next tambah fitur bookmark list buku baca tidak cari buku baca
fix your bugs,neutral,fix bugs
uinya jelek kontennya lumayan,negative,uinya jelek konten lumayan
enggak bisa login loadingnya lama banget,positive,enggak login loadingnya banget
pliss tambahkan wishlist dong kadang pengin baca ini itu tapi keburu ke refresh plisssss,positive,pliss tambah wishlist kadang pengin baca keburu refresh plisssss
jelek banget aplikasi ini dulu beberapa tahun lalu aku sempat menikmatinya lalu tiba saja enggak bisa pinjam buku bahkan buku yang dipinjam juga enggak bisa dibuka akhirnya aku uninstall setelah beberapa tahun aku kira bakal ada perubahan kemarin ada teman yang menyarankan donlot aku coba donlot lagi dan tetap saja buku yang kusewa enggak bisa dibuka padahal aku deh pakai samsung si ultra tetap saja aplikasi ini parah banget operasionalnya aku uninstall lagi kenapa bikin aplikasi yang buruk seperti ini kinerjanya,negative,jelek banget aplikasi nikmat enggak pinjam buku buku pinjam enggak buka uninstall ubah kemarin teman saran donlot coba donlot buku sewa enggak buka deh pakai samsung si ultra aplikasi parah banget operasional uninstall bikin aplikasi buruk kerja
halo tim ipusnas terimakasih sudah membuat aplikasi ini yang sangat bermanfaat tapi ada keluh kesah dari saya saya kesusahan dalam membaca karena tidak ada foto zoom dikarenakan ada beberapa buku yang kurang jelas dan tulisan yang sangat kecil semoga tim bisa mencari solusi,negative,halo tim ipusnas terimakasih aplikasi manfaat keluh kesah susah baca tidak foto zoom buku tulis moga tim cari solusi
the status keeps saying that im on newbie ini fact i had opened books posted more tahan comments and other rules why cant i level up on bookworm i noticed too that when we save a book on a bookshelf and we read itu then we back tapi the bookshelf section and click info below the books cover we cant sih the progress its always i think thats why i cant level myself up please fix this asap,negative,status keeps saying im newbie fact opened books posted tahan comments rules cant level bookworm noticed save book bookshelf read back bookshelf section click info books cover cant sih progress always think thats cant level please fix asap
nah banyak yang antri pinjam,neutral,antri pinjam
please tambahkan bukubuku dari penerbit harus dan spring mereka punya banyak buku berkualitas dari berbagai negara asia dan eropa loh dijamin ipusnas bakal jadi lebih rame kalau nambahin bukubuku dari mereka,negative,please tambah bukubuku terbit spring buku kualitas negara asia eropa jamin ipusnas rame nambahin bukubuku
saya suka sekali aplikasi ini tapi akan lebih suka lagi jika judul bukubukunya ditambah lagi dan stok dari masingmasing bukunya juga diperbanyak terutama untuk bukubuku terkenal seperti buku karya tere liye juga saya harap buku tidak auto dikembalikan saat tidak dibuka selama jam lebih baik diberi batasan hari jika tidak dibukabuka juga barulah otomatis dikembalikan,negative,suka aplikasi suka judul bukubukunya tambah stok masingmasing buku banyak bukubuku kenal buku karya tere liye harap buku tidak auto kembali tidak buka jam batas tidak dibukabuka baru otomatis kembali
terima kasih ipusnas suka banget mau reques dong tambahkan buku biologinya di kategori pun enggak ada biologi,positive,terima kasih ipusnas suka banget reques tambah buku biologi kategori enggak biologi
stok per judul buku berapa karena ini diakses seluruh penjuru nusantara akan lebih baik kaji ulang jumlahnya antri kelamaan,positive,stok judul buku akses penjuru nusantara kaji ulang antri
aplikasi baca buku online kudu mengantri bhuahahahaha anda ini serius atau benaran serius,negative,aplikasi baca buku online kudu antri bhuahahahaha serius benar serius
untuk buku dengan format epub kok sering banget force closed ya jadi harus sering sering instal ulang ngabis ngabisin kuota apa ini modus padahal senang banget ada aplikasi membaca digital yang legal dan koleksinya lebih kumplit dibanding apl lain saya sering merekomendasikan apl ini kepada teman teman yang lain bintangnya saya tambahkan koleksinya makin banyak,positive,buku format epub banget force closed ya instal ulang ngabis ngabisin kuota modus senang banget aplikasi baca digital legal koleksi kumplit banding apl rekomendasi apl teman teman bintang tambah koleksi
halo terimakasi atas aplikasi membaca gratis ini sangat bermanfaat saran saya mohon ditambahkan fitur wishlist pengin saja nandain buku mana saja yang mau dipinjam biar enggak lupa,positive,halo terimakasi aplikasi baca gratis manfaat saran mohon fitur wishlist pengin nandain buku pinjam biar enggak lupa
banyak pilihan,negative,pilih
kenapa susah banget login,negative,susah banget login
its take too long when i want tapi open this app,negative,take long want open app
loginnya susah,negative,loginnya susah
im newbie i like the apps but not for the interface and why i cant download the books the books is already ini my bookshelf but i cant download itu ive tried another books but the issue is still same,neutral,im newbie like apps interface cant download books books already bookshelf cant download ive tried another books issue still
baru mau login saja stuck app stopp no message,neutral,login stuck app stopp message
aplikasinya sudah mengalami banyak perkembangan terima kasih pihak pengelola yang selalu berusaha meningkatkan kualitas ipusnas semoga bisa semakin baik lagi,positive,aplikasi alami kembang terima kasih kelola usaha tingkat kualitas ipusnas moga
enggak bisa pinjam buku terus,neutral,enggak pinjam buku
mohon diperbaiki bug appsnya saya saat buka buku yang selesai didownload selalu force closed,negative,mohon baik bug appsnya buka buku selesai didownload force closed
app crash setiap klik borrow please fix,negative,app crash klik borrow please fix
untuk saat ini maaf harus dikasih bintang ada beberapa hal yang bisa dikembangkan lagi khususnya tentang pemakaian terasa lemot untuk berpindahpindah atau membuka buku selain itu bookmark juga hilang ketika kita pindah device alat misal sudah bookmark di hape lalu saya buka di laptop maka bookmark tidak ikut berpindah padahal saya sudah login akun ayo perpusnas kembangkan aplikasinya manfaat dan potnsinya besar padahal bisa yuk bisa,neutral,maaf kasih bintang kembang pakai lot berpindahpindah buka buku bookmark hilang pindah device alat bookmark hape buka laptop bookmark tidak pindah login akun ayo perpusnas kembang aplikasi manfaat potnsinya yuk
hi i love itu how i can read n borrow a book with free but please itu keeps on logout automatically will be better if you could fix the bug thanks,positive,hi love read n borrow book free please keeps logout automatically better could fix bug thanks
tolong benerin bug susah ngereturn buku dong harus dipencet berkalikali baru bisa kereturn ini agak menyebalkan sih soalnya jadi sulit mau memperpanjang buku terima kasih edit jawaban dari developer enggak membantu sama sekali karena bukan cuma saya yang ngalamin ini jadi jelas bukan kondisi internet yang jadi masalah memang ada bug di aplikasi ini tolong segera diperbaiki edit keajaiban toko kelontong namiya,negative,tolong benerin bug susah ngereturn buku pencet berkalikali kereturn sebal sih sulit panjang buku terima kasih edit developer enggak bantu bukan ngalamin bukan kondisi internet bug aplikasi tolong baik edit ajaib toko kelontong namiya
keren banget makin semangat baca buku karena kalau beli buku lumayan jadi lebih baik pinjem di sini semoga buku import ada juga ya di,positive,keren banget semangat baca buku beli buku lumayan pinjem moga buku import ya
tambahkan mode gelap dan perbaiki interfacenya agar membaca menjadi lebih nyaman,positive,tambah mode gelap baik interfacenya baca nyaman
aplikasinya stuck diawal saja dan tidak bisa masuk ke aplikasinya,negative,aplikasi stuck awal tidak masuk aplikasi
mantap buat kutu buku,positive,mantap kutu buku
perpustakaan pinjam dengan media sangat menarik dan membantu thanks dengan media apk ini,positive,pustaka pinjam media tarik bantu thanks media apk
tolong kalo pas antrian terus ada buku yang kosong kasih notif dong ksiani kami yang harus nabung buat beli buku fisik sampai dua bulan,neutral,tolong kalo pas antri buku kosong kasih notif ksiani nabung beli buku fisik
tampilan lamanya lebih bagus kalau bisa balikin tampilan lamanya ketika baca buku versi yang sekarang bookmark sama nomor halamannya malah hilang padahal bookmark sama nomor halaman salah satu yang paling dibutuhin buat nandain bacaan kita we need itu back plsss,negative,tampil bagus balikin tampil baca buku versi bookmark nomor halaman hilang bookmark nomor halaman salah dibutuhin nandain baca need back plsss
error terus,negative,error
tidak bisa membaca buku yang sudah dipinjam ke dalam rak bahkan di download saja tidak bisa sudah berkali kali reinstall aplikasi terapi tidak bisa,negative,tidak baca buku pinjam rak download tidak kali kali reinstall aplikasi terapi tidak
jelek pol luemot,negative,jelek pol luemot
terima kasih bisa baca ebook gratis secara legal dukung ipusnas semoga lebih baik kedepannya,positive,terima kasih baca ebook gratis legal dukung ipusnas moga depan
login nya lama banget,positive,login nya banget
saat sedang digunakan aplikasi terhenti sendiri lalu dari segi ukuran font sayang sekali tidak ada pilihan ukuran yang bisa kita pilih besar kecilnya alangkah lebih baik jika ada karena kalau di zoom kurang efektif belum lagi harus menggeser pagenya untuk melihat tulisan,negative,aplikasi henti segi ukur font sayang tidak pilih ukur pilih kecil alangkah zoom efektif geser pagenya tulis
aplikasinya sangat membantu koleksinya cukup lengkap walaupun untuk buku yang cukup terkenal harus antri dulu karena banyak peminat nya tapi saya sangat mengapresiasi kehadiran aplikasi ini semoga kedepannya bisa terus ditingkatkan kualitas nya agar semakin banyak yang tertarik dan merasakan manfaat aplikasi ini,positive,aplikasi bantu koleksi lengkap buku kenal antri minat nya apresiasi hadir aplikasi moga depan tingkat kualitas nya tarik rasa manfaat aplikasi
tampilannya out of date banget bukunya enggak dikategorisasikan per genre koleksinya juga kurang ada buku terkenal yang enggak masuk sini dan untuk buku yang laku banget dipinjam harusnya jumlah koleksinya ditambah lagi semoga kedepannya bisa berkembang jadi lebih bagus,positive,tampil date banget buku enggak kategorisasi genre koleksi buku kenal enggak masuk buku laku banget pinjam koleksi tambah moga depan kembang bagus
kenapa susah sekali buat login,negative,susah login
plsss tambahkan feature halaman terakhir dibaca dong,positive,plsss tambah feature halaman baca
mau reset password karena lupa dikirim linknya lewat email tapi pas diklik eror terus,negative,reset password lupa kirim linknya email pas klik eror
i like this app because we can borrow the books for free but sometimes we have tapi waiting tapi get the book and why this app the notification doesnt appear on top,positive,like app borrow books free sometimes waiting get book app notification doesnt appear top
,neutral,
disediakan buku bacaan gratis sudah sangat terima kasih sekali mau komplenpun malu,positive,sedia buku baca gratis terima kasih komplenpun malu
sudah lama enggak buka ipusnas dan ku kagum banget sama major updatenya sekarang pakai format epub jadi enggak perlu lagi deh zoomzoom tulisan karena sekarang tulisannya sudah lumayan gede lebih nyaman dibaca pokoknya keep itu up,positive,enggak buka ipusnas ku kagum banget major updatenya pakai format epub enggak deh zoomzoom tulis tulis lumayan gede nyaman baca pokok keep
this versiob has a bug everytime i want tapi read the book i borrow itu will closed,negative,versiob bug everytime want read book borrow closed
cara pakainya mudah buku nya lumayan lengkap dan gratis pula saran mungkin bisa tambah fitur mode gelap biar bisa baca dengan nyaman kalo di ruangan yang gelap,negative,pakai mudah buku nya lumayan lengkap gratis saran fitur mode gelap biar baca nyaman kalo ruang gelap
cukup membantu tapi tolong ditambahkan juga untuk history peminjamannya pasti akan lebih membantu untuk menemukan buku yang pernah dipinjambintang dulu ya,positive,bantu tolong history pinjam bantu temu buku dipinjambintang ya
the app is pretty good since i can borrow free books but itu often crashed i tried tapi uninstall then reinstall itu again but its no use now i dont know what tapi di,positive,app pretty good since borrow free books often crashed tried uninstall reinstall use dont know
halo saya masih belum bisa mengubah penilaian dikarenakan kendala masih sama beberapa judul buku yang saya baca tidak bisa dibuka atau keluar tibatiba diantaranya the naked marquis sally mackenzie dan kumpulan dongeng klasik hc andersen faustine erlishy tolong dibantu untyk perbaikan ya saat saya buka tidak ada masalah dengan koneksi terima kasih,positive,halo ubah nilai kendala judul buku baca tidak buka tibatiba naked marquis sally mackenzie kumpul dongeng klasik hc andersen faustine erlishy tolong bantu untyk baik ya buka tidak koneksi terima kasih
aplikasi ini sangat bagus bisa membantu banyak orang yang ingin membaca tapi tolong di upgrade lagi fiturnya tadi aku enggak bisa kirim dm padahal sudah coba beberapa kali katanya servernya lagi maintenance,negative,aplikasi bagus bantu orang baca tolong upgrade fiturnya enggak kirim dm coba kali servernya maintenance
revolusi digital,neutral,revolusi digital
nilai plusnya koleksi buku cukup banyak dan pengguna bisa meminjam dan membaca dengan gratis hal yang masih perlu peningkatan dan perbaikan dalam pengalaman membaca belum ada sensor orientasi layar tergantung pada sistem belum bisa tampilan full scren margin atas bawah masih terlalu besar tidak bisa menuju ke halaman tertentu tergantung pada bookmark,positive,nilai plus koleksi buku guna pinjam baca gratis tingkat baik alam baca sensor orientasi layar gantung sistem tampil full scren margin tidak halaman gantung bookmark
baru install deh langsung ingin uninstall enggak lengkap buku yang dipinjam juga file not found terus,positive,install deh langsung uninstall enggak lengkap buku pinjam file found
kesel banget enggak bisa di download,negative,kesel banget enggak download
aplikasinya masih banyak bug kadang suka error saat mau pinjam ebooknya dan juga ebooknya kurang lengkap semoga sih bisa ditambah lagi koleksi bukunya,neutral,aplikasi bug kadang suka error pinjam ebooknya ebooknya lengkap moga sih tambah koleksi buku
bagus sekali memudahkan mencari buku referensinyateringat masa dulu rajin ke perpustakaan untuk membaca sekarang jadi bisa membaca dimanapun tinkatkan terus koleksi buku dan kualitas aplikasinya,positive,bagus mudah cari buku referensinyateringat rajin pustaka baca baca mana tinkatkan koleksi buku kualitas aplikasi
sangat membantu tolong tingkatkan kembali karena ini sangat membantu orang banyak terutama saya yang suka membaca buku,positive,bantu tolong tingkat bantu orang suka baca buku
permisi pertamatama ya sudah sepastinya terima kasih karena dengan adanya ipusnas ini saya selaku pelajar dapat mudah meminjam buku tanpa harus pergi keluar rumah tapi ada satu masukan tentang fitur di aplikasi ini yang saya rasa harus segera diperbaiki agar mempermudah pengguna yaitu algoritma pencariannya algoritma pencariannya masih kurang terkadang buku yang muncul hanya sedikit atau malah buku tentang topik yang lain yang muncul sekian terima kasih,positive,permisi pertamatama ya pasti terima kasih ipusnas ajar mudah pinjam buku pergi rumah masuk fitur aplikasi baik mudah guna algoritma cari algoritma cari terkadang buku muncul buku topik muncul sekian terima kasih
lumayan,negative,lumayan
admin kenapa password saya kok enggak bisa masuk ya sudah reset password yang dikirim dari ipusnas masih enggak bisa juga password tidak sesuai terus,positive,admin password enggak masuk ya reset password kirim ipusnas enggak password tidak sesuai
wajib karena sangat keren aplikasinya btw kalo scroll halaman di dark mode kok lompat ke dark dan white mode,negative,wajib keren aplikasi kalo scroll halaman dark mode lompat dark white mode
koleksi bukunya lumayan banyak tetapi bila buku tersebut populer dan banyak orang ingin meminjamnya buku sulit untuk dipinjam karena stok yang terbatas selain ini aplikasi terkadang tidak berjalan dengan baik sebagaimana mestinya,negative,koleksi buku lumayan buku populer orang pinjam buku sulit pinjam stok batas aplikasi terkadang tidak jalan mesti
bug,neutral,bug
ada beberapa buku yang sudah di pinjam tapi pas mau di baca enggak bisa selalu keluar dari aplikasi itu kenapa ya tolong di cek dong tq,positive,buku pinjam pas baca enggak aplikasi ya tolong cek tq
sudah bagus sebenarnya dengan bisa pinjam buku dan koleksi bukunya di sini cuma kadang masih ada errornya mohon ditingkatka ya biar para pembaca bisa lebih nyaman,positive,bagus pinjam buku koleksi buku kadang errornya mohon ditingkatka ya biar baca nyaman
download button doesnt work after i borrowed the book i cant find how tapi fix itu on the help bar,positive,download button doesnt work borrowed book cant find fix help bar
aplikasi ini membantu banget buat saya yang suka baca buku tapi enggak cukup uang untuk beli buku yang legal walau begitu ada beberapa kekurangan dalam app ini yang masih buat saya kurang nyaman saya berharap banget ada menu request di sini ada beberapa buku yang sering dibutuhkan tapi belum muncul beranda daripada diisi bukubuku enggak jelas lebih baik dimunculkan rekomendasi bacaan sesuai histori peminjaman ada baiknya buku terjemahan dipisah dan dibuat kategori sendiri,negative,aplikasi bantu banget suka baca buku enggak uang beli buku legal kurang app nyaman harap banget menu request buku butuh muncul beranda isi bukubuku enggak muncul rekomendasi baca sesuai histori pinjam baik buku terjemah pisah kategori
bad ui and some trouble when login,negative,bad ui trouble login
aplikasi yang bagus dan sangat memudahkan kami para pelajar yang membutuhkan buku namun ketika hendak membaca buku yang dipinjam mendadak keluar sendiri dan itu terjadi berulang kali ini sangat menganggu padahal internet sangat stabil di sini semoga bisa diperbaiki secepatnya,positive,aplikasi bagus mudah ajar butuh buku baca buku pinjam dadak ulang kali menganggu internet stabil moga baik cepat
ngelag,neutral,ngelag
aplikasinya sering kelogout sendiri pas coba masuk tibatiba email sama password invalid padahal saya yakin sudah benar sudah beberapa kali coba juga waktu pakai forgot password sudah dapat email password baru tetap saja invalid hadeehhh begitu terus selanjutnya tolong ya perbaikannya karena ini mengganggu sekali terima kasih,negative,aplikasi kelogout pas coba masuk tibatiba email password invalid kali coba pakai forgot password email password invalid hadeehhh tolong ya baik ganggu terima kasih
untuk aplikasinya sudah bagus tapi agak lemot misalnya mau upload info untuk bio akun sudah berkali coba tetap lemot untuk koleksi bukunya juga agak kurang lengkap dan malah beberapa ada yang double bukunya padahal bukunya sama jadi mungkin bisa diperbaiki biar lebih bervariasi dan baik untuk kedepannya,negative,aplikasi bagus lot upload info bio akun kali coba lot koleksi buku lengkap double buku buku baik biar variasi depan
baca buku gratis,positive,baca buku gratis
oh iya bisa bikin password sendiri tks min saran lain yang penting banget tolong ada pilihan untuk bikin shelvesrak buku sendiri contoh rak buku toread berisi kumpulan buku yang pengin kita baca tapi enggak sekarang bacanya bisa di drag drop juga urutan bukunya sesuai mana yang mau kita baca duluan atau shelves buat buku sesuai genre dll sesuai kebutuhan kayak di goodreads biar kalo kita menaksir buku enggak harus lngsg didownload sekarang juga biar yang lain yang mau baca sekarang bisa download duluan,neutral,oh iya bikin password tks min saran banget tolong pilih bikin shelvesrak buku contoh rak buku toread isi kumpul buku pengin baca enggak baca drag drop urut buku sesuai baca duluan shelves buku sesuai genre dll sesuai butuh kayak goodreads biar kalo taksir buku enggak lngsg didownload biar baca download duluan
saya tidak bisa download buku yang dipinjam kenapa bisa begitu ya,negative,tidak download buku pinjam ya
suka banget sama aplikasi ini tampilannya simple dan banyak buku yang bagusbagus kurangnya cuma tolong tambahkan fitur untuk menghapus histori karena mau reread buku yang sebelumnya tapi tenggelam ketumpuk histori buku lainnya jadi agak susah untuk scroll dan nemuinnya secara keseluruhan ipusnas selalu lancar saja di hp saya yang jadul ini enggak pernah keluar sendiri atau error dan bahkan notif yang didapat selalu up tapi date,negative,suka banget aplikasi tampil simple buku bagusbagus kurang tolong tambah fitur hapus histori reread buku tenggelam tumpuk histori buku susah scroll nemuinnya ipusnas lancar hp jadul enggak error notif date
aplikasi meminta akses kamera dan modifikasi file sistem hape untuk apa hayo mengaku ini sebenarnya aplikasi spyware ya jangan alasan untuk pengaturan cahaya wong sudah secara otomatis hayo mengaku koleksi buku ipusnas banyak yang radikal ya,positive,aplikasi akses kamera modifikasi file sistem hape hayo aku aplikasi spyware ya alas atur cahaya otomatis hayo aku koleksi buku ipusnas radikal ya
restart terus,neutral,restart
applikasinya tidak bisa di buka di tablet untuk login juga sering masalah harus di tambah fitur lain seperti wishlist,negative,applikasinya tidak buka tablet login fitur wishlist
aplikasi nya sudah bagus dan sangat membantu saya harap kedepannya lebih bagus lagi dengan memperbanyak koleksi bukunya dan mohon diperbaiki lagi sistem antrian peminjaman buku agar lebih ada kejelasan dan jika bisa diperbanyak lagi jumlah bukunya,negative,aplikasi nya bagus bantu harap depan bagus banyak koleksi buku mohon baik sistem antri pinjam buku jelas banyak buku
aplikasi bagus tapi enggak bisa di baca bukunya,negative,aplikasi bagus enggak baca buku
keren aplikasi bangsa yang sangat berfaedah,negative,keren aplikasi bangsa faedah
akuakui semua nya cukup lengkap bukunnya tapi ada big problem is queue jadi bad mood for reading,negative,akuakui nya lengkap bukunnya big problem queue bad mood reading
aplikasi bagus membantu saya mengurangi biaya pembelian buku kekurangan yang saya rasakan setiap membuka buku tampilan di halaman awal walaupun sebelumnya sudah dibaca sampai beberapa halaman semoga lebih baik,negative,aplikasi bagus bantu kurang biaya beli buku kurang rasa buka buku tampil halaman baca halaman moga
lemot banget,negative,lot banget
i like the idea but how di we memakai account for this app because i live on makassar i never went tapi the pusnas on jakarta di we have tapi sign up there,positive,like idea pakai account app live makassar never went pusnas jakarta sign
ipusnas sedang tidak bisa diakses ya kak ada notifikasi unknown error setiap saya buka aplikasi nya jadi saya tidak bisa pinjam buku,negative,ipusnas tidak akses ya kak notifikasi unknown error buka aplikasi nya tidak pinjam buku
sangat bagus aplikasinya tapi tidak nyaman digunakan saat hp saya memakai dark mode saya harap dapat diperbaiki,negative,bagus aplikasi tidak nyaman hp pakai dark mode harap baik
good app i can read many books and save a lot of money but there are still a lot of bug i hope this app can be better improved thank you,neutral,good app read many books save lot money still lot bug hope app better improved thank
login nya lama banget astaga sudah ditinggal menit tetap saja disuruh tunggu menyusahkan banget bagaimana mau lanjutkan tugas kalau disuruh pakai aplikasi kayak begini,negative,login nya banget astaga tinggal menit suruh tunggu susah banget lanjut tugas suruh pakai aplikasi kayak
kagak ada buku materi perkuliahan,negative,kagak buku materi kuliah
halo kenapa foto cover bukunya ngeblur begitu ya bagaimana cara memperbaikinya,positive,halo foto cover buku ngeblur ya baik
nice,positive,nice
wormbook,neutral,wormbook
aplikasi yang bagus tapi buku kebanyakan tidak ada file saat hendak didownload,negative,aplikasi bagus buku banyak tidak file didownload
mungkin sebaiknya penggunaannya bisa lebih simple dari tadi mencoba membaca buku tapi tidak bisa software nya perlu diperbaiki buatlah sesimple mungkin,positive,guna simple coba baca buku tidak software nya baik buat sesimple
makin bagus aplikasinya tinggal stok bukunya saja lebih diperbanyak lagi,negative,bagus aplikasi tinggal stok buku banyak
for god sake jangankan baca buku saya login saja enggak bisa padahal sudah mencoba berulang kali login pakai email apknya ngefreeze pakai facebook disuruh menunggu terus aneh fix dong bagaimana sih,neutral,god sake baca buku login enggak coba ulang kali login pakai email apknya ngefreeze pakai facebook suruh tunggu aneh fix sih
pengin login susah banget lama banget,negative,pengin login susah banget banget
i cant log ini,neutral,cant log
tolong diperbaiki lagi untuk notifikasi ketersediaan buku yang tidak muncul di luar aplikasi percuma ada fitur notifikasi tapi hanya muncul dan bisa dilihat ketika sedang membuka aplikasi saja,negative,tolong baik notifikasi sedia buku tidak muncul aplikasi fitur notifikasi muncul buka aplikasi
kenapa saat sudah di rak buku saya tidak biaa mendownload bukunya sama sekali untuk dibaca,negative,rak buku tidak biaa mendownload buku baca
saya memiliki permasalahan login sebelumnya sudah bisa tapi setelah beberapa hari diminta login lagi tapi tulisannya please wait terus mohon solusinya terima kasih,neutral,milik masalah login login tulis please wait mohon solusi terima kasih
konsepnya dih bagus ya tapi sayangnya di hp saya kok sering ngelag begitu,positive,konsep dih bagus ya sayang hp ngelag
saya enggak bisa login muter terus pleas wait katanya sudah coba closeopen lagi tetap enggak bisa login,positive,enggak login muter pleas wait coba closeopen enggak login
min lengkapin koleksi novel agatha christie dong sama novel karya keigo higashino juga tolong dilengkapi,positive,min lengkapin koleksi novel agatha christie novel karya keigo higashino tolong lengkap
saya terkendala banget soal registrasi akun di ipusnas coba login pakai email password doesnt match karena mungkin belum teregistrasi coba pakai fb waktu pinjem suruh memasuki pas lagi yang akhirnya not match lagi saya sudah ada keanggotaan perpusnas dengan email yang sama digunakan untuk ipusnas tapi disuruh registrasi terus tanpa ada tombol registrasinya agak bingung bintang dulu karena masih belum bisa pakai,negative,kendala banget registrasi akun ipusnas coba login pakai email password doesnt match registrasi coba pakai fb pinjem suruh pasuk pas match anggota perpusnas email ipusnas suruh registrasi tombol registrasi bingung bintang pakai
ribet lama,negative,ribet
pakai email yang sudah terdaftar enggak bisa regis pakai email baru enggak bisa hhhhh,negative,pakai email daftar enggak regis pakai email enggak hhhhh
mohon diperjelas berapa lama jangka waktu maksimal peminjaman ebook saya pinjam sebuah buku masak baru beberapa hari sudah hilang padahal belum selesai baca enggak ada data peminjaman di history pula tolong perbaiki ya terima kasih,positive,mohon jelas jangka maksimal pinjam ebook pinjam buku masak hilang selesai baca enggak data pinjam history tolong baik ya terima kasih
i really appreciate this application please improve the quality again because i dont understand this application yet,negative,really appreciate application please improve quality dont understand application yet
semakin sering dan banyak buku yang tidak bisa dibaca setelah didownload kalau buku dibuka aplikasi otomatis kembali ke home atau tertutup sendiri sayang sekali,negative,buku tidak baca didownload buku buka aplikasi otomatis home tutup sayang
suka sekali dengan aplikasi perpustakaan ini kemarin memang sempat error tetapi sudah diperbaiki eh sekarang error lagi misalnya komentar ini dilihat admin sekalian mau tanya apa ada prosedur yang bisa fasilitasi yang mau donasi ebook misalnya saya ingin beli ebook tertentu tapi ebook langsung masuk ipusnas ini jadi tidak ke saya begitu edit aplikasi sudah oke lagi terima kasih ipusnas,negative,suka aplikasi pustaka kemarin error baik eh error komentar admin prosedur fasilitas donasi ebook beli ebook ebook langsung masuk ipusnas tidak edit aplikasi oke terima kasih ipusnas
baru habis update malah data not found di semua tab profil juga enggak bisa muncul apa gangguan jaringan saya tapi kok buka sosmed lain streaming youtube sama netflix semuanya lancar lancar saja ya pas buka ipusnas enggak ada yang bisa dibuka benar benar data not found tolong dibenerin dong,positive,habis update data found tab profil enggak muncul ganggu jaring buka sosmed streaming youtube netflix lancar lancar ya pas buka ipusnas enggak buka data found tolong dibenerin
sebuah aplikasi yang cukup bagus dan satusatunya yang masih bertahan di hp saya tapi ada hal yang membuat saya frustrasi koleksi buku yang sempat dipinjam sebelumnya memiliki banyak stok buku lalu saat saya hendak meminjam lagi stok buku habis begitu saja apakah ini karena peminjam lupa mengembalikan tapi saat waktu pengembalian sudah habis buku di rak sudah tidak ditemukan sehingga tak bisa dikembalikan kemana stok bukunya pergi mohon untuk diperbaiki segera,negative,aplikasi bagus satusatunya tahan hp frustrasi koleksi buku pinjam milik stok buku pinjam stok buku habis pinjam lupa kembali kembali habis buku rak tidak temu tak kembali mana stok buku pergi mohon baik
bagus tapi tolong katalog sama list buku yang random di home bisa di next jadi bisa lihat rekomendasi yang lainnya,negative,bagus tolong katalog list buku random home next lihat rekomendasi
the concept is good but the execution is bad still well done ipusnas you had tapi hire ui engineer and ux engineer,positive,concept good execution bad still well done ipusnas hire ui engineer ux engineer
apps yang sangat membantu kami di wisma atlet semoga bisa terkoneksi dengan apps peduli lindungi terima kasih pusnas,positive,apps bantu wisma atlet moga koneksi apps peduli lindung terima kasih pusnas
wah keren banget ipusnass hehe aku cinta kalian semoga koleksi buku kiri dan kanan diperbanyak ya min,positive,keren banget ipusnass cinta moga koleksi buku kiri kanan banyak ya min
tolong perbanyak lagi copy bukunya saya sering kehabisan,positive,tolong banyak copy buku habis
saya enggak bisa buka aplikasinya sudah di uninstall terus install lagi sampai kali tetap enggak bisa masih ada bacaan yang belum selesai ini bagaimana ya tolong saya dong,positive,enggak buka aplikasi uninstall install kali enggak baca selesai ya tolong
kenapa bukunya rick riordan enggak lengkap terus harry potter series juga enggak ada padahal kan mau baca,positive,buku rick riordan enggak lengkap harry potter series enggak baca
baru update terus muncul izin buat akses telpon karena saya kira tidak berhubungan dengan keperluan baca maka saya tolak tapi aplikasi tidakbisa dibuka,negative,update muncul izin akses telpon tidak hubung perlu baca tolak aplikasi tidakbisa buka
sok far sok good however i wish this app will be provided by english novel later,positive,sok far sok good however wish app provided english novel later
bisakah masa pinjamnya di perpanjang,positive,pinjam panjang
kadang lama kalo dibuka,positive,kadang kalo buka
tidak bisa buat akun jadi tidak bisa baca apa deh,negative,tidak akun tidak baca deh
bukunya bagus tapi appnya suka ngelag,neutral,buku bagus appnya suka ngelag
night mode enggak berfungsi format pdf jadi enggak bisa diubah font sizenya enggak bisa masuk halaman terakhir yang dibaca jadi bolak balik kudu scroll dari halaman awal user interface jadul dan sering bugging enggak ada fitur search di dalam buku yang sedang dibaca enggak ada fitur lompat ke halaman yang diinginkan sering eror force close sendiri enggak ada buku luar berbahasa inggris,negative,night mode enggak fungsi format pdf enggak ubah font sizenya enggak masuk halaman baca bolak kudu scroll halaman user interface jadul bugging enggak fitur search buku baca enggak fitur lompat halaman eror force close enggak buku bahasa inggris
enggak bisa di download padahal cache sudah dihapus sinyal wifi kencang memori juga sudah plong hp juga sudah di restart tetap enggak bisa di dwnload juga knapa ya,positive,enggak download cache hapus sinyal wifi kencang memori plong hp restart enggak dwnload knapa ya
tidak bisa meminjam buku borrowing book please wait terlalu lama dan tidak selesai edit pakai akun facebook tidak bisa pakai akun gmail bisa,negative,tidak pinjam buku borrowing book please wait tidak selesai edit pakai akun facebook tidak pakai akun gmail
i can read original legal and free book from here best,positive,read original legal free book best
navigasinya berantakan susah di pakai pengkategorian buku malah keluar pejabat hire uiux design lah,negative,navigasi beranta susah pakai kategori buku jabat hire uiux design
aplikasinya sangat membantu namun sejak awal januari hingga sekarang buku yang sudah saya pinjam tidak bisa dibaca aplikasi selalu crash saat saya klik untuk membaca mohon bantuannya terima kasih,negative,aplikasi bantu januari buku pinjam tidak baca aplikasi crash klik baca mohon bantu terima kasih
untuk apa ijin memakai and manage phone call dan akses camerafile media,positive,ijin pakai manage phone call akses camerafile media
tambahkan notifikasi yang muncul di handphone kita agar lebih mudah mengetahui buku sudah tersedia,positive,tambah notifikasi muncul handphone mudah buku sedia
terima kasih atas perbaikan aplikasinya akhirnya bisa ngeread ebook yang dipinjam terima kasih banyak ipusnas jaya selalu,positive,terima kasih baik aplikasi ngeread ebook pinjam terima kasih ipusnas jaya
bisa lah lebih dikembangin lagi saran tambah list antri yang bisa dilihat tambah history bacapencarian nama uploader dimunculkan di buku yang di upload tolong diperbaiki soalnya sering lemot bisa baca buku yang sudah di download walaupun hp enggak menyambung internet,negative,dikembangin saran list antri history bacapencarian nama uploader muncul buku upload tolong baik lot baca buku download hp enggak sambung internet
harry potter just an old series like this they dont have im feeling speechless also why they need tapi change the system setting seems intrusive,neutral,harry potter old series like dont im feeling speechless also need change system setting seems intrusive
gratis sih tapi eror muluu,neutral,gratis sih eror muluu
interface aplikasi masih oldfashioned bukunya tolong dibanyakin copy an nya setidaknya kasih tenggat waktu untuk peminjam agar segera dikembalikan karena banyak yang mau pinjam,negative,interface aplikasi oldfashioned buku tolong dibanyakin copy nya kasih tenggat pinjam kembali pinjam
aplikasi yang sangat membantu bisa membaca dimana saja tanpa harus membawa buku secara fisik memang rasanya lebih asyik baca buku secara langsung oh ya mohon mode gelap disempurnakan lagi sudah diaktifkan tapi belum berfungsi,negative,aplikasi bantu baca mana bawa buku fisik asyik baca buku langsung oh ya mohon mode gelap sempurna aktif fungsi
sama sekali belum aksesibel buat pengguna tunanetra yang pakai screen reader,positive,aksesibel guna tunanetra pakai screen reader
aplikasinya bagus buat yang mau belajar membiasakan diri buat membaca termasuk saya tapi aneh kok beberapa minggu ini saya enggak bisa download bukunya lagi dan tidak bisa membaca buku yang sudah saya download please yang tau mohon bantuannya dong cara mengembalikannya jadi normal,negative,aplikasi bagus ajar biasa baca aneh minggu enggak download buku tidak baca buku download please tau mohon bantu kembali normal
koleksi bukunya sudah banyak namun tolong dikembangkan sistem notifikasinya jangan hanya muncul notif jika appnya dibuka jujur sampai sekarang saya tidak tahu bagaimana caranya akun tertentu bisa meminjam buku dengan antrian yang panjang tanpa notifikasi dari layar hp,negative,koleksi buku tolong kembang sistem notifikasi muncul notif appnya buka jujur tidak akun pinjam buku antri notifikasi layar hp
read anytime anywhere,neutral,read anytime anywhere
aplikasi ini sangat saya rekomendasikan apalagi dalam situasi seperti ini overall aplikasi ini bagus tetapi saya sedikit kerepotan dengan buku yang sudah saya pinjam dan download kalau bisa habis didownload seharusnya bisa dibuka secara offline lewat aplikasinya tapi kadang tidak bisa dibuka dan harus online lagi baru bisa dibaca,negative,aplikasi rekomendasi situasi overall aplikasi bagus kerepot buku pinjam download habis didownload buka offline aplikasi kadang tidak buka online baca
jujur apk nya bagus nyaman tapi kenapa bumi series nya belum lengkap aku kan mau baca,positive,jujur apk nya bagus nyaman bumi series nya lengkap baca
terima kasih responnya sekarang sudah bisa download dan baca,positive,terima kasih responnya download baca
setelah update versi terbaru buku yang dipinjam dan sudah masuk di rak tidak bisa diunduh sudah dicoba melakukan delete lalu reinstall tapi problem tetap sama hal ini tidak terjadi ketika masih menggunakan versi sebelumnya sudah menghubungi dm instagram dan email support ipusnas juga tapi belum ada balasan mohon solusi terkait permasalahan tersebut updated problem solved thanks ipusnas,negative,update versi baru buku pinjam masuk rak tidak unduh coba delete reinstall problem tidak versi hubung dm instagram email support ipusnas balas mohon solusi kait masalah updated problem solved thanks ipusnas
force close di android,negative,force close android
dear perpusnas the app always closed forcely when i want tapi read some book that i borrowed please fix your app asap thank you,neutral,dear perpusnas app always closed forcely want read book borrowed please fix app asap thank
kok enggak bisa di download ya jadi enggak bisa di baca deh bagaimana ya min,positive,enggak download ya enggak baca deh ya min
saya pernah sangat suka dengan aplikasi ini sampai sewaktu saya mau batalkan antrian peminjaman buku laut bercerita dikarenakan yang sering out of stock jatuhnya aplikasi ini malah jadi spam notifikasi dan saya harap developer bisa memperbaiki hal itu,negative,suka aplikasi batal antri pinjam buku laut cerita stock jatuh aplikasi spam notifikasi harap developer baik
update terbaru sudah memperbaiki bug yang membuat tidak bisa membaca di tab xiaomi pad terima kasih,positive,update baru baik bug tidak baca tab xiaomi pad terima kasih
saya suka bagus,neutral,suka bagus
tadinya bisa dibaca dari tablet saya yang osnya android mengapa sekarang tidak bisa didownload bukunya padahal saya sengaja beli tablet baru supaya bisa baca dengan lebih jelas dengan huruf yang besar,negative,baca tablet osnya android tidak didownload buku sengaja beli tablet baca huruf
buku yang dipinjam sudah dapat di unduh dibaca setelah update,positive,buku pinjam unduh baca update
kenapa ya sudah berhasil minjem buku tapi pas mau dibuka malah otomatis keluar dari aplikasinya,positive,ya hasil minjem buku pas buka otomatis aplikasi
setiap saya mau buka buku yang saya pinjam aplikasinya tertutup secara otomatis,negative,buka buku pinjam aplikasi tutup otomatis
sudah berhasil dipinjam tapi enggak bisa di download jadi enggak bisa di baca,positive,hasil pinjam enggak download enggak baca
masih ada beberapa error tapi mengingat manfaatnya besar aku enggak sayang mengasih bintang,positive,error manfaat enggak sayang asih bintang
tidak bisa mendownload buku selama seminggu terakhir semoga bisa segera diperbaiki,negative,tidak mendownload buku minggu moga baik
aplikasi dari pemerintah enggak ada yang beres yang basisnya literasi pun juga low banget kualitasnya sudah diborrow mau baca cuman muncul ikon download ikon download diteken pun enggak ada apanya enggak ada ikon report ketika ada bugerror,negative,aplikasi perintah enggak beres basis literasi low banget kualitas diborrow baca cuman muncul ikon download ikon download teken enggak apa enggak ikon report bugerror
kenapa tiap mau baca buku aplikasinya menutup sendiri,negative,baca buku aplikasi tutup
saya sudah berhasil meminjam dan mengembalikan buku setelah kosong agak lama saya meminjam buku lagi tapi tidak bisa di download sudah berkali unistallinstall ulang tetap enggak berhasilmohon masukannya dari admin untuk mengatasi hal tsbmksh,negative,hasil pinjam kembali buku kosong pinjam buku tidak download kali unistallinstall ulang enggak berhasilmohon masuk admin atas tsbmksh
kok enggak bisa didownload sih bukunya,neutral,enggak didownload sih buku
saya sudah install aplikasi ini sebulan lalu tapi tibatiba beberapa hari ini harian saya sudah tidak bisa download tombol download tidak berfungsi mohon bantuannya agar bisa segera diperbaiki saya install pada samsung galaxy tab si fe android terima kasih,negative,install aplikasi bulan tibatiba hari tidak download tombol download tidak fungsi mohon bantu baik install samsung galaxy tab si fe android terima kasih
sudah bolak balik donlot dan rekues untuk verified via email tapi enggak dapat juga email balasan nya,negative,bolak donlot rekues verified via email enggak email balas nya
beberapa hari ini saya enggak bisa buku buku di ipusnas klik download tapi tidak ada apa bisa dibantu,negative,enggak buku buku ipusnas klik download tidak bantu
setelah update buku tidak bisa didownload,negative,update buku tidak didownload
bukunya bisa dipinjam tapi enggak bisa didownload jadi enggak bisa dibaca,positive,buku pinjam enggak didownload enggak baca
sudah klik pinjam buku yang tersedia namun entah mengapa tibatiba hari ini bukunya tidak muncul tulisan baca hanya tulisan download yang itupun tidak bisa diklik sudah coba install ulang tapi tetap tidak bisa padahal sebelumnya lancar saja baca di ipusnas mana buku yang dipinjam banyak yang antri dan mau baca mohon diperbaiki,negative,klik pinjam buku sedia tibatiba buku tidak muncul tulis baca tulis download itu tidak klik coba install ulang tidak lancar baca ipusnas buku pinjam antri baca mohon baik
bukunya lumayan lengkap kekurangnnya hanya di ui yang kurang rapi,negative,buku lumayan lengkap kekurangnnya ui rapi
error terus tolong diperbaiki dan ditingkatkan agar pengguna merasa nyaman,positive,error tolong baik tingkat guna nyaman
kecewa banget sudah borrowed bukunya tapi enggak bisa di download sudah di pencet berkali tetap enggak bisa di download padahal sudah sesuai prosedur dulu padahal bisa tapi di versi yang sekarang malah error,negative,kecewa banget borrowed buku enggak download pencet kali enggak download sesuai prosedur versi error
ngelag banget ya plis deh gue pengin belajar saja kok begini,positive,ngelag banget ya plis deh pengin ajar
i like this app baca buku gratis tapi beberapa hari ini lagi error ya bukunya berhasil dipinjam tapi enggak bisa di download,positive,like app baca buku gratis error ya buku hasil pinjam enggak download
sebenarnya sudah bagus ya niatnya biar makin banyak orang bisa baca buku gratis tapi tolong terus ditingkatkan lagi ya kualitas performa aplikasinya dikit eror dikit eror tuh juga bikin sedih huhu apalagi kalo benar lagi pengin baca buku,negative,bagus ya niat biar orang baca buku gratis tolong tingkat ya kualitas performa aplikasi dikit eror dikit eror tuh bikin sedih huhu kalo pengin baca buku
setiap mau buka buku yang di pinjam selalu keluar tiba tiba mohon bantuannya,negative,buka buku pinjam mohon bantu
bukunya enggak bisa di download,neutral,buku enggak download
such a good application tapi bukunya antri terus kalau mau minjem pasti stoknya habis padahal sudah sering dipantengin tetap saja enggak kedapatan tolong dong stok nya ditambah lagi,positive,good application buku antri minjem stok habis dipantengin enggak dapat tolong stok nya tambah
saya baru selesai membaca buku dibuku ke saat saya sudah berhasil meminjam buku tapi buku tersebut tidak bisa di download saya coba buku ke persis seperti kejadian dibuku ke bisa bantu saya min,negative,selesai baca buku buku hasil pinjam buku buku tidak download coba buku persis jadi buku bantu min
tidak bisa baca di android,negative,tidak baca android
aplikasinya memang sedang error atau bagaimana ya kenapa setiap pinjam buku sekarang bukunya enggak bisa langsung di download,negative,aplikasi error ya pinjam buku buku enggak langsung download
awalnya okeoke saja tapi tibatiba buku di rak menghilang enggak lama enggak bisa download padahal buku sudah di rak karena kelamaan di rak akhirnya hilang lagi begitu saja terus please fix this issue,negative,okeoke tibatiba buku rak hilang enggak enggak download buku rak rak hilang please fix issue
kenapa sekarang app ini tidak bisa digunakan setelah kita meminjam harusnya dapat di download tetapi kenapa tombol downloadnya tidak bisa di klik sehingga mengakibatkan saya tidak bisa membaca buku tersebut tolong dibantu solusinya terimakasih,negative,app tidak pinjam download tombol downloadnya tidak klik akibat tidak baca buku tolong bantu solusi terimakasih
kenapa sudah seminggu ini forced close terus ya ada masalah apa bukunya keburu habis masa pinjamnya nih tks,negative,minggu forced close ya buku keburu habis pinjam nih tks
error ya dari kemarin nungguiiiinnn mau baca error huhu tapi exp nya terus berjalan bagaimana ya,neutral,error ya kemarin nungguiiiinnn baca error huhu exp nya jalan ya
menggunakan aplikasi ini mudah dan bermanfaat namun mengapa sejak januari hingga januari ini buku yang dipinjam tidak bisa di download ya terima kasih,positive,aplikasi mudah manfaat januari januari buku pinjam tidak download ya terima kasih
enggak bisa pencet download,negative,enggak pencet download
the concept of this app was good tapi create inclusive access for every person tapi read books but the app is bad the app close forcely everytime i try tapi read the book that i borrowed the app looks outdate if compare tapi another app try tapi fix your bug please,negative,concept app good create inclusive access every person read books app bad app close forcely everytime try read book borrowed app looks outdate compare another app try fix bug please
please upgrade the apss,negative,please upgrade apss
ganti hp dengan os android setelah pinjam buku tidak bisa didownload telah menggunakan app ini hampir tahun sebelumnya tidak ada masalah terimakasih,negative,ganti hp os android pinjam buku tidak didownload app tidak terimakasih
bukunya lebih lengkap daripada apk lain cuma sayang suka keexit sendiri,positive,buku lengkap apk sayang suka keexit
sudah pakai aplikasi ini lebih dari tahun jarang ada masalah tapi sudah hari ini setiap buku yang dipinjam semuanya tidak bisa didownload jadi peminjaman berhasil tapi tidak bisa dibaca karena tidak bisa di download ini kenapa ya,negative,pakai aplikasi jarang buku pinjam tidak didownload pinjam hasil tidak baca tidak download ya
sudah borrow tapi enggak bisa di download buku apapun,negative,borrow enggak download buku apa
terakhir pakai enggak bisa download buku yang dipinjam kitim email ke support enggak dibalas,positive,pakai enggak download buku pinjam kitim email support enggak balas
bagus sih bukunya juga lumayan lengkap tapi dari kemarin enggak bisa download buku,negative,bagus sih buku lumayan lengkap kemarin enggak download buku
saat mau baca selalu force close,neutral,baca force close
sebenarnya ipusnas bantu banget buat yang mau baca buku gratis dan legal bukunya juga bisa dibilang lengkap perkara harus antri sih menurutku enggak masalah ya toh juga gratis tapi sudah empat hari ini ipusnas anehh masa buku yang sudah dipinjem enggak bisa didownload jadinya enggak bisa dibuka sudah di reinstall tiga kali juga sama saja,positive,ipusnas bantu banget baca buku gratis legal buku bilang lengkap perkara antri sih turut enggak ya gratis ipusnas anehh buku dipinjem enggak didownload enggak buka reinstall kali
using this app because my friend give a recommendations and i try create account then i borrow a book after that i want tapi open that book but i cant cause everytime i click this app just doing force close again and again i dont know because my phone doesnt compatible orang something else im using redmi note pro thank you,negative,using app friend give recommendations try create account borrow book want open book cant cause everytime click app force close dont know phone doesnt compatible orang something else im using redmi note pro thank
bagus sih sebenarnya aplikasi ini cuman kenapa ya dari kemarin buku yang saya pinjam tak bisa di download sehingga tidak bisa dibaca mohon perbaikannya segera,negative,bagus sih aplikasi cuman ya kemarin buku pinjam tak download tidak baca mohon baik
tidak ramah,negative,tidak ramah
awalnya lancar dan sangat baik tapi kemudian buku yang dipinjam dan sudah download harus download ulang dan tidak merespon,neutral,lancar buku pinjam download download ulang tidak merespon
my downloaded book is suddenly gone i cant download book anymore i dont know why,negative,downloaded book suddenly gone cant download book anymore dont know
bintang karena setelah update buku yang dipinjam tidak bisa didownload tolong diperbaiki ya nanti reviewnya diubah kalau sudah membaik,positive,bintang update buku pinjam tidak didownload tolong baik ya reviewnya ubah baik
kenapa ya buku yang berhasil dipinjam tidak bisa di download untuk dibaca ada yang salah kah,neutral,ya buku hasil pinjam tidak download baca salah kah
buku yang sudah dipinjam tidak bisa dibaca saat klik buku laman crash dan kembali ke home mohon diperbaiki masalah ini,negative,buku pinjam tidak baca klik buku laman crash home mohon baik
ipusnasku enggak bisa dipakai buat membaca habis di pinjam pas mau dibaca kok langsung keluar sih aplikasinya,positive,ipusnasku enggak pakai baca habis pinjam pas baca langsung sih aplikasi
kak kok habis diupdate kok malah enggak bisa download buku yang dipinjam sih kak tolong diperbaiki ya saya lagi suka baca di ipusnas nih,positive,kak habis diupdate enggak download buku pinjam sih kak tolong baik ya suka baca ipusnas nih
makin hari pengguna makin banyak tapi stock bukunya sama saja malah ada yang sampai antriannya ribuan tapi buku cuma an bagaimana ini,positive,guna stock buku antri ribu buku
tambah mode baca pakai tombol volume bisa mode diperbesar kalau gambar atau apapun itu dan mode baca kasih info kalo deh lebih berapa hari enggak dibalikin bukunya bakal otomatis balik ke perpus lagi kalau kita sudah cari buku di pencarian ada recent activity searchnya fokus saja ke uiux yang baik untuk pembaca bagaimana enggak usah jadi ada note segala following dan followers,neutral,mode baca pakai tombol volume mode besar gambar apa mode baca kasih info kalo deh enggak dibalikin buku otomatis pus cari buku cari recent activity searchnya fokus uiux baca enggak note following followers
kolom pencarian buku tidak bisa digunakan,negative,kolom cari buku tidak
kenapa ya fitur forgot passwordnya enggak ada yang guide di websitenya juga enggak jelas tolong diperbaiki lagi,positive,ya fitur forgot passwordnya enggak guide websitenya enggak tolong baik
aplikasi keluar paksa ebuku sangat sedikit,negative,aplikasi paksa ebuku
sangat membantu mendapatkan dan membaca buku baru,positive,bantu baca buku
jujur bagus banget tapi pls tambahkan dong koleksi bukunya,positive,jujur bagus banget pls tambah koleksi buku
aplikasi ini enggak bakalan berkembang kan enggak ada prbhan dari dulu hingga sekarang dan segala fitur serba terbatas ganti saja nih orang yang btngung jawab atas aplikasi ini,negative,aplikasi enggak kembang enggak prbhan fitur serba batas ganti nih orang btngung aplikasi
tolong perbanyak variasi koleksi bukunya,positive,tolong banyak variasi koleksi buku
buku tidak bisa dibaca aplikasi force close saat akan membuka buku yang sudah berhasil dipinjam,negative,buku tidak baca aplikasi force close buka buku hasil pinjam
please ada dark theme,negative,please dark theme
dari pada log ini pakai alternatif facebook kenapa tidak ada log ini menggunakan nomor anggota saja,negative,log pakai alternatif facebook tidak log nomor anggota
kenapa waktu meminjam aplikasinya malah force close ya,negative,pinjam aplikasi force close ya
halo aku baru beberapa hari ini download ipusnas aplikasinya bagus menyediakan banyak banget buku buat kita baca tapi kalau boleh saran tolong menambah fitur notifikasi kalau buku yang masuk wishlist sudah tersedia jadi biar enggak keduluan terus hehe terima kasih banyak,positive,halo download ipusnas aplikasi bagus sedia banget buku baca saran tolong tambah fitur notifikasi buku masuk wishlist sedia biar enggak keduluan terima kasih
amazing,neutral,amazing
notifikasi tidak muncul di popup sehingga sering ketinggalan info ketersediaan buku kelewatan sedikit padahal bentuk sudah digital kenapa tidak diperbanyak copynya sehingga orangorang juga bisa membacanya tanpa perlu mengantri berabadabad,negative,notifikasi tidak muncul popup tinggal info sedia buku lewat bentuk digital tidak banyak copynya orangorang baca antri berabadabad
saran untuk pengembangan aplikasi karena buku akan otomatis hilang dari rak peminjaman jika tidak di kembalikan sebaiknya ada riwayat peminjaman buku karena saat menemukan buku bagus orang tidak bisa langsung menbaca karena kesibukan atau hal lain saat mau membaca lagi buku sudah hilang tapi lupa judul buku tersebut semoga saran saya dapat terealisasi di masa depan,negative,saran kembang aplikasi buku otomatis hilang rak pinjam tidak kembali riwayat pinjam buku temu buku bagus orang tidak langsung menbaca sibuk baca buku hilang lupa judul buku moga saran realisasi
aplikasi yang sangat bagus untuk menambah wawasan sedikit saran entah apakah kondisi yang saya jelaskan berikut merupakan prosedur standar atau suatu error saat saya sudah daftar email lalu registrasi lalu verifikasi email saat mau meminjam buku semua tahapan sukses dan bisa membaca buku tapi saat jam kemudian ingin mengakses kembali aplikasi meminta verifikasi email ulang mungkin bagian tersebut agak mengganggu akan tetapi saya sangat mengapresiasi kerja keras perpustakaan nasional ini good luck,negative,aplikasi bagus tambah wawas saran kondisi prosedur standar error daftar email registrasi verifikasi email pinjam buku tahap sukses baca buku jam akses aplikasi verifikasi email ulang ganggu apresiasi kerja keras pustaka nasional good luck
tolong admin mohon diperbaiki lagi semua buku tidak bisa dipinjam kesalahan server dari kemarin buat yang mau baca buku kesel terimakasih sudah diperbaiki jadi tambah bagus terimakasih,positive,tolong admin mohon baik buku tidak pinjam salah server kemarin baca buku kesel terimakasih baik bagus terimakasih
apa gunanya ada aplikasi yang klaimnya bisa baca buku online dimana saja tapi kenyataannya buat baca buku lewat app saja harus antre ribu orang,positive,guna aplikasi klaim baca buku online mana nyata baca buku app antre ribu orang
setelah return book pasti selalu freeze atau loading lama coba untuk reopen aplikasinya openingnya lama banget mohon diperbaiki ya tim itu support,positive,return book freeze loading coba reopen aplikasi openingnya banget mohon baik ya tim support
halo min untuk aplikasinya bagus bukunya juga oke tapi boleh enggak untuk jumlah bukunya diperbanyak karena saya ingin pinjam suatu buku tapi selalu penuh selain itu ada beberapa buku yang saya cari tidak ada mungkin bisa dijadikan masukan agar jumlah bukunya semakin bervariasi jujur harga bukunya mahal jadi aplikasi ini sangat membantu sekali bagi yang low budget,negative,halo min aplikasi bagus buku oke enggak buku banyak pinjam buku penuh buku cari tidak jadi masuk buku variasi jujur harga buku mahal aplikasi bantu low budget
i cannot install ini my a samsung,neutral,install samsung
beberapa hari ini koneksi error terus,negative,koneksi error
tolong tambahkan pilihan buku popular kurang popular kemudian pilihan untuk banyak dipinjam dan sedikit dipinjam,neutral,tolong tambah pilih buku popular popular pilih pinjam pinjam
first time using this application and turned out tapi be very bad beyond expectations the application theme is unstable when reading and hurt the eyes,negative,first time using application turned bad beyond expectations application theme unstable reading hurt eyes
baru install start tapi langsung uninstall maaf bukan tidak mendukung tapi apps meminta permission yang rasanya enggak perlu permission buat rubah syatem config,negative,install start langsung uninstall maaf bukan tidak dukung apps permission enggak permission rubah syatem config
min usul min banyak buku yang kurang laku copynya buku yang laku juga sama copy tolong di sortir buku yang laku tolong di tambah copynya terutama buku motivasi thx min,positive,min usul min buku laku copynya buku laku copy tolong sortir buku laku tolong copynya buku motivasi thx min
sangat bermanfaat dan user friendly tolong tingkatkan lagi agar bisa landscape di tablet android,positive,manfaat user friendly tolong tingkat landscape tablet android
great app tapi yang versi desktop error dari kemarin bisa login tapi enggak bisa ngeload buku tampilannya blank saja hope itu gets sorted soon,negative,great app versi desktop error kemarin login enggak ngeload buku tampil blank hope gets sorted soon
its a great app for bookworm haha well even tho sometimes the server error,negative,great app bookworm well even tho sometimes server error
bermasalah,negative,masalah
kenapa ya setiap kali saya mau baca buku malah force close dipencet langsung keluar sendiri dari aplikasi saya jadi tidak bisa membaca mohon segera diperbaiki ya,positive,ya kali baca buku force close pencet langsung aplikasi tidak baca mohon baik ya
worst app cant read a single book here after i borrow them always force close,positive,worst app cant read single book borrow always force close
sering banget error gajelassss kzl,negative,banget error gajelassss kzl
aplikasi ipusnas sering ngebug kadang susah dibuka setelah buka aplikasi hanya muncul cover judul aplikasi ipusnas dan tidak berhenti loading mohon diperbaiki terima kasih,negative,aplikasi ipusnas ngebug kadang susah buka buka aplikasi muncul cover judul aplikasi ipusnas tidak henti loading mohon baik terima kasih
loading lama proses log ini juga dipersulit,positive,loading proses log sulit
always loading,neutral,always loading
please bugnya banyak banget tolongggg kalau mau dijelasin disebut juga banyak banget sampai bingung,negative,please bugnya banget tolongggg dijelasin banget bingung
desain interface app kuno sekali dan terkesan asal jadi dalam mendesain kurang informatif dan enggak user friendly sistem pencarian kurang detail terlalu banyak bug dan error loading juga lama sekali padahal koneksi internet saya lancar sistem limit copy sangat menyusahkan padahal digital loh kenapa enggak limit waktu peminjaman saja daripada sistem kuota begini tidak bisa ubah font size terlalu kecil fontnya,negative,desain interface app kuno kes desain informatif enggak user friendly sistem cari detail bug error loading koneksi internet lancar sistem limit copy susah digital enggak limit pinjam sistem kuota tidak ubah font size fontnya
masuk ke aplikasinya lama banget proses nya lemot,negative,masuk aplikasi banget proses nya lot
stuck di present page perlu maintaince lagi,positive,stuck present page maintaince
sangat bermanfaat untuk membaca buku gratis terdapat banyak koleksi judul yang menarik baik judul baru maupun klasik namun jumlah copy yang dapat dipinjam sangat sedikit dibandingkan jumlah peminjaman kemudian user experience aplikasi sangat buruk terkadang aplikasi loading sangat lama dan logout dengan sendirinya akan lebih baik untuk aplikasi ini diperbaiki agar aplikasi dapat lebih bermanfaat dan mudah digunakan,positive,manfaat baca buku gratis koleksi judul tarik judul klasik copy pinjam banding pinjam user experience aplikasi buruk terkadang aplikasi loading logout aplikasi baik aplikasi manfaat mudah
buku semakin lengkap tapi alangkah lebih baik kalau di halaman awal dimunculkan judul buku yang genrenya sesuai dengan apa yang pernah dibaca oleh user seringkali buku yang di halaman awal selalu judul random yang kurang menarik,positive,buku lengkap alangkah halaman muncul judul buku genre sesuai baca user seringkali buku halaman judul random tarik
error epusnas keeps stoping,negative,error epusnas keeps stoping
hope that more new books will be avilable soon,neutral,hope new books avilable soon
been using this app for almost years tapi get references for my campuss tasks but now i coulnt even login by using my facebook account anymore please fix this issue asap thank you,positive,using app almost years get references campuss tasks coulnt even login using facebook account anymore please fix issue asap thank
masih kurang lengkap bukunya tambahkan lagi bukubuku ilmu pengetahuan islam seperti fiqih tafsir hukum dll,positive,lengkap buku tambah bukubuku ilmu tahu islam fiqih tafsir hukum dll
i cant even sih the content after clicking the app itu just shows the opening screen without processing any further content,neutral,cant even sih content clicking app shows opening screen without processing content
great app please ada pop up notifications when a book is available,positive,great app please pop notifications book available
inovasinya oke mau baca buku enggak harus beli bisa kapanpun alternatif buku juga banyak walaupun masih banyak penulis populer yang bukunya belum saya temui jumlah buku dari setiap judul lumayan banyak tapi terasa kurang untuk beberapa buku laris jadi harus antri lama dan enggak jelas sistematika antriannya bagaimana overall masih enggak user friendly masih harus tap tombol back berulangulang setelah pencarian banyak buku aplikasinya juga masih sering hang semoga bisa lebih baik lagi,positive,inovasi oke baca buku enggak beli alternatif buku tulis populer buku temu buku judul lumayan buku laris antri enggak sistematika antri overall enggak user friendly tap tombol back berulangulang cari buku aplikasi hang moga
aplikasi perpustakaan digital terbaik,positive,aplikasi pustaka digital baik
ngebug terus,neutral,ngebug
kenapa ipusnas meminta akses ke system settings storage dan camera itu bukannya enggak dibutuhin pernah download ipusnas di desktop tapi ternyata itu virus pas di download saya jadk harus restart laptopnya hanya untuk virusnya lepas dari laptopnya ini kalian kenapa meminta akses yang enggak dibutuhin dan kenapa ini virus di desktop saya ada bukti kalau ini virus di desktop,positive,ipusnas akses system settings storage camera enggak dibutuhin download ipusnas desktop virus pas download jadk restart laptop virus lepas laptop akses enggak dibutuhin virus desktop bukti virus desktop
saya sudah sekian puluh kali mencoba login dan registrasi tapi jawaban aplikasi ini tetap sama kalau sandi saya salah akibat aplikasi ini saya perlu mengubah kata sandi bahkan saat diganti pun masih menunjukkan gejala yang sama sok disappointed experience,negative,sekian puluh kali coba login registrasi aplikasi sandi salah akibat aplikasi ubah sandi ganti gejala sok disappointed experience
dengan adanya ipusnas ini sangat membantu bagi para pembaca untuk membaca buku dimana saja dan kapan saja terutama secara gratis saya sangat senang bisa membaca buku melalui ipusnas ini meski tidak semua buku yang saya cari tersedia untuk kedepannya mungkin bisa menambahkan lebih banyak buku lagi juga bukubuku terjemahan,positive,ipusnas bantu baca baca buku mana gratis senang baca buku ipusnas tidak buku cari sedia depan buku bukubuku terjemah
perpustakaan yang amburadul tidak tertata semua kategori isinya hampir ada buku agama,negative,pustaka amburadul tidak tata kategori isi buku agama
network timeout ketika loading buku padahal koneksi buat streaming saja lancar mohon dibenahi karena sepertinya banyak juga pengguna yang memiliki keluhan serupa terimakasih edit sudah diperbaiki all good,positive,network timeout loading buku koneksi streaming lancar mohon benah guna milik keluh terimakasih edit baik good
improvement needs tapi be made here and there but overall its a great app tapi memakai books more accessible hopefully itu promotes reading culture ini indonesia thank you ipusnas,positive,improvement needs made overall great app pakai books accessible hopefully promotes reading culture indonesia thank ipusnas
susah banget makenyamau login susah mau daftar akun enggak tau dimana menunya,negative,susah banget makenyamau login susah daftar akun enggak tau mana menu
koleksi bukunya tolong dilengkapi dong,positive,koleksi buku tolong lengkap
mantap ini baru mencerdaskan jehiduoan bangsa semoga anak bangsa semakin gemar membaca dengan adanyabaplikasi ini cuma banyaknorg belum tau ada perpus digital mantab deh pokoknya terimakasih banyak developer anda layak dapat bintang,positive,mantap cerdas jehiduoan bangsa moga anak bangsa gemar baca adanyabaplikasi banyaknorg tau pus digital mantab deh pokok terimakasih developer layak bintang
aplikasinya sudah sangat bagus tapi masih ada kekurangan di versi terbaru loadingnya terlalu lama bisa sampai menit meskipun koneksi internet bagus,negative,aplikasi bagus kurang versi baru loadingnya menit koneksi internet bagus
aplikasinya bagus tapi sering sekali error padahal internet saya bagus tetapi sulit sekali jika mau pinjam buku saat sudah bisa meminjam buku dan mau membaca malah tombol read tidak bisa merespon file buku jadi tidak bisa terbuka loadingnya juga sangat lama setelah itu malah muncul internet server error mengoperasikan aplikasi ini di laptop jauh lebih susah daripada di handphone saya berharap kualitas aplikasinya diperbaiki,negative,aplikasi bagus error internet bagus sulit pinjam buku pinjam buku baca tombol read tidak merespon file buku tidak buka loadingnya muncul internet server error operasi aplikasi laptop susah handphone harap kualitas aplikasi baik
this is an excellent app a great place tapi read tons and tons of booksnovels i seriously cant believe its for free personally i would be honoured if you ada a feature ini which we could delete our history fitur menghapus histori since im tryna memakai my profile much more appealing oh also maybe making the notifications visible overall its fantastic ill continue tapi look forward for some future updates,neutral,excellent app great place read tons tons booksnovels seriously cant believe free personally would honoured feature could delete history fitur hapus histori since im tryna pakai profile much appealing oh also maybe making notifications visible overall fantastic ill continue look forward future updates
aplikasinya sangat berguna di masa sekarang tetapi sebaiknya adakan fitur baca dan pinjam bukan hanya sekedar pinjam dengan adanya fitur baca maka user tidak harus mengantri meminjam yang boleh jadi sebenarnya bahan tidak ada pada buku jadi sia meminjam dengan antrian bisa selektif untuk mencari baca dan pinjam buku yang diperlukam tanpa harus mengantri panjang,negative,aplikasi guna adakan fitur baca pinjam bukan dar pinjam fitur baca user tidak antri pinjam bahan tidak buku sia pinjam antri selektif cari baca pinjam buku diperlukam antri
great apps eva,positive,great apps eva
errorudh berhasil register di suruh register lagi,positive,errorudh hasil register suruh register
padahal bagus suka banget tapi sudah enggak bisa berfungsi versi android maupun versi windows,positive,bagus suka banget enggak fungsi versi android versi windows
saya puas dengan adanya aplikasi ini tapi mungkin bisa lebih update lagi buku terbitan terbaru terlebih di kategori desain komunikasi visual,positive,puas aplikasi update buku terbit baru kategori desain komunikasi visual
this application ask permission for write tapi system setting,neutral,application ask permission write system setting
notifikasi dari aplikasi enggak pernah masuk jadi kalau buka aplikasinya baru ketahuan kalau ada notifikasi masuk,negative,notifikasi aplikasi enggak masuk buka aplikasi tahu notifikasi masuk
i recommend this app very nice,positive,recommend app nice
sejauh ini sudah bagustapi sayang saat scroll suka ngulang ke awaltolong di perbaiki,positive,bagustapi sayang scroll suka ngulang awaltolong baik
bad,negative,bad
great app semakin ke sini makin bagus peningkatannya bisa baca secara offline juga enggak mesti online terus berharap ke depannya fitur wishlist nya ada enggak cuma buat yang queue list saja,positive,great app bagus tingkat baca offline enggak mesti online harap depan fitur wishlist nya enggak queue list
terakhir download kgk bisa login,negative,download kgk login
kesan pertama bagus,negative,kesan bagus
aplikasiny sangat bagus sekalisedikit saran mungkin bisa ditambahkan search di halaman saat membaca,negative,aplikasiny bagus sekalisedikit saran search halaman baca
senang banget nemu app ini jadi bisa baca buku gratis dan legal tentunya secara umum aplikasinya bagus simple dan mudah dipakai untuk saran mungkin bisa tambah fitur sortir berdasarkan abjad di koleksi bukunya dan tambah fitur wishlist untuk menandai buku yang mau dibaca di kemudian hari,positive,senang banget nemu app baca buku gratis legal aplikasi bagus simple mudah pakai saran fitur sortir dasar abjad koleksi buku fitur wishlist tanda buku baca
ini adalah aplikasi yang sangat membantu kalau mau cari buku bacaan tanpa harus ke perpustakaan kita bisa meminjam buku dalam bentuk ebook bacanya tidak harus di smartphone tapi bisa di perangkat komputer ataupun tablet senyaman kita saja cara membaca ebooknya terima kasih ipusnas membantu banget aplikasi ini,positive,aplikasi bantu cari buku baca pustaka pinjam buku bentuk ebook baca tidak smartphone perangkat komputer tablet nyaman baca ebooknya terima kasih ipusnas bantu banget aplikasi
setiap mau buka buku yang dipinjam selalu crash ada solusi,negative,buka buku pinjam crash solusi
kenapa fitur searchnya enggak bisa menampilkan buk yang sedang dicari biasanya bisa dan muncul list beberapa buku sejenis apabila buku yang dicari belum tersedia,negative,fitur searchnya enggak tampil buk cari muncul list buku jenis buku cari sedia
thank lu for this good app there are sok many collections im very grateful tapi find this app hope there will be sok many people ini the future you cant believe its free guys no ads and no plagiarism lu dont have tapi download any kind of books illegally for developer im very pleased if lu ada some feature for better experince such as dark time font option finding pageoption etc i dont get any notification about the available books sok please fixs itu sok far itu is a good app,positive,thank good app sok many collections im grateful find app hope sok many people future cant believe free guys ads plagiarism dont download kind books illegally developer im pleased feature better experince dark time font option finding pageoption etc dont get notification available books sok please fixs sok far good app
eror please fix itu,negative,eror please fix
terima kasih sudah meluncurkan aplikasi ini tapi ada sedikit catatan jika ditambahkan fitu untuk mencari buku berdasarkan judul buku akan sangat membantu sekali karena sampai saat ini mencari buku hanya bisa berdasarkan kategori saja dan perlu waktu lama mencari satu judul buku yang diinginkan,negative,terima kasih luncur aplikasi catat fitu cari buku dasar judul buku bantu cari buku dasar kategori cari judul buku
sangat membantu,negative,bantu
aplikasinya keren senang sekali bisa meminjam buku gratis di perpustakaan nasional,positive,aplikasi keren senang pinjam buku gratis pustaka nasional
ipusnas is the definition of a little piece of heaven especially for book nerds i found a lot of books that i didnt know i needed until i read them on ipusnas thank you tapi whoever invented ipusnas just a bit suggestion itd be super great if ipusnas has wishlist feature sok we can easily find the books we wish tapi read anytime without having tapi search them again thanks,positive,ipusnas definition little piece heaven especially book nerds found lot books didnt know needed read ipusnas thank whoever invented ipusnas bit suggestion itd super great ipusnas wishlist feature sok easily find books wish read anytime without search thanks
habis diupdate malah error,negative,habis diupdate error
sekarang ini tidak bisa login dan aplikasi sering error tiba nutup sendiri untuk peminjaman buku di waiting list kurang ada kejelasan kapan buku tersebut dipinjam dan bagaimana antriannya,negative,tidak login aplikasi error nutup pinjam buku waiting list jelas buku pinjam antri
susah login loading nya lama pula padahal internet saya baik dan aplikasi lain juga lancar perlu diperbaiki lagi ya aplikasi nya biar mudah diakses,neutral,susah login loading nya internet aplikasi lancar baik ya aplikasi nya biar mudah akses
luar biasa,neutral,
kenapa appnya keluar terus ya tiap buka buku kalo cuma searching sama minjem lancar saja,positive,appnya ya buka buku kalo searching minjem lancar
tolong benerin lagi biar enggak slow terus walau jaringan baik pun slow dan gagal terus kalau mau minjem buku,neutral,tolong benerin biar enggak slow jaring slow gagal minjem buku
bagus tolong tingkatkan lagi,neutral,bagus tolong tingkat
always stopping for no reason and i cant borrow its sok sad,negative,always stopping reason cant borrow sok sad
kadang suka keluar sendiri tapi masih bisa ditoleransi sih karena enggak terlalu sering apalagi mengingat banyak sekali koleksi bukunya dan tiap hari bertambah terus,positive,kadang suka toleransi sih enggak koleksi buku tambah
semoga cepat ditingkatkan lagi fitur di appnya,positive,moga cepat tingkat fitur appnya
masyaallah tabarakallah bagus banget ebook gratisnya lengkap wajib download terima kasih banyak ipusnas semoga ke depannya lebih baik lagi,positive,masyaallah tabarakallah bagus banget ebook gratis lengkap wajib download terima kasih ipusnas moga depan
mohon dilengkapi lagi dong koleksinya,neutral,mohon lengkap koleksi
bukunya kerenkeren tapi masya allah filternya susah banget developer tolong dong kasih filter buat buku populer begitu atau filter minat deh ini mau mencari buku berasa menunggu wahyu dari tuhan menunggu semesta yang menentukan isi buku di rekomendasi kebanyakan bukubuku yang benaran bukan minatku sedih betul mungkin biar dibaca ya tapi malah bikin malas baca wey,positive,buku kerenkeren masya allah filter susah banget developer tolong kasih filter buku populer filter minat deh cari buku asa tunggu wahyu tuhan tunggu semesta tentu isi buku rekomendasi banyak bukubuku benar bukan minat sedih biar baca ya bikin malas baca wey
justru buku animal farm nya sedang saya pinjam setiap kali mau dibaca aplikasi ipusnasnya crash dan tertutup sendiri ketika mau membaca buku lost symbol karya dan brown juga sama tapi jika saya membaca buku inferno karya dan brown bisa langsung terbuka bisa dicheck ada masalah apa dengan animal farm dan lost symbol yang mengakibatkan aplikasi ipusnas crash saya sudah coba dengan tablet saya sama kejadiannya thanks,negative,buku animal farm nya pinjam kali baca aplikasi ipusnasnya crash tutup baca buku lost symbol karya brown baca buku inferno karya brown langsung buka dicheck animal farm lost symbol akibat aplikasi ipusnas crash coba tablet jadi thanks
lelet,neutral,lelet
belum coba aplikasinya karena saya deny permission untuk akses storage phone dan camera apakah ada alasan mengapa tidak bisa buka aplikasinya kalau menolak permintaan tersebut mengapa tidak dibuat tetap bisa membuka aplikasi tetapi ada fiturfitur yang dibatasi saya pribadi tidak terlalu suka dengan aplikasi yang meminta banyak izin apakah ada jaminan bahwa data saya tidak akan bocordisalahgunakan terimakasih,negative,coba aplikasi deny permission akses storage phone camera alas tidak buka aplikasi tolak minta tidak buka aplikasi fiturfitur batas pribadi tidak suka aplikasi izin jamin data tidak bocordisalahgunakan terimakasih
app bekerja dengan baik hanya saja interface dan kompatibilitas device perlu ditingkatkan jika membandingkan dengan negara tetangga atau perpustakaan sekolah swasta yang sudah menggunakan overdrive app ini terlihat sangat usang dan apak perlu dipertimbangkan menggunakan overdrive untuk layanan perpustakaan digital,positive,app interface kompatibilitas device tingkat banding negara tetangga pustaka sekolah swasta overdrive app usang apak timbang overdrive layan pustaka digital
saya enggan untuk menggunakan aplikasi ini setelah melihat banyak permission yang harus diaktifkan hanya untuk menjalankannya jika memang permission tersebut hanya dibutuhkan untuk menjalankan suatu fitur akan lebih baik apabila hanya fitur tersebut saja yang tidak dapat berjalan salam literasi,negative,enggan aplikasi permission aktif jalan permission butuh jalan fitur fitur tidak jalan salam literasi
terimakasihmohon update buku umum,neutral,terimakasihmohon update buku
aplikasi yang sangat bagus dan berguna semangat terus bagi developer untuk melakukan upgrade yang dibutuhkan agar pengguna semakin nyaman menggunakan aplikasi ini,negative,aplikasi bagus guna semangat developer upgrade butuh guna nyaman aplikasi
beberapa hari kemarin aplikasinya maintenance saya bukan cuma sekali mengalami ini tapi sudah beberapa kali meski tidak rutin intensitasnya pengguna lain pun mengalami hal demikian ya untuk darkmode itu memang tidak berfungsi atau hanya bisa berfungsi pada beberapa jenis perangkat yang sistemnya mendukung darkmode saja ipusnas semoga kedepannya lebih baik lagi ya sebab saya benarbenar dukung aplikasi ini semangat,negative,kemarin aplikasi maintenance bukan alami kali tidak rutin intensitas guna alami ya darkmode tidak fungsi fungsi jenis perangkat sistem dukung darkmode ipusnas moga depan ya benarbenar dukung aplikasi semangat
good,positive,good
kenapa setelah diupdate kok selalu gagal load padahal sudah berkalikali dicoba saya kira itu berasal dari jaringan saya tapi ternyata tidak dan ada tulisannya could not get data from server and no dls found,negative,diupdate gagal load berkalikali coba asal jaring tidak tulis could get data server dls found
keren sangat membantu untuk baca dan pinjam buku digital semoga koleksi pustakanya semakin banyak dan ditambahkan koleksi dari luar juga,positive,keren bantu baca pinjam buku digital moga koleksi pustaka koleksi
sangat membantu untuk baca buku gratisan tapi tetap legal sayang sekali ux dan fitur aplikasi sangat kurang untuk membalik halaman buku saja perlu untuk swipe dan menyesuaikan halaman dengan tepat padahal dapat dibuat lebih nyaman dan cepat dengan hanya klik selain itu snackbar yang muncul saat berganti halaman juga sangat mengganggu konsentrasi fitur standard untuk mencari buku seperti filter dan sort by juga tidak ada sehingga kesulitan saat ingin scroll mencari buku,negative,bantu baca buku gratis legal sayang ux fitur aplikasi balik halaman buku swipe sesuai halaman nyaman cepat klik snackbar muncul ganti halaman ganggu konsentrasi fitur standard cari buku filter sort tidak sulit scroll cari buku
kenapa aplikadi berhenti ketika membuka ebook,negative,aplikadi henti buka ebook
im proud tapi use ipusnas,positive,im proud use ipusnas
terima kasih banyak sudah bikin aplikasi ini dan nyediain banyak buku gratis sangaat membantu kalo lagi pengin baca tapi enggak punya duit buat beli buku fisik tolong dibanyakin koleksi bukunya ya dan juga aplikasinya diimprove biar lebih smooth dan enggak terlalu sering crash,negative,terima kasih bikin aplikasi nyediain buku gratis sangaat bantu kalo pengin baca enggak duit beli buku fisik tolong dibanyakin koleksi buku ya aplikasi diimprove biar smooth enggak crash
aplikasi ini bermanfaat sekali sayangnya masih banyak yang harus di perbaiki saya berulangulang mau pinjam buku namun selalu gagal dan meminta register ulang sedangkan sudah register email juga sudah di verifikasi kemudian banyaknya notif masalah jaringan sedangkan jaringan saya sangat stabil sehingga saya susah mengakses aplikasi ini semoga kedepannya ada perbaikan terima kasih,positive,aplikasi manfaat sayang baik berulangulang pinjam buku gagal register ulang register email verifikasi banyak notif jaring jaring stabil susah akses aplikasi moga depan baik terima kasih
kadang setelah dipinjam bukunya tidak bisa dibaca tulisannya berubah menjadi kotakkotak,neutral,kadang pinjam buku tidak baca tulis ubah kotakkotak
sering error kadang tidak bisa meminjam buku kalau dibuka suka tidak keload tidak ada notifikasi juga jika buku sudah available untuk dipinjam,negative,error kadang tidak pinjam buku buka suka tidak keload tidak notifikasi buku available pinjam
this app asking permission for my galery phone and etc which is i think is not unrelated tapi the reading experience just scared that itu will takes my personal data will not installed until itu changed,negative,app asking permission galery phone etc think unrelated reading experience scared takes personal data installed changed
semoga terus bisa dikembangkan dengan koleksi yang makin banyak dan berkualitas terima kasih banyak atas kehadiran aplikasi ini,positive,moga kembang koleksi kualitas terima kasih hadir aplikasi
akan sangat bagus kalo tampilannya enak dilihat sehingga bacanya nyaman,positive,bagus kalo tampil enak baca nyaman
the best app for read million book but notification if book available for borrow not active on my phone how tapi solve this,neutral,best app read million book notification book available borrow active phone solve
keren banget nih perpusnas punya aplikasi online yang bermanfaaaat banget gila sih stok buku bacaan jadi banyak enggak perlu beli lagi cukup pinjem di ipusnas dan lagi bisa dibaca dimana saja keren parah thanks ya,negative,keren banget nih perpusnas aplikasi online bermanfaaaat banget gila sih stok buku baca enggak beli pinjem ipusnas baca mana keren parah thanks ya
thanks atas improve dari pihak developer tapi sekarang yang belum berfungsi fitur bookmark jadi setiap keluar dari aplikasi selalu kembali ke cover alhasil harus mencari di halaman terakhir baca dan jujur itu agak mengganggu mohon bisa diperbaiki terima kasih buku yang saya maksud adalah haunting of hill house oleh shirley jackson,positive,thanks improve developer fungsi fitur bookmark aplikasi cover alhasil cari halaman baca jujur ganggu mohon baik terima kasih buku maksud haunting hill house shirley jackson
pembaruan tampilan membaca membuat saya sedikit terkejut tidak menyangka aplikasi resmi kita akan terlihat menarik dan fungsional di saat yang bersamaan sungguh suatu kemajuan akan tetapi di samping fitur penanda dan read aloud yang baru saja dirilis fitur lama yang otomatis menampilkan halaman terakhir ditinggalkan menghilang fitur markah pun tidak ada hal ini sungguh menyulitkan bagi saya semoga tidak hanya tampilan membaca ipusnas juga terus meningkatkan kualitas aplikasinya,negative,baru tampil baca kejut tidak sangka aplikasi resmi tarik fungsional sama sungguh maju samping fitur tanda read aloud rilis fitur otomatis tampil halaman tinggal hilang fitur markah tidak sungguh sulit moga tidak tampil baca ipusnas tingkat kualitas aplikasi
menyesal baru tau dan download sekarang,negative,sesal tau download
suka sih cuma waktu minjemnya kurang lama hari buat mak emak repot kayak saya dengan me time yang sangat terbatas tidak memungkinkan untuk berlamalama bersama ponsel,negative,suka sih minjemnya mak emak repot kayak time batas tidak berlamalama ponsel
banyak buku yang jarang ditemukan di pasaran dan membantu banget buat referensi kuliah,positive,buku jarang temu pasar bantu banget referensi kuliah
error terus,negative,error
aplikasi ini sangat membantu tapi saat ini saya mengalami kendala tidak bisa meminjam buku padahal stock buku tersedia tolong diperbaiki supaya bisa digunakan dengan baik dan nyaman,negative,aplikasi bantu alami kendala tidak pinjam buku stock buku sedia tolong baik nyaman
the app is easy tapi use but keep stopping by itself without any reason sok far is good but i hope itu gets better,positive,app easy use keep stopping without reason sok far good hope gets better
app nya sering eror dan keluar sendiri,negative,app nya eror
i appreciate the effort tapi provide us readers tapi read books freely by borrowing books digitally tetapi aplikasi sangat enggak nyaman suka error loadingnya lamaaa sekali meskipun sudah sinyal jaringan sudah oke dan yang paling penting kenapa enggak ada tools yang membiat kita bisa menandai halaman terakhir yang dibaca atau navigasi halaman seperti google playbooks ini akan memudahkan kita para pembaca kalo mau lanjut baca karena kita enggak membaca setiap saat,positive,appreciate effort provide us readers read books freely borrowing books digitally aplikasi enggak nyaman suka error loadingnya lamaaa sinyal jaring oke enggak tools biat tanda halaman baca navigasi halaman google playbooks mudah baca kalo baca enggak baca
semoga makin banyak koleksinya dan makin lancar diakses,positive,moga koleksi lancar akses
enggak bisa masuk enggak bisa daftar padahal sudah daftar keanggotaan online ribet banget padahal mau baca doang,negative,enggak masuk enggak daftar daftar anggota online ribet banget baca doang
servernya lagi eror ya download buku enggak bisa,neutral,servernya eror ya download buku enggak
tolong pop up halaman dihapus karena sangat menganggu sudah cukup nyaman pengalaman membaca nya tapi pop up halaman muncul tiap halaman baru membuat saya malas lanjut membaca,positive,tolong pop halaman hapus menganggu nyaman alam baca nya pop halaman muncul halaman malas baca
kok habis dibaca bukunya kalau ditutup terus dibuka lagi kok balik awal ya jadinya scroll lagi di halama terakhir dibaca,positive,habis baca buku tutup buka ya scroll halama baca
bisa buat baca mengisi waktu luang layout sebaiknya di perbaiki kadang tidak smooth bisa tambahkan penanda berwarna untuk menandakan kutipan biar lebih enak saat baca,negative,baca isi luang layout baik kadang tidak smooth tambah tanda warna tanda kutip biar enak baca
kenapa email saya enggak terverifikasi saya enggak bisa minjam buku jadinya,neutral,email enggak verifikasi enggak minjam buku
terima kasih sudah menyediakan berbagai sumber informasi untuk tugastugas saya mungkin uinya dibuat lebih menarik,positive,terima kasih sedia sumber informasi tugastugas uinya tarik
tolong display settingnya bagian dark background bisa dibenarkan agar berfungsi dengan baik soalnya enggak ada perubahan setelah di on kan kasus beberapa buku terima kasih ya,positive,tolong display settingnya dark background benar fungsi enggak ubah buku terima kasih ya
login bug via fb susah menyambung tidak ada popup fb api via email ux tidak memadai login error baru ada register error lagi baru verifikasi koneksi sangat buruk hard tapi use not usable,negative,login bug via fb susah sambung tidak popup fb api via email ux tidak pada login error register error verifikasi koneksi buruk hard use usable
ribet tapi worth itu lah,negative,ribet worth
aplikasinya selalu banget berhenti tiba atau koneksinya hilang padahal jaringan saya bagus aplikasi ini juga termasuk lambat banget kalau kita scroll ke buku lain tapi tampilannya itu jadi cover buku semua dan itu cukup menyebalkan mohon diperbaiki lagi aplikasinya ya ditunggu perubahan terbarunyaa semangatttt,negative,aplikasi banget henti koneksi hilang jaring bagus aplikasi lambat banget scroll buku tampil cover buku sebal mohon baik aplikasi ya tunggu ubah terbarunyaa semangatttt
i can not access the book from yesterday itu keeps saying time is out,neutral,access book yesterday keeps saying time
its easy tapi borrow but idk why itu keeps closing when i want tapi read the book ive borrowed,negative,easy borrow idk keeps closing want read book ive borrowed
okee,neutral,okee
bagus membuat hapean jadi berfaedah sayang yang smntara ini saya temukan dan cukup mengganggu tidak ada fitur findsearch kalau baca pdf kan bisa search materikatafrase yang kita inginkan mohon ditambahkan fitur search tksh,negative,bagus hapean faedah sayang smntara temu ganggu tidak fitur findsearch baca pdf search materikatafrase mohon fitur search tksh
bagus memang bagus tapi bisa enggak sih masuk notifnya diperbaikin notifnya enggak pernah masuk saya jadi tidak mendapat pemberitahuan kalau buku sudah bisa dipinjam karena buku tersebut waktu itu lagi dalam antrian ini jadi terlewat terus karena tidak ada notif,negative,bagus bagus enggak sih masuk notifnya diperbaikin notifnya enggak masuk tidak pemberitahuan buku pinjam buku antri lewat tidak notif
great,positive,great
always loading my intenet connection is good but the app is still loading took sok long tapi borrow a book,positive,always loading intenet connection good app still loading took sok long borrow book
ipusnas fitur dark mode nya ke semua buku sampai ke kertasnya juga dong jadi kalo lagi baca novel biar enak enggak mudah bikin mata lelah,positive,ipusnas fitur dark mode nya buku kertas kalo baca novel biar enak enggak mudah bikin mata lelah
aplikasinya crash mulu loading mulu trys ketutup sendiri apps dari pemerintah tapi buruknya parah semoga diperbaiki,negative,aplikasi crash mulu loading mulu trys tutup apps perintah buruk parah moga baik
cukup membantu tapi masih banyak kurangnya koleksi buku diperbanyak dong user interfacenya yaampun parah banget kurangnya last page yang dibaca enggak otomatis terbuka jadi tiap mau baca harus scrolling lagi cmiiw dll kalo bisa terus diperbaiki apps ini bisa sangat membantu sih untuk cari sumber digital,negative,bantu kurang koleksi buku banyak user interfacenya yaampun parah banget kurang last page baca enggak otomatis buka baca scrolling cmiiw dll kalo baik apps bantu sih cari sumber digital
aku senang aku suka,positive,senang suka
kok bukunya ngedisko jir hitam putih hitam putih waktu lagi di scroll,negative,buku ngedisko jir hitam putih hitam putih scroll
i cant read the books the application keep stopping,neutral,cant read books application keep stopping
susah daftarnya please wait mulu,negative,susah daftar please wait mulu
tidak bisa login pakai email pakai facebook loading terus,negative,tidak login pakai email pakai facebook loading
enggak bisa regis padahal pengguna baru pas atus password harus menulis pw lama lah bagaimana buat pengguna baru yang belum ada pw nya,positive,enggak regis guna pas atus password tulis pw guna pw nya
luar biasa sangat menambah wawasan dan pengetahuan dengan buku buku yang tersedia cuman diharapkan agar bukubuku terbitan terbaru segera ada di ipusnas keren,positive,tambah wawas tahu buku buku sedia cuman harap bukubuku terbit baru ipusnas keren
terimakasih update terbarunya sebagian bugs sudah teratasi,positive,terimakasih update baru bugs atas
tolong tambahkan beranda untuk mempromosikan buku dan rekomendasi buku harian saya kesulitan mencari buku bagus tanpa bantuan dari ulasan di internet dan rekomendasi teman setidaknya keberadaan beranda dan rekomendasi ipusnas sangat membantu bagi pembaca yang kebingungan mencari buku bagus untuk dibaca,negative,tolong tambah beranda promosi buku rekomendasi buku hari sulit cari buku bagus bantu ulas internet rekomendasi teman ada beranda rekomendasi ipusnas bantu baca bingung cari buku bagus baca
bakal seru banget baca di ipusnas kalau ditambahin fitur slide kesamping dari pada di scroll kebawah,negative,seru banget baca ipusnas ditambahin fitur slide samping scroll bawah
display aplikasi sangatlah buruk apalagi saat menggunakan darkmode beberapa buku dengan display putih terus saja berubah menjadi hitam putih terus menerus,negative,display aplikasi buruk darkmode buku display putih ubah hitam putih terus
apknya sudah bagus lebih bagus lagi jika dikasih fitur highlighter pasti enak,negative,apknya bagus bagus kasih fitur highlighter enak
kece totaaaaaaal,positive,kece totaaaaaaal
terima kasih banget sama app ini jadi bisa baca buku walau enggak ada uang dan legal pula,positive,terima kasih banget app baca buku enggak uang legal
admin kok enggak ada novel historical romance baru tambahkan dong novel lisa kleypas elizabeth hoyt julia london kan sudah banyak banget novel nya yang baru terbit thank you,positive,admin enggak novel historical romance tambah novel lisa kleypas elizabeth hoyt julia london banget novel nya terbit thank
aplikasi yang wajib diunduh btw di device poco f yang sudah diroot terpasangi custom rom lineage os saat mencoba meminjam buku pasti force close tapi tak masalah sih soalnya waktu membuka bakal sudah ada di dashboard semangat terus min semoga dapat bonus,positive,aplikasi wajib unduh device poco f diroot pasang custom rom lineage os coba pinjam buku force close tak sih buka dashboard semangat min moga bonus
omg pls kenapa notifnya enggak muncul di notif bar jadi ketinggalan stok buku melulu huhu pls perbaiki,negative,omg pls notifnya enggak muncul notif bar tinggal stok buku melulu huhu pls baik
cant choose book categories,neutral,cant choose book categories
banyak trouble buku dikit rata buku lawas,negative,trouble buku dikit buku lawas
apk khas pemerintah penuh bug enggak jalan sama sekali,positive,apk khas perintah penuh bug enggak jalan
tidak dapat membuka aplikasi selalu bilang kalo tidak dapat mengambil data server dan tidak ada dsl,negative,tidak buka aplikasi bilang kalo tidak ambil data server tidak dsl
,neutral,
ui sangat tidak menarik mengapa tidak ada fitur registerdaftar untuk pengguna baru bagian pengembang harus berembuk dengan tim lainnya untuk memutakhirkan aplikasi ini petakan masalahnya maaf jika saja saya bisa memberi nol bintang maka akan saya berikan aplikasi ini seharusnya mudah dan bebas akses tidak harus login ke fb kenapa harus login dengan fb kenapa tidak ada pilihan dengan google saya tak tahu dengan komentar yang megatakan app ini bagus mungkin mereka bots uninstaled,negative,ui tidak tarik tidak fitur registerdaftar guna kembang rembuk tim mutakhir aplikasi peta maaf nol bintang aplikasi mudah bebas akses tidak login fb login fb tidak pilih google tak komentar megatakan app bagus bots uninstaled
bukubukunya bisa dibilang cukup lengkap tapi untuk aplikasinya mungkin bisa ditambah fitur simpan sebelum dipinjam banyak buku yang saya mau baca tapi kalau dipinjam semua di waktu yang sama membuat saya bingung jadi akan lebih baik kalau ada fitur simpan sebelum dipinjam,negative,bukubukunya bilang lengkap aplikasi tambah fitur simpan pinjam buku baca pinjam bingung fitur simpan pinjam
tolong dong sempurnain lagi aplikasinya sering lag masa sekelas aplikasi pemerintah begini low kualitas kenapa sering enggak ada koneksi jelasjelas jaringannya bagus jadi enggak bisa reload,negative,tolong sempurnain aplikasi lag kelas aplikasi perintah low kualitas enggak koneksi jelasjelas jaring bagus enggak reload
aplikasinya sangat sulit diakses dan membuat kesal sulit sekali untuk mengakses dan meminjam buku selalu failed karena alasan connection sedangkan koneksi saya baikbaik saja dipakai untuk mengakses apps lain bahkan streaming pun sangat lancar dengan hires please this app needs more improvement,negative,aplikasi sulit akses kesal sulit akses pinjam buku failed alas connection koneksi baikbaik pakai akses apps streaming lancar hires please app needs improvement
sinyal bagus kuota banyak tapi kenapa selalu muncul tulisan problem connections no connection tiap kali ngeklik buku yang mau dipinjem yang muncul cuma gambar buku kosong keterangannya pun enggak ada sudah hapus cache berulang kali diuninstall pun tetap sama kecewa sumpah,negative,sinyal bagus kuota muncul tulis problem connections connection kali ngeklik buku dipinjem muncul gambar buku kosong terang enggak hapus cache ulang kali diuninstall kecewa sumpah
apresiasi inovasinya dalam mempermudah literasi dengan memaksimalkan perkembangan teknologi tapi untuk aplikasi yang dikelola pemerintah ini benaran masih agak parah sih memang perlu internet berkecepatan berapa sih buat bisa memproses regist epustaka sinyal di daerah saya memang jelek tapi dipakai youtube masih lancar banget masa mau regist doang enggak bisa mulu dan katanya koneksi buruk enggak tau deh memang server di sana jelek apa bagaimana,negative,apresiasi inovasi mudah literasi maksimal kembang teknologi aplikasi kelola perintah benar parah sih internet cepat sih proses regist epustaka sinyal daerah jelek pakai youtube lancar banget regist doang enggak mulu koneksi buruk enggak tau deh server jelek
aplikasinya lambat sekali sering eror juga ditunggu untuk perbaikannya,negative,aplikasi lambat eror tunggu baik
sebenarnya tertarik buat baca buku buku nya cuman entah kenapa pas aku mau pinjam bukunya pasti enggak bisa kayak selalu tulisan e eror sedangkan semua jaringan ku aman saja enggak ada yang lemot cuman pas di apps ini pliss dong di perbaiki dahal sudah tertarik banget buat baca tapi apl nya enggak memungkinkan hiks kan jadih sedih,positive,tarik baca buku buku nya cuman pas pinjam buku enggak kayak tulis e eror jaring ku aman enggak lot cuman pas apps pliss baik dahal tarik banget baca apl nya enggak hiks jadih sedih
sebenarnya aplikasi ini bagus buat kita yang suka baca buku tapi enggak punya yang buat belimager cuma kok sering error semoga bisa diperbaiki lagi ke depannya,negative,aplikasi bagus suka baca buku enggak belimager error moga baik depan
this apps its good the collections of books its quiet enough but now this apps cannot support screenshot when i read books here that very bad for me because i have a problem with my eye i have tapi capture page by page i can zoom the page ini galery now its doesnt work anymore for me,positive,apps good collections books quiet enough apps support screenshot read books bad problem eye capture page page zoom page galery doesnt work anymore
ini aplikasi bagus banget koleksinya juga banyak tapi aplikasinya masih jelek sering ngebug tulisannya no connection semoga bisa lebih baik lagi diperbaiki,negative,aplikasi bagus banget koleksi aplikasi jelek ngebug tulis connection moga baik
there is problem occured after i installed this app says could not get data from server and no dls found close application,negative,problem occured installed app says could get data server dls found close application
aplikasi macam apa yang mengharuskan penggunanya untuk login ulang setiap tutup aplikasi atau baca lewat aplikasi desktop apalagi buku yang dicari lewat pencarian enggak bisa loading atau loadingnya lama,negative,aplikasi harus guna login ulang tutup aplikasi baca aplikasi desktop buku cari cari enggak loading loadingnya
saya tidak mengerti dengan permintaan permission dari aplikasi ini kenapa harus mengizinkan aplikasi ini untuk mengubah system setting dan terus untuk apa kebutuhan kamera dan membaca semua isi dari device maaf yang tadinya ingin mencari buku saya terpaksa langsung uninstall,negative,tidak erti minta permission aplikasi izin aplikasi ubah system setting butuh kamera baca isi device maaf cari buku paksa langsung uninstall
i just installed the app but itu wont open itu said could not get data from server and no dls found what should i di,negative,installed app wont open said could get data server dls found
sering banget error aplikasnya padahal koneksi bagus dan sudah coba install ulang,negative,banget error aplikasnya koneksi bagus coba install ulang
dulu lancar banget tapi akhir akhir ini setiap pencet buku yang mau dibaca selalu keluar dari aplikasinya ini bagaimana ya benerinnya,positive,lancar banget pencet buku baca aplikasi ya benerinnya
app nya bagus untuk nemu bacaan yang bisa dibaca dengan gratis tapi pls loading nya benar benar lama banget dan kadang suka keluar sendiri dari app nya saat ingin meminjam buku mohon diperbaiki dan dikembangkan kembali,positive,app nya bagus nemu baca baca gratis pls loading nya banget kadang suka app nya pinjam buku mohon baik kembang
banyak tombol yang tidak berfungsi dan banyak permission yang tidak perlu,negative,tombol tidak fungsi permission tidak
min tolong bikin setting untuk notifikasi dong agar kalau ada notif itu ada bunyinya ketinggalan terus nih kalau ada buku wishlist yang available notif baru terbaca kalau buka app padahal setting di hp sudah on semua terima kasih,positive,min tolong bikin setting notifikasi notif bunyi tinggal nih buku wishlist available notif baca buka app setting hp terima kasih
download app ini untuk bacain buku anak usia dinidan koleksinya cukup bagus kelemahannya adalah kita harus tau judul bukunya apakarena pencarian hanya berdasarkan judul mungkin kalau bisa berdasarkan penerbit bisa lebih enak lagi semoga koleksi buku terbitan keatas lebih banyak lagi terutama untuk kategori non fiksi,negative,download app bacain buku anak usia dinidan koleksi bagus lemah tau judul buku apakarena cari dasar judul dasar terbit enak moga koleksi buku terbit atas kategori non fiksi
lengkap legal gratis keren banget pokoknya,positive,lengkap legal gratis keren banget pokok
mantap deh,positive,mantap deh
awalnya lancar untuk pinjam buku semakin ke sini entah kenapa jadi gagal terus setiap mau pinjam,negative,lancar pinjam buku gagal pinjam
tolong diperbaiki bugnya yang terkadang baca masih memakai fitur lama walau sudah update terus kemudahan login juga ditingkatkan lag,positive,tolong baik bugnya terkadang baca pakai fitur update mudah login tingkat lag
menggunakan aplikasi ini dari tapi sering uninstall karena bermasalah jaringan lancar tapi diminta cek koneksi saat cari buku tiap keluar mau masuk lagi diminta login ulang makin ke sini aplikasi ini semakin bermasalah ini hal yang terjadi dari berarti tidak ada perbaikan sama sekali fasilitas yang seharusnya membantu mencerdaskan kehidupan bangsa malah seperti ini sangat disayangkan sekali,negative,aplikasi uninstall masalah jaring lancar cek koneksi cari buku masuk login ulang aplikasi masalah tidak baik fasilitas bantu cerdas hidup bangsa sayang
enggak bisa dibuka,neutral,enggak buka
aplikasi yang bagus buat kita yang pengin baca buku secara legal tapi enggak ada uang cuma ngeselinya pas antri kayak rebutan siapa cepat dia dapat kalau bisa perbanyak bukunovel karya karya orang korea dan jepang ya pokoknya mantap,positive,aplikasi bagus pengin baca buku legal enggak uang ngeselinya pas antri kayak rebut cepat banyak bukunovel karya karya orang korea jepang ya pokok mantap
i dont know why this apps cant open very well i hope this apps can manage very well,negative,dont know apps cant open well hope apps manage well
menggunakan aplikasi ini jadi salah satu cara terbaik melepas rasa suntuk sekaligus membantu pekerjaan riset saya koleksi bukunya sangat banyak dijamin jadi bantuan berharga bagi para mahasiswadosen terutama di masa belajar dari rumah seperti sekarang sedikit saran apa boleh koleksi sejarahnya diperbanyak terima kasih sukses selalu untuk perpusnas dan setiap usaha digitalisasinya yeaboii,negative,aplikasi salah baik lepas suntuk bantu kerja riset koleksi buku jamin bantu harga mahasiswadosen ajar rumah saran koleksi sejarah banyak terima kasih sukses perpusnas usaha digitalisasi yeaboii
yeah this is good,positive,yeah good
bagus aplikasinya bukubukunya juga lumayan lengkap bisa dibaca offline lagi keren semoga nanti koleksi bukunya menambah lagi,negative,bagus aplikasi bukubukunya lumayan lengkap baca offline keren moga koleksi buku tambah
koleksinya cukup tapi ui nya tolong diperbaiki desainnya masih sangat kaku mungkin bisa sedikit ditambah fiturnya juga seperti cara peminjaman dan pengembalian bisa lebih beranimasi dan saat membalik halaman buku secara keseluruhan uinya bisa lebih diperbaiki lagi agar nyaman dilihat mata terima kasih,positive,koleksi ui nya tolong baik desain kaku tambah fiturnya pinjam kembali animasi balik halaman buku uinya baik nyaman mata terima kasih
ui ux sulit buku banyak yang tidak menarik,negative,ui ux sulit buku tidak tarik
what will lu di for modify system permission,neutral,modify system permission
cool,positive,cool
masih tetap could not get data from server walau dibilang saat ini sudah tidak ada kendala,negative,could get data server bilang tidak kendala
trouble terus,neutral,trouble
tolong kengkapi ini dengan fitur teks tapi speach itu pasti sangat membantu suaranya yang enak di dengar jangan asalkayak robot,positive,tolong kengkapi fitur teks speach bantu suara enak dengar asalkayak robot
the app is great itu have many books where we can borrow itu for a few days for free we can login with facebook orang email and have unique level system tapi show our reading rank but sometimes our account log out automatically orang sometimes itu take times tapi load the ui looks outdated too,positive,app great many books borrow days free login facebook orang email unique level system show reading rank sometimes account log automatically orang sometimes take times load ui looks outdated
aplikasi enggak jelasss,negative,aplikasi enggak jelasss
updatean terbarunya lumayan bagus tapi fitur untuk penandanya mengapa tidak bisa digunakan ya padahal fitur itu sangat dibutuhkan tapi tidak berfungsi,negative,updatean baru lumayan bagus fitur tanda tidak ya fitur butuh tidak fungsi
cool,positive,cool
aplikasi tahi,negative,aplikasi tahi
bagus bisa buat ngisi waktu luang terima kasih ipusnas,neutral,bagus ngisi luang terima kasih ipusnas
great app you can borrow many books and collection of book quite complete,positive,great app borrow many books collection book quite complete
tolong segera diperbaiki masih sering sekali error yang berasal dari aplikasi bukan erorgangguan jaringan dari hp user bagi orang yang tinggal di daerah t yang tidak tersedia fasilitas perpustakaan umum sangat menyenangkan menemukan elibrary ini jadi tolong dimaintain dengan baik elibrary yang menjangkau hingga ke pelosok indonesia ini supaya user nyaman dan semoga membantu meningkatkan melek literasi masyarakat indonesia,negative,tolong baik error asal aplikasi bukan erorgangguan jaring hp user orang tinggal daerah tidak sedia fasilitas pustaka senang temu elibrary tolong dimaintain elibrary jangkau pelosok indonesia user nyaman moga bantu tingkat melek literasi masyarakat indonesia
setiap pagi di kelas saya pasti ada kegiatan literasi terkadang di kala waktu luang saya juga ingin membaca buku nonpelajaran untuk saya yang dari segi keuangan kurang mampu untuk membeli buku di tokotoko buku terkemuka aplikasi ini sangat membantu terlebih lagi semua buku di sini bisa dipinjamdibaca secara gratis tema bukunya pun beragam lebih mudah menyaring kriteria yang kita inginkan semoga apk ini dapat meningkatkan minat literasi anakanak indonesia,positive,pagi kelas giat literasi terkadang luang baca buku nonpelajaran segi uang beli buku tokotoko buku muka aplikasi bantu buku dipinjamdibaca gratis tema buku agam mudah nyaring kriteria moga apk tingkat minat literasi anakanak indonesia
ini aplikasinya bagus aku suka tapi mohon maaf kenapa ya kok akhir ini tiap keluar masuk ke apk jadinya malah gbisa tersambung ke apk nya sama sekali padahal tidak ada masalah dengan sinyal saya tolong diperbaiki lagi untuk ke depannya terima kasih,negative,aplikasi bagus suka mohon maaf ya masuk apk gbisa sambung apk nya tidak sinyal tolong baik depan terima kasih
notifikasi buku sudah bisa dipinjam tidak masuk jadi bukunya sudah keburu dipinjam oleh orang lain semoga masalah ini cepat diatasi,negative,notifikasi buku pinjam tidak masuk buku keburu pinjam orang moga cepat atas
its great but i dont like how you have tapi log ini everytime you close the app i aslo want darkmode for this app because maybe i wanna read when night time also i want the app tapi look more better thats itu,negative,great dont like log everytime close app aslo want darkmode app maybe wan na read night time also want app look better thats
its good but always laggingggggg and im sok mad but i still want this app sok i give you star,positive,good always laggingggggg im sok mad still want app sok give star
kritik untuk pemilihan kategori buku jika salah satu kategori telah di pilih dan akan mengganti dengan kategori yang lain kalau bisa diperbaiki agar tidak kembali ke atas lagi dan harus scroll ayolah aplikasi negara harus profesional,negative,kritik pilih kategori buku salah kategori pilih ganti kategori baik tidak scroll ayo aplikasi negara profesional
the app keeps refreshing itself cant search a book its frustrating,neutral,app keeps refreshing cant search book frustrating
alhamdulillah sudah jarang error ini aku kasih bintang dulu ya admin tolong tambahi fitur baca dengan tap kanan atau kiri ya soalnya kalau mau pakai yang curl agak ribet sejauh ini aku selalu pakai yang scroll tapi kadang jadi enggak bisa lihat full satu halaman ehehe terima kasiih,positive,alhamdulillah jarang error kasih bintang ya admin tolong tambah fitur baca tap kanan kiri ya pakai curl ribet pakai scroll kadang enggak lihat full halaman ehehe terima kasiih
payah enggak bisa dibuka,neutral,payah enggak buka
developer nya kayak babi aplikasi busuk makan gaji buta kalian,negative,developer nya kayak babi aplikasi busuk makan gaji buta
a trash app cant login,neutral,trash app cant login
koleksinya diperbanyak dan diperbaharui buku tentang kesehatan psikologi pendidikan dll,positive,koleksi banyak baharu buku sehat psikologi didik dll
i like that we can borrow books for free with this app the collection is also quite complete its working quite well although sometimes i face errors but overall itu is usable would be great tapi have a way tapi go tapi the next page by tapping the right side of the screen and go tapi the prev page by tapping the left side of the screen sok itu is easier for the users tapi navigate i totally believe ini this app that itu could be better day by day,positive,like borrow books free app collection also quite complete working quite well although sometimes face errors overall usable would great way go next page tapping right side screen go prev page tapping left side screen sok easier users navigate totally believe app could better day day
a great app,positive,great app
when i tried tapi verified my email account i got thise message internal server error,negative,tried verified email account got thise message internal server error
bagus tapi akhir ini suka crash sedih sekali padahal bisa dapat buku dengan kualitas bagus secara cuma adalah hal yang sangat menyenangkan,negative,bagus suka crash sedih buku kualitas bagus senang
okelah enggak terlalu sering eror lagitp masih kadang bintang otw ya,positive,oke enggak eror lagitp kadang bintang otw ya
tidak bisa loginbutuh email dan password tapi enggak ada menu buat sign upbantu dong,negative,tidak loginbutuh email password enggak menu sign upbantu
overall very nice bukubuku tergolong lengkap baik terbitan dalam maupun luar negeri tetapi masih kurang nyaman saat membaca karena penanda halaman tidak berfungsi sehingga saya harus scroll dan mencari bab yang terakhir dibaca mohon untuk segera diperbaiki terimakasih,positive,overall nice bukubuku golong lengkap terbit negeri nyaman baca tanda halaman tidak fungsi scroll cari bab baca mohon baik terimakasih
could not get data from server,negative,could get data server
kenapa juga aplikasi ini meminta ijin mengubah pengaturan sistim walaupun admin telah menjelaskan itu hanya sekedar ijin untuk pengaturan kecerahan tetapi hal itu tetap akan membuat orang enggan untuk menggunakan aplikasi ini pada akhirnya hilangkan saja akses untuk perizinan sistem ini karena untuk urusan kecerahan layar itu bisa dilakukan sendiri oleh pengguna secara manual,negative,aplikasi ijin ubah atur sistim admin dar ijin atur cerah orang enggan aplikasi hilang akses izin sistem urus cerah layar guna manual
aneh sudah pinjem buku tapi enggak bisa dibaca pas dipencet malah keluar app padahal lagi pengin banget baca hadeh,positive,aneh pinjem buku enggak baca pas pencet app pengin banget baca hadeh
sebenarnya aplikasi ini bagus sekali banyak berisi bukubuku yang menarik tapi entah kenapa loading nya sangat lama padahal tidak ada masalah dalam jaringan semoga segera diatasi masalahnya,negative,aplikasi bagus isi bukubuku tarik loading nya tidak jaring moga atas
whats wrong with this app i cant reading a book after instaled this app i have borrow some books but i cant found them ini my library sok bad experience fix itu,negative,whats wrong app cant reading book instaled app borrow books cant found library sok bad experience fix
peminjaman buku sangat mudah meski tidak semua buku dapat ditemukan dalam bentuk e book tapi cukup membantu besar harapan agar perpusnas dapat meningkatkan koleksi ebooknya saya tidak berkeberatan berlangganan asalkan memperoleh kemudahan dalam meminjam buku referensi yang lengkap terima kasih,positive,pinjam buku mudah tidak buku temu bentuk e book bantu harap perpusnas tingkat koleksi ebooknya tidak rat langgan oleh mudah pinjam buku referensi lengkap terima kasih
aplikasi yang sangat membantuku buat baca buku senang karena koleksinya juga banyak ya walaupun harus mengantre tapi gapapa sangat bersyukur bisa membaca lewat ipusnas eum tapi sebelumnya ipusnas masih mengizinkan pembaca untuk melakukan screenshot waktu baca buku nah sekarang sudah tidak diizinkan lagi lumayan sedih sebenarnya karena saya sering screenshot halaman buku yang memuat kalimatkalimat apik bagi saya dan ipusnas pun sering error secara tibatiba mohon diperbaiki ya o,negative,aplikasi bantu baca buku senang koleksi ya antre gapapa syukur baca ipusnas eum ipusnas izin baca screenshot baca buku tidak izin lumayan sedih screenshot halaman buku muat kalimatkalimat apik ipusnas error tibatiba mohon baik ya
ive been using this app for a year its pretty good actually but since latest update i cant use this app i cant even borrow a book for no reason,positive,ive using app year pretty good actually since latest update cant use app cant even borrow book reason
semoga dengan adanya aplikasi ini bisa mendorong generasi muda indonesia untuk lebih rajin membaca buku dan meningkatkan minat baca,positive,moga aplikasi dorong generasi muda indonesia rajin baca buku tingkat minat baca
kak developer saya mau request novel terjemahan luar negeri diperbanyak dong saya enggak nemu novel harry potter padahal pengin baca,positive,kak developer request novel terjemah negeri banyak enggak nemu novel harry potter pengin baca
sudah bisa dipakai yes,positive,pakai yes
nyaman sekali buat baca buku di gadget jadi bisa baca di mana saja dan kapan saja pilihan bukunya juga lumayan lengkap terbaik deh pokoknya,positive,nyaman baca buku gadget baca pilih buku lumayan lengkap baik deh pokok
bug,neutral,bug
great koleksi bukunya semakin banyak dan bervariasi sangat memudahkan untuk membaca buku sekarang terima kasih banyak,positive,great koleksi buku variasi mudah baca buku terima kasih
i really like this app but itu always force close please fix the problem we believe with you,negative,really like app always force close please fix problem believe
koleksinya lumayan lengkap gratis legal sayang banget kalo sudah di kasih fasilitaa beginian enggak dimanfaatin baik buat ningkatin minat baca masyarakat cuma uinya perlu di percantik dikit transisi pas scrolling juga kurang smooth sosialisasi ke masyarakat juga kurang yet the rest is fabulous,positive,koleksi lumayan lengkap gratis legal sayang banget kalo kasih fasilitaa enggak dimanfaatin ningkatin minat baca masyarakat uinya cantik dikit transisi pas scrolling smooth sosialisasi masyarakat yet rest fabulous
please enable setting tapi read book by scrollingtapping right and left bookmark and search feature are not working,negative,please enable setting read book scrollingtapping right left bookmark search feature working
i will never agree any app tapi access my phones settings this app wants one sok i give one star bye,negative,never agree app access phones settings app wants one sok give one star bye
sebenarnya bagus cuma kayak enggak keurus,negative,bagus kayak enggak urus
untuk pengguna ios ipad pada saat saya buka aplikasi ipusnasnya forced close terus mohon untuk diperbaiki lagi ada banyak buku yang pengin saya baca di ipusnas,negative,guna ios ipad buka aplikasi ipusnasnya forced close mohon baik buku pengin baca ipusnas
jelek enggak bisa masuk masak sudah berbulan bulan enggak diperbaiki,negative,jelek enggak masuk masak bulan enggak baik
request allow modifying system setting bikin insecure skip dulu tunggu ada update,negative,request allow modifying system setting bikin insecure skip tunggu update
bahkan enggak bisa di buka zzzz bagaimana mau mencerdaskan bangsa,neutral,enggak buka zzzz cerdas bangsa
percuma nginstall kalau buku bukunya enggak bisa dipinjem mungkin developer malas maintenance karena kurang suntikan dana dari pemerintah yang lagi sibuk mengurusi covid atau mungkin dana maintenance dipangkas makanya delevoper masih melestarikan bug apa mungkin dana maintenancenya dikorupsi makin enggak percaya sama aplikasi yang dikelola sama pemerintah,positive,nginstall buku buku enggak dipinjem developer malas maintenance sunti dana perintah sibuk urus covid dana maintenance pangkas delevoper lestari bug dana maintenancenya korupsi enggak percaya aplikasi kelola perintah
sudah seminggu ini enggak bisa pinjam buku,neutral,minggu enggak pinjam buku
,neutral,
kok genre lain hilang dulu ada thriller horror kok sekarang hilang min,negative,genre hilang thriller horror hilang min
setiap kali saya mencoba membuka apk ini pasti tidak bisa,negative,kali coba buka apk tidak
kecewa sekali errornya banyak banget,positive,kecewa errornya banget
cant register,neutral,cant register
unknown error when i got tapi borrow some books,negative,unknown error got borrow books
aku instal lagi aplikasi ini dan kenapa enggak bisa dipinjem ya padahal dulu bisa huhuh,neutral,instal aplikasi enggak dipinjem ya huhuh
kenapa jumlah bukunya dibatasi ya dan batas peminjaman bukuny terlalu sedikit,negative,buku batas ya batas pinjam bukuny
crash di android tidak bisa buka ebook yang sudah borrowed,negative,crash android tidak buka ebook borrowed
kadang error entah kenapa saat meminjam sama entah kenapa app nih banyak izinnya sampai izin mengedit system setting,negative,kadang error pinjam app nih izin izin edit system setting
kok ngebug sih aplikasinya enggak bisa nge search,negative,ngebug sih aplikasi enggak nge search
setelah cukup lama saya tidak menggunakan ipusnas kemudian saya menginstallnya kembali saya dapati pengalaman membaca saya sekarang di versi ipusnas terbaru masih tetap belum maksimal terdapat error pada mode malam sehingga latar dan tulisannya samasama gelap tentu ini sangat menyulitkan juga ketika membuka buku untuk kedua kalinya setelah keluar aplikasi sama sekali tidak dapat menampilkan apaapa mohon segera diperbaiki salam literasi,negative,tidak ipusnas menginstallnya dapat alam baca versi ipusnas baru maksimal error mode malam latar tulis samasama gelap sulit buka buku kali aplikasi tidak tampil apaapa mohon baik salam literasi
i thought that this app would be great but no another ridiculous app from govt itu requires tapi have video and storage permission and even system settings said ini ones comment tapi set brightness other ecommerce qr app can set brightness without requiring such settings uninstalling until permission is changed tapi optional,positive,thought app would great another ridiculous app govt requires video storage permission even system settings said ones comment set brightness ecommerce qr app set brightness without requiring settings uninstalling permission changed optional
bukubukunya masih sangat sedikit bahkan banyak bukubuku cerita yang dulu saya baca di perpustakaan sewaktu sd sekitar tahun yang lalu sulit sekali ditemukan selain itu buku yang dipinjam tidak dapat dibuka aplikasi otomatis tertutup jika ingin membuka buku,negative,bukubukunya bukubuku cerita baca pustaka sd sulit temu buku pinjam tidak buka aplikasi otomatis tutup buka buku
idk fitur yang ada di android beda sama fitur di apple di android payah sekali,negative,idk fitur android beda fitur apple android payah
aplikasi sudah diperbaiki tolong dilengkapi koleksi bukubuku novel untuk hiburan baik bahasa asing ataupun terjemahan,negative,aplikasi baik tolong lengkap koleksi bukubuku novel hibur bahasa asing terjemah
saran pdf bisa di download offline enggak perlu signin untuk baca,positive,saran pdf download offline enggak signin baca
salah satu aplikasi baca gratis terbaik di indonesia koleksi buku bukunya banyak cocok untuk yang ingin baca buku dengan pinjam secara gratis tapi mungkin karena gratis app ini banyak kekurangannya app nya sering under maintenance dan suka error tidak ada kategori buku by genre atau pengklasifikasian buku jadi harus ketik manual di tab search,positive,salah aplikasi baca gratis baik indonesia koleksi buku buku cocok baca buku pinjam gratis gratis app kurang app nya maintenance suka error tidak kategori buku genre klasifikasi buku ketik manual tab search
good apps,positive,good apps
scrolling ini homepage really makes me sick,neutral,scrolling homepage really makes sick
this app needs permission tapi modify system setting otherwise this app cant be opened mau i ask for what reason permission tapi take picture and video along with reading storage can be made optional rather tahan compulsive,negative,app needs permission modify system setting otherwise app cant opened ask reason permission take picture video along reading storage made optional rather tahan compulsive
saya tidak bisa buka aplikasinya itu keeps stopping tolong dong diperbaiki saya pengin baca buku,negative,tidak buka aplikasi keeps stopping tolong baik pengin baca buku
mohon ditambahkan transisi yang cuman hanya tap,neutral,mohon transisi cuman tap
bagus cuman sering error,negative,bagus cuman error
this is first time i download after i got many reviews about this app i will come back after i use this app and for now i give appreciation for this app,negative,first time download got many reviews app come back use app give appreciation app
tolong dong kalo buku yang ingin kita pinjam sudah tersedia kasih notifikasi bar supaya bisa segera di pinjam sedih banget mengantri terus,neutral,tolong kalo buku pinjam sedia kasih notifikasi bar pinjam sedih banget antri
i didnt get the confirmation tapi my email sok i cant borrowed any book,neutral,didnt get confirmation email sok cant borrowed book
sudah bagus aplikasinya tapi sering sekali maintenance ya jadi sedikit mengganggu saran saya tiap pembaruan lewat play store saja jadi user yang download tidak perlu dihentikan ketika maintenance mungkin bisa diberi dark mode untuk opsi bacanya,negative,bagus aplikasi maintenance ya ganggu saran baru play store user download tidak henti maintenance dark mode opsi baca
nice appp,positive,nice appp
setelah diinstall ulang bisa kembali normal alhamdulillah,positive,diinstall ulang normal alhamdulillah
terima kasih sudah memperbaiki aplikasinya sekarang saya sudah bisa membaca dengan nyaman terlebih lagi ini gratis,positive,terima kasih baik aplikasi baca nyaman gratis
dank,neutral,dank
hari ini tiba aplikasi tidak mendeteksi koneksi internet padahal koneksi internet baik saja saya tidak bisa browsing koleksi maupun meminjam buku tolong perbaiki segera,negative,aplikasi tidak deteksi koneksi internet koneksi internet tidak browsing koleksi pinjam buku tolong baik
sering banget errornya,positive,banget errornya
kenapa saya tidak bisa meminjam buku ya sudah berkali kali click borrow tetap saja enggak bisa,negative,tidak pinjam buku ya kali kali click borrow enggak
saya download untuk membaca novelnya mira gue dari jendela sampai wkwkwk,positive,download baca novel mira jendela wkwkwk
hai kak untuk buku yang membahas investasi saham masih sedikit bisakah untuk ditambah lagi,positive,hai kak buku bahas investasi saham tambah
kok errornya tiap hari ya,positive,errornya ya
good lah,positive,good
sering eror,negative,eror
sangat bagus untuk orangorang yang hobi membaca secara gratis dan tentunya legal tapi selalu saja ada kendala dan masalah dalam aplikasi aka error jadi mohon untuk selalu memperbaiki dan mengembangkan aplikasi untuk kenyamanan pengguna terimakasih,positive,bagus orangorang hobi baca gratis legal kendala aplikasi aka error mohon baik kembang aplikasi nyaman guna terimakasih
sampai hari ini masih belum teratasi error tidak dapat meminjam buku kapan kiranya diperbaiki ya,negative,atas error tidak pinjam buku baik ya
lama banget menunggu trouble eror nya dari dulu alasannya aplikasi sedang maintenance terus pemerintah tolong lah benerin aplikasinya katanya indonesia goes digital,negative,banget tunggu trouble eror nya alas aplikasi maintenance perintah tolong benerin aplikasi indonesia goes digital
error mulu pinjam buku enggak bisa padahal lagi ada stocknya statusnya enggak ganti tetap newbie terus padahal sudah melakukan yang tertera buat naik status tapi itu sih yang paling menyebalkan kadang bukunya enggak bisa dibuka dan selalu error,negative,error mulu pinjam buku enggak stocknya status enggak ganti newbie tera status sih sebal kadang buku enggak buka error
good,positive,good
damn its sok cool dude try itu,positive,damn sok cool dude try
good applicationtapi akhirakhir ini kenapa eror ya saya tidak bisa pinjam buku dan tiap buka aplikasinya selalu keluar,negative,good applicationtapi akhirakhir eror ya tidak pinjam buku buka aplikasi
sampai kapan nih maintenancenya masa hari enggak selesai perpus sebelah sudah bisa tuh minjem masa sini belum edited great job alhamdulillah sudah bisa kembali buat minjam bukunya thanks developers tambahkan juga ya katalognya sama bukubuku terbaru kalo bisa terbitan terbaru juga ya,positive,nih maintenancenya enggak selesai pus belah tuh minjem edited great job alhamdulillah minjam buku thanks developers tambah ya katalog bukubuku baru kalo terbit baru ya
saya beri bintang karena sejak kemarin tidak bisa meminjam buku semoga segera ada perbaikan terima kasih,positive,bintang kemarin tidak pinjam buku moga baik terima kasih
bukunya enggak bisa di pinjem otomatis enggak bisa baca,positive,buku enggak pinjem otomatis enggak baca
aplikasi yang bermanfaat untuk orang yang suka baca tapi tidak mau numpuk buku di rumah tapi sayang aplikasinya sering error semoga kedepannya lebih baik lagi,negative,aplikasi manfaat orang suka baca tidak numpuk buku rumah sayang aplikasi error moga depan
suka banget baca buku di app ini enggak perlu keluar uang dan legal walau buku fisik lebih satisfying tapiiiii aplikasinya masih cukup parah karena sering maintenance dan baru ini maintenance sampai berhari dan itu membuat pembaca feel uncomfortable,negative,suka banget baca buku app enggak uang legal buku fisik satisfying tapiiiii aplikasi parah maintenance maintenance hari baca feel uncomfortable
kenapa enggak bisa minjem buku ini unknown error terus padahal lagi butuh banget,negative,enggak minjem buku unknown error butuh banget
kenapa semua buku tidak bisa dipinjam selalu tertulis error waktu mencet tombol borrow tolong segera diperbaiki saya sangat membutuhkan buku tersebut,negative,buku tidak pinjam tulis error mencet tombol borrow tolong baik butuh buku
halo admin aplikasi ipusnas benar benar menarik saya amat terbantu dengan hadirnya aplikasi ini namun sayangnya selama seminggu terakhir server sering mengalami gangguan sehingga proses meminjam buku terkendala harap diperbaiki secepatnya terima kasih,negative,halo admin aplikasi ipusnas tarik bantu hadir aplikasi sayang minggu server alami ganggu proses pinjam buku kendala harap baik cepat terima kasih
why i cant borrow any of book theres notif said unable tapi added the book unknown error pls fix the aps asap bcs this is really a good aps,negative,cant borrow book theres notif said unable added book unknown error pls fix aps asap bcs really good aps
memalukan masa maintenance lebih dari jam sudah berhari hari aplikasi lain ya paling maintenance jam,negative,malu maintenance jam hari aplikasi ya maintenance jam
ipusnas saran saja nih next time kalo mau maintenance di kasih alert dong jadi pengguna bisa antisipasi untuk ngembaliin minjem buku mending kalo maintenancenya hanya beberapa jam ini bisa kali jam dari minggu dini hari sampai sekarang senin dini hari saya enggak bisa minjem ngembaliin buku tolong improve dong kalo memang enggak bisa menghindari maintenance ya minimal dikasih peringatanwarning di sistem sebelum maintenance sekian terima kasih,positive,ipusnas saran nih next time kalo maintenance kasih alert guna antisipasi ngembaliin minjem buku mending kalo maintenancenya jam kali jam minggu senin enggak minjem ngembaliin buku tolong improve kalo enggak hindar maintenance ya minimal kasih peringatanwarning sistem maintenance sekian terima kasih
pada saat meminjam buku tidak bisa muncul unable ada book error unknown,negative,pinjam buku tidak muncul unable book error unknown
susahh banget aplikasi ini baddd,negative,susahh banget aplikasi baddd
server nya suka not responding,positive,server nya suka responding
selamat malam terimakasih sudah menciptakan aplikasi yang sangat bermanfaat tapi ada keluhan saya hari ini saya tidak bisa meminjam buku aplikasi nya sedang error tolong kak di perbaiki terima kasih,positive,selamat malam terimakasih cipta aplikasi manfaat keluh tidak pinjam buku aplikasi nya error tolong kak baik terima kasih
aplikasknya eror mau pinjam buku yang masih tersedia tidak bisamohon segera diperbaiki aplikasinya terimakasih,negative,aplikasknya eror pinjam buku sedia tidak bisamohon baik aplikasi terimakasih
saya enggak bisa pinjam buku tulisannya unknown error terus tolong diperbaiki,negative,enggak pinjam buku tulis unknown error tolong baik
rawan terjadi error sering tidak bisa load buku,negative,rawan error tidak load buku
i become realized when i read several complains from people that this apps erroring and i hope this app could be use again the normally wait of improvement itu coz we was really need this app and dont stop tapi constantly improve and develop this app coz thats very important at your company,neutral,become realized read several complains people apps erroring hope app could use normally wait improvement coz really need app dont stop constantly improve develop app coz thats important company
bad app always says unable tapi ada book ini collection unknown error orang our server is currently under maintenance,negative,bad app always says unable book collection unknown error orang server currently maintenance
i cant borrow the books the notification says an unknown error occurs everytime i try tapi borrow,negative,cant borrow books notification says unknown error occurs everytime try borrow
maaf ini ipusnas kenapa ya dari kemarin mau pinjem buku error mulu mau ngembaliin juga enggak bisa padahal butuh banget referensi tambahan tolong dong segera diperbaiki,positive,maaf ipusnas ya kemarin pinjem buku error mulu ngembaliin enggak butuh banget referensi tambah tolong baik
server sering bermasalah,negative,server masalah
error mulu unable tapi ada book ini collection unknown error sudah saya ulang tetap saja begitu help,negative,error mulu unable book collection unknown error ulang help
i cant borrow books again the writing is always unknown error and sometimes books with the number of copies still exist cannot be borrowed either please improve more thank you,negative,cant borrow books writing always unknown error sometimes books number copies still exist borrowed either please improve thank
mohon maaf admin ipusna sekarang sering gangguan berkalikali saya harus uninstall lalu instal lagi tidak bisa meminjam buka mengembalikan sampai aplikasinya tidak bisa dibuka mohon solusinya terima kasih,negative,mohon maaf admin ipusna ganggu berkalikali uninstall instal tidak pinjam buka kembali aplikasi tidak buka mohon solusi terima kasih
error terus deh brengsek,negative,error deh brengsek
i think its a bad app i cant open one of the books always sayang unknown error,negative,think bad app cant open one books always sayang unknown error
eror terus,negative,eror
dari dua hari lalu mau pinjam buku enggak bisa kadang notifnya error kadang unavailable kalau sedang maintenance sebaiknya ada notif pas user login terus itu review di google play kayak dijawab autoreply dari bulan apa kendala mulu jawabannya persis,neutral,pinjam buku enggak kadang notifnya error kadang unavailable maintenance notif pas user login review google play kayak autoreply kendala mulu jawab persis
saya suka dengan aplikasi ini hanya saja ketika ingin meminjam buku atau return sistem selalu maintenance dan error tibatiba yang membuatnya menjadi loading dengan waktu yang lama sehingga buku yang saya incar akhirnya selalu dalam stok kosong,negative,suka aplikasi pinjam buku return sistem maintenance error tibatiba buat loading buku incar stok kosong
apaan dari kemarin mau minjem buku maintenance terus terus kapan bisa baca bukunya kalo begini mah,positive,kemarin minjem buku maintenance baca buku kalo mah
lagigabisa pinjem buku kenapa,neutral,lagigabisa pinjem buku
saya tidak bisa meminjam beberapa buku dengan alasan jaringan tidak stabil mohon perbaikan kedepannya supaya literasi masyarakat dapat kuat apalagi disaat pandemi saat ini terimakasih,negative,tidak pinjam buku alas jaring tidak stabil mohon baik depan literasi masyarakat kuat saat pandemi terimakasih
banyak buku bacaan yang bisa dipinjem tapi enggak bisa dibaca pas mau baca selalu unknown error kenapa ya,positive,buku baca dipinjem enggak baca pas baca unknown error ya
tidak bisa untuk mendowload buku yang akan dipinjam,negative,tidak mendowload buku pinjam
lagi butuh banget bukunya tapi maintenance terus astaga kapan selesainya,negative,butuh banget buku maintenance astaga selesai
tidak bisa mendownload selalu tulisannya unknown error,negative,tidak mendownload tulis unknown error
percuma banget buku banyak tapi enggak bisa dipinjam,positive,banget buku enggak pinjam
mengecewakan mengapa saya tidak lagi bisa meminjam buku saya butuh sekali buku itu untuk belajar sesulit itukah harap segera diperbaiki saya sangat sangat tidak nyaman jika saya tidak bisa meminjam buku psikologi persuasif tolong segera diperbaiki,negative,kecewa tidak pinjam buku butuh buku ajar sulit harap baik tidak nyaman tidak pinjam buku psikologi persuasif tolong baik
enggak bisa buka aplikasi untuk saat ini di ulang sama saja tidak bisa terkoneksi ke server untuk ambil data,negative,enggak buka aplikasi ulang tidak koneksi server ambil data
app nya keren banget menambah wawasan dan ilmu baru banyak buku bacaan bagus disini yang bisa kita pinjam gratis terimakasih banyak untuk pemerintah dan developer,positive,app nya keren banget tambah wawas ilmu buku baca bagus pinjam gratis terimakasih perintah developer
mau ganti password tapi jaringan not found,positive,ganti password jaring found
bagus sih apk nya tapi kenapa aku merasa ditipu ya,positive,bagus sih apk nya tipu ya
saya lupa password saya dan mengirim request untuk ganti password tapi sampai sekarang saya tidak pernah dapat email dari ipusnas saya sudah mengecek spam dll mohon diperbaiki,negative,lupa password kirim request ganti password tidak email ipusnas ecek spam dll mohon baik
why di you need access tapi modify system settings tho,neutral,need access modify system settings tho
saya suka karena koleksinya banyak dan semuanya bisa dipinjam secara gratis sangat bermanfaat untuk pelajar seperti saya saran saya buku yang populer copynya diperbanyak biar enggak terlalu lama mengantri lalu semoga bisa ditambahkan fitur untuk menyimpan buku dalam wishlist bukan cuma buku yang lagi mengantri saja soalnya kadang nemu buku menarik buat dibaca nanti maunya sih bisa ditandain biar enggak lupa,positive,suka koleksi pinjam gratis manfaat ajar saran buku populer copynya banyak biar enggak antri moga fitur simpan buku wishlist bukan buku antri kadang nemu buku tarik baca mau sih ditandain biar enggak lupa
beberapa buku tidak bisa dibookmark cuma itu kekurangannya yang lain sudah lumayan,negative,buku tidak dibookmark kurang lumayan
saya kasih bintang satu dulu ya soalnya baru download masa sudah enggak bisa dibuka app nya semoga segera diperbaiki ya aplikasinya soalnya membantu banget saya bisa membaca buku perpusnas tanpa harus keluar rumah,positive,kasih bintang ya download enggak buka app nya moga baik ya aplikasi bantu banget baca buku perpusnas rumah
selalu muncul tulisan could not get data from server hadu tolonglah diperbaiki yang benar benar diperbaiki thanks,positive,muncul tulis could get data server hadu tolong baik baik thanks
tbh this app sucks i cant even open the app ini the first place itu seems tapi work weird while my phone is running well,negative,tbh app sucks cant even open app first place seems work weird phone running well
cant even open the app itu keeps saying could not get data from server and no dls found whenever i tried tapi launch the app eventhough my connection is normal for an application with a lot of potential this is really disappointing please fix the issue immediately,negative,cant even open app keeps saying could get data server dls found whenever tried launch app eventhough connection normal application lot potential really disappointing please fix issue immediately
aplikasi tidak bisa terbuka,negative,aplikasi tidak buka
halo bagaimana cara mengembalikan buku dan batas waktu pengembalian kapan lalu kenapa saya tidak bisa membuka bukunya tolong jelaskan,negative,halo kembali buku batas kembali tidak buka buku tolong
enggak pernah bisa masuk selalu bacaannya couldnt get data,negative,enggak masuk baca couldnt get data
bagus sih ada perpustakaan digital tapi aplikasinya sering bikin kesel karena error itu hampir tiap minggu aku rasa pas mau pinjam buku terus enggak bisa tuh jadi enggak nyaman banget kecewa karena ini kan perpustakaan nasional tapi sering error apa enggak bisa diperbaiki biar pembaca lebih nyaman dan enggak misuhmisuh bikin istigfar saja,positive,bagus sih pustaka digital aplikasi bikin kesel error minggu pas pinjam buku enggak tuh enggak nyaman banget kecewa pustaka nasional error enggak baik biar baca nyaman enggak misuhmisuh bikin istigfar
not functioning properly i cant read the book i borrowed when i click itu i will be redirected tapi the homepage jelek banget sumpah enggak bisa menambah buku atau baca buku yang lagi dipinjam ratingnya kuturunkan jadi,negative,functioning properly cant read book borrowed click redirected homepage jelek banget sumpah enggak tambah buku baca buku pinjam ratingnya turun
kurang lengkap,negative,lengkap
berkali enggak bisa buka buku yang sudah didownload karena katanya file nya corrupted solusinya bagaimana ya kira,positive,kali enggak buka buku didownload file nya corrupted solusi ya
jumlah copy bukunya masih ada tapi enggak bisa dipinjem padahal didaftar antrinya banyak banget berarti dia enggak otomatis update atau bagaimana sih masyaallah astagfirullahaladzim tolong perbaiki ya kak,positive,copy buku enggak dipinjem daftar antri banget enggak otomatis update sih masyaallah astagfirullahaladzim tolong baik ya kak
setiap mau buka buku pinjaman aplikasinya keluar sendiri lalu saat mencari buku loadingnya tidak muncul,negative,buka buku pinjam aplikasi cari buku loadingnya tidak muncul
edit sudah bisa dibuka,neutral,edit buka
good sudah tidak perlu sering login kedepanya mohon ada fitur history buku apa yang pernah kita pinjam dan semoga lebih banyak literatur atau bukubuku berbahasa inggris,negative,good tidak login depa mohon fitur history buku pinjam moga literatur bukubuku bahasa inggris
aplikasinya melawak tiap mau baca buku malah force close,negative,aplikasi lawak baca buku force close
ini aku sudah register tapi pas besoknya harus log ini lagi apa memang begitu ya kalo keluar aplikasi jadi log out,positive,register pas besok log ya kalo aplikasi log
bukunya kurang lengakapppp terutama buju fiksi mau saran kayaknya semua buku yang dapat izin edar bisa dong di akses di ipusnas,negative,buku lengakapppp buju fiksi saran kayak buku izin edar akses ipusnas
kenapa tidak bisa pinjam buku lagi,negative,tidak pinjam buku
ada yang menganggu dengan format buku yang tidak bisa di bookmark bahkan tidak ada nomor halaman setiap ingin kembali membaca selalu terbuka di halaman pertama dan ya karena tidak ada nomor halaman dan tidak bisa di bookmark akhirnya repot harus cek satusatu per halaman ditambah lagi kalau jumlah halamannya dua ratus ke atas lalu entah kenapa sebulan sekali aku dipaksa log out dan login balik,negative,menganggu format buku tidak bookmark tidak nomor halaman baca buka halaman ya tidak nomor halaman tidak bookmark repot cek satusatu halaman tambah halaman ratus bulan paksa log login
sorry star nya saya ganti aplikasi sudah berjalan lancar jaya,negative,sorry star nya ganti aplikasi jalan lancar jaya
tolong dikasih riwayat buku apa saja yang pernah dibaca dong biar sewaktuwaktu kalo cari bukunya lagi mudah untuk ditemukan fitur untuk menyimpan kalimat penting yang fungsinya sama dengan stabilo bisa juga ya,positive,tolong kasih riwayat buku baca biar sewaktuwaktu kalo cari buku mudah temu fitur simpan kalimat fungsi stabilo ya
tidak bisa diakses edit sudah bisa diakses tapi belum coba isinya,negative,tidak akses edit akses coba isi
sip deh bagus skrgmah semoga ke depannya semakin meningkat dan tak ada system error lagi,negative,sip deh bagus skrgmah moga depan tingkat tak system error
suka banget sama aplikasi ini tapi kok sering eror baca data server yang dsl itu kenapa ya,negative,suka banget aplikasi eror baca data server dsl ya
antarmuka aplikasi kurang menarik dan sering mengalami force close,negative,antarmuka aplikasi tarik alami force close
login saja enggak bisa tolong di perbaiki ya ini kan standar perpustakaan nasional masa kayak begini,positive,login enggak tolong baik ya standar pustaka nasional kayak
how can i upload and ada book,neutral,upload book
problem occured could not get data from server and no dls found,negative,problem occured could get data server dls found
saya sudah seminggu lebih tidak bisa mengakses ipusnas hal ini sering mendadak terjadi,neutral,minggu tidak akses ipusnas dadak
saya suka ipusnas tetapi terlalu sering gangguan ya,positive,suka ipusnas ganggu ya
enggak bisa minjem buku masa semua buku enggak bisa,neutral,enggak minjem buku buku enggak
sudah coba install ulang tapi tetap enggak bisa log ini mohon segera diperbaiki,positive,coba install ulang enggak log mohon baik
baru download kyaknyanlagi masalah belum bisa di gunakan,neutral,download kyaknyanlagi
coba saja sendiri,positive,coba
i tried countless time tapi log ini but the app keep crashing down and itu never let me ini its frustrating if im being honest,neutral,tried countless time log app keep crashing never let frustrating im honest
aplikasinya mudah dioperasikan dan bnayak pilihan bacaan yang diberikan sayang entah kenapa sebulah terkahir ini di maret seringkali aplikasi tidak dapat dipakai sepertinya down semoga developer senantiasa segera menemukan jalan keluar tetap terimkasih ipusnas,negative,aplikasi mudah operasi bnayak pilih baca sayang sebu terkahir maret seringkali aplikasi tidak pakai moga developer senantiasa temu jalan terimkasih ipusnas
sebenarnya aplikasinya sangat bermanfaat sekali dan mempermudah penggunanya dalam meminjam buku secara virtual hanya saja aplikasi ini cukup sering mengalami error setiap sekali seminggu pasti ada saja error yang saya temui sehingga kurang membuat saya nyaman dan bebas membaca buku jika pengalaman ini tidak saya alami kembali dengan senang saya akan memberi skor bintang,negative,aplikasi manfaat mudah guna pinjam buku virtual aplikasi alami error minggu error temu nyaman bebas baca buku alam tidak alami senang skor bintang
buku untuk mahasiswa kurang lengkap,negative,buku mahasiswa lengkap
kenapa enggak bisa log ini,neutral,enggak log
susah banget log ini enggak dapat kodenya,negative,susah banget log enggak kode
the app is great but please ada the search button,neutral,app great please search button
bagus,negative,bagus
aplikasi yang sangat membantu dosen dan juga mahasiswa dalam mencari referensi ada sedikit masukan tolong fitur ganti tema aplikasi secara permanen ada seperti dark mode tolong ada fitur search text pada buku yang sedang dibaca ini akan sangat memudahkan dari scrolling down tolong tambahkan dong koleksi databased bukunya supaya buku yang ada onsite di perpusnas ada juga di aplikasi selebihnya sangat membantu terima kasih banyak,negative,aplikasi bantu dosen mahasiswa cari referensi masuk tolong fitur ganti tema aplikasi permanen dark mode tolong fitur search text buku baca mudah scrolling tolong tambah koleksi databased buku buku onsite perpusnas aplikasi lebih bantu terima kasih
bukubuku yang tersedia tidak cukup update,negative,bukubuku sedia tidak update
cant borrow,neutral,cant borrow
akun saya tiba ke log out sendiridi coba log ini lagi malah enggak mau masuk ini lagi ada gangguan kah,negative,akun log sendiridi coba log enggak masuk ganggu kah
saranku semoga bisa ada list buku populernya terus juga seperti ada beberapa buku yang bisa masuk ke whislist jadi kalau misal mau baca buku ini tidak perlu dicari lagi karena ada di listnya untuk dipinjam,negative,saran moga list buku populer buku masuk whislist baca buku tidak cari listnya pinjam
banyak segala macam jenis buku disini yang berguna untuk menambah wawasan simple dan bagus aplikasi nya terimakasih untuk developer dan pemerintah yang sudah menyediakan,positive,jenis buku guna tambah wawas simple bagus aplikasi nya terimakasih developer perintah sedia
kok enggak bisa di download ya bukunya sudah coba beberapa kali tetap begitu saja enggak ke download,positive,enggak download ya buku coba kali enggak download
i cant open the book that i had borrowed yesterday,negative,cant open book borrowed yesterday
membantu banget meski koleksinya kurang komplit sempat uninstall kemarin sekarang sudah install lagi tapi enggak bisa masuk lagi hari ini,negative,bantu banget koleksi komplit uninstall kemarin install enggak masuk
apps bagus dan banyak sekali pilihan buku serta sudah ada penggolongan by category tapi enggak bisa diborrow lah serius pls fix itu,negative,apps bagus pilih buku golong category enggak diborrow serius pls fix
mohon aplikasi ditambah fitur login anggota pustaka dan punya akses peminjaman buku biar lebih mudah datang tinggal ambil tanpa mencaricari lagi tingkatkan juga dong performa aplikasinya sayang banget cuma begitu saja kemampuannya,negative,mohon aplikasi tambah fitur login anggota pustaka akses pinjam buku biar mudah tinggal ambil mencaricari tingkat performa aplikasi sayang banget mampu
why does this app requiring taking photo video and storage at the start ask itu if its needed not at the start super suspicious,positive,app requiring taking photo video storage start ask needed start super suspicious
sangat membantu,negative,bantu
very impressive,neutral,impressive
pilihan buku masih sedikit untuk level penyediaan bukubuku referensi klasik perkuliahan misal buku sosiologi sebuah pengantar si soekanto yang tidak ada,negative,pilih buku level sedia bukubuku referensi klasik kuliah buku sosiologi antar si soekanto tidak
suka force close sendiri,neutral,suka force close
pertama bingung karena tidak bisa register karena tidak ada link for registration tapi coba login dengan fb baru ada link registration aplikasinya sangat bermanfaat tolong ditingkatkan,negative,bingung tidak register tidak link registration coba login fb link registration aplikasi manfaat tolong tingkat
keren banget banyak bacaan yang bermanfaat,positive,keren banget baca manfaat
app ini harusnya jadi jembatan yang bagus buat meningkatkan minat baca tapi enggak well developed,positive,app jembatan bagus tingkat minat baca enggak well developed
terimakasih bug fix nya dan tolong diperbanyak lagi bukunya,positive,terimakasih bug fix nya tolong banyak buku
actually this apps is very good makes me easier tapi read any books ini anywhere unfortunatelly its often tapi force shutdown my collection disappear when i opened the apps even often cannot login on my account,positive,actually apps good makes easier read books anywhere unfortunatelly often force shutdown collection disappear opened apps even often login account
sudah didownload tapi enggak bisa dibuka ebooknya langsung tertutup aplikasinya,negative,didownload enggak buka ebooknya langsung tutup aplikasi
kenapa sering sekali error,negative,error
sebenarnya koleksinya banyak bagus cuma kadang suka susah didownload kayak enggak bisa diklik tombolnya network timeout terus padahal wifi rumah adem anyem suka logout sendiri tapi sok far ya sok good sih,positive,koleksi bagus kadang suka susah didownload kayak enggak klik tombol network timeout wifi rumah adem anyem suka logout sok far ya sok good sih
i will rerate this if you have solved the problem i cant even open the apps please fix this thank you,negative,rerate solved problem cant even open apps please fix thank
aplikasi ini sangat membantu saya dalam hal akses terhadap literatur yang saya minati sehingga suatu waktu saya memutuskan mendownload aplikasi untuk windows setelah mendownload di ponsel android saya kemudian saya mendapati bahwa aplikasi ini tidak dapat digunakan serentak di dua aplikasi yang dipasang pada gadget yang berbeda saya harap ke depannya saya bisa log ini sekaligus di windows maupun android saya tabik,negative,aplikasi bantu akses literatur minat putus mendownload aplikasi windows mendownload ponsel android dapat aplikasi tidak serentak aplikasi pasang gadget beda harap depan log windows android tabik
very useful,neutral,useful
ini merupakan inovasi yang bagus dalam meningkatkan minat baca tetapi beberapa hari ini aplikasinya tidak bisa dibuka alias selalu mengatakan kehilangan jaringan padahal koneksi internet stabil mohon diperbaiki ya terimakasih,positive,inovasi bagus tingkat minat baca aplikasi tidak buka alias hilang jaring koneksi internet stabil mohon baik ya terimakasih
awalnya terus crash di hpku mungkin tergantung hp kali ya dan selanjutnya sudah makin lancar terima kasih banyak sudah membuat app perpus sungguh membantu mahasiswa untuk mencari refrensi secara online yang legal di masa pandemi ini saran untuk bisa mencari keyword di buku dan semakin berkembang lagi,negative,crash hpku gantung hp kali ya lancar terima kasih app pus sungguh bantu mahasiswa cari refrensi online legal pandemi saran cari keyword buku kembang
terima kasih sudah bisa di download n diaplikasikan semoga selalu bermanfaat,positive,terima kasih download n aplikasi moga manfaat
macet macet,neutral,macet macet
susah temu kembali koleksi,neutral,susah temu koleksi
alhamdulillah aplikasi sudah berjalan dengan normal terima kasih,positive,alhamdulillah aplikasi jalan normal terima kasih
aplikasinya masih sering mengalami down server akibatnya sulit mengkonfirmasi untuk peminjaman buku sudah hari ditunggu agar pulih kembali dan masih sulit untuk melakukan peminjaman temanteman saya juga berkata demikian terimakasih mohon bantuannya,negative,aplikasi alami server akibat sulit konfirmasi pinjam buku tunggu pulih sulit pinjam temanteman terimakasih mohon bantu
ini app paling favorit walaupun sering banget errornya tolong di tingkatkan lagi,positive,app favorit banget errornya tolong tingkat
buku yang disediakan masih terbatas banyak yang meminjam namun tidak dikembalikan sehingga saat membutuhkan tidak ada dan paling utama mohon sistem nya diperbaiki karena setiap membuka aplikasi mencari buku meminjammendowload selalu lama atau lemot sedangkan saya membuka aplikasi berat lainnya biasa saja,negative,buku sedia batas pinjam tidak kembali butuh tidak utama mohon sistem nya baik buka aplikasi cari buku meminjammendowload lot buka aplikasi berat
aplikasinya suka error dan sering enggak bisa pinjam buku mohon lebih ditingkatkan,negative,aplikasi suka error enggak pinjam buku mohon tingkat
ada beberapa buku yang susah didownload padahal ada stoknya,negative,buku susah didownload stok
ini kenapa enggak bisa sih terusterusan timeout dan koneksi enggak baik padahal internetku baikbaik saja untuk akses yang lain,neutral,enggak sih terusterusan timeout koneksi enggak internetku baikbaik akses
good,positive,good
edit now i can login sorry tapi sayang but its bad app even i cant login with facebook orang email when i try tapi forget password the system tells meta code error_message data tidak valid,negative,edit login sorry sayang bad app even cant login facebook orang email try forget password system tells meta code error message data tidak valid
maaf kak kenapa eror ya mohon untuk diperbaiki,positive,maaf kak eror ya mohon baik
tolong min aplikasinya sering error sering tetiba logout sampai harus uninstallinstall lagi lelah,negative,tolong min aplikasi error tetiba logout uninstallinstall lelah
i cant open this app i deleted itu and then downloaded again but this app still cant be opened,negative,cant open app deleted downloaded app still cant opened
halo ipusnas tim terimakasih sudah membuat aplikasi ini saya sangat terbantu hari ini sayang sekali saya tidak bisa membuka aplikasinya semoga aplikasinya bisa segera diperbaiki ya dan kedepannya tidak sering eror ya semangat,negative,halo ipusnas tim terimakasih aplikasi bantu sayang tidak buka aplikasi moga aplikasi baik ya depan tidak eror ya semangat
actually i really love this app because itu has many books that i want tapi read but this app often got problems i cant open itu before i think its on my internet but after i checked itu on other app my internet was ok sok its this app problem i hope this app will develope and be better,negative,actually really love app many books want read app often got problems cant open think internet checked app internet ok sok app problem hope app develope better
bagaimana nih aplikasinya error terus enggak bisa loading apa deh kucoba clear data clear cache logout sekarang malah enggak bisa login tolong dong segera diperbaiki,negative,nih aplikasi error enggak loading deh coba clear data clear cache logout enggak login tolong baik
erorr padahal suka banget baca novel di ipusnas tapi eror nih tolong benerin ya,positive,erorr suka banget baca novel ipusnas eror nih tolong benerin ya
bagus mungkin bugnya dikurangin akan jauh lebih baik,negative,bagus bugnya rangin
could not find dls data from server close application aplikasi tidak bisa dibuka,negative,could find dls data server close application aplikasi tidak buka
tolong diperbaiki waktu buka ebook langsung keluar,positive,tolong baik buka ebook langsung
kagak ada fitur wishlist buku yang mau dibaca apa,negative,kagak fitur wishlist buku baca
sudah pakai ipusnas dari lama tapi masalah nya itu itu saja pak developer semangat ya pak saya pengin baca buku legal soalnya kalau apk nya nge bug begini terus bagaimana saya mau baca,positive,pakai ipusnas nya developer semangat ya pengin baca buku legal apk nya nge bug baca
masukan untuk kedepannya semoga ada jurnal nasional atau contoh skripsi agar lebih menyeluruh lagi khususnya yang perlu bahan untuk tugas atau skripsian terimakasih dan sukses selalu,positive,masuk depan moga jurnal nasional contoh skripsi bahan tugas skripsi terimakasih sukses
i can borrow the books easily thank you ipusnas,positive,borrow books easily thank ipusnas
mohon di perbaiki kesalahan batal login di aplikasi untuk windows saya sudah beberapa kali login tapi selalu saja tidak bisa meminjam buku begitupun juga biasanya terjadi di aplikasi ipusnas di hp,negative,mohon baik salah batal login aplikasi windows kali login tidak pinjam buku aplikasi ipusnas hp
gila,negative,gila
selalu keluar meminta masukan email terus kenapa ya please check the bug orang error ini apps,negative,masuk email ya please check bug orang error apps
keren aplikasinya,negative,keren aplikasi
good,positive,good
setiap mau buka app selalu saja could not get data from server and no dls found tolong segera diperbaiki,neutral,buka app could get data server dls found tolong baik
aplikasi eror tidak bisa search,negative,aplikasi eror tidak search
menurutku ini aplikasi yang bagus walau masih ada beberapa gangguan tapi saya senang sekali dengan aplikasi ini karena bisa membaca bukubuku yang telah terbit secara gratis layaknya membaca di perpustakaan versi digital meski ada beberapa buku yang tidak bisa ditemukan di ipusnas sejauh ini sudah lumayan untuk perpustakaan nasional yang memiliki koleksi buku yang begitu banyak,negative,turut aplikasi bagus ganggu senang aplikasi baca bukubuku terbit gratis layak baca pustaka versi digital buku tidak temu ipusnas lumayan pustaka nasional milik koleksi buku
terimakasih ipusnas akhirnya saya bisa daftar,positive,terimakasih ipusnas daftar
banyak buku bagus yang ingin saya baca tapi saat akan didownload error terus katanya servicenya lagi diperbaiki,negative,buku bagus baca didownload error servicenya baik
saat ini saya mengalami kendala dalam proses peminjaman katanya sedang di maintainence begitu semoga cepat pulih belum selesai baca soalnya,negative,alami kendala proses pinjam maintainence moga cepat pulih selesai baca
up doesnt work itu said couldnt get data from server and no dls found,negative,doesnt work said couldnt get data server dls found
idenya bagustapi apps nya perlu di kembangkan lagisetiap buka buku yang di borrow selalu force closepengguna poco f miui,positive,ide bagustapi apps nya kembang lagisetiap buka buku borrow force closepengguna poco f miui
enggak bisa pinjem karena suruh verifikasi email padahal di email gadapet email apa huhuhu,negative,enggak pinjem suruh verifikasi email email gadapet email huhuhu
saya tidak bisa membaca atau meminjam buku eror katanya tapi ndk tahu kenapa tiba eror mau ganti akun tidak bisa,negative,tidak baca pinjam buku eror ndk eror ganti akun tidak
saya suka app ini tolong diperbanyak koleksi bukunya juga saya masih kurang nyaman dengan ui nya semoga bisa diganti dengan yang lebih modern dan fluid sehingga semakin nyaman berlama membaca semangat,positive,suka app tolong banyak koleksi buku nyaman ui nya moga ganti modern fluid nyaman lama baca semangat
buku banyak tapi downloadnya susah meminta ampun padahal internet kencang,negative,buku downloadnya susah ampun internet kencang
sangat membantu mencerdaskan kehidupan bangsa ditunggu tambahan koleksi buku terkininya semangat,positive,bantu cerdas hidup bangsa tunggu tambah koleksi buku kini semangat
terima kasih ipusnas,positive,terima kasih ipusnas
my android version is pie but the apps force close,negative,android version pie apps force close
tidak bisa login padahal email dan password sudah benar mohon diperbaiki lagi bug nya,negative,tidak login email password mohon baik bug nya
bagus cuman kurang enak baca disini ada buku yang cuman discan jadi enggak terlalu jelas bakal lebih nyaman juga kalo support flowing text terima kasih,positive,bagus cuman enak baca buku cuman discan enggak nyaman kalo support flowing text terima kasih
hadeuhhh tiap sudah download balik lagi ke app suka enggak ada bukunya,positive,hadeuhhh download app suka enggak buku
ketersediaan buku nya banyak genre nya juga sangat beragam jadi bisa dapat buku yang cocok buat dibaca sesuai kebutuhan masingmasing,positive,sedia buku nya genre nya agam buku cocok baca sesuai butuh masingmasing
sangat bermanfaat,positive,manfaat
tidak bisa login email,negative,tidak login email
tidak bisa menandai halamanyg bisa hanya highlight kalimat,negative,tidak tanda halamanyg highlight kalimat
im sorry but i need tapi uninstall this because i cant use itu at all i keep getting this dls notif since i open the app,negative,im sorry need uninstall cant use keep getting dls notif since open app
not good,positive,good
alhamdulillah aplikasinya sudah bisa,positive,alhamdulillah aplikasi
okee solusinya ternyata appsnya sering force close adalah dengan reinstall semoga kedepannya semakin baik,positive,okee solusi appsnya force close reinstall moga depan
enggak terlalu lengkap tapi lumayan membantu,negative,enggak lengkap lumayan bantu
sayangnya koleksi bukunya kurang lengkap ayo dong user yang lain upload buku jangan cuman baca doang hehe,positive,sayang koleksi buku lengkap ayo user upload buku cuman baca doang
aplikasi burik lebih burik dari ff sudah enggak bisa di pinjem di tunggu sejam enggak bisa mending enggak usah di download lagi,negative,aplikasi burik burik ff enggak pinjem tunggu jam enggak mending enggak download
nyerahlah sama app ini harus banyak stok sabarnya,positive,nyerahlah app stok sabar
buku yang mau dicari stoknya habis mulu tolong membanyaki stok lagi ya admin request tambahkan buku dengan judul kosmos by carl sagan dong min,positive,buku cari stok habis mulu tolong banyak stok ya admin request tambah buku judul kosmos carl sagan min
aplikasinya menurut saya bagus dan sangat bermanfaat tapi terkadang suka error dan dalam perbaikan terus diharapkan kedepannya agar lebih baik lagi edit sudah diperbaiki dan sudah bisa pinjam buku lagi intinya sabar saja dulu ya semoga kedepannya lebih baik lagi terimakasih ipusnas,positive,aplikasi bagus manfaat terkadang suka error baik harap depan edit baik pinjam buku inti sabar ya moga depan terimakasih ipusnas
buku nya bagus lengkap dan gratis tapi sayang server nya selalu error tolong dong di perbaiki sering maintenance juga kadang kalau mau pinjam buku tidak bisa terus lama banget loading nya,negative,buku nya bagus lengkap gratis sayang server nya error tolong baik maintenance kadang pinjam buku tidak banget loading nya
parah sih mengira sudah ada peningkatan failed tapi load the detail book network error padahal sinyal oke,negative,parah sih tingkat failed load detail book network error sinyal oke
sering banget eror buku enggak bisa diload lah lemot pula ngeload nya padahal koneksi baik saja sering juga tiba ketutup sendiri aplikasinya kayak enggak kuat begitu tolong diperbaiki ya,negative,banget eror buku enggak diload lot ngeload nya koneksi tutup aplikasi kayak enggak kuat tolong baik ya
failed tapi load terus padahal koneksi lancar,neutral,failed load koneksi lancar
baru sebentar bisalagi serunya juga baca crazy rich asian eh maintenance lagi_,negative,sebentar bisalagi seru baca crazy rich asi eh maintenance lagi
app maintenance terus jadi susah pinjam buku kalau buka app lain bentar pas balik ke ipusnas dibawa loading ke menu utama lagi halaman terakhir jadi hilang masa mau bookmark tiap saat,negative,app maintenance susah pinjam buku buka app bentar pas ipusnas bawa loading menu utama halaman hilang bookmark
maintenance mulu maintenance terus nyatanya enggak ada yang berubah stagnan enggak tahu apa yang diperbaiki tolong di era pandemi seperti ini rasanya takut mau keluar alhasil cara lainnya ya dengan aplikasi ini tapi malah aplikasinya juga enggak bisa diandalkan huh,negative,maintenance mulu maintenance enggak ubah stagnan enggak baik tolong era pandemi takut alhasil ya aplikasi aplikasi enggak andal huh
dear ipusnass team please fix your system and i can read any books again i just feel sok sad when i found your system still maintenance over and over again,negative,dear ipusnass team please fix system read books feel sok sad found system still maintenance
dear ipusnas team kenapa maintainance sering dilakukan di weekend ya padahal weekend biasanya jadi waktu sempurna kebanyakan pembaca buat feel free menikmati jam baca buku dari kemarin indak bisa pinjem buku baru kalau boleh masukan please maintainancenya di jamjam pembaca sepi baca boleh terima kasih,positive,dear ipusnas team maintainance weekend ya weekend sempurna banyak baca feel free nikmat jam baca buku kemarin indak pinjem buku masuk please maintainancenya jamjam baca sepi baca terima kasih
perlu penambahan fitur bookmark,positive,tambah fitur bookmark
aplikasinya bagus cuma ada bug waktu saya scroll halamannya backgroundnya enggak bisa tetap kadang berubah dan sering glitching dari dark ke light,negative,aplikasi bagus bug scroll halaman backgroundnya enggak kadang ubah glitching dark light
kenapa selalu error pas dibuka padahal internet lancar,neutral,error pas buka internet lancar
dark mode enggak bisa bunsyay,neutral,dark mode enggak bunsyay
halo ini kenapa enggak bisa dibuka ya selalu ada tulisan could not get data from server and no dls found,positive,halo enggak buka ya tulis could get data server dls found
kurang responsif,neutral,responsif
tambah koleksi nya,positive,koleksi nya
kenapa tidak bisa di buka,negative,tidak buka
i cant use this app why problem occurred,negative,cant use app problem occurred
sometimes loading,neutral,sometimes loading
good apps,positive,good apps
terbaik,positive,baik
banyak buku buku bagus disini,negative,buku buku bagus
aplikasi yang bagus buat baca buku gratis tapi kok ya sering force close ya mohon diperbaiki supaya bisa lebih menambah wawasan anak bangsa,positive,aplikasi bagus baca buku gratis ya force close ya mohon baik tambah wawas anak bangsa
great,positive,great
mohon sistemnya diperbaiki lagi saya sedang membaca buku tersebut namun karena suatu urusan saya harus membuka aplikasi lain namun setelah saya membuka kembali ipusnas dan saya membuka buku tersebut laman yang ditampilkan adalah laman profil buku tersebut di mana saya harus meminjamnya ulang padahal buku tersebut masih ada di folder books borrowed saya dan masa peminjaman masih tersisa hari lagi terima kasih,negative,mohon sistem baik baca buku urus buka aplikasi buka ipusnas buka buku laman tampil laman profil buku pinjam ulang buku folder books borrowed pinjam sisa terima kasih
keren banget bukunya memang enggak terlalu lengkap tapi berguna banget,positive,keren banget buku enggak lengkap guna banget
eror ketika mau buka could not connect tapi server orang could not found dls mohon segera diperbaiki,negative,eror buka could connect server orang could found dls mohon baik
terusmenerus menutup sendiri ketika akan baca buku yang dipinjam,neutral,terusmenerus tutup baca buku pinjam
di perangkat redmi saya selalu force closed ketika mau buka bukunya tolong diperbaiki ya tim terimakasih,positive,perangkat redmi force closed buka buku tolong baik ya tim terimakasih
quite amazing but there is many bugs out there,neutral,quite amazing many bugs
bisa tau banyak buku dan bisa membaca buku yang belum bisa saya beli jadi mwmbantu banget deh buku buku perkuliahan juga banyak,negative,tau buku baca buku beli mwmbantu banget deh buku buku kuliah
aplikasinya crash terus tidak bisa loading buku kenapa ya,negative,aplikasi crash tidak loading buku ya
aplikasinya bagus di saya belum ada bug yang mengganggu sama sekali kalo bisa pada saat sedang membaca ada fitur review buku supaya tidak bolak balik ke halaman pencarian buku,negative,aplikasi bagus bug ganggu kalo baca fitur review buku tidak bolak halaman cari buku
kalau siang koneksinya lambat kadang error tapi kalau malam lancar saja entah masalah servernya,negative,siang koneksi lambat kadang error malam lancar servernya
i always cant use this app and always said server maintaince orang error please fix this,negative,always cant use app always said server maintaince orang error please fix
ada masalah mulu dengan appnyaga bisa di buka bukunya,positive,mulu appnyaga buka buku
tidak suka dengan update terbaru suatu kemunduran setting bahkan lebih nyaman di versi sebelumnya semoga menjadi perhatian developernya meski aplikasi gratis namun kualitas harus tetap nomor satu apalagi saya yakin aplikasi ini dibangun dengan uang negara,positive,tidak suka update baru mundur setting nyaman versi moga perhati developer aplikasi gratis kualitas nomor aplikasi bangun uang negara
goodd,neutral,goodd
halo ipusnas apakah sedang ada kendala pada aplikasi karena saat dibuka muncul tulisan could get data from server and no dls found close application mohon bantuannya terimakasih,negative,halo ipusnas kendala aplikasi buka muncul tulis could get data server dls found close application mohon bantu terimakasih
sering eror yang versi pc juga,negative,eror versi pc
ipusnas dapat menciptakan perpustakaan dalam genggaman mungkin kedepannya koleksi bukunya terus ditambah,positive,ipusnas cipta pustaka genggam depan koleksi buku tambah
bagus sih fasilitasnya kalau boleh saran buku populernya di perbnyak dan dilengkapi seperti novel karya andrea tere buya hamka dll harus diupdate sih bukuny sesuai dengan prkmbngn remaja jangan sampai cuma formalitas saja isinya cuma saran saja,positive,bagus sih fasilitas saran buku populer perbnyak lengkap novel karya andrea tere buya hamka dll diupdate sih bukuny sesuai prkmbngn remaja formalitas isi saran
akhirnyaaaasetelah menunggu sebulan ipusnas kembali berfungsi yeayyy semoga makin bagus kedepannyamakin banyak koleksi bukunyadan makin minim errornyalove ipusnas,negative,akhirnyaaaasetelah tunggu bulan ipusnas fungsi yeayyy moga bagus kedepannyamakin koleksi bukunyadan minim errornyalove ipusnas
ipusnas kapan ya upgrade jadi kayak kindle atau oodles jadi textnya bisa fit di hp jadi enggak usah di zoom kan enak hehehe apalagi kalo bisa menambah audiobooks atau black background jadi kertasnya item tulisannya putih,positive,ipusnas ya upgrade kayak kindle oodles textnya fit hp enggak zoom enak hehehe kalo tambah audiobooks black background kertas item tulis putih
enggak tau apa gunanya nginstall cari buku a enggak ada buku b enggak ada hmm sudah mengunistall tolong diperbanyak pustakanya judulnya kan nasional,positive,enggak tau guna nginstall cari buku enggak buku b enggak hmm mengunistall tolong banyak pustaka judul nasional
excitesd use this app,neutral,excitesd use app
masih ada bugnya tuh kalo lagi baca terus scroll ke bawah layarnya jadi kedip item putih untuk developernya coba dicek lagi bagian button dark backgroundnya,negative,bugnya tuh kalo baca scroll layar kedip item putih developer coba cek button dark backgroundnya
love this,positive,love
i couldnt log ini with my email,neutral,couldnt log email
sok many device permissions tapi enable just feeling its not sok secure,neutral,sok many device permissions enable feeling sok secure
mantap serasa punya perpus pribadi wkwkwk,positive,mantap serasa pus pribadi wkwkwk
bagus cuma bukunya kurang lengkap mungkin bisa diupdate bukunya ui aplikasinya juga diperbarui biar bakin bagus appnya semoga nanti dikasi dark mode biar mata enggak perih,negative,bagus buku lengkap diupdate buku ui aplikasi baru biar bakin bagus appnya moga kasi dark mode biar mata enggak perih
minfitur pencariannya tidak berfungsi seperti awal download itu kenapa ya kalau hanya cari lewat katgori susah sekali min tolong diperbaiki,negative,minfitur cari tidak fungsi download ya cari katgori susah min tolong baik
aplikasi tidak bisa dibuka tidak dapat mengambil data dari server dan tidak ada dls ada apa ini,negative,aplikasi tidak buka tidak ambil data server tidak dls
bug,neutral,bug
tidak bisa digunakan untuk search judul buku tolong perbaiki problem segera sudah berharihari dan sudah saya install ulang masih tetap sama,negative,tidak search judul buku tolong baik problem berharihari install ulang
halo mohon uinya diperbaiki ya karena halamannya kedip kedip ketika discroll,positive,halo mohon uinya baik ya halaman kedip kedip discroll
perbanyak novel novel best seller,positive,banyak novel novel best seller
sejauh ini banyak buku yang saya ingin baca dan dapat saya temukan di ipusnas namun jika bisa akan lebih baik jika ada fitur request buku tambahan animasi saat membaca slide untuk ke halaman selanjutnya dan tema warna lain dark theme dengan kombinasi warna lain misalnya,positive,buku baca temu ipusnas fitur request buku tambah animasi baca slide halaman tema warna dark theme kombinasi warna
sering force close,negative,force close
halo saya ingin menyampaikan keluhan untuk aplikasi ini ada error yang menyebabkan saya tidak bisa search judul ataupun penulis di pencarian padahal koneksi saya baikbaik saja mohon bantuannya dan diperbaiki segera,negative,halo keluh aplikasi error sebab tidak search judul tulis cari koneksi baikbaik mohon bantu baik
saya kira filter pencariannya kurang variatif agak ribet untuk mencari bacaan yang diinginkan,negative,filter cari variatif ribet cari baca
lagi maintenance ya,positive,maintenance ya
i cant open this app,negative,cant open app
saya cukup puas dengan aplikasi perpustakaan ini tapi kenapa kolom pencariannya kadangkadang tidak berfungsi dengan baik,negative,puas aplikasi pustaka kolom cari kadangkadang tidak fungsi
tidak bisa menggunakan fungsi search mohon diperbaiki,negative,tidak fungsi search mohon baik
