final_text,sentimentLabel
warga dana minim baca mohon tingkat aplikasi jujur tidak nyaman baca tidak aplikasi jenis harap developer baca hubung keluh,negative
hp android dadak tidak akses ipusnas digilib sedih banget pengin baca gratis legal kendala device,negative
update baru mei alangkah susah ya baca buku verifikasi perangkat gagal susah negeri sedia rakyat baca sulit nasib nasib,negative
cant even log,negative
aplikasi jelek awalny ngelag eror enggak minjem enggak buka aplikasi buka aplikasiny data hahaha lucu ya perintah aplikasi baca buku gratis biar orang tarik baca mudah akses eh sulit takut banget generasi suka literasi salah lebih baca offline enggak orang data internet,negative
aku koleksi buku sayang bug error fitur seleksi marking langsung error mode seleksi tidak kembali alhasil tidak scroll bug tidak paham ui nya,negative
fitur unduh tuh biar baca offline offline unduh ulang buku aplikasi stres,neutral
nya engineer indonesia enggak aplikasi pus proper pinjam buku loadingnya enggak selesaiselesaiudah menit,negative
lumayan cumak fitur baca text bahasa inggris bahasa indonesia,positive
verifikasi perangkat mulu adu dm ig enggak respons,negative
habis update enggak log,negative
tolong opsi atur tampil baca lengkap tidak nyaman,negative
finally install ereader syukur,positive
overall bagus cuman nih ya cuman kali kalimat distabiloin apa nama ngelag tolong baik ya terkadang kalimat niat pengin tandain terus perlahan lost interest ipusnas aplikasi bagus lho mudah suka baca aplikasi bagus bug nya masalah terima kasih,positive
buku pinjam tidak langsung unduh online kalo enggak sengaja tunggu unduh ulang,neutral
terima kasih ipusnas jaga nyala api literasi masyarakat indonesia sukses tim balik layar,neutral
maksud verifikasi gagal installnya asli hah dosa,negative
app really great really appreciate im really grateful please fix problem cant even read app says verification failed download play store wth think downloaded dark web orang something course downloaded play store bruh,negative
duh error pakai aplikasi resmi play store devicenya enggak modifikasi enggak device download play store tolong baik orang baca,negative
trashhhhh,negative
tidak baca muncul pesan gagal verifikasi perangkat kemarin tidak instal ulang clear cache dll,neutral
aplikasi sampah maintenance manfaat nya banget astaghfirullah enggak niat banget asih rakyat baca gratis,negative
edit jalan error banding update tampil edit tidak buka verifikasi perangkat gagal aplikasi playstore,neutral
huhuhu bagus versi buku tidak otomatis simpan sth download shg tidak baca offline salah pencet baca bikin masuk mode highlight dll enggak gerak halaman klik back download ulang ganggu nyaman baca moga baca baik kembali versi nyaman moga,positive
error touchpad tidak sengaja tekan layar tidak normal ebook,negative
fitur tanda ganggu banget scroll better enggak deh kasih fitur kalo pencet back buku,negative
layu kembang,neutral
enggak buka,negative
buku tidak simpan offline buka buku download ulang tolong baik,neutral
susah banget pinjem,negative
nas stands nasional book collections meh,neutral
pakai aplikasi kuliah wisuda enggak tingkat tolong bikin cari buku dasar terbit sistem filter masalah filter genre tambah fitur search filter capek scroll cari genre enggak sesuai wowok gara gara nih,neutral
tidak buka ebook format epub ayo ipusnas masalah rating keri kasihan tau rakyat indonesia gemar baca tingkat literasi susah harga buku mahal satusatunya sumber baca gratis enggak proper,negative
yeay error ya ipusnas,negative
aplikasi error errorr,negative
suka ngecrash tibatiba logout koleksi sok tingkat moga perintah enggak halang jalan ya,negative
versi ngebug gagal download mulu,negative
whyy susah banget aplikasi login tolong banget masalah aplikasi guna cerdas bangsa kecuali tidak peduli,negative
lancar,positive
tolong readernya page tablet capek baca scrolling,negative
tidak pinjam buku error,negative
error error nya tuh konsisten banget kayak error bulan habis pakai minggu,negative
admin susah untu minjem dipinjem enggak buka tolong masalah sayang,negative
fitur bookmark belum pakai tunggu fitur bookmark kadang lupa ngetracking baca app tracker,neutral
login pinjam buku pliss banget pertahanin eror,negative
kali hasil login device verification failed kali minjam aplikasi resmi downloadnya play store gilir hasil pinjam enggak baca token validation failed banget errornya aplikasi kali kali rilis info kalo deh atas hitung jam errornya kemarin maintenance upgrading stabilisasi versi stabil versi interface nya ubah,negative
verifikasi pas pinjam belum ter verifikasi pakai aplikasi modifikasi aneh,neutral
enggak pinjem buku error mulu,negative
doesnt work,negative
gagal pinjam buku online terang install aplikasi resmi playstore install nya langsung playstore,neutral
finally updating many times years latest version application didnt work anymore cant borrow book verification rejected notified device verification failed used two accounts reinstall apps still cant fix problem device software modification makes crucial decide verification confirmed orang rejected,negative
buku sedia aplikasi crash tolong baik bisa ganggu akses,neutral
eror maksimal,negative
malfunction apps,negative
lumayan lengkap nagus kadang bug stuck loading update enggak login,positive
parah banget nih apk erorr,negative
error,negative
halo ya usaha log inbahkan coba akun enggak huhu device masalah coba ganti device error butuh banget,negative
tolong kakak teknisi ipusnas apknya jelek banget enggak pakai update,negative
lemott,neutral
kocak enggak buka apk nya jaring bagus beranda loading enggak muncul,negative
enggak login,negative
gagal daftar hp web,negative
baik app heran,negative
ciri khas app perintah bikin kecewa enggak bilang sampah enggak login lelet fitur enggak lengkap layar blank app logout dsb,negative
couldnt login please fix problems,negative
error min baca,negative
kemarin enggak error error excited baca,neutral
efek realokasi anggar mbak kah jelek,negative
baca aplikasi naruh hp pas masuk lag tampil home kosong enggak pencet apaapa rak buku kosong ngesearch enggak coba hapus data aplikasi otomatis log ya yaudah log ya enggak log serius sedih niatin baca buku nemu buku bagus sempat baca dikit pas ngelanjutin kasih layan aplikasi enggak dinikmatin kayak,negative
banget error app enggak buka internet lancar tolong benerin,negative
dont know developed app prefer previous version simple smooth version makes uncomfortable every time open app log first takes quite long time load,negative
masalah baru versi stabil kurang download pinjam baca tampil lengkap mudah pinjam kembali,negative
tidak buka tab,neutral
baca sekian error tolong menu mode baca menu sendiri salah tap mode baca ubah scroll slide menu highlight text dll mohon menu sendiri,neutral
terima kasih ipusnas dengar komplain kritik masyarakat sistem aplikasi mudah pinjam baca buku,neutral
banget ngebug enggak baca buku pinjam website errornya aplikasi perintah kalah swasta sih,negative
terima kasih tim ipusnas masalah aplikasi syukur banget app bagus koleksi buku lengkap bagus moga amanah,positive
tunggu terima kasih masalah appnya please biar appnya crash,neutral
terima kasih tidak error update,neutral
yes borrow books yes read theres one day limit borrowing books efficiency efficiency efficiency etc hell nawh,negative
tidak stabil,negative
banget log pas masuk akun salah data tolong masalah download buku apknya banget download apknya buka langsung apknya parah tuh log kalo log tulis nya salah data kalo enggak server sibuk,negative
app doesnt work huawei tab even though internet connection fine,neutral
tidak simpan buku pinjam anggar ipusnas masalah server biar masyarakat akses baca buku puas anggar rangin mbak pls thx,neutral
aplikasi cemerlang bug nya tidak pinjam buku teknis mohon tim ipusnas masalah,neutral
thx fixing bug pinjam buku suka koleksi buku banget,positive
aplikasi login kutip fungsi terimakasih pustaka nasional,neutral
bagus sih aplikasi saran ya ditambahin copyannya cuman buku rakyat indonesia juta banget ngantrinya minjem buku,negative
ipusnas elib enggak pakai guna jujur sedih kecewa banget tementemen minjem buku gratis mending ijakarta aplikasi akses koleksi buku,negative
aplikasi buka buku didownload terimakasih baik,neutral
thanks fix book system,positive
aplikasi bagus banget bintang nyediain elib cuman tolong maintenance error mulu asa,positive
mohon kembali fungsi unduh buku kali pinjam kali ereader download ulang sebal tambah fitur text selection highlight kutip sebal enggak nonaktif tap layar tekan tombol nonaktif tekan tombol ereader download ulang alam baca enggak enak,negative
uninstall kayaknye kena efisiensi nih aplikasj error enggak masalah bye,negative
tidak pinjam buku apa salah data,neutral
error mulu enggak pinjam buku,negative
buka tidak pinjam buku tulis gagal kirim data,neutral
belum minjam buku tunggu,negative
apk kena efisiensi kah,negative
much error,negative
berbulanbulan tidak akses,negative
kokk gabisaa sih trouble muluu nih tadiikenapayaa asa enggak kayak,negative
maret rakyat larang pintar oktober gila enggak benerin bugnya update versi baru tidak buka buku pinjam force close coba baca buku apa,negative
cant borrow books,negative
log enggak pinjem buku baca offline,negative
everytime wan na borrow book still many copies notified theres problem data really hope problem fixed soon,negative
bulan pinjam buku enggak notifnya kirim data enggak masalah,neutral
error pas pinjam,negative
tidak pinjam buku unduh,neutral
overall bagus kait databasenya moga cepat selesai teman teman pinjam buku data tidak akses,positive
application useful application many people making easier access reading searching lecture materials orang like disappointment application always problems logging orang book borrowing process hopefully fix soon,negative
enggak pinjam buku suruh coba,negative
ganggu enggak pinjam buku baca solusi,negative
eh enggak minjem buku data eror deh fix pls,negative
cant even borrow books cant even read cant anything rip,negative
used love app sok much book collection great made reading easy even recommended students app really helped us read without buy books two years especially updates app often errors sometimes books cant borrowed hope developers fix soon humble opinion ipusnas really great platform reading learning,positive
kirim data sila coba kak kalo klik pinjam terimakasih,neutral
enggak minjem buku aplikasi mersamalah mulu kali pinjem tulissannya salah kirim data pinjam dadi belum minjem coba minjem buku perangkat lainnga enggak nih app,negative
ya suka aplikasi buku cari pinjam buku enggak tulis kirim data tolong difix cepat kak butuh banget buku,positive
sayang kembang tidak dana kelola aplikasi,neutral
tawar buku pinjam gratis klik pinjam muncul ingat kirim data,neutral
konten aplikasi bagus bug yuk yuk maintenance,neutral
whats problem app cant even borrow anything read collection,negative
enggak pinjam buku ya eror,negative
buku tidak pinjam,neutral
maintenance sungguh keri mundur adab efisiensi anggar pustaka negara,negative
masalah tolong kasih pasti kalo tiada tolong umum ngegantung,negative
buku tidak akses,negative
enggak minjem buku sihhhhh,negative
tidak pinjam buku kirim data sila coba,neutral
enggak pinjem buku dana habis mbak kah cerdas hidup bangsa maintenance kali kecewa aplikasi perintah sungguh tidak peduli rakyat tidak sedia bahan baca publik fisik minimal virtual virtual tidak,negative
tolong bulan error ya update pinjam buku tugas susah tolong masalah butuh,negative
tidak pinjam buku error mulu,negative
moga anggar tidak potong tambah aplikasi akses salam literasi,neutral
enggak banget error skripsi butuh ipusnas cari referensi enggak digunain bulan tolong,negative
pakai aplikasi pesan kirim data sila coba klik tombol pinjam buku solusi mohon bagi ya guys,neutral
uninstalled comeback next quarter januari pinjam buku kendala feb belum fungsi tombol pinjam pesan kendala kirim data coba,neutral
halosampai alami kendala pinjam buku coba menghuhungi via email belum tanggap mohon info solusi terimakasih,neutral
cant use,negative
error mulu minjam enggak,negative
hari enggak pinjam buku muncul kirim data sila coba,neutral
error bae,negative
aplikasi enggak pakai error enggak klik pinjam kirim data coba,neutral
aplikasi enggak pakaipadahal bagustapi kendala nya jelek bangettttolong baik,negative
baik bug issue apps tidak pinjam buku,neutral
enggak pinjam tulis kirim data diuninstall trouble pakai hp tablet biji ganti akun kalo pinjam buku n baca ku ubah ratingnya tolong masalah cepat,negative
error melulu,negative
cant borrow book,negative
dont know whats wrong app cant borrow book even though available theres always info says cant contain data etc seems like bug mine tried move pc install uninstall many times doesnt work theres way solve problem orang contact one help please let know asap really appreciate help maintenance actually good app please pakai easy use app,negative
aplikasi error enggak pinjem buku enggak niat budaya baca,negative
mbak,neutral
eror,negative
cant borrow books,negative
pinjam bermasqlah mulu,negative
ya error pengin baca tolong ya,negative
error mulu ya garagara anggar potong maintenance apk,negative
banget baik akses,positive
aplikasi bagus teman zaman covid sayang tidak download buku sistem moga masalah,positive
error memgirim data sila coba,negative
jelek,negative
errornya enggak pinjam buku senang banget buku belum fisik baca pinjam eh enggak apa enggak orang enggak pinjam tolong ya indonesia buku cerdas bangsa masuk tuju negara dasar negara weh,positive
tidak pinjam buku coba gagal stok,negative
woiii sih error dah,negative
error buku sedia enggak pinjam,negative
kenapaaa enggak pakai bulan,negative
tidak,negative
dear ipusnas please aplikasi bantu orang akses baca bagus digital koleksi ipusnas agam bagusbagus aplikasi masalah buku pinjam coba berkalikali eror uninstall enggak pengaruh apa review enggak tolong baik bug aplikasi thx,positive
kecewa berat ipusnas aplikasi error terus belum info pasti normal tidak kabar tambah spekulasi baca setia ipusnas pelihara tingkat aman memang pelihara ujungujungnya error ipusnas solusi tampil tenang baca setia iphsnas,negative
belum dwonload buku ya kirim data mohon bantu,neutral
diupdate enggak pakai enggak pinjam buku deh hapus,neutral
ya pinjam terang error tolong masalah ya sayang banget error,negative
bilang keren banget ganggu tolong min ini fasilitas cerdas bangsa tolong kelola cerdas,negative
enggak pinjem buku kecewa banget,negative
gjls eror mulu,negative
enggak pinjam buku kirim data coba tolong masalah,neutral
pinjam buku kirim data sila coba,neutral
asih bintang ipusnas maaf ya kasih bintang update model uninstal kali pakai kesal enggak kayak pinjam buku pc suruh instal hp baca hp lelah,negative
buku lumayan lengkap enggak pinjam buku kasih notif salah kirim data sila coba help aplikasi banyak bug,neutral
buku enggak pinjam,neutral
poor app often error please fix,negative
serius update enggak masalah ya pinjam buku masalaheror,negative
eror mulu sih baca enggak copy nya enggak pinjem,negative
app nya sih susah banget pinjem buku coba ganti email instal ulang please,negative
wrong app really enjoy reading books app dont know error page keeps loading even though signal internet good,positive
jelek banget enggak apa,negative
enggak pakai pengin baca hambat,negative
jelek error mulu,negative
tolong masalah enggak pinjem buku eror enggak,negative
busuk ngehamburin duit negara apps enggak pakai,negative
coba tingkat,neutral
tolong masalah aplikasi login enggak satu buku pinjam,neutral
tolong baik bugs nya enggak minjem tahun nih,negative
several months borrow books app please fix,neutral
tidak pinjam buku aneh,negative
rawan error aplikasi bukan prioritas perintah aplikasi jenis perintah,negative
tolong admin aplikasi diperhatiin pinjam buku enggak tolong banget admin masalah ditingkatin aplikasi,negative
yaampun hancur hancur negara kelas kelola aplikasi pus nasional amburadul kuno problem,negative
enggak buka buku gagal kirim data melulu kasihan baca indonesia gara gara server eror,negative
loadingnya ya akun masuk lelet banget enggak unduh buku,negative
masalah bang kagak pinjam hisssh tunggu neolitikum cmon,negative
copy sedia pada pinjam alami,neutral
eror nya enggak sembuh sembuh heran,negative
cant even open app since wowo became president tf,neutral
tidak pinjam buku digital tanggal download buka kapai pinjam pinjam,neutral
error mulu enggak pinjam buku,negative
ya allah ratingnya turun gin please balikin kayak versi masyarakat baca buku tolong masalah error enggak pinjam buku,negative
bugnya masalah min,negative
minjem buku error solusi,negative
error mulu,negative
aplikasi bagus bantu masyarakat akses literatur sayang error kali ganggu tidak login login tidak pinjam buku,positive
tekan tombol pinjam aplikasi muncul terang kirim data coba akses aplikasi,neutral
aplikasi errornya banding guna tax money,negative
error mulu bukan prioritas perintah sih ya,negative
app isnt working properly xiaomi pad every time try borrow book says problem sending data try later even though internet connection fine,negative
banget maju ipusnas kayak koleksi buku komplit copy pinjam sayang banget update kali enggak pinjem buku kayak error kirim data mulu koleksi bagus enggak baca,negative
aplikasi ipusnas baru pinjam buku kendala proses data aplikasi tidak tampil gambar utuh semenjak ganti device akun ipusnas tidak lepas pasang install tidak,neutral
tidak pinjam buku,neutral
ganggu hari error tidak pinjam mohon tindak lanjut perhati komentar keluh anggota pustaka abai kes ipunas tidak prioritas,negative
sedih banget pustaka nasional kena efisiensi alesan ipusnas error ya enggak buku baca,negative
enggak pinjam buku error,negative
kelola perintah jelek sih,negative
sedih banget bulan enggak download buku error message kirim data email developer enggak respon ratingnya kecewa enggak respon moga review tanggap,negative
error pinjam buku,negative
sumpah amattt baik enggak nyangkaaaa masalah mulu,positive
muncul error java file download error loading lambat,neutral
enggak mbak mau buku gratis,negative
tidak pinjam buku aplikasi ipusnas alas salah pindah data tolong solusi kembang aplikasi,neutral
error enggak dipinjem trss niat enggak sih asih fasilitas,negative
buka aplikasi minjem buku enggak ya feedbacknya salah kirim data butuh buku banget,negative
kali klik pinjam terang nya kirim data coba kali download app nya,neutral
enggak pinjam ya coba uninstall insta ulang kirim data sila coba tekan tombol pinjam copian buku alami nih terima kasih,neutral
fix asap whats point app cant borrow book,neutral
benerin woi hari eror,negative
tidak pinjam sebelumsebelumnya sayang app bantu tingkat akses baca gratis,neutral
crashed internal error enggak pinjem buku bingung lapor mana koleksi bagus dsn interface upgraded,negative
data server error provider nya enggak update kayak nya nih,negative
pinjam ebook gagal,negative
update app work xiaomi pad,neutral
weeks please repair error,negative
always error,negative
tidak pinjam buku tolong masalah,negative
sedih banget aplikasi bagus suka baca pinjem sayang banget suka error nya moga bagus aplikasi enggak error,negative
kemarin tuh pakai minjem buku eh enggak nemu buku bagus,negative
uninstalled cant even borrow book tulis data error try later apa install tunggu minggu enggak pinjam buku tolong masalah sistem pakai masyarakat indonesia tidak akses perpusnas daerah jakarta,negative
susah kalo pinjem buku,negative
aplikasi aco enggak masalah guys anggar habis sedot mbak,negative
tidak pinjam buku tulis error klik pinjam buku tolong masalah,neutral
eror belum minjem buku,negative
aplikasi bagus agam buku baca akhirakhir tidak pinjam tolong masalah,positive
theres always error whenever im trying borrow book,negative
capek banget ipusnas bulan problem mohon cepat benah sistem,negative
pinjam buku muncul terang kirim data,neutral
app error masalah pinjam buku,negative
cant even read one baca error,negative
pakai doang abistu ganggu tolong kalo kasih program biar rakyat baca mudah ganggu mulu,negative
aplikasi masalah enggak baca buku online masalah minjam buku,negative
enggak buka lloading piye iki ipusnas error mulu enggak pinjam buku minggu,negative
pinjam buku nya kirim data mulu admin tolong bug nya diperbaikin tq,negative
tidak fungsi useable pakai app kendala tidak login tidak pinjam file ebooknya tidak buka literal tidak pakai,negative
berharihari pinjem buku tidak alas gagal kirim data,negative
tidak pinjam buku muncul pop message kirim data,neutral
error,negative
aplikasi jalan tidak pinjam buku device samsung tab si android please fix aplikasi tidak pinjam buku tidak masalah bulan lapor,neutral
tidak pinjam buku,neutral
minggu aplikasi enggak pas minjam buku enggak pinjam tulis kirim data sila coba mohon bantu,neutral
histori akun hilang update,negative
fix pls,neutral
pinjam buku eror minggu tidak masalah mohon masalah,negative
tolong masalah enggak papa biar buku pinjam enggak error,neutral
enggak niat masalah enggak pinjam buku,negative
versi baru tidak unduh,neutral
enggak pinjam buku ya error,negative
enggak pinjem ebook nya niat bikin apk enggak sih,negative
niat enggak sih bikin aplikasi serius literasi maju buka malas banyak error contoh tuh china serius bikin ekosistem investasi gede teknologi,negative
aplikasi error sih kemarin pinjem buku enggak sinyal bagus ku hpku ngelag aplikasi aneh,negative
tidak unduh buku,negative
bagus aplikasi kendala belum meninjam baik ya,negative
nya sih nih aplikasi nya update kalo buruk,negative
buku tidak pinjam serius enggak sih aplikasi,negative
cant borrow book cs problem data orang something idk ive trying nothing pls fix problem,negative
unuseable desember update ok lumayan baca baca dar kesini kocak login error history hilang apa fitur highlight bookmark due loan book hilang kelas layan nasional literasi sungguh terlaluuu smh,negative
ganggu tolong baik,negative
sungguh disanyangkan aplikasi tambah literasi masyarakat kendala tolong masalah,neutral
error mulu cok,negative
ipusnas kenapaaaaa enggak pinjem buku,neutral
login susah banyak error sekali hasil coba minjam buku error enggak ya apk nya,negative
nggatau enggak pas pinjem pustaka nggabisa,negative
apk bagus laman home ngebug lamaaa banget menit muter enggak pakai fitur searchnya kalo ayo baik bukubuku baru tolong tolong bukubuku pinjam tidak dibukabaca masalah tolong masalah butuh bukubuku apk terimakasih,negative
belum pinjam buku segitu masalah,negative
eperpus enggak akses sok banget ajak inggris bangun world class university,negative
update tidak pinjam buku,neutral
baik selesai sih masalah pinjam buku,negative
enggak masuk enggak pinjam buku bulan,negative
enggak minjam coba buku gabisaaaaaa tolong benerinn,negative
masalah enggak selesai selesai dana nya pakai mbak ya,negative
great app provides us lot book unfortunately app often error sok really uncomfortable use plus notifications real time theres notification appear tho cant even log updating lol keep editing review getting worse worse whats point providing many copies always getting problem whenever try borrow zero star even minus,negative
enggak pakai buku penting mahasiswa harga buku fisik mahal pustaka kota enggak lengkap eh buku digital enggak baca masalah perintah enggak rakyat pintar kah,negative
enggak minjam buku kirim data,negative
useless,negative
error bangeeeett tidak klik pinjam eror kayak kemarin masak enggak pakai berbulanbulan,negative
minggu enggak masalah,neutral
errornya enggak niat masalah error,negative
enggak pinjem buku tulis mengirmkan data coba,negative
gkbisa baca buku,negative
mimiinn failed nya enggak pinjam miiinnn,negative
tidak pinjam buku tidak kredensial lengkap,negative
butuh tingkat performa aplikasi,neutral
coba aplikasi nasional tarik kali buka aplikasi daftar selesai daftar suruh coba pas coba gagal suruh coba aplikasi tarik manfaat,negative
aplikasi perintah tidak muas,negative
ribet ya enggak pinjem buku,negative
gagal pinjam buku buku sedia moga masalah,negative
diupdate susah pinjem error dll tolong masalah,negative
kak maaf enggak pinjam buku ya muncul notifikasi kirim data sila coba tolong masalah kak butuh referensi susun proposal skripsi terimakasih,neutral
unduh buku nya load banget nge stuck situ situ yauda enggak baca nge stuck loading unduh duh enggak deh pinjam buku errpr melulu sih,negative
harap coba install ulang refresh kali kali tidak masalah minat baca solusi minggu buka ulang kali lucu,neutral
enggak pinjam buku,negative
aplikasi bobrok buang anggar doang pinjam buku enggak,negative
good,positive
worst app ever always error,negative
dah log enggak minjem buku,neutral
cewek error,negative
idk cant borrow books since last year pls fix app,neutral
tolong masalah sistem nya login proses pinjam buku gagal,negative
baik aplikasi kesini jelek guna tolong dengar,negative
bapuk banget deh,positive
banget benernya kocak alah didik tuh prioritas bukan makan kocak,negative
enggak buka,negative
tidak login coba versi webnya tidak,negative
error hambat orang baca ebook,negative
orang backend kerja woiii,negative
bagus bantu cari referensi aplikasi eror sulit buka,neutral
bagus manfaat error ya tolong ditingkatin ya aplikasi benerbener manfaat banget baca buku digital,positive
aplikasi plenger,neutral
tidak masalah berkalikali kendala login download resmi sulit login akun gmail kendala,neutral
daftar susah nya ampun kelas nasional api banget,negative
bego aplikasi enggak login,negative
enggak masuk error pertsma esok error deh bolak unistallinstall enggak,negative
error pinjem error buka aplikasi error login ulang error pus digital indonesia enggak download pus digital ijakarta masalah sistem cari ipusda pinjem error ningkatin literasi niat baca sulit buku mahal ilegal enggak gilir legal sulit ampun,negative
update baru aplikasi tidak uninstall login riwayat pinjam buku pinjam kosong halaman home loading tombol cari tidak tekan tidak pinjam buku uninstall install ulang error tidak login kondisi benarbenar hambat guna mohon masalah,neutral
enggak daftar kakak enggak gunain app nya,negative
aplikasi perintah bobrok enggak urus sihjangankan bacabuka enggak,negative
aplikasi bagus guna banget baca buku gratis sisi apk nya banget ngebug ngebug ketimbang normal nya sayang apk guna kayak enggak maintenance,positive
update version baru enggak login,neutral
ux nya enggak beres kerja sir,negative
susah buka enggak login enggak loading halaman web nya update parah,negative
enggak baca ya,negative
enggak logindaftar ya,negative
aplikasi manfaat banget kendala eror tidak logindaftar baikbaik,positive
tidak login website app tidak loading tampil apa bug update,neutral
habis upgrade enggak buka,negative
apk jelek bug pesan error mentah tampil user login enggak,negative
normal habis error enggak login,negative
enggak pinjam buku sulit login eror mulu update apk,negative
update tidak pinjam buku tidak edit profile tidak log uninstall install tidak login daftar muncul javalangillegal blablabla,neutral
diupdate enggak pinjam buku error mulu pas coba login ulang enggak,negative
tidak minat masalah alangkah baik hapus aplikasi kritik kembang aplikasi rasarasanya enggan masalah aplikasi aplikasi bagus mutu kembang tidak support tidak minat masalah aplikasi betah manusia bodoh,negative
aplikasi enggak,negative
kalo kasih mes maintenance mulu coy,negative
kecewa,negative
parah banget habis update enggak masuk bikin akun enggak niat bikin aplikasi enggak sih,negative
seringgg banget eror pas baca tolong banget masalah,negative
tidak masuk tulis java coba masaih belum masuk tolong masalah,negative
mohon masalah aplikasi,neutral
crash enggak pakai,negative
unusable register masuk akun enggak pinjam buku naskah kuno kopi tidak coba direinstall tidak login versi web android bug enggak enggak tangan aplikasi tidak pakai ubah ui bagus aplikasi enggak pakai cuman eye candy broken product,negative
banget enggak baca maintenancenya lumayan pengaruh flow baca butuh referensi moga cepat benah,positive
manfaat lelet banget buka sinyal bagus buka app lancar app enggak sinkron device akun batas baca beda device,negative
upgrade enggak buka mending versi deh guna baca jujur kecewa,negative
akses enggak admin tolong pantau errornya,negative
login daftar susah banget internet bagus aplikasi loading,negative
cant login email method mont cant login app,neutral
aplikasi maintenance sekali maintenance hadeh hadeh,negative
payah ah enggak pinjem buku alesannya mulu baik ngalamin nih,negative
coba uninstall install berkalikali pinjam buku muncul notifikasi kirim data coba aplikasi perintah kualitas layan hadir tidak sesuai rakyat bayar pajak,neutral
real guys give private programmer orang something always mess every update,neutral
error mulu,negative
guna maintenance minggu kalo eror minat baca turun bukan malas ipusnas eror,negative
bermingu minggu maintenance kagak tuh,negative
update belum pakai kirim data coba,neutral
ginni lahbuka pinjem buku torced close,neutral
tidak login android tolong bantu tim full web tidak android ios mudah maintenance repot kalo audit,negative
error benar aplikasi gebrak kalo enggak ngelag ya enggak login tambah download buku mbak doang mesti ngosongin memori internal gb unduh benerbener ya yuk yuk tim developer ipusnas gereget ngerjain aplikasi kalah aplikasi buat swasta sih,negative
baru tidak masalah terang pinjam buku tidak nali coba masalah,neutral
baik improvement lumayan banding versi responsif niat geser halaman block ganggu ayo devnya kerja keras bantu kah edit aplikasi sampah kondisi unusable butuh bantu kah,negative
update aplikasi tidak buka,neutral
update pinjam buku tulis tidak nali update sia sia tolong masalah terimakasih,neutral
jujur enak versi ribet suka keluarkeluar enggak dana kembang enggak korupsi sumpah enggak nyaman tulung canggih nyaman bagus tampil mundur deh bintang tambah bintang bagus kualitas,positive
salah teross,negative
gila ku tingkat kualitas sistem bobrok,negative
keeps crashing semangat dev nya,negative
tidak pinjam buku terang tidak nali sayang banget nama ipusnas tanggap selesai layan appsnya moga lekas benah,positive
hasil pinjam buku aplikasi tutup,neutral
buku unduh enggak baca access denied device redmi pad,neutral
error bikin formatsistem baca kindle please,negative
update nih bagus keren,positive
belum minjam buku,negative
even working waste tax money,neutral
kenap enggak pinjam bukutertulis tidak dikenaltolong masalah,neutral
eror tidak baca buku,negative
belum buka android januari ayo pintar warga indonesia,neutral
ereader jadul nova air android ram gb thanks sok much dec mohon masalah app ereader onyx boox nova air android versi app lancar upgrade versi masalah baca novel tamat bintang,neutral
buruk aplikasi tidak login verifikasi perangkat gagal dawload play store perangkat tidak modif,negative
kali login tidak muncul pesan verifikasi perangkat pasti perangkat aplikasi google play store perangkat tidak modifikasi install pas handphone enggak modifikasi coba ganti pw tau pw nya salah eh coba login uninstall install,neutral
verifikasi perangkat hp enggak modifikasi apa,neutral
plisss tim ipusnas baik aplikasi deh enggak kembang masalah ratingnya bantu pustaka enggak pinjam buku bukan domisili jabodetabek moga benah ipusnas gua edit bintang kalo ipusnas enggak error gabisaaa logiiiinnn verivikasi perangkat gagalll,positive
enggak pakai ya,negative
aplikasi log aplikasi lot banget,positive
woeh enggak minjem buku enggak buka aplikasi jir,negative
plis enggak sih aneh baca buku susah kalo rnd aplikasi saran bikin aplikasi dummy coba coba ya allah,negative
cant even open app says use official app google play even though downloaded google play store,neutral
jelek ih asa baru enggak parah deh semenjak baru jelek eror melulu sengaja kah enggak baca buku harga buku mahal hadehhhh,negative
aplikasi semenjak diupdate jelek enggak masuk playstore loading aplikasi ya ganggu heran,negative
error benerin,negative
error tak login,negative
habis diupdate enggak login,neutral
parah banget,negative
aneh banget nih apk enggak pinjem enggak login lol,negative
update buruk enggak buka app selkali,negative
jelek sih app bagus banget baca buku,positive
useless cant even borrow single book,negative
tolong baik pakai enggak buka gilir buka pinjam buku muncul ket verifikasi perangkat gagal,neutral
banyak error nya nih warasny gws,negative
download ilegal deh,negative
masalah tanggal buka masalah parah login enggak terang apk bukan playstore bukan playstore komen playstore donwload playstore aneh,negative
application doesnt work properly,negative
baik banget,positive
baca reviewnya jebot kasih bintang crash error dll konsisten errornya udahan yuk errornya banget pengin suka baca ya kalo error mulu,negative
aplikasi bosokkkk arep moco angel,neutral
aplikasi tidak baharu,negative
tidak login muncul ingat perangkat tidak verifikasi suruh aplikasi resmi playstore download nya ya playstore sayang bukubukunya bagus,neutral
jelek ganggu,negative
aplikasi ambruk tampil uiux nya kampung enggak pakai duit negara developnya koruptor,negative
enggak niat aplikasi mending dana pakai manfaat enggak minjem web update aplikasi enggak resmi playstore,negative
error,negative
aplikasi hati download hari hari aplikasi susah buka dalih aplikasi tidak resmi mobile phone tidak resmi resmi aplikasi kelas lembaga nasional penting publik aplikasi aplikasi murah maintenance bugs sistem sungguh ironi mana warga negara indonesia akses pustaka nasional miris,negative
,negative
akun suka log susah log,negative
minn tolong login aplikasi verifikasi perangkat gagal mulu login web ipusnas masukkk baca susah min tolong min masalah sistem aplikasi,neutral
kesini rewel error mulu kocak,negative
aplikasi iring jalan buruk bulan enggak download buku enggak masuk enggak log,negative
efek dana kena efisiensi aplikasi penting enggak dana masalah proper,neutral
cant open app pesan system muncul verifikasi perangkat gagal duh sekian maintenance telah parah tolong adminnya masalah appnya,negative
tidak log,negative
aplikasi enggak login kayak ketemu muhammad ali banget buset,negative
enggak daftar akun download aplikasi playstore,neutral
gagal verifikasi perangkat,negative
ipusnas sih enggak masuk,negative
kemarin bapuk tolong laaah,neutral
bulan maintenance enggak selesaiselesai,negative
aplikasi aneh update jelek barusan buka aplikasi bilang bukan download resmi orang download pakai play store sih,negative
app doesnt work properly cant even log,negative
busukk banget error maintenance enggak anehhhhh,negative
tolong tingkat aplikasi biar rating nya,neutral
laaahh dalah enggak buka katanye maintenance tanggal januari,negative
aduh kerja oy benerin nih app,negative
lumayan lelah masuk data login hapus terus tidak integrasi platform lelah guna pindah media baca,negative
enggak login,negative
noooo uang ppn bayar belanja belum bikin aplikasi ipusnas crash,neutral
tidak login,neutral
habis update enggak buka samsekkkk baca buku dipersulittt,negative
buka kagak bloon,negative
masalah ya coba beberapa device tidak tidak pinjam tidak buka notif apk bukan unduh play store tutup,negative
tidak login bilang perangkat enggak verifikasi download google play store langsung,neutral
update masuk enggak ya verivikasi nya gagal aneh banget,negative
diupdate tidak buka,neutral
aplikasi buruk gagal login maintenance bermingguminggu pinjam aplikasi perintah dana uang negara amburadul enggak beres niat cerdas anak bangsa eksekusi bodoh enggak banget ya pasang wajah presiden wapres halaman login ngaruh bikin illfeel bikin berat sistem,negative
aplikasi eror mulu deh website buka benerin alah,negative
every update latest version actually caused apps performance decline dramatically addition difficulties logging due device verification failures number books available borrowing decreased less interesting version still better,negative
edit bagus ampas,negative
sumpah enggak masuk enggak pinjam buku asa enggak bapuk deh ipusnas,negative
error,negative
update enggak buka verifikasi perangkat gagal help min,neutral
sungguh sayang tunggu eror,positive
kocak masalah mulu,negative
diupdate aplikasi tidak akses,neutral
tidak masuk verifikasi perangkat gagal aneh,negative
maintenance enggak suruh update habis update enggak login verifikasi perangkat gagal,negative
enggak login ya,negative
update baru januari tidak login terang tidak verifikasi perangkat sila unduh aplikasi resmi google store tidak modifikasi perangkat coba ulang kali enggak,neutral
update apk tidak buka terang tidak verifikasi perangkat harap pakai aplikasi resmi google play uninstall install ulang pakai normal jam kemudia tidak buka,neutral
cant even login,negative
please tell kena efesiensi anggar maintenance suruh update enggak login kalo login pinjam buku enggak,neutral
enggak buka kocak,negative
aplikasi enggak buka gagal verifikasi perangkat download aplikasi resmi mah downloadnya playstore aneh banget,negative
enggak niat bikin aplikasi,negative
busuk banget nih aplikasi,negative
update tidak pinjam buku tibatiba terlogout perangkat tidak verifikasi download aplikasi play store perangkat tidak dimodif download play store ponsel normal,neutral
update enggak login,neutral
problem,negative
got please install play store without modified apps notice please fix thank,negative
enggak masukk,negative
aplikasi enggak buka buku pengin pinjam,neutral
update mulu enggak bagus susah akses,negative
sayang koleksi buku bagus aplikasi buruk,negative
enggak pinjam buku,negative
deteksi aplikasi modifikasi download playstore aplikasi enggak,neutral
baruuuu malam senang ipusnas pinjam enggak login tidak verifikasi perangkat moga tindak lanjut ya download nya playstore bukan app illegal dll,neutral
verifikasi perangkat gagal kudu pakai perangkat desa kah perangkat alat sholat,neutral
long period downtime due maintenance couldnt log app frustrated,negative
enggak pinjem buku tolong masalah,negative
sih oke sayang error mulu janji maintainece enggak buka anggap aplikasi diinstall bukan google play,negative
maintenance bulan ditentuin tanggal selesai php kecewa,negative
aplikasi enggak pakai sih benerin,negative
aplikasi kesan ribetnya pakai,negative
error login tidak verifikasi perangkat pasti aplikasi resmi play store perangkat tidak modifikasi instal aplikasi play store tidaj login,neutral
enggak pinjam buku,negative
masalah kelar tanggal januari apk nya logout pas login enggak muncul terang mengunakan apk resmi download playstore apk tidak modifikasi apk download playstore tidak modifikasi bentuk apa tunggu hasil sih,negative
bagus aplikasi fungsi cepat kerja,positive
enggak pinjam buku kirim data terang,neutral
enggak minjem buku,negative
jelek banget banget sistem semenjak baharu enggak didowload,negative
tidak download buku kemarin error muncul javailegalstate tolong masalah nama doang pustaka nasional enggak minjem buku,neutral
devicesamsung atab huawei matepad sebook reader meebookdi hp tab log tidak pinjam buku errordi ebook reader tidak compatible pakai apkdan tidak log incoba pakai versi web tidak pinjam buku pakai windows hello laptop perangkat tambah tab tidak sedia moga perbaikanpaling tidak compatible ebook reader baca nyaman,negative
error enggak pakai baca buku,negative
versi updatenya kacau,negative
eror mulu ngapa deh gaguna anjir pinjem enggak,negative
pinjam buku tidak cta nya enggak muncul,neutral
aplikasi tidak buka mohon bantu ipusnas,neutral
ya enggak pinjam buku ipusnas error kah,neutral
kak enggak pinjam buku,neutral
klik pinjam shows javalangillegalstateexception expected begin object string path please fix,neutral
download buku baca tidak unduh muncul tulis tolong masalah,neutral
enggak maintenance ya riwayat buku baca enggak pinjem error kesel banget,negative
error melulu buku apa enggak pinjam uninstall deh byebye,negative
suka kali baca buku pinjam buku enggak ya,positive
koleksi enggak baca kali klik pinjam buku apa tulis error mulu sesal nginstall,negative
tidak pinjam buku buku sedia,neutral
enggak download satu,negative
tidak pinjam buku apa aplikasi tidak kunjung baik,negative
pustaka digital genre buku fiksi literasi ensiklopediadan buku cerita anak genre bukubuku tulis kenal buya hamka douwes dekker sapardi djoko user experience masalah sanasini terima kasih ipusnas koleksi buku manfaat update muncul error pinjam buku rekomendasi,neutral
update android error javalangillegalstateexception ya tidak pinjam update force close baca buku pinjam pakai android bagus banget manfaat moga koleksi buku barusnya buku lagu populer oh ya masuk buku wishlist ya dicaricari enggak ketemu,positive
sih klik pinjam buku terang error javascript melulu apa buku pinjam,neutral
buku tidak pinjam mohon bantu masalah bug aplikasi,neutral
tibatiba enggak pinjam buku klik pinjam tulis java error dll bolakbalik uninstallinstall enggak pinjam buku,negative
tidak user friendly error,negative
cant read book always error borrow book open,negative
error pinjam buku maaf uninstall,negative
enggak pinjem buku eror,negative
malam enggak pinjam buku coba ulang kali servernya masalah,negative
kualitas bagus koleksi buku tidak pinjam muncul java lang klik pinjam mohon bantu,neutral
muncul error pinjam error javalangllegalstateexception expected begin object,negative
force close unable download confusing queue mechanism great,negative
enggak pinjem buku kali coba pas cek rak buku nya enggak,negative
moga anggap kritik bangun ya jujur suka nemu apps deh hasil kali pinjam klik button pinjam error system java lang bla bla bla deh coba report menu bantu belum respon masalah install ulang ya kecewa sih butuh aplikasi baca mudah mana gratis please noted concern yamksih,negative
enggak pinjam buku kayak enggak masalah tolong,negative
useless app tidak pinjam buku apa,negative
benar ya min sumpah jengkel ya gua pinjam buku enggak ayo min kalo rating apk jelek ya improve benerin masalah gua butuh banget elah enggak pinjam buku baik cepat error nya tolong,negative
sih rusak banget aplikasi jelek kacau enggak kayak kemarin tampil ubah kayak download enggak uninstal enggak plis benerin aplikasi ya allah bu baca doang ya allah istigfar ih,negative
bangun indonesia cerdas,neutral
enggak minjem buku minggu kacau,negative
error susah cari buku kalo enggak lihat riwayat baca orang masalah anjir dibenerinnya eror,negative
diupdate aplikasi tidak buka buka baca force close bulan tidak masalah sih edited benar enggak masalah kah force close nya jarang tambah sulit pinjam buku stok copy buku sih,neutral
momen apps ngebug error swasta update sistem debugging benerin server dll jam kelar cepat perintah nyante enggak sih ngebug,negative
enggak melulu pinjamm coba kecewa,negative
sayang gagal unduh buku baca coba unduh buku random tidak,negative
aplikasi eror tidak pinjam buku apa,negative
ipusnas enggak minjem buku eror mulu tolong masalah,negative
enggak download buku,negative
almost weeks couldnt borrow books via apps every time click pinjam notification javalangillegal xxx appears happen please fix sok everyone access,neutral
aplikasi bangus banget cuman bulan enggak pinjem bukuu,positive
baik muncul pesan error javalangillegalstateexception,negative
error pinjam tolong cek bugs,negative
enggak pinjem buku ih error ya,negative
banget masalah bugnya astaga,negative
kapai coba update ui tampil enggak buat simpel manfaat proyek program masyarakat mbok ya dirampungin tuntas kannnn,neutral
enggak pinjam buku,negative
aplikasi literasi enggak urus makan mampus,negative
enggak pinjem buku error koleksi buku enggak lengkap,negative
aneh enggak mendownload buku pinjam tolong developer baik benah aplikasi,negative
error mulu,negative
tidak pinjam buku,neutral
enggak pinjam buku loading,negative
fungsi pinjam gagal tolong baik bug terima kasih,negative
sih banget error sinyal lancarlancar belum suka tibatiba aplikasi susah ngunduh buku tambah stok buku dikit banget enggak nyaman baca mohon tanggap tolong ubah tambah januari enggak minjem sih stok full lho tolong solusi kembang sih,negative
buku enggak pinjam terang error java lang ilegal solusi,negative
bagus banget buku nya popular unpopular minus nya kadang buku populer antri nya banget kadang suka eror pas pencet pinjam banget tunggu nya,positive
enggak pinjem buku sisa copy nya,negative
buku enggak pinjam,neutral
maintenance busukkkk,negative
halo coba unduh buku ipusnas knapa gagal ya mohon masalah sistem ya bintang kalo atas thanks,neutral
jelek banget tidak pinjam buku pemberitahuan error coba pinjam buku,negative
tidak pinjam error,negative
log pinjem buku baca buku salah satu enggak ya,neutral
tidak pinjam buku sedia java lang error,negative
pinjem buku error minggu,negative
benar deh enggak baca buku ipusnas aplikasi suka tutup sendiriforce close pinjam loading lamaaa enggak refresh enggak hmmm ya enak pinjam baca buku app,negative
gagal pinjam terang error kali klik pinjam buku sedia mohon masalah,neutral
error appsnya,negative
enggak baca buku stoked ngeklik pinjam enggak apa,negative
aplikasi sebal,negative
sih minjem buku enggak heran,negative
app nya error tidak mendownload buku pinjam reinstall error tolong masalah terima kasih,negative
minggu minjem buku enggak terang error tolong periakin uninstall install,negative
sih eror buku pinjam tolong masalah baca,negative
ipusnas enggak didownload buku moga depan masalah,negative
macet buku pinjam baca enggak download jenis macet mohon masalah,negative
kalo kasih kasih deh,neutral
aplikasi nya bantu,neutral
tidak pinjam ebook ipusnas pinjam eperpusdikbud,neutral
masalah lumayan,negative
berharihari tidak akses pinjam garagara enggak akses databasenya mohon developer tangan jadi,negative
aplikasi eror tolong masalah butuh ebook referensi skripsi,neutral
ipusnas enggak baca buku tampil layar tata letak dll beda versi versi enggak bagus mudah unduh buku coba kali kali unduh buku enggak terang progres hapus aplikasi unduh ulang enggak hasil unduh buku coba unduh muncul ket java script ket enggak apa enggak erti ya,negative
butuh masalah aspek loading jaring tipe hp oke tidak muncul notif buku masuk antri sedia setting hp allow notification fitur highlighstabilo tidak nyaman pakai,negative
tidak pinjam buku email tidak response,negative
aplikasi nya eror,negative
buku mahal baca ebook gratis banget indonesia negara minat baca edit maintenance tanggal detik error kapai sih,negative
tidak hasil pinjam error,negative
tidak pinjam buku,neutral
enggak ipusnas enggak pinjam buku orang baca,negative
enggak pinjam bukatolong masalah,negative
bagus buku kini eror pinjam eror hari,negative
experience baca tidak nyaman goole play book,negative
eror,negative
tidak login coba pinjam buku tidak mohon masalah,neutral
waited long time borrow book couldnt even borrowed application slow even though network good sok dont want use application please fix,negative
error mulu nih enggak pinjam buku tolong baik,negative
tolong masalah minggu tidak pinjam buku apa,negative
senang baca bukubuku akhirakhir aplikasi tidak jalan buku tidak pinjam stok sedia mohon masalah ya terima kasih,neutral
diupdate history hilang fiturnya aneh log jatohnya malan downgrade hapus aplikasi kalo kayak baru sistem enggak selesai selesai,negative
aplikasi masalah eror kadang tidak login unduh file kadang tibatiba tidak baca offline mohon tingkat kualitas mood baca kadang turun masalah aplikasi malas pakai aplikasi ituitu tidak masalah permanen,negative
kesini aplikasi jelek enggak dipinjem buku kadang enggak log masalah jelek,negative
error berharihari buku sedia tidak pinjam,negative
turun kualitas aplikasi uptade ubah tampil aplikasi isi masalah data riwayat pinjam hilang update buku buku pinjam sulit suka eror pinjam buku harap tolong masalah,neutral
eror parah,negative
buku enggak pinjam tolong baik,negative
enggak download buku ya,negative
tolong updatean aplikasi kayak lot banget coba check apps normalnormal enggak pinjam pinjam muncul tulis javalangillegalstateexception tolong masalah aplikasi bagus diupdate,neutral
tidak login email pakai gmail,neutral
enggak login parah banget,negative
tidak akses beranda lapor bantu tidak uninstall install ulang tidak masuk install akun tidak isi camat mohon masalah,neutral
lag install ulang tidak login,negative
baru enggak enggak masuk akun muncul java lang strang minggu enggak login baik ya sistem rugi,negative
yaeelllaaatiba log pinjam pas log enggak masuk error nih keburu habis pinjamnyabenerin,negative
eror enggak masuk hari ganti email enggak tolong tangan ya,negative
tidak daftar akun google daftar email lot pis daftar,neutral
bagus sih eror mulu,negative
suka banget ipusnas error akses masuk error enggak hufff,negative
update error mulu login kalo masuk kosong garagara ganti page loginnya fufufafa,negative
aplikasi enggak buka baik,negative
eror mulu kesel tulis buku sedia enggak dipinjem berkalikali eror enggak buka,negative
took sok long fully load problem connection,negative
download tidak daftar aplikasi tidak support tablet,neutral
akses masuk butuh berharihari jaring internet stabil tidak ubah rutin baharu server,neutral
pustaka manfaat orang harap depan aplikasi perhati error login,neutral
email ku bilang enggak login aneh enggak login,negative
baca buku susah man loading,negative
buka appnya enggak trss,negative
enggak buka ngelag loading pas uninstall install enggak masuk daftar biar coba sulit tambah wawas,negative
nih minnn enggak search pencet home enggak,negative
banget problem,negative
eror,negative
crash maintenance banget lebih janji,negative
app suck many troubles,negative
update enggak login cacattt banget perintah minat baca orang indonesia aplikasi cacat,negative
eror kayak negara,negative
tolong aplikasi masalah minggu enggak pakai loading doang minjem buku error mulu,negative
enggak pakai kali masuk akun enggak ganti email enggak coba tolong masalah,negative
dasar enggak becus,negative
gagal pinjam buku,negative
kayak ngebug deh aplikasi tolong baik minggu enggak buka nih aplikasi langsung blank halaman depan coba reinstall enggak login muncul pesan error java tolong baik ya banget baca,negative
enggak login nih,negative
tampil amplikasinya enak kesini enggak buka enggak reload force close muat aplikasi enggak pinjam buku tibatiba enggak tombol pinjam buku mohon develeper tingkat aplikasi suka banget aplikasi terima kasih,positive
error enggak masuk,negative
enggak akses aplikasi login enggak coba reinstall ulang enggak bugnya tolong diperbaikj,neutral
tidak login baru aplikasi,neutral
tolong masalah eror,negative
plis aplikasi guna banget banget banget crash enggak minjem buku minjem muncul ingat error beranda kosongg plis baik cepat,negative
sih astagaaaaa,negative
konsep daftar enggak internet kencang,neutral
coba pinjam enggak uninstall install ulang,neutral
plzzz baca buku error mulu kithatiq,negative
log susah jaring kuota internet lancar banget,negative
error enggak pinjam buku,negative
parah minjam ebook enggak,negative
enggak pinjam ya habis update,negative
coba download kali alhamdulillah masuk buku tidak pinjam eror mohon masalah,neutral
min tolong diperbaikin minmasa enggak pinjem buku gegara bug,negative
aplikasibjelek,negative
mass tidak pinjam buku ya penuh syarat mohon baik terimakasih,neutral
enggak pinjem buku error java developer,negative
please fix bugi cant download orang even read book fix code app says error,negative
baca eror puladan minjem judul,negative
tidak pinjam buku apa sedia pinjam,neutral
suka error,negative
pecat programmer app enggak fungsi error enggak pinjam buku ngoding pakai java bos duit pajak bayar nge hire programmer bingung enggak ngebaca review app nya tolong perpustkaan indonesia atas viralkan betapa sampah layan aplikasi,negative
enggak pinjam buk sedia atus ratus copy string error apa,negative
bintang sayang kendala pinjam buku tidak pinjam pinjam eror bukan buku buku eror harap masalah tidak,neutral
error enggak pinjam,negative
klik pinjam loading internet lancar buka aplikasi lancar deh lihat review netizen baik orang pintar sulit sistem,positive
minjem buku error,negative
habis update enggak pinjam tolong kembali versi masalah,negative
enggak ya pinjam gagal enggak download pokoknyatolong ya,negative
edit enggak pinjam buku aduh,negative
inj error enggak pinjam buku,negative
update cant even read book anymore istg,neutral
tolong masalah appnya unduh baca buku error,negative
tidak login login berkalikali akun sungguh tidak login baca buku pinjam install yes mudah pinjam buku pinjam buku pas pinjam error please tolong baik min,neutral
enggak pinjam buku,negative
error pinjam tidak walaupu copynya muncul tulis javallngillegalstate mohon solusi,negative
buku tidak pinjam didownload pinjam pop javalangillegalstateexception tidak paham alhasil tidak baca buku,negative
could download read,neutral
klik pinjam button suddenly app crashing book eve loaded yet,negative
enggak pinjam buku ganti device ganti akun enggak,neutral
desember oke sedih fitur search buku tidak unduh buku pinjam buka esok unduh pop error arghhhhhhhhhhhh ayo developer baik bugnya,negative
admin tolong masalah aplikasi ya ngebug banget sengaja capslock notice nih komennya biar ceoet masalah sistem terimakasih ya,negative
buku sedia coba pinjam muncul error sistem buku tidak akses ganggu data buku aplikasi tidak jalan harap sistem masalah fitur pinjam benarbenar,negative
tidak pinjam buku popup error install ulang ngehang cari judul buku,negative
kakean bug,negative
java lang error kalo pop pop upnya tutup aplikasi tutup,negative
keselll suka erorr lelet banget diperbaikinyaa,negative
tampil aplikasi bagus tidak pinjam unduh buku mohon baik,neutral
enggak download buku,negative
app tuhan,neutral
diupate enggak buka berbulanbulan,negative
aplikasi crashed force close enggak masalah,negative
please fix newest bugs,neutral
update pakai gaya aman lancar enggak kendala pakai masuk,positive
bug aplikasi enggak buka,negative
tolong aplikasi terus forced closed mohon masalah,negative
app nya tutup enggak pinjam online sedih sumber buku lengkap banget,negative
kenapaaaaaaaa enggak download simpan penuh mulu storage hp aman kalo baca download,negative
problem app cant opened im already issue occur frequently many people queue cause limited copy,negative
tutup mulu baca,negative
unable read books cuz app keeps crashing,negative
error mulu baca buku,negative
download gagal android,negative
ui nya jelek tidak bookmark,negative
good,positive
toloong baca noveel nutup app nya,negative
data operasional ipusnas nih potong mbak sih error mulu asa susah tinggal indonesia baca buku gratis legal susah,negative
enggak daftar,negative
jelek banget error mulu,negative
bug nya astaga aplikasi perintah rakyat kalah aplikasi rakyat rakyat,negative
error,negative
enggak dibukaaaaaaaaa tolong,negative
app always crashes updated completely unusable please fix,negative
bagus baca buku gratis sisa eror lot eror lot,positive
aplikasi mahal pakai uang negara enggak pakai gampang warga negara login masuk error parah,negative
enggak buka error mulu appnya baru enggak pakai,negative
ya enggak masuk aplikasi nya masuk langsung aplikasiii download download ulang,neutral
eror aplikasi lumayan bagus,positive
enter application suddenly exits,negative
aplikasi perintah jelek lot berat tuju baca bikin nekoneko,negative
crash tutup otomatis aplikasi,neutral
app keeps crashing everytime open closes immediately,negative
aplikasi lokal buat perintah error ya,neutral
force closed,negative
force closed melulu buka buku pinajamannyaa versi baru ram aman azaa huhh enggak kepake,negative
otomatis mulu,negative
aplikasi deh mulu enggak pakai,negative
force stop cant open app read book,neutral
aplikasi ipusnas bantu saran nih tambah fitur favorit simpan buku baca fitur daftar baca simpan buku nemu belum pinjam pas seru browsing buku tarik langsung simpan moga update ya,positive
baru temu buku dasar genre tidak muncul loading,neutral
diupdate palah enggak antre kalo deh buku either enggak didownload enggak buka aplikasi useless,neutral
tidak buka buku android,negative
kali unduh buku pinjam aplikasi masalah aplikasi force close buku baca aplikasi halaman rak buku buku pinjam enggak baca tolong baik,neutral
jeleg,negative
minus kasih bintang minus ebook nya enggak didownload coba aneh banget ye konoha,negative
aplikasi guna banget eror kadang pinjam dikit banget mohon masalah aplikasi panjang pinjam ya terima kasih,negative
update enggak login,neutral
update enggak buka enggak buka ya,neutral
anything books queue app updated automatically app closes click borrow button pls fix,neutral
aplikasi aplikasi perintah enggak bagus,negative
working si ultra pls fix thx,neutral
error nih aplikasi tolong update baik optimal,negative
buset deh app baca unduh gagal ya,negative
maaf ngerating buruk kemarin force closed mulu bukagimana baca deh,negative
cant open app,negative
app nya crash versi baru cuman nambahin buku pinjam crash enggak buka appnya,negative
please fix ur app,neutral
kali buka aplikasi langsung kali coba hapus memory,neutral
sih,negative
app nya bagus baca ebook gratis tingkat ya app error,positive
unknown,negative
pls help cant download book,neutral
updated version doesnt work properly app keeps force stopping supposed read app cant even sit still even mute ugh sucks,negative
ipusnas noob banget websitenya dihack judol backend aplikasi benar orang bukan sih fiturnya jelek enggak kembang minimal diupdate sikitt lahhhh aman maju deh rakyat baca buku gratis susah,negative
getting error force close try open,negative
keeps crashing,negative
pleaseee enggak buka buku nya bagus apk nya jelekk kayak lemott banget pas buka minjam enggak bad,negative
anonatenya jelek enggak kontrol,negative
app totally trash updated apps always closed want read borrowed book sometimes blank also need wait sok long queue list dont know less copied orang people borrowed long please fix,negative
bagus kali update bug tidak pakai,negative
force closed every time open apps,negative
rating nya hancur update jor joran sih connection parah banget buka loading mulu sinyal lancar app mungil buka susah banget,negative
aplikasi bagus,positive
pas lancar pas akhir eror tidak login akses apa coba hapus donlod ulang tidak,neutral
jelek banget sumpah maintenance nya gaji umr jelek banget,negative
aplikasi lag gampang logout pas masuk enggak pinjam buku langsung please baik,neutral
literasi tahan emosi tolong masalah terima kasih,neutral
error error error still error headache,negative
balikin versi deh versi baru banyak lag aplikasi buka download gagal mulu versi baca offline versi enggak sih unduh eh pas baca offline suruh ngunduh enggak kocak,negative
tidak pakai,negative
cant work tab mi pad,neutral
enggak buka tolong ipusnas minat tolong masalah,neutral
tolong tambah mode gelap,neutral
upgrade bagus jelek ngelag parah enggak respon mulu bintang,negative
jelek banget lag enggak masuk enggak kayak lancar,negative
lumayan error baca moga tingkat layan kualitas tambah koleksi bukubukunya,positive
tidak moga masalah,negative
cant open app,negative
sumpah ngebug enggak buka enggak tau tolong masalah,negative
sedih banget baca buku tambah literasi susah ya aplikasi tidak team developer kak keluh tidak tanggap,negative
minat baca orang orang salah aplikasi baca gratis enggak fungsi maksimal tolong banget eval masalah,negative
used fave app updated version getting worse keeps stopping cant use bad please recover soon,negative
eror mulu,negative
aplikasi buka,neutral
fix app please,negative
always force closed click borrow book,negative
koleksi bagus sayang tidak diinstall onyx poke,positive
diupdate aplikasi force close buka,neutral
tolong baik aplikasi logout,neutral
buka aplikasi langsung home,neutral
bantu denga ada aplikasi banget masalah forced close,negative
aplikasi bagus baca buku gratislegal iring banget error kadang aplikasi baca buku enggak enggak fix,negative
betulin bang appnya,negative
tidak buka masuk detik langsung keluar app nya bayar pajak mahal app negara tidak benah,negative
please update always crashes everytime open app months,negative
terima kasih ipusnas akses buka masyarakat moga koleksi nya kualitas,positive
ya enggak buka aplikasi masuk tibatiba halo jaman enggak enak aplikasi kayak masalah,negative
kecewa tidak buka buku aplikasi henti tidak,negative
min tolong baik aplikasi kali hang auto close ,neutral
fox thisi cant open app various bug,negative
parah banget bulan habis pinjem crash enggak baca force closed ih,negative
tolong improve upgrade searching buku cari scroll hasil batas buku tidak banyak buku muncul terang buku batas cari buku relevan cari,neutral
buku pinjam force close baca expired enggak buku pinjam masuk caricari buku,negative
tidak download,negative
crash tidak buka tolong masalah,negative
oke belum baru ui nya enggak bagus pinjem baca buku versi baru enggak buka aplikasi crash,negative
enggak niat developer instansi kait libat kembang aplikasi aplikasi enggak buka force closed ide bagus eksekusi minus,negative
books borrowed downloaded notification always appears saying memory full even though still lot space please find way obstacles hopefully improvements,negative
tolong baik aplikasi hp vivo ya versi android oreo aplikasi tidak buka buka muncul logo ipusnas coba hapus cache instal ulang tidak ubah tolong baik detail berbulanbulan tidak pakai aplikasi,neutral
delete deh jelek aplikasi,negative
buku nya sih oke enggak download koneksi oke benerin,negative
jelek sih suka responding,negative
error kali pinjam tibatiba force quit coba masuk aplikasi kacau,negative
enggak buka pas buka pleaseee baca bukuu,negative
ipusnas jarang buka tibatiba buka aplikasi tidak baca mohon baik stabil aplikasi,negative
diupdate enggak buka,neutral
aplikasi cerdas bangsa sayang banget logout login susaaaahhhh edit force close,negative
aplikasi crash enggak buka buka langsung tutup enggak diupdate baik,negative
suka log enggak buka buku dipinjem enggak baca,negative
sigma banget,negative
ngecrash maksa,negative
allah jelek banget apk tolong enggak pinjem buku nihhhhh,negative
update force close,neutral
habis pinjam buku force closed baca buku,negative
error teknis update aplikasi crash pesan column epub read locator migrasi database mohon masalah privasi riwayat baca guna linimasa opsi nonaktif potensi langgar privasi data baca sifat pribadi tambah atur privasi sembunyi riwayat baca terima kasih,neutral
ciri ciri orang sabar ipusnas hpnya,neutral
cant open,negative
banyak errornya,negative
saran ui baca buku garis enggak ganti warna hitam contrast pakai dark mode pas baca malam menu enggak,neutral
lags often,positive
aplikasi forced stop melulu ya,negative
update enggak jalan aplikasi sih,negative
jelek banget buka buku pinjam pinjam belum unduh langsung,negative
kali hasil pinjam buku aplikasi forced close tutup buka aplikasi tutup sayang aplikasi bagus orang suka baca problem,positive
aplikasi terusterusan tutup,negative
force close ya versi baca habis pinjam langsung enggak masuk,negative
android v app crashed kakak,negative
aplikasi force close tab,neutral
aplikasi error berat banget pas pakai,negative
halaman buku tidak pindah koneksi internet stabil berkalikali mudah baca bikin sakit kepala,positive
pinjem ebook pas buka,neutral
bug enggak unduh buku ganti foto profil,neutral
tidak akses android android tidak update aplikasi crash baca mohon bantu,neutral
masuk aplikasi langsung keluarkeluar,neutral
aplikasi perintah ya tuju buat aplikasi bantu orang baca mana sdm negara tidak maju,negative
pilih buku aplikasi error tolong perbaikiiii,neutral
baca buku aplikasi otomatis,neutral
forced update app cant open app crash go back tothe old ones dpsht,neutral
forced close redmi note please masalah bugs nya,negative
singkat aplikasi jelek error lucu kalo error reinstall ganti tampil list antre hilang catat bikin apknya lenyap fatal banget sih buku enggak unduh salah satu lotr belum masalah heran apk diperhatiin enggak sih guna bikin guna senang enggak,negative
aplikasi bagus sayang akhirakhir force closed tolong baik please,positive
app nya enggak buka sengaja app nya bapuk ya tolong perintah biar rakyat suka baca buku biar rakyat pintar fasilitas mudah akses bantu didik putus,negative
jelek nge bug mulu nih apk,negative
please fix app force close ipad android susah bikin aplikasi buku bagus ampun banget enggak niat ya enggak qa,negative
sekali hasil minjem buku app nya force close mulu jelek banget tutup app enggak,negative
app stres,neutral
ipusnasnya tidak buka ya,negative
aplikasi kerap force close,neutral
used work well functional anymore always crashes,negative
ipusnas forcedclosed ganggu dipusip bikin app bagus jaklitera ipusnas enggak urus sih,negative
ngebug blok,negative
buka pengin baca buku,neutral
plis masalah bugs nya nyaman,positive
force close baca sulit,negative
buka app force close aplikasi perintah jelek aplikasi citra kah,neutral
force closed mulu niat enggak sih,negative
bagus versi,positive
ya habis klik pinjam buku,neutral
pinjam tidak unduh memori kosong mohon masalah tks,neutral
getting worse single book covers properly shownits basically blank theres tagshelf feature list tbr filter doesnt anything good luck trying browse book genre liking among outdated selfhelp books defund ikn build libraries instead,positive
akhirakhir aplikasi langsung force close buka ya,neutral
aplikasi ya,neutral
batas pinjam banget cuman,negative
tidak pakai force close terus,neutral
aneh enggak login,negative
keeps closing whenever try search book,negative
baca buku aplikasi,neutral
update versi terbaruaplikasi tutup belum buku pinjam,neutral
download enggak buka ya aplikasi nya pas buka aplikasi langsung logout,neutral
eror enggak buka app nya bulan benerin tolonggg,negative
enggak buka,negative
tolong tambah screen zoom setting mode baca,neutral
buku tarik baca aplikasi merestart buku rak buku tidak kembali ulang kali nengetuk return update baru aplikasi error,negative
sorot text tidak pilih hapus,negative
jelek batt satt download nih ya buku tulis javaio blah blah blah inti nya error ah banget deh nih app benerin satt developer nya kapai,negative
aplikasi force close hp tab enggak buka,neutral
buka aplikasi langsung,neutral
tidak fungsi force close paling butuh minor improvement nyaman guna lengkap koleksi pakai tidak pakai,positive
suka nge lag,negative
sih keep stopping mulu aps nya enggak pakai baca,negative
satu pustaka digital harap enggak asih buku kualitas aplikasi error indonesia maju kalo cari referensi buku susah buku enggak download buffering belum close app tolong masalah mana cari sumber rujuk kaya buku,negative
diupdate aplikasi ipusnasnya enggak pakai force closed buka home cari buku auto ngeclose minggu parah banget enggak masalah,negative
antri banget najis,negative
aplikasi force close paksa buka website masuk website arah aplikasi payah,neutral
tolong aplikasi diupdate dikitdikit error enggak login enggak anotate enggak pinjam suka banget baca please masalah,negative
cant login app,neutral
update error selesai unduh buku enggak baca selesai unduh langsung aplikasi,neutral
update buku pinjam tidak baca sayang banget buku ipusnas lengkap banget mohon masalah ya,positive
sumpah suka lag banget asik bacaa buku lengkaapp,positive
used able borrow read books cant even open app whats use digital library cant access books,neutral
tolong rawat pustaka digital sedih banget lho enggak baca buku ikut aplikasi pinjam ribu buku aset harga rakyat indonesia baca bukubuku harga mahal naskah kuno berkat aplikasi mohon banget rawat baikbaik aplikasi,negative
update cant download read single book,neutral
pakai pajak rakyat aplikasi tidak aplikasi buka langsung otomatis tidak baca buku apa cek internet baikbaik aplikasi jalan economy tolong pajak ipusnas sebaikbaiknya aplikasi baca buku keluh tidak dengar,neutral
app nya force close habis pinjam buku benerin,negative
enggak buka mulu sumpah kesal banget,negative
aplikasi bug,neutral
tidak buka,negative
aplikasi force close device galaxy tab,neutral
tunggu buka aplikasi error,neutral
force closed,negative
ipusnas bantu cari buku daring referensi baca karya sastra ironi operasi aplikasi buruk tolong masalah nyaman,neutral
apps close everytime try use,neutral
bug,neutral
aplikasi bagus ngembantu banget minjem buku digital tambah ilmu buku ngefilter buku banget enggak search filter ngescroll filter gendrenya filter tulis kalo cari judul buku cepat terima kasih,positive
belum baca aplikasi henti dadak review,negative
aplikasi resmi minim kendalaseperti error enggak buka tautau aplikasi uji sabar guna enggak buka log error mohon baik ya,neutral
bintang lumayan lengkap buku errornya bikin kesal plis deh ah pengin baca tenang doang pakai acara ck,negative
tutup eror tak buka moga atas update baru,neutral
force closed install ulang bookmark sorot teks hilang,negative
aplikasi buka app ulang kali coba update,neutral
habis diupdate jelek enggak login sinyal bagus tibatiba aplikasi,negative
tidak masuk detik tolong baik niat,negative
aplikasi sih tibatiba,negative
jelek banget jir bukubukunya enggak unduh diupdate bagus hancur bug please aplikasi buat perintah malu dikit kualitas,negative
aplikasi busukkk enggak niattt blokkk,negative
crash mulu,negative
enggak buka sih huhuuu,negative
really bad,negative
forced close bulan enggak baca buku ipusnas kena efisiensi kah,neutral
app often crashed sok hard run program smoothly fix please,negative
baca buku enggak app nya tau macet koleksi sih bagus enggak baca,negative
aplikasi updated bagus error histori baca hilang semenjak update force closed memori internal enggak penuh bilang penuh enggak unduh buku scroll sensitive banget dikit dikit copy notifikasi enggak muncul deh jelek banget pokok tolong baik aplikasi mending last version kalo jelek,negative
bolak eror ih sebel banget koleksi buku,negative
pengin baca helpp,negative
tidak buka,negative
bug,neutral
aplikasi tidak stabil enggak log butuh maintenance,negative
update force close baca,neutral
sih apk banget trouble enggak dibukatolong benerin sih,negative
koleksi guna mudah masalah kategori tolong urut berdasrkn abjad mudah seleksi buku pengin baca urut buku tolong sedia abjad list bku awal dst,neutral
aplikasi bantu baca buku tolong masalah aplikasi buka,neutral
appnya buka enggak detik langsung tutup muluuuuu please helpp,negative
tunggu antri buku pas baca enggak rak pinjam tolong benah rugi,negative
aplikasi bagus kalo maintain,positive
aplikasi gagal akses server,neutral
ada teman teman progremmer sofwer engjiner ipusnas masalah sistem ngebug detik inisaya tua tunggu buku loading pls orang pintar n hati us favor fix peace love gaul,neutral
always suddenly closed every time borrowed new book,negative
jelek banget aplikasi enggak ubah sulit login literasi masyarakat indonesia ipusnas online sulit akses harga buku mahalmahal jelekkkk banget enggak maju enggak sih anggar ipusnas online,negative
app doesnt even work properly sok basically cant anything app simpler words app purely garbage,negative
enggak minjem stok copy tbtb close app muluuuuu,negative
pas buka langsung pinjam buku,neutral
apk nya bantu banget suka baca buku gratis aman ya tibatiba logout tunda baca copy buku batas sulit kalo pinjem novel populer plis tambah copy buku bikin notifikasi pas copy buku adi laku buku ada fitur cari akun teman emailtelp biar tukeran rak buku hihi moga cepat update deh biar suka baca,positive
force close diupdate,neutral
lengkap buku enggak unduh copyannya,negative
bagus sih cuman ngeleg tambah fitur bookmark kayak,negative
ya sih kocak update kagak buka terang update masalah bug parah,negative
app force closes everytime borrowed book,negative
okey nice elibrary aplikasi sedia buku referensi baca tidak lengkap buku bagus,negative
app keeps stopping,negative
senang aplikasi pinjam buku gratis kayak ipusnas tolong sedikitsedikit eror pinjam buku enggak baca ktn aplikai tutup banget eror,negative
suka hang aplikasi,negative
aplikasi eror banget enggak ngunduh buku buka enggak muncul apaapa sinyal lancar sayang banget baca kudu emosi,negative
ya masuk detik masuk tolong masalah ya aman,negative
enggak buka,negative
bugny kacau,negative
people want read book hurry go buy book give app bad revuew want free stuff read,negative
aplikasi tidak mendownload isi putih jengkel,negative
aplikasi tidak buka pinjam buku kesal pengin baca buku,negative
force close,neutral
buka aplikasi langsung,neutral
aplikasi bikin perintah cacat deh kasi anggar improve korupsi mulu,negative
tolong baik aplikasi kadang log lalod aplikasi jaring lancar kadang tidak jaring internet,negative
habis update tidak buka versi,neutral
baca buku masuk daftar tibatiba aplikasi crash error telah baca masuk daftar coba berulangkalipun tidak daftar masuk pakai jam sungguh kecewa,negative
crashed keeps stopping,negative
tried register several times almost hour still cant please fix,negative
dibenahin appnya dikitdikit error hari enggak eror gatel banget,negative
app paid taxes even reading book incredibly difficult every time something happens like demonstration yesterday always crashes theres notification book queue damn app,negative
app automatically closes im read aplikasi tutup otomatis baca,negative
open app always force close,neutral
update enggak buka force close,neutral
jelek jelek jelek banget benerin gila parah jelek banget,negative
please fix asap app force closed,negative
please fix,neutral
ipusnas aplikasi ratenya kayak akhlak sebagain wakil rakyat jelek banget,negative
sih aplikasi,neutral
benar perpusatakaan digital nasional buruk hadehhh,negative
min gimnaa buka ipusnas langsung crash bijimane baca buku pintar kalo usir,negative
capek banget apps kayak banyak force close kocakk,negative
app keeps shutting,negative
enggak buka,negative
berkalikali masalah hasil nihil kayak banyak update aplikasi berat balikin versi pakai versi ipusnas enggak kendala pinjam buku lancar hari baca buku enggak update buku enggak unduh akun autologout mulu update tolong masalah tahun ipusnas,negative
aplikasi bagus sedia ebook baca gratis crash tidak akses moga masalah,positive
bug crash buka,negative
admin ig reinstalling berkalikali force close kalo buka,neutral
kategori buku mbo ya filter cari minimal urut abjad filter buku tampil laya cari jarum tumpu jerami,neutral
bug enggak buka,negative
aplikasi perintah kayak jelek banget sumpah,negative
rombak abis enggak nama force close error aneh baru tampil eror history hilang tolong masalah,negative
lot kadang enggak buka,negative
alhamdulillah terimakasih baca buku gratis rumah batas ruang buku sedia variasi novel anak dll,positive
bad,neutral
aplikasi force close detik buka langsung aplikasi detik fixed,neutral
ipusnas sih pakai download buku enggak,neutral
tolong source baca milik perintah bikin benar accessible orang kali update enggak login data history hilang balikin history password etc update sept apps force closed due internal error baca buku,negative
crash,negative
eror mulu,negative
minggu force close device os compatible,neutral
aplikasi baca baik bantu terima kasih ipusnas,neutral
aman buka tibatiba diupdate tuh update eh habis update enggak buka diam tau entar susah hapus download ulang kali enggak tolong,negative
aplikasi bikin tensi buka developer enggak niat bikin aplikasi underrated,negative
baharu jelek sistem jelek enggak masuk tibatiba,negative
enggak daftar apa aplikasi cuman money laundry koruptor,negative
forceclose mulu eek,negative
error mulu deh masuk notif enggak signal,negative
update aplikasi buka henti tibatiba belum klik apa tolong developer nya masalah bukubuku sedia lumayan lengkap,neutral
eror kadang enggak buka,negative
force close,neutral
nge bug buka aplikasi close,neutral
app keeps crashing couldnt read borrowed books please fix,negative
jelek banget sih,negative
min apps nya tolong masalah force close,neutral
bagus literasi tingkat daftar buku pinjam seringkali aplikasi susah masuk aplikasi akun google,neutral
harap sih aplikasi kelola perintah,neutral
berharihari error enggak masuk pas masuk langsung nutup tolong masalah,negative
update pental quite time moga lekas benah,neutral
eror mulu hih,negative
update tidak buka,neutral
aneh banget aplikasi butuh cari buku eh aplikasi nyebeli,negative
ya enggak buka aplikasi buka keluarkeluar sendirisedih banget buka,negative
navigasi halaman busuk aplikasi manfaat cacat salah klik halaman buku tibatiba halaman buku resume halaman tidak halaman baca tidak fitur wishlist,negative
update barubaru masuk aplikasi belum detik berulangulang kali deskripsi bug masalah benarbenar kecewa ipunas versi alami turun sempat baca buku perangkat kurang tidak,negative
canda banget sih developer duit dikemanin woy resin nih app mending ngelag tolerate habis diupdate enggak beres login habis nutup mulu sengaja bikin bego indonesia banget buku mahal kasi akses gratis resin anjir,negative
cant open app always force close,negative
error tibatiba apps nya,negative
gua kasih setenga bhkan empat gua kasih dahhh coba salah buku enggak download pikir buku nya populerwlpn sistem kerja enggak pilih pilih rating buku pas coba buku populer ketsrsediaan copy nya enggak pinjem pls backend team pls work properly,positive
aplikasi fungsi tidak crash,neutral
tolong perintah bentuk fasilitas negara baca gratis akses mana mas ngebug sih duit nya habis gaji dpr mending alokasiin nih dana benerin sistem anjir,negative
gbisa daftar bro tlong bnerin,neutral
cant login even though network good says please try later tried almost ten times,negative
force close,neutral
habis pinjam buku appnya enggak buka crash masalah didiemin nih,negative
aplikasi buka tampil beranda langsung hilang,neutral
habis diupdate enggak buka,neutral
force closed tolong masalah,negative
bulan aplikasi tidak kali buka langsung tutup ya mohon bantu,neutral
ipusnas keeps stoping suka banget baca apk,positive
aplikasi enggak niat eror,negative
app kept forced close though connection stable pls fix,neutral
apk jelek,negative
cant borrow book eventhough copy available please fix,negative
aplikasi gampang error pas buka tibatiba baru,negative
keeps force closed please fix,negative
berharihari aplikasi force close mulu ayo baik baca buka web pc pad hp,neutral
terimakasih bantu mahasiswa,neutral
jelek,negative
minus aplikasi error koleksi lengkap buku tidak unduh plus baca gratis,neutral
ya ipusnas buruk kualitas,negative
app pakai pindah versi baru tidak pakai download buku gagal app ayo baik,neutral
pas masuk langsung ya,neutral
error,negative
app isnt working force closed,negative
aplikasi enggak bug apa aneh,negative
crashed always stops logs app,negative
log enggak bang hadehhh,negative
daeipada gelontorin pajak dpr mending benerin nih apps literasi negara jelek banget buset,negative
ipusnas ya keeps stoping ya,negative
aplikasi buat indonesia akses bagus manfaat banget besar aplikasi banget trouble,positive
diupdate enggak buka aplikasi klik aplikasi langsung tutup parah banget,negative
aplikasi guna error mohon baik,neutral
versi jelek banget jujur enggak dibolehin baca buku kah masuk aplikasi tbtb,negative
forced close,negative
situs pustaka negara daftar susah ampunhapus aplikasi enggak malu ya,negative
appnya lancar akhirakhir ganggu ya,negative
still many bug cant open books,negative
always forced closed,negative
deh hari enggak buka kocak,negative
aplikasi tidak masuk aplikasi,neutral
apk buruk rusak sulit login negara kualitas buruk,negative
anggar gede maintenence enggak konsisten,negative
terkadang suka ngebug,negative
suddenly closed opened app better fix want borrow sum books plsthanks,positive
force close immediately lol,negative
aman login pas pakai aplikasi ulang kali,negative
susah banget kak minjem buku tera copy dipinjem muncul kalimat copy tidak sedia,negative
tolong aplikasi masalah coba buka web sebelumsebelumnya enggak tibatiba download app nya ganti app ponsel update versi baru enggak ngapangapain notif tidak koneksi internet buka app enggak bukan internet klik pinjam buku log coba log enggak log notif koneksi internet buruk,negative
please diperbaikidi android apknya mulu,negative
sistem eror baru eror enggak masuk aplikasi gaakan masalah,negative
update app versi baru kali searchingpinjam buku loading tombol pinjam unduh buku muncul banding versi app hasil pinjam unduh buku klik tombol baca app forced closed mohon baru bugs nya admin mngeluhkn review guna,neutral
updated app read book borrow keeps force closed,neutral
ive tried register tens thousands times ive downloaded app still cant register happening please fix app really annoying,negative
error loginnya versi baru terang update fix perihal bug macam,neutral
login enggak parah banget aplikasi perintah didananin pakai duit pajak jrlek banget,negative
misi developer bagus banget buka banget baca buku pas update nih aplikasi tutup enggak baca mohon masalah salah,negative
upgrade aplikasi tidak masuk tolong cepat masalah ya,negative
error,negative
buka tidak koneksi internet wifi kuota okeoke buka apk blank terang,neutral
nge bug mulu pakai laptop,negative
aplikasi enggak deteksi jaring pakai wifi lancar sinyal aplikasi notif enggak milik jaring tolong baik,neutral
whats wrong guyss baca doang kali update enggak pakai gaperlu update kah update masalah pr tolong masalah love banget ipusnas isi buku bagus thank sabi masalah biar enggak crash mulu,negative
permisi kak admin tolong ih aplikasi masalah ngerjain skripsi kendala enggak login padahak email sandi,neutral
bagus buku au baca aplikasnya jelek buka enggak pas login enggak ganggu mulu kayak,negative
forced close sih mohon masalah ya,negative
apk kocak habis update kagak buka samsek,negative
aplikasi error tidak login tidak jaring internet jaring internet tidak,neutral
jelek banget pleasee tampil ux loading banget,negative
used like app fact love read app login maybe month cant login,negative
habis update enggak buka aplikasi coba uninstall login error ngerjain tugas,neutral
halo kak enggak buka aplikasi ya update loading sebentar langsung tutup aplikasi otomatis,neutral
update crash enggak buka,neutral
lumayan suka app suka baca novel novel indonesia novel terjemah inggris pokok buku app benar bantu mes enggak buat overall pretty good untung nemu nih aplikasi cheers,positive
sedih banget pas login logout,negative
hii ipusnas nya terimakasih cipta aplikasi update baru nya bagus akun hilang bookworm riwayat baca antri buku hilang belum baca banya bug ya tolong masalah ya moga akun terimakasih semangat tim ipusnas,positive
force close,neutral
ipusnas alami error baca aplikasi ipusnas tidak dukung kena dampak efisiensi aplikasi tidak ubah tolong dengar keluh baca nikmat ipusnas,negative
ngecrash mulu nih ya kena bungka,negative
mohon maaf aplikasi tertutupkeluar tibatiba update mohon baik,neutral
woy apaansi mulu enggak buku enggak baca baca mulu erorrr muluuuu kesal,negative
habis update force close,negative
suka error baca buku tolong masalah ya habis update enggak buka deh tolong masalah baca buku digital hambat,negative
update enggak buka,neutral
crash parah update,negative
error update cant open app please fix,negative
jelek dikitdikit dikitdikit error dikitdikit update update error aplikasi enggak,negative
unresponsive,negative
enggak buka pas update hanas update atuh,negative
min update aplikasi forceclose muluu lanjut baca buku pinjam tempo tolong masalah minnn,negative
ya allah kemarin enggak baca loadingnya cover buku enggak muncul pas update auto pas buka appnya diupdate kerja buruk mohon masalah suka banget baca,negative
ampas banget aplikasi rakyat notabennya buat negara enggak buka miris niat banget mati literasi,negative
update version force close nih,negative
force close,neutral
diupdate enggak buka,neutral
aplikasi tergajelas habis diupdate eror,negative
baca buku orang aplikasi error,negative
habis update ngecrashhh,negative
barusan update buka langsung tutupclose diulangulang,neutral
crash,negative
diupdate enggak buka,neutral
suka tampil rapi gampang pakai habis diupdate enggak buka,positive
user sabar dunia jatuh guna aplikasi ipusnas,negative
update aplikasi tidak login tutup buka jaring tidak,neutral
update tidak buka,neutral
heran banget pustaka online indonesia baca susah ampun,negative
tolong sinkron bookmark web ipusnas aplikasi pindah device gampang lanjut baca tambah wish list baca min,neutral
cover buku enggak cari buku sesuai genre enggak muncul muncul,negative
kak enggak nampilin cover buku nya ya,negative
suka app nya oke baca buku gratis tambah ilmu saran moga masalah koleksi buku lengkapkursor ngeblock kalimat nya nge bugkyk ngutip quotes bagus kursor nge bug enggak block rapihkalo fitur baca teks nya ganti voice nya voice artikulasi nya inggris buku nya enggak bahasa inggris kedengerannya aneh kesel enggak paham bacain,positive
akun pakai,neutral
aplikasi tibatiba log antri buku tidak dasar duluan untunguntungan complain medsos enggak respon akun aktif musti mana buku tidak buka biar kecewa reviewnya parah nemu akun judol promosi home iya modus pinjam buku promosi,negative
cant log,negative
halo min buku sihir perempuan karya intan paramaditha unduh responsenya found alas khusus kait izin penulispenerbit kait buku sembunyi cari buku ipusnas perihal izin selesai tidak mohon masalah files unduh buku terima kasih,neutral
lots bugs borrowed books lost cant load even though signal good server server error,negative
halo app always stated java failed want download book,negative
ui nya susah bingung,negative
senang banget aplikasi pinjam baca buku online enggak masuk email daftar ya tolong masalah cepat terima kasih,positive
stupid application,negative
bug nya ya suka logout account nya,positive
logout pas login lagi error mulu,negative
aplikasi bingung banget tulus copy sedia klik pinjam copy tidak sedia tampil depan enak diimprove sih depan,negative
bangga sih pustaka indonesia jangkau fitur digital suka baca baca buku aplikasi plis update susah loginnya sekali login sampul buku tidak terdisplay blank biru tidak sampul buku asli tolong baik ya developer moga tidak alam senang,negative
tolong masalah aplikasi tidak log kadang enggak log samsek,negative
koleksi lumayan lengkap sayang appnya ngebug saran fitur wishlisttbr buku baca,positive
habis diupdate buku enggak muncul gambar salah aplikasi hp ku,neutral
baca buku tolong koleksi banyak hihihi,neutral
aplikasi bantu kendala gagal unduh buku belum atas tolong admin kendala bugnya atas,neutral
halo loading ya pakai data seluler lancar ganti pakai wifi tidak,neutral
aplikasi tarik andai saran fitur reading list list buku pinjam baca bagus orang pengin baca buku pengin baca buku enggak lupa judul cari kayak enggak pinjam keep buku,positive
filter dasar terbit buku mohon masalah android cover buku tidak muncul repotrepot buka versi websitenya cover buku terima kasih,neutral
update error suka logout buku unduh dadak unduh ulang aplikasi tutup,neutral
versi enggak pakai boox onyx,neutral
koleksi buku belum lengkap,negative
pakai app syukur buku dokter hewan terima kasih ya,neutral
kenapamya enggak unduh buku pinjam hati enggak aplikasi,neutral
sih error mulu bulan enggak buka kerja enggak sih,negative
jelek,negative
pelit stock buku,negative
tambah stok love hypothesis ipusnas biji antri orang,neutral
terima kasih sedia aplikasi mudah hemat baca buku masalah aplikasi manfaat aplikasi,positive
error mulu heran,negative
koleksi buku mudah akses nyaman apps crash tidak buka seringkali log ulang tanda kalimat sulit tidak tulis diblock tidak fitur baca guna temu buku tarik belum pinjam baca buku,neutral
enggak login ya review,negative
tolong masalah tidak login aplikasi bagus baca ebook gratis,negative
error maintenance orang belum notif kalao buku sedia sistem antri belum digilib developer belah buku error pinjam enggak unduh buku viral copynya either orang syukur bantu ipusnas baca buku gratis uang moga keluh kesah komplen user ipusnas dengar staf perpusnas masalah app nya,negative
error log tidak log,negative
app nya enggak akses enggak log,negative
benerin aplikasi nya please anjir enggak masuk kali masuk enggak kapai,negative
mohon kembang,neutral
jelek banget error baca buku sulit,negative
nge lag app nya,negative
bulan aplikasi baca buku lancar tidak pakai loading unistall reinstall login masalah isi password,neutral
bagus tidak buka loading tolong ya admin coba uninstall masuk eh enggak admin tolong belum selesai baca novel,neutral
jelek banget pas buka ngeblank putih doang layar coba uninstall install pas pasuk akun pakai email beda enggak coba daftar pakai email beda gabisaaa yaudah sih perintah asih dana kayak biar aplikasi dikit biar masyarakat pintar asdfghjkl,negative
honest review bad couldnt even come reasons wish app could run smooth libby app orang least like wattpad good quality books novels,positive
ipusnas turut bagus kecuali ui nya tarik file pdf sistem antri kacau sistem antri nomor antri rebut antri ribu baca tau buku andal untung kasihan baca enggak hasil pinjam buku populer moga timbang,negative
tolong banyak sedia buku,neutral
kembali versi ram gb baca seharihari perangkat ebook reader tidak ebook reader ram gb kecuali produk highend nya,neutral
enggak download buku,negative
wow aplikasi keren,positive
hii first gon na sayang thanks bunch app sedia baca buku digital gratis aplikasi bagus berkat aplikasi baca buku pengin baca enggak sedia kasih saran saran fitur dm aplikasi think gon na fun discuss bout books someone love books,positive
diupdate enggak buka,neutral
bagus mudah ringan kaya fiturfitur bikin enggak bosan berlamalama aplikasi ipusnas,positive
sinyal lancar hp enggak lot putih home screen teross enggak baca buku enggak cari buku stuck situ kayak kena efisiensi kali baca ipusnas susah banget upgrade minimal baca buku oke uninstall instal tambah enggak masuk akun tau password nya tau email enggak masuk,negative
hai ipusnas kasih saran enggak ipusnas sedia tema gelap,neutral
kembang atur font size menu enggak ubah foto profil terang hasil foto,neutral
eror muter,negative
suka ngelag parah logout,negative
terima kasih,positive
aplikasi manfaat error loading login tidak load buku tidak,neutral
cover gambar buku enggak muncul,neutral
gagal unduh,negative
versi enggak pakai ereader sayang banget,negative
bulan tidak unduh buku apa mohon masalah,negative
fitur ipusnas baharu eror eror batas buku pinjam hilang rak pinjam pinjam habis tidak buka buka buku enggak unduh mohon masalah,neutral
versi bagus,positive
buku unduh tinggal baca enggak unduh emosi malam baca enggak unduh jaring bagus storage hp aman anehhhhhh,positive
sedih banget fasilitas milik negara kayak kualitas baca enggak mood gara loading melulu koneksi internetnya bagus,negative
updateannya anehhhh ih bikin kesel,negative
adakan darkmode,neutral
sayang banget gagal download mulu,negative
totally cant read,negative
sayang banget enggak unduh e booknya koleksi oke,negative
selau tibatiba baca buatt buyar kelas aplikasi buat perintah kayak sih baik recruit orangorang kompeten,positive
read book even ive borrowed said download ive logout login even uninstall install back still download book,neutral
nice,negative
antri,neutral
semangat literasi indonesia,neutral
baca download gagal ya enggak antre deh pinjam banget kaya,negative
uninstall tidak baca offline tibatiba logout install bagus fiturnya enggak eror terima kasih tim developer,positive
tolong pustaka digital kelas negara lo kualitas jelek tidak upaya kembang server upgrade aplikasi samasekali fitur bookmark tidak aplikasi lewat lot wujud nyata upaya tingkat literasi masyarakat pustaka digital,negative
aplikasi bagus tidak dukung e reader laya eink onyxboox meebook baca hp tablet bikin sakit mata tolong heavy reader kadang enggak nyaman baca layar ledlcd,negative
trash app,negative
kak tulis download gagal ya,negative
enggak aplikasi baca onyx boox enggak oke pindah baca tablet samsung tab si eh tablet suka log enggak masuk gin sih ipusnas,negative
sahaja install apps telefon malang buku pinjam tidak download harap baik kadar,neutral
aplikasi bagus kadang loadingnya buku pinjam kali tidak muncul rak pinjam aplikasi mode gelap moga,positive
harap buku digital standar format google book menu bantu terjemah makna,neutral
lemooooootttttttt,negative
compatible lot ereader devices,negative
error tidak pakai anggar pelihara aplikasi korupsi ya edit enggak login pakai wifi,neutral
jelek banget suka error enggak,negative
aplikasi bagus guna minggu enggak download buku pinjam tolong masalah,neutral
cant change theme color,negative
buku harlequin koleksi istimewa inheritance shame belenggu skandal karya hewitt pinjam tidak unduh coba berkalikali install ulang aplikasi ipusnasnya refresh jaring tidak klik unduh tera muncul tulis download gagal mohon bantu terima kasih,neutral
gagal unduh buku buku pinjam,negative
antri buku bulan,neutral
still download books almost wig please fix,negative
aplikasi favorit baca e book legal koleksi lengkap gratis enggak gabut mati gaya kalo jalan terima kasih ipusnas baik,positive
tidak unduh file found,neutral
banget error,negative
tidak unduh buku,negative
kali kali logout login download aplikasi nya tidak pinjam buku app tolong bantu,neutral
habis ubah tampil jelek banget performa aplikasi kemarin unduh buku pinjam eror tidak buku buku coba tidak unduh,negative
bug parah,negative
aplikasi manfaat error kadang enggak unduh tolong masalah,neutral
enggak unduh masuk library,negative
buku tidak didownload kalo pakai ibi library perpusnas ajar pustakawan bank indonesia deh aplikasi,neutral
unduh tulis download failed masuk library tidak buka mohon masalah,negative
enggak unduh buku deh minjem halaman eror enggak nampilin gambar internet cepat,negative
ipusnas android susah akses loading,negative
great great would helpful wishlist button sok save books future reading update open app since app keep crashing,negative
bagus banget apk ya error mulu log login email gagal login email email enggak masuk akses web error jaring internet lancar banget enggak buka tolong masalah enggak kasihan orang baca hambat mulu gara enggak akses,negative
mention web pc app anjir,neutral
enggak login,negative
error mulu,negative
app kelas nasional bugnya unduh hilang enggak online enggak login please developer baik,neutral
kali bintang ucap terima kasih perangkat onyx boox note perangkat tidak dukung mohon dukung perangkat ereader milik terima kasih,neutral
ipusnas nih bagus jelek enggak login tolong masalah pakai email beda login enggak jelek banget aplikasi,negative
terimakasih ipusnas tolong tambah fitur wishlist,neutral
buku annes house dreams enggak dibukaa masalah,neutral
helpful satisfy thirst free knowledge,positive
tolong kasih fitur reply pesan ulas orang biar diskusi,neutral
many books corrupted cant downloaded,negative
eror parah,negative
contoh libby biar orang betah pakai ipusnas,neutral
tolong aplikasi error servernya muter log,negative
dont login,neutral
kenapasih banget eror ngebug,negative
surely ill uninstall garbage apps,negative
tolong aplikasi nya offline sinyal bagus,negative
daftar banget astaga jaring bagus banget,positive
tolong text field menu filter kategori tulis cari tulis awal si scroll,neutral
reset password enggak,negative
nice,negative
senangnyaa baca pinjam buku mudah buku moga depan fitur wishlistpenanda bukubuku rencana pinjam baca mudah terima kasih,positive
terimakasih ipusnas nikmat hp versi jadul tidak mendownload ikaltim dkk semangat tebar manfaat ya,neutral
tidak terima kode verifikasi aplikasi tidak coba puluh kali tidak masuk inbox spam email alamat email ipusnas tidak balas,neutral
aplikasi bagus kalo dar baca harap update depan tingkat aplikasi tambah fitur tanda buku baca alami kendala warna kalimat paragraf kesukitan,negative
aplikasi bagus manfaat,positive
keren,positive
buggy experience trying read,negative
terima kasih kembang app sharing shrsny masyarakat tidak app harap fitur wishlist buku belum pinjam simpan depan pinjam cari fitur arang tinggal klik nama arang tampil judul buku tulis arang moga masuk thanks,neutral
keren banget bagus ui uxnyaa know guys could better,positive
enggak log,negative
versi updatenya lot,neutral
experience pindah halaman enak alangkah baik tap sisi kanan halaman tap sisi kiri halaman,positive
ipusnas lambat banget ya log enggak minggu,negative
aplikasi favorit enggak buka kaget update buku hilang suka ngelag tolong masalah jujur versi bagus nyaman simple enggak susah akses,negative
bagus banget,positive
kalo mode baca tepi layar bersih ganggu banget kalo baca layar enggak penuh,negative
application reading books cant used ebooks onyx boox tab mini sih shame,negative
instead getting better actually gets downgraded book queue borrowing history dont appear lol bad app,negative
tolong banyak jim copyan buku antri,negative
improve nya bagus benerbener lag enggak buka bikin orang malas baca kemarin iseng download ulang enggak lag lumayan lancar aplikasi stillllll kalo baca log ulang enggak hilang histornya ganggu terima kasih dengar kritik masyarakat tunggu improve,positive
mantap keren,positive
baca buku unduh unduh terkadang unduh tidak download gagal,neutral
jelek banget nih ipusnasss kesini enggak layan update bagus erorr pinjem copy tidak sedia muluu pliss benerinnn sriusss,negative
cant open,negative
sih enggak ipusnas masalah bagus,neutral
collections kinda mehh barely find anything features working good unhighlight text ive selected select text already hard enough reason managed select text leave select menu results able move page please fix issues im rooting devs,negative
bagus banget update bug logout login data account hilang buku antri riwayat hilang cover buku buku enggak load aplikasi update bagus,positive
updating software ringan cepat terimakasih,neutral
ipusnas v bagus web based kalo hp reader android boox poke enggak baca browser ya tolong atas please,neutral
mohon maaf ipusnas keluh bug mohon masalah ganggu bug sebab halaman buku blankkosong baca apk lambat merespon terimakasih mohon tanggap kakak,neutral
apan kemarin muter doang,negative
aplikasi uji sabar banget muter mulu,negative
aplikasi bantu banget orang baca buku enggak beli fisik versi upgradenya benerbener bikin kesel uras sabar uninstall pls kalo belum ready upgrade stay old version enggak apa lancar bikin baca nyaman,positive
aplikasi parah log buka app log baca buku mesti download ulang parah download kadang error fitur bookmark enggak fungsi coming soon riwayat bacapinjam hapus,negative
baca buku unduh enggak buka muluu refresh macammm aplikasi bermasalahhh tolong gimanaaa pengin banget bacaa habis peminjamannyaa duh,negative
baru jelek cover buku enggak muncul buku available enggak pemberitahuan tampil bagus,negative
ipnusnas ya error mulu pls pikir internet ku enggak bagus uninstall download berkalikali error akhirakhir enggak notif tolong baik,negative
dear ipusnas mohon buku high demand tambah copynya tidak tunggu antri warga indonesia cap minat baca rendah global tambah beli buku fisik tidak daya beli rendah tolong dukung sadar tingkat literasi baca halang antri copy ebook,negative
login enggak error mulu ckckck,negative
better latest update,neutral
enggak login sih,negative
bad app,neutral
coba lihat aplikasi readera referensi bagus tarik baca alangkah baik filter buku pilih filter baca baca buku populer fontmohon opsi besar font buku pdf ubah epub,neutral
bugnya error bufferingnya scroll kadang halang fitur blok copy etc,negative
moga search engine nya masalah optimal search judul muncul,negative
oke,negative
updated mengupdate aplikasi ipusnas versi baru buruk terlogout susah login fitur notifikasi buku sedia hilang riwayat pinjam buku aco hapus buku pinjam download ulang tidak buka aplikasi buruk,negative
update enggak masuk akun mulu tolong masalah edit lancar minim error mohon tahan terimakasih,neutral
lag,positive
halo tambah fitur tts lengkap enggak highlighting langsung paragraf paragraf klik terima kasih jujur teks highlight nya suka hilang ya kasih bintang harap aplikasi,negative
app open,neutral
bad app,neutral
eror teroooos,negative
bagus banget baca buku gratis legal offline pinjam banyak minggu baca saban gengssoalnya kalo enggak lo unduh buku bintang kadang loading yeah enggak pengin unduh heheh ya sih,positive
enggak login daftar baik,negative
thought reading actually procedure rent book lol,negative
pilih buku populer antri interface baca buku mudah nyaman belum kendala apaapa,positive
uiux bagus filter buku susah enggak ngurut huruf aznya gagal unduh buku pinjem enggak baca developer tolong benerin bugnya,negative
log tampil tarik loading lambat rekomendasi tidak sesuai baca sulit eksplor buku genre menu cari fitur quote baca tarik kadang warna tulis backgroud tidak baca fitur antri buku tidak kerja rebut sesuai nomor antri tidak notifikasi tingkat,negative
eror enggak logout dst,negative
lancar gusy,negative
anything even register orang log,negative
,negative
reinstall app improved let sih could comfortable use,neutral
maju pustaka nasional ri,neutral
ui bagus banget progress ku hilang tolong update versi desktopnya salah usernya,negative
jelekkkkkk loading baca error bilang suruh benerin sistem orang indonesia rajin baca pus,negative
ya download buku gagal semenjak baharu enggak download buku otomatis enggak pinjem buku enggak baca aneh banget sih aplikasi,negative
jelek jelek jelek,negative
enggak buka,negative
suka tampil,neutral
lovehate ipusnas moga tingkat apknya enggak suka bikin logout tibatiba ngebug hari,negative
kecewa banget update buka apk mesti log bukubukunya enggak baca offline pas pinjam enggak apk buku unduh duh harap banget sistem masalah,negative
dont know describe feeling right version worst tahan previously please fix,negative
enak sih baca buku gratis navigasi bikin gemas pilih tap slide deh suka pindah nih cari halaman baca,positive
versi baru ipusnas nge bug akun mohon masalah biar baca nyaman baca app nya,neutral
error mulu enggak pinjem buku copy nya,negative
update baru aplikasi bikin enggak search pakai nama tulis ya plis butuh masalah biar ganti baca huhuhu antri banget,negative
update lot,neutral
capek banget versi baru niat baca buku lelah loading tampil beranda nyaman tampil tampil baru buang saking ribet nampilin mending banyak buku stock bingung asih tampil berita artikel hadeh,negative
update versi baru alam buruk,negative
enggak log kocak kirim data sila coba mulu koneksi kencang,negative
aplikasi bagus tidak versi baru buku tidak unduh pinjam semenjak baru aplikasi versi baru harap bug selesai baca sudahsudah,negative
banget error terang copy eh pas dipinjem enggak gapapa pakai app gratis,negative
buku tidak unduh tidak cari buku nama tulis judul susah tidak hafal judul buku,negative
minggu tidak unduh buku alas copy tidak sedia copy tera ratus,negative
tidak baca buku javascript error unduh,negative
kllo diseriusin nih aplikasi bantu banget cuman enggak political ngerjainnya,negative
lot bug fitur notif enggak fungsi tolong betul,negative
please back old version logout sedia copy buku pinjam klik pinjam error muncul tulis copy tidak sedia cari dasar nama author judul buku guna karya author tolong masalah aplikasi aplikasi versi terima kasih,neutral
orang indonesia maju kalo aplikasi baca kagak sistem kalo maksimal aplikasi guna plis deh adminnya baca ulas,negative
trouble mulu,negative
error update,negative
lumayan tidak buka ipusnas pas buka coba pinjam buku lihat salin enggak galat buku galat isi apk ipusnas tolong masalah ya developer eman banget tampil tarik fungsi enggak jalan,negative
jelek,negative
kerja aplikasi jelek banget loadingnya koneksi internet bagusbagus log log search bar pakai cari buku arang tinggal pasuk nama arang enggak pakai cari judul buku histori antri pinjam update aplikasi enggak simpan minjam buku copy nya enggak copy tidak sedia baik,negative
baru tidak dakses laku pc sebal,negative
baharu kacau tidak log tibatiba log rak buku riwayat tidak parah buku sedia tidak pinjam,negative
please fix bugs,negative
mohon sistem baik tolong,neutral
versi cari keywordnya susah enggak cari nama tulis banyak buku fiksi nyarinya nama tulis enggak hafal juduljudul buku pinjam terang salin tidak sedia situ tera salin baca tidak antri terang update sulit guna moga benah ya,negative
kalo antri buku enggak notif nya pas buku nya ready overall bagus,positive
bosok banget ya allah baca gratis,positive
pinjem copy tidak sedia copy,negative
app jelek error enggak buka,negative
coba pakai akun enggak log tolong masalah sistem aplikasi biar mudah akses complain enggak log sistem bulan error bangun literasi masyarakat kalo akses susah orang enggak pus,negative
tolong baik segalagalanya tidak komentar,negative
kecewa ipusnas semenjak ganti develop tuh jelek ipusnasnya akses pinjam buku pinjam buku login susah gilir login tipu stok apk copy sekiansekian gilir pinjam stok tidak like benar ampas nih apk,negative
aplikasi ipusnas problem ya baru versi tidak pinjam buku buku sedia copy pinjam muncul tulis copy tidak sedia coba kemarin tidak tidak baru mohon informasi terima kasih,neutral
jelek error,negative
lot bugs errors unnecessary updates dikeluhin guna update perihal buku antri biar masuk notifikasi bar bugs sisa ok rombak besarbesaran idk cant bear using anymore makenya repot berat,negative
kerjasama overdrive integrasi libby pakbu aplikasi banget servernya,positive
like aplication always error annoying,negative
sumpa deh aplikasi perintah nih enggak diharepin ya diupdate enggak orang enggak malas baca deh kelas apk ipusnas akses susah akses login buku sedia copy pliss tell whyyyyy gua capeeeeeekkk capeeekkk betull deh wni capeeeeeeeekkk please ipusnas kind beg,negative
diupgrade susah buka kayak enggak sinyal bagus,negative
habis update jelek banget enggak pinjem buku,negative
error please baik bug nya,negative
lot eror enggak buka stok enggak pinjam pinjam enggak buka tolong sistem masalah,negative
apknya jelekkk enggak download buku,negative
serius aplikasi milik perintah maaf ipusnas versi update buruk aplikasi log error riwayat pinjam hilang jejak tiga sayang koleksi buku enggak lengkap kuantitas enggak mumpuni sedih banget masyarakat melek literasi support perintah kualitas kayak mohon masalah terima kasih,negative
tolong masalah sayang banget koleksi buku bagus enggak dibacadiunduh versi tebaru enggak,negative
masalah akun tibatiba logout buku musti download ulang kali loading home sinyal stabil memory tibatiba buku enggak download buku pinjam pas download gagal coba buku hasil clear chace uninstall enggak ubah copy sedia sekian pas klik pinjam muncul tulis copy tidak sedia,negative
malas banget enggak download buku login banget enggak,negative
error loadingnya banget,negative
nih aplikasi error mulu deh heran,negative
cant download book,negative
suka update loading akses buku terbtas,neutral
pakbu syukur aplikasi tolong masalah apk tbtb log pas masuk loadingnya begitu kah enggak biaya masalah apk orang indonesia mumpuni bidang kasih rating butuh apk lihat ratingnya jelek segera masalah pakbu ipusnas jembatan bukan generasi suka baca harap,negative
salah aplikasi favorit baca sayang trouble sulit login tidak sinkron aplikasi perangkat dapat buku tidak buka detail buku copy sedia tidak sesuai cover buku tidak ekstra jeli beda buku hendak menu cari tidak fungsi mohon masalah ya sayang,negative
masuk aplikasi lot banget cari buku loadingnya pinjam buku tolong perhati eror tidak baca,negative
diupdate buruk unduh gagal,negative
bug,neutral
uiux bad cant borrow book,negative
tibatiba log login eror aplikasi lot loading cari buku rekomendasi ribet tolong masalah tingkat kerja aplikasi biar guna minat baca tambah bukan kurang sebel aplikasi,negative
update ux nya buruk ux versi sayang ui nya bagus sayang tidak notifikasi update buku kembali susah cek update gemas banget ipusnas couldnt expect want read let read pakai acara copy tidak sedia tulis copy baca unduh ulang sih capek tau enggak,negative
halo admin apps alat ajar aplikasi eror enggak unduh file buku enggak baca buku tekan tombol pinjam timbul tulis download gagal file found exception enggak tau kendala mana pinjam akun teman coba enggak ya min aplikasi lot tolong saran solusi terimakasih,neutral
aplikasi gagal jalan tugas tidak mendownload pinjam buku gimmick payah,negative
update jelekk najisss tau pengin rubah server lot susah baca bacaa,negative
benarbenar jelek aplikasi loading enggak buka,negative
update bikin lot parah banget eror buka rak pinjam enggak coba cari buku pinjam klik baca tampil masalah sistem operasi nya lot,negative
ipurnas bagus old version nya ganti new version logout tambah aplikasi lagging mohon masalah potensi aplikasi tingkat literarsi masyarakat,neutral
allah lot banget aplikasi baik kayak bikin emosi,positive
lambat loadingnya kadang log eror jaring bagus,negative
error,negative
tidak akses yerlogout login enggak tidak koneksi coba pakai paket data wifi enggak sedih deh buku rak hilang pinjam coba pinjam tombol unduh enggak hiks hiks,neutral
aplikasi bosok eror tross,negative
profile blank lot banget,negative
jelek banget update versi bukan bagus lot lot lot banget belum tidak bantu baca malas baca,negative
ipusnas mode lelet ampun enggak app nya ringan oke berat tolong cepat sayang banget koleksi buku bagus pleaselah app ipusnas akses orang daerah jaring internet batas jenis ponsel mending mode deh lancar model enggak doang fresh,positive
baru jelek lot log susah banget log bad,negative
loading,negative
aplikasi versi android berat loadingnya data nya update data hilang wishlistnya antri menu aplikasi versi desktop enggak login muat close app,negative
suka app nya bantu banget enggak pinjem buku fisik sayang loadingnya banget beranda seringkali baca unduh,positive
pinjam buku loadingnya tolong masalah ya versi klik halaman langsung pindah,neutral
interfacenya kembang enggak kes jadul versi loadingnya banget buka rak pinjam tunggu menit maksimal biar loadingnya cepat cepat interface baharu tampil bagus lot ampun,positive
tolong ya perintah tolong banget server big data apa awam enggak masalah banget enggak login error loadingnya ningkatin tingkat literasi anak bangsa platform milik negara kayak buku tuh harga mahal yhaa jujur enggak murah kantong platform baca murah mudah sulit kayak kembang,negative
loadingnya parah sih banget jaring stabil,negative
update buku enggak load cari judul enggak pinjam update enggak login sih,neutral
tolong pajak baik aplikasi,neutral
tampil bagus performa hancur masuk akun lambat loading homepage parah lambat loading homepage buku loading kacau aplikasi,negative
app crashes whenever try open,negative
never good experience always kicked account said token revoked neverending buffering best app want sih neverending buffering,positive
best,positive
lot,neutral
leley kali buka aplikasi buku buku bagus,neutral
lot banget siihhhh,negative
halo ipunas senang ui ipusnas fresh kurang aplikasi tidak sedia huawei moga update perangkat huawei akses,neutral
error,negative
tolong tidak akses aplikasi blank profil blank ya bukan guna keluh sedihhhh baca buku,negative
kocagggg idah update lagbug dahal internet lancarrr nih orang orang malas ber literasi kocagg banget bulan update kagak baca buku nih minimal kalo majuin sdm tolong dah ya fasilitas mendukug pada kocaggg menit muter muter enggak karuan woilah tolong ya bug lag parah dahal internet nya lancarr,negative
loadingnya,negative
buka muncul blank space log ulang tolong masalah,neutral
loading internet bagus aplikasi loading,positive
bugs errors crazy please fix asap,negative
,negative
loading take ages,negative
please aplikasi masalah banget erorrr bikin mood baca hilang kalo nyaman pakai ganti rating,negative
update tampil ubah jelek uxnya aplikasi history pinjam tidak data tidak akses aplikasi kecewa aplikasi force stop malam terang connection dls found wifi lancar,negative
parah loading banget internet lancar history buku pinjam enggak dll enggak nyaman banget,negative
loading cari lamaa sinyal bagus,negative
apk versi baru jelek masuk apk log login loading blank space keburu cspe tunggu nya blank space nya tolong masalah,negative
update bagus banget loadingnya enggak unduh buku unduh buku,positive
enggak buka kali reinstall butuh banget buku buka website ipusnas pc,negative
ayo aplikasi berat simple,negative
jelek,negative
sir pls whats going update tried reading borrowed book nothing like page buffering well tried waiting end book doesnt pop ui design looks lit tho,positive
suka tampil lot ya,neutral
firstid like sayang thank providing us sok many good books free pinjam minggu tuh budek banget ya suruh benerin appnya error mulu minggu loading buka pc mulu sih fix app nyiptain app pakai pajak bayar dengar user,negative
tolong aplikasi masalah install login loading,neutral
cant access app worst version ever,negative
aduh lot ya buka aplikasi bug nya berat mohon optimal ya,negative
habis update jelek enggak kapai loading doang kiamat,negative
jelek banget appnya buka hadap loading henti appnya muat laman utama tolong lengkap buku,negative
loading mulu baca buku,negative
jelek banget sih cari buku cari enggak habis download suruh unduh hilang nya antri stok enggak semenjak baharu deh,negative
parah parah,negative
kinda frustrating sih app keep logging,negative
cant open,negative
loading banget history buku hilang tolong baik,negative
aplikasi upgrade jelek akun suka tibatiba logout loading mulu aplikasi cari buku enggak tolong masalah aplikasi baca bagus sayang error mulu,negative
beranda loading mulu,negative
jelek banget lot,negative
update buruk mending balikin versi deh enggak butuh tampil kini pakai baca enggak lelet,negative
halo knapa lot ya baik banget nyusun skripsi huhu,positive
jelek loading log mulu,negative
enggak login heran cerdas anak bangsa bangsa baca susah banget aplikasi rusak,negative
lot banget,negative
app unusable due long load unstable barely use old version sok much better tahan,negative
loading nya banget,negative
lola banget buka sih,negative
tampil buruk enggak buka minat baca pengin ipusnas fungsi mesti,negative
baca ipusnas asli sabar banget jujur sabar,positive
slow turtle faster tahan app,positive
terang baca fitur tema gelap baca mata tidak perih,neutral
muas cuman cari cari novel scorch trials enggak nemu nemu kasih saran kasih preview halaman buku biar seengganya tau pinjem bintang deh layan customer service nya review notabene appnya jelek upgrade downgrade gakaruan jelek banget minimal pakai dikit search buku enggak aneh,negative
min tolong masalah aplikasi updated version aco loading enggak selesaiselesai rekomendasi buku enggak fungsi fitur pencarin nampilin buku banget,negative
bagus pakai pinjam buku digital baca nyaman update loading coba uninstall install ulang loading halaman mohon masalah,neutral
nganu alias bugsss,negative
tidak masuk,negative
parah habis diupdate buffering ui nya jelek ribet tolong masalah kembali versi versi bapuk,negative
aplikasi nya enggak akses loading,negative
tolong banget benerin sistem minimal kalo tampil update sistem update kak,neutral
app unopenable,negative
semenjak update aplikasi jelek banget log notif antri buku enggak bunyi tolong masalah copy buku banyak jarang bagi buku sedia ratarata antri,negative
error mulu baca logout login buka aplikasi,negative
aplikasi lot banget buka koleksi pinjam buku hilang teman ikut hilang kembali versi jelek banget versi baru,negative
worse uinya enggak warga indonesia benerbener gemar baca,negative
isnt working,negative
tidak kompatibeldengan onxy boox,negative
aplikasi otomatis log simpan hp baikbaik jaring tidak kesal kali baca buku log ulang ya ampun buku tidak download,negative
servernya tolong diperbaikin terimakasih,neutral
loadingnya banget,negative
indonesia tingkat literasinya rendah tambah ipusnas errornya dianggurin desember akses ipusnas oke akses baca abai negara enggak niat provide fasilitas,negative
app jelek error,negative
habis update jelekkkkkkkkk banget buku unduh,negative
aplikasi nya enggak buka loading homenya,negative
pustaka nasional kualitas buruk dunia tingkatin aplikasi,negative
terima kasih harap akses ilmu sumber baca keren sih terima kasih menteri,positive
eh jelek banget anjir habis update history nya hilang queues hilang cok alah cari pasuk ulang queue,negative
app getting worse reading history lost followers followings lost profile back basic app also slower badly,negative
f buka aplikasi beranda loading lamaaa banget oh god ive never seem worse app tahan,negative
tolong baik tidak buka download baca enggak,negative
enggak akses layar blank enggak cari buku nunjukkin unknown error,negative
lag banget tidak login apk,negative
baharu tidak bjsa,negative
aplikasi kg jelass,negative
baik bugg,negative
ya error loading menu enggak muncul antri selesai enggak muncul notif tinggal buku baca please diupgrade,negative
update aplikasi tidak jalan tidak tampil beranda notifikasi tidak muncul log,neutral
diupdatee lot banget buka beranda muter,negative
cant open apps,negative
bagus versi bagus enggak web pakai web lot enggak pencet samsek baca badmood duluan kocak,negative
baharu aplikasi tidak tarik pilih buku variatif terbit buku muncul ulang beberapa terbit bagus versi,neutral
lot banget sumpah malas buka ipusnas,negative
susahh buka onyx boox poke,negative
aplikasi bagus kelola pinjam baca buku online kendala masuk aplikasi loading logout sayang,positive
aplikasi buruk,negative
suka app versi update ya ampun jelek login susah loading super enggak buka kecewa,negative
sok much bug cant log app,negative
lot banget buffering buka aplikasi,negative
suka banget buku diomongin sosmed laut cerita masuk ipusnas akses mudah perata literasi masyarakat indonesia moga ipusnas depan suguh buku nasional internasional viral daya baca anak muda indonesia tingkat rata pelosok,positive
update versi ialng ulas list following appnya lambat enggak minjam buku please fix cerita pus negara pakai uang pajak rakyat model kayak,neutral
loadingnya enggak notif sedia buku maauk antre,negative
idk developer didnt anything response rating section eventho app take long time load hope upgrade best version bcs need pakai reading habit sok please fix problems,neutral
diupdate enggak buka kocak,neutral
kocak menu rak pinjam hilang baca buku,negative
kali error nya koneksi enggak kali loading enggak tekan apaapa buku pinjam,negative
ipusnas update aplikasi beranta history pinjam enggak buku pinjam hilang enggak balikin buku aplikasi lot developer lulus sih bikin app enggak bayar murah nih,neutral
semenjak update versi baru jelek logout kadang masuk input search bar enggak sih,negative
apps still blank page,neutral
belum lot banget,negative
enggak buka samsekkk ganti jaring hasil niii,negative
automatic logout blank space log,neutral
app helps reading activities app updated gets downgraded,neutral
loading beranda min tolong masalah aplikasi versi cepat,neutral
aplikasi bagus,positive
error mulu sih developer niat enggak sih,negative
aplikasi kammpret susah,negative
payah banget aplikasi baca buku unduh bingung ipusnas ya tidak benah kalo enggak logout tibatiba enggak akses sangaaaaaaat lambattt banyak rating jelek evaluasi,negative
aplikasi baca ayo biar bugging error masyarakat tidak malas baca buku legal,neutral
aplikasi ipusnas jalan kali kendala proses login pinjam buku izin kasih saran min ipusnas kembang fitur chat aplikasi alternatif tingkat kuantitas literasi komunitas cinta buku wadah komunikasi bagi intens terima kasih mohon timbang min,neutral
uiux update good server sok bad event better tahan update january want give app zero star,neutral
zolim banget perintah rakyat indonesia minat baca gembel perintah indonesia,negative
lot parah,negative
pakai simple easy use,positive
aplikasi lot sukabanget pinjam buku gratis tolong petbaiki,neutral
jelekkk banget ngelag parah buka loadingnya lambat koneksi bagus kencang pilih laman utama suka ilangan,negative
semenjak diupdate bug nya logout baca buku unduh pas unduh gagal baca online enggak baca coba online enggak offline enggak,negative
deh enggak,negative
jelek banget aplikasi suka logout buku enggak kembali selesai baca klik opsi kembali suka tibatiba loading scroll antri mentok koleksi buku pas pencet buku b,negative
seballll,negative
constant automatic logout weird app bank app categorization unhelpful especially childrens books throw kinds books one umbrella instead creating subcategories eg fiction religion category seems dominate nonfiction picturebooks clear distinction middle grade novels falls children teen fiction labels queue system chronological priority notification bad full bugs,negative
sih error buku dalam oke login susah,negative
updated version work tablet onyx boox,neutral
buku bagusbagus awalawal update error alhamdulillah deh oke,positive
enggak diinstal onyx boox poke versi bisasetelah diupdate enggak,negative
okay mending,negative
loading mulu,negative
buruk baru akun baca tidak masuk akun telah kesini buruk ya baca tibatiba sistem eror sayang enggak asih bintang minus,negative
update aplikasi enggak pakai ereader meebook kesal,negative
baik filenya min update error format filenya,negative
kecewa diupgrade appsnya jelek mutual hilang list antri hilang history hilang fitur enggak muncul kayak quotes berita bla bla bla mending benerin tambah anehaneh appsnya lot banget lot versi,negative
ya buku pinjam update tau hilang riwayat pinjam kurang tau kali keluar aplikasi token ipusnas habis maksud coba tolong deh bikin aplikasi orang ken baca susah tau riwayat baca que update november hilang enggak tau pliss kembali data akun,negative
diupdate lot susah akses ya buku fitur video dll tidak orang butuh baca buku ipusnas aplikasi lot mohon baik ya,neutral
tidak pasang onyx boox go capek baca ponsel,negative
aplikasi tidak buka search bar tidak klik queue hilang ya edit dec terima kasih ipusnas,neutral
update versi bikin buku hilang bagus,neutral
mulu,negative
bug error,negative
buku tidak unduh,neutral
kesini bobrok bjir buku enggak didownload stok sedia bekum rekomendasi buku enggak relevan enggak notif buku antre sedia kayak versi bikin susah tracking buku inceran belum buku buku antreanhistory hilang updated uang anggar gaji developer korupsi mulu,negative
stop soksokan update,neutral
enggak login akun pakai berkalikali coba enggak login coba lapor twitter enggak direspon des aplikasi enggak baca data gamuat profil buku rak hilang enggak baca habis update jelek banget aneh,negative
kembali ipusnas min tolong buka login ulang please,neutral
koleksi buku cocok usia alam baca nyaman tidak playbook ganti halaman geser kanan kiri aplikasi baca buku pdf enggak enak baca novel tidak kompatibel ereader meebook jenis ereader standar e reader gb ram aplikasi gb tolong instal ereader,negative
terima kasih aplikasi buka ipusnas minggu tidak guna loadingnya tampil utamaberanda tidak kunjung muncul tampil loading tombol cari tidak tekan mohon bantu baik terima kasih,neutral
eror,negative
buku error mohon tambah fitur favorite save categories orang tags biar gampang manage baca kalo antre,negative
fitur sedia aplikasi manfaat cari dasar buku tulis bagi buku baca platform media sosial sayang stabil performa aplikasi seringkali akun taut moga depan masalah,neutral
update enggak compitable e reader onyx book huuuuuuu,negative
enggak download ya didownload baca offline tidak download ulang,negative
tampil halaman buku tampil buku digital kembali tampil buku fisik sok uncomfortable,neutral
diinstalndi galaxy tab tidak diinstal meebook p android tolong developer paham bahyak ebook reader android versi jadul masuk pinjam panjang minggu tidak tidak bolak pinjam ulang,neutral
enggak login,negative
already account logged accidentally couldnt log back kept saying invalid token,negative
enggak log tampil doang update sistem lot banget banding versi amit invalid token mulu,negative
app frequently encounters errors often logs unexpectedly means log every time open additionally please allow screenshot access id like save important sections gallery unfortunately theres option screenshots also need original books english mohon masalah ya terima kasih pls masalah eror tbtb token invalid,negative
enggak login,negative
lancar,positive
enggak pinjam bukuuu buku sedia sih ipusnas,neutral
jelek,negative
suka apk nya apk login ulang mohon cerah bagus banget asli tuh apk cuman ya apk log log asli kesal banget fitur tanda halaman buku masuk tanda hilang kalo fitur astagfirullah buku enggak pinjam hadeh copy nya sedia sih update jelek,negative
diupdate lemoooot,neutral
baca salah buku sirah nabawi buku sedia pinjam tidak mohon masalah cepat direspon cepat hapus rating kasih bintang,negative
kembang responsif keluh guna aplikasi stabil terima kasih pantau arang ya,neutral
app versi baru banget error baca download ulang error download baca offline susah overall suka versi segi lancar mudah,positive
jelek banget diupdate bagus bapuk baca doang,negative
update error zzz edit lancar moga aplikasi baik orang akses buku legal gratis mudah,neutral
enggak erti banget aplikasi enggak bugnya progamernya sih kerja enggak sih enggak masuk akal aplikasi enggak pernaaahh enggak kembang signifikan programernya enggak becus anggar mepet,negative
halo sayang update versi baru loading buruk,negative
versi updatenya jelek banget login susah loading history pinjam antri buku hilang bagus tampil fungsi bobrok tolong baik,negative
mutermuter loading doang enggak buka apaapa,negative
update jaring susah lelet loading fiturnya kuranguntuk huruf tolong warna background tolong tambah warna krem sedia copy pas pinjam copy tidak sedia suka log,neutral
install ipusnas device great tidak masuk aplikasi kendala kirim data sayang koleksi ebooks ipusnas wish list sedia tolong masalah layan,neutral
recently buy onyx boox poke sok use app ereader last moments updated device isnt compatible app plsss fix rerate app use government funds anyway,positive
susah banget sih download buku ya,negative
aplikasi lemottttt banget suka tolong sistem benerin,negative
astaga ipusnas pakai aplikasi jaman diluncurin ubah presiden data aplikasi ubah enggak buka aplikasi tau update ganti tampil sering antri loadingnya enggak deh asa yasudahlah kecewa kasih bintang ipusnas hapus data lama history pinjem buku data buku belum baca,negative
pakai ipusnas enggak asih rate asih bintang apresiasi ipusnas versi ubah uiux nya,neutral
jelek banget app nya suka lot suka enggak unduh suka enggak riwayat pinjam hadeh banget sih masalah baca tunda cover buku enggak klik buku rekomendasi rekomendasi buku covernya hilang,negative
sok bad real masuk pakai akun perangkat belum daftar email jelasjelas akun perangkat coba ganti sandi eror enggak sih update aplikasi bagus jelek damai data akun versi tuh hilang sayang banget bikin updatean aplikasi tuh timbang perhati,negative
lot log antri buku hilang,neutral
ereader meebook enggak compatible ya versi androidnya tolong bantu ya min,negative
update bagus enggak buka,negative
need quality book improvement,negative
login aplikasi jalan turut ui ramai bikin enggak fokus baca masalah halaman tampil buku baca pinjam search buku bagus etik tidak fungsi tolong masalah sortir buku genre opsi kali pinjam baca tau buku mati,negative
riwayat ulas baca antre daftar akun ikut ikut hilang stres lihat susah payah antre hilang data design aplikasi ribet malas,negative
update logout akun logout unduh buku rak,neutral
download apk ipusnas tau baca ebook antri baca digital ya bukan fisik,neutral
infobuku atomos quark tidak downloadjavaio found toling tambah kategori buku populer bacabagian info admin enggak tau,neutral
aplikasi bantu sedia buku server aplikasi tidak buka versi baru buruk susah login login data riwayat buku pinjam dll hilang guna harap perhati kembang aplikasi reinstall pinjam buku,neutral
kecewa suka ipusnas simple pakai offline mendonwload buku tidak antri buku hilang komen review hilang bukubuku baca apaapaan deh kecewa banget jujur list buku pinjam hilang tak sisa ning setel kalo mah versi tidak helpful bikin kecewa book lover,negative
versi update nya jelek banget mesti login kali masuk aplikasi susah cari buku pasuk nama tulis rekomendasi buku doang versi agam rekomendasi buku,negative
suka versi baru ipusnas enggak diinstall perangkat ereader onyx boox ya amanaman,neutral
diupdate tampil ubah beda jujur suka followers ku hilang riwayat pinjam hilang komentar reviewreview buku pinjam hilang ipusnas baru pinjam versi versi minggu,neutral
aplikasi jelek,negative
revisi review ku update pinjam lihat koleksi buku langsung epustaka nya popular idonasi terima kasih tim ipusnas,neutral
hadir pustaka online gratis mana isi buku baca laris bagus ide sayang aplikasi tidak mumpuni mana bug loading klik antri daftar antri tidak muncul tidak notif buku antri sedia mohon masalah guna nyaman terima kasih,negative
versi upgrade nya jelek bangeeetttttttt butut banget malas enggak lihat antri enggak ngembaliin buku enggak cari buku tulis judulpenulis lengkap buku judul enggak sesuai loadingggg sinyal wifi lancar aman masuk apk login mending enggak upgrade kalo ujung downgrade bikin semangat baca hilang indonesia enggak minim literasi kalo apk tri enggak,negative
buku tidak unduh pinjam buku bukubukunya benar enggak baca,negative
buku tidak baca unduh,negative
edit versi baru buruk versi buku pinjam antri riwayat pinjam hilang ikut ikut restart versi loadingnya,negative
stok buku dapatin buku enggak unduh riwayat baca buku baca followers following hilang bagus tampil ipusnas,negative
ipusnas masalah keluh search penulisjudul buku langsung auto bookmark buka langsung muncul halaman baca bantu banget buat terima kasih developer tolong buku pinjam banyak copynya,neutral
aneh banget enggak pinjem copynya,negative
enggak login salah password reset password salah pas login enggak,neutral
fitur lengkap kendala aplikasi tidak fitur simpan buku baca wishlist bookmark buku tidak simpan batas akses ebook tidak search fitur filter buku data arang loading scroll akun tibatiba,negative
updating apps account always lost orang history get lost annoying geez guys updating main server,neutral
kecewa banget updatenya senang uiux better data hilang following hilang dm hilang history buku hilang loading banget dar update doang mending enggak versi lumayan member ipusnas mentingin buku bukan dar tampil baik buku copy enggak antri durasi pinjam,negative
apk bagus tunjang masyarakat akses baca mudah tolong sistem masalah akun tidak login pakai akun tidak harap masalah terima kasih,positive
bagus lengkap bukubukunya pinjam terimakasihh luv,positive
tidak antri buku,neutral
versi update bagus tampil modern sayang file buku tidak buka offline unduh unduh file buku muncul jaring internet jaring internet baikbaik tolong masalah depan baca ebook offline mudah unduh buku,positive
copy sedia tidak pinjam bukan masuk antri copy tidak sedia tulis sedia ratus copy,neutral
halo ipusnas kembali teman ipusnas mudah bahan baca genre teman mohon kembali history buku baca tks,neutral
habis baru eror,negative
enggak download ya buku,neutral
enggak diinstal e reader payah,negative
buka cakrawala literasi digital masyarakat luas era globalisasi haus baca,neutral
yeeythe application gradually returning normal thank comfortable use,negative
hai ipusnas mohon cek antri buku sedia notifikasi tidak terima notifikasi ponsel buku antri sedia tolong cek mohon baik terimakasih,neutral
cant log,negative
cant use application phone tecno spark dont know,negative
aplikasi suka eror bufferingnya suka logout tolong masalah,negative
copy linimasa enggak jalan riwayat antri baca hilang terbit klik menambilkan daftar buku cari dasar tulis tidak muncul aplikasi login tidak kembali buku notifikasi badge tidak hilang,neutral
halaman beranda tidak buka muter tolong masalah bug nya,negative
updated version doesnt work cant login keep saying wrong data time,neutral
balikin cari buku pakai nama tulis nice maaf belum kasih,neutral
diupdate buku enggak buka unduh salah sistem internal open failed invalid password fitur baca teks highlight praktis gera kursor enggak sesuai,neutral
update kali riwayat sesi login lancar thanks,neutral
buka login ulang tolong baik,neutral
aplikasi suruh log error enggak riwayat pinjam antri hilang,neutral
log mulu,negative
akhirnyaaa bagus app moga tahan kualitas harap lebib depan,positive
diupdate bagus jelek buka masuk kau bukan mbanking nagapin login belum tidak notifikasi buku antri masuk pakai akun kereset enggak historynya buku tidak didownload eror jaring bagus tolong kembang masalah aplikasi bagus versi,negative
update baru benarbenar buruk aplikasi terlogout otomatis tutup mutualfollower hilang list antri buku hilang update buku simpan antri tidak buku tidak search suka banget app tolong masalah sistem terima kasih,negative
banget update fitur riwayat tidak,neutral
buku tidak unduh baca tidak kembali tidak kirim lapor via app android via web,neutral
worse tahan ever,negative
suka aplikasi mudah baca mana ponsel ipusnas bukan aplikasi baca favorit jengkel akun halaman blank loading wifi rumah kencang tidak masalah sungguh sayang baik terima kasih,positive
buka kelogout login ulang semenjak versi update capek banget semangat baca malas versi jelek enggak seribet bolakbalik login buka,negative
application good something wrong opening ebook automatically block article disturbs could scroll sok well close ebook first could read thank,negative
ipusnas please aplikasi ter update sulit baca nyaman buku nyatanyata milik kopi unduh sulit dibacaaaa riwayat ipusnas hilang update aplikasi sih ngeluh sayang banget aplikasi selamat kitakita baca buku miris sih excited,negative
enggak baca invalid password butuh skripsi hadeeh,negative
baru apk login ulang,neutral
download pakai ereader update aplikasi susah pakai uninstall enggak diinstall ereader program masalah,negative
buka aplikasi login ulang capek,neutral
buku enggak unduh unduh lamaaaaaaa banget buka tolong baik,negative
aplikasi update pagi login malam mesti login kayak hp masalah aplikasi error sih,negative
update jelek banget kualitas buka aplikasi log ganggu baca antri buku pinjam hilang sedih banget banget buku wishlist ulas buku hilang bantu lo baca referensi pinjam serah update tambah video artikel tau diprioritasin,negative
working,neutral
yaampun kecewa banget enggak buka ipusnas pas buka suruh login ulang pas hasil masuk foto follower following history pinjam buku hilang kayak ulang,negative
enggak login server error hari,negative
buku unduh tidak baca offline tidak guna unduh log,neutral
serius sih update login ulang habis diupdate buruk minggu kemarin login enggak coba ganti sandi akun pakai install berkalikali enggak guna tolong banget masalah sayang banget aplikasi baca gratis jelek kayak,negative
paksa update versi buruk masuk koneksi enggak enggak notifikasi bjsa minjam buku hadeeh,negative
diupdate login buka aplikasi muncul popup token revoked buka apps enggak pinjam buku sedia eks guna enggak baca alas diupdate buku pinjam tidak baca,neutral
mohon maaf banget ya bugnya pusing,negative
previous version bad revamp version worst log every time open app books borrowed cant downloaded error message file found,negative
ebook tidak buka meminja pinjam buku tidak loading wifi normal komaptible fire kindle tablet tidak akses,neutral
update jelek banget,negative
aneh buku unduh kalo baca unduh,negative
kak tolong bantu minjem buku baca buku loading mulu alhasil halaman buku pinjem lancarlancar buku ku pinjem enggak buka judul friend zone jakarta karya vanesa marcella tolong bantu ya kak,negative
pakai ipusnas tahun enggak notif antri buku coba buka aplikasi sekian eh enggak pakai yaudah update pas diupdate lupa akun log pakai akun pas coba pakai akun log log hadeh capek deh plus sih antri buku notifnya moga masalah deh depan,negative
update masuk app nya pasuk email baca buku sedia tidak unduh,neutral
diupdate ngebug ya buka apk suruh login enggak login pakai akun tolong masalah ya,neutral
tampil aneh update,negative
ngebig enggak oernah masalah,negative
masuk login even tho maj minjem buku download tidak efisien,negative
fine app updated new version problems keep getting kicked app reason sign back super slow try change profile return books stuff conclusion really hope ipusnas gets better soon sok everyone enjoy reading,negative
versi baru kacau,negative
update aplikasi data buku pinjam hilang followers following hilang ui bagus buku pinjam didownload tidak baca loading benah sistem app ipusnas versi moga mudah ya app ipusnas bantu jaga habit baca buku fitur sistem dukung ya,positive
update latest enggak login muter loading doang coba,neutral
buku pinjam unduh buka baca solusi,neutral
jelek aplikasi lot banget datadata riwayat pinjam bukubuku pinjam akun hilang baru,negative
diupdate jelek nih apps sih mutu turun banding versi lho enggak update versi old buku enggak direturn enggak minjemterpaksa ku update kagetnyasetahun anggota ipusnas buku history tlah baca hilang teman kufollow ubah followerwishlist min kalo apps diupdatedata enggak hilangga hilang tdny pinjam buku hilangantri lagibalikin old versi,negative
guna setia pusnas versi update baru data hilang data ikut ikut followers following hilang data riwayat pinjam hilang bug susah log tolong baik bugnya ya fungsi fungsional versi versi baru kesan penting visual tampil mohon masalah ya,neutral
data hilang update versi hahahaha,neutral
worst reading app ever enggak normal banget app kirim email komplain kualitas parah sih,negative
ereader ram gb tidak update minimal ram gb,negative
halo kak apresiasi update ipusnas sayang device onyx boox versi updatenya tidak kompatibel mohon masalah terima kasih,neutral
masuk aplikasi login masuk email password buka aplikasi aplikasi sebentar login,neutral
aplikasi jelek bagus buku lumayan lengkap lebih tolong masalah,negative
update tidak jalan cepat versi suka versi cepat tidak loading lelet versi gemas,positive
fitur belum log kali buka app log moga cepat masalah,negative
payah buka aplikasi masukim email password enggak lihat buku antri loading tolong masalah,neutral
aplikasi stressss parah update lag,negative
enggak rusak dirusakin hadehh,negative
diupdate buku pinjam tidak buka,neutral
buku tidak didownload,negative
berat banget aplikasi download versi windows enggak buka samsek versi baru update lot kacau banget,negative
ui baru jelek rak antri enggak loading antri buku enggak muncul antri,negative
aplikasi logout lot,neutral
new version extremly bad,negative
bagus isi baru error log cepat deh masalah malas baca ipusnas kalo kasih rating,negative
know probably shouldnt judge much much jeleeeeek buka app login ulang enggak cari buku dasar nama tulis daftar antre loading riwayat buku pinjam enggak deh hancur tampil update bagus enggak unusable please know tons competent people making app worse,negative
love appl several updated appl getting worst please fix,neutral
pleaseee balikin versi versi baru ngehapus history pinjam enggak minjem buku,neutral
astaghfirullah update burik enggak login sekali login hilang buku pinjem ah elah,negative
ui ux nya beranta versi baru kembaliin versi,neutral
idk cant open account since last month without info app account logs please fix,neutral
enggak deh login ulang mulu buka kocak,negative
guna susah login akun tibatiba aplikasi guna daftar akun gagal ya masuk data sesuai tolong perhati sih kelola aplikasi nyaman orang pinjam buku legal ipusnas cari baja internet,neutral
jelek tutup apk suruh login buku antri hilang dibatasin enggak langsung search buku langsung nama arang buku download enggak buka sesal banget update mending balikin tampil sederhana kayak bug hadeuhhhh update tuh glow mah glow,negative
tidak login id daftar zaman jepang belum darat password bilang salah pasuk email reset password email enggak sampaisampai gembus cula nian,neutral
jelek kecewa aplikasi nya ubah heran tidak isi jelek jelek jelek,negative
ipusnas jelek banget update app nya login baca riwayat buku pinjam hapus parah sih parah updatenya bukan ,negative
update versi baru kayak ibi library pakai benarbenar bingung tolong versi baik buku cari enggak,negative
terlogout semenjak maintenance buku susah akses cari,negative
cant log new version,negative
update versi enggak pinjam buku eror,neutral
account automatically logged trying enter application hell,negative
buka aplikasi login ulang tolong masalah login,neutral
tampil ringkas jam buku enggak unduh otomatis proses unduh halaman penuh ganggu nyaman guna guna cepat internet rendah  akun hapus kesel banget riwayat buku pinjam hilang bintang,negative
buka app ipusnas login login riwayat buku baca tidak,neutral
log log riwayat pinjam buku tidak hilang tolong evaluasi terima kasih,neutral
aduh jelek banget updatean baru history pinjam hilang,negative
bagus diupdate buruk buka login koleksi tidak lengkap versi,negative
nge bug baca buku didownload loading banget habis halaman buku hadeh kocak,negative
update besar bagus jelek jam akun enggak cari buku nama tulis riwayat pinjam buku hilang antri hilang deh,negative
diupdate akun logout versi jelek versi jelek tolong tinjau ulang enggak fitur tambah lancar aplikasi nyaman pakai,negative
tolong ipusnas masalah update logout ya pinjam buku unduh berkalikali baca,neutral
tolong ipusnas susah banget akses log masuk aplikasi buku pas dipinjem loading banget ujung enggak buka segi tampil aplikasi perfomancenya jelek versi sebelumnyaa,negative
terlogout otomatis buku pinjam tidak unduh tidak cari buku dasar tulis riwayat pinjam antri hilang aplikasi gimmick fungsi utama baca tidak beres update hancur,negative
aplikasi tidak bagus kena update tolong masalah terima kasih,negative
update baru tidak login ribet banget tolong pinjam cepat,neutral
tidak login,neutral
serius maintenance,neutral
aplikasi jelek kasih tambah fitur jelek jelek cari buku enggak sosoan asih video,negative
versi update buruk versi suka versi simpel versi baru sulit pinjam buku loading klik menu baca tampil buku pinjam tak kunjung tampil,negative
apasih jelek banget,negative
versi baru tidak cari dasar nama tulis epustaka tidak fitur search filter dasar nama arang tidak fitur search ui tidak tarik bagus performa versi antri hilang versi baru rujuk db password harap versi masalah,negative
kecewa ah ipusnas versi baru versi lawas enggak,negative
aplikasi sih jelek jelek lot,negative
versi baru ui ux nya better banget bug nya riwayat buku hilang buka pp login ngulang,negative
kasih tau kalo aplikasi akses,neutral
bututtt jelekkk,negative
diupdate aneh logout mulu antre hilang susah cari buku epustaka populer enggak search,neutral
reinstall ipusnas versi baru riwayat pinjam hilang versi baru searching buku judul tidak nama tulis versi ketik nama tulis muncul buku karang tulis mohon terap versi,neutral
scroll cari genre nama arang versi baru buruk versi,negative
aplikasi logout capek huhu,negative
diupdate ruwet enggak login enggak search tulis hadeuhhh,negative
diupdate versi jelek versi versi log daftar riwayat cari komen baca hilang parah tidak search dasar arang tolong kembali versi kalo jelek,negative
tidak login akun tidak kembali buku pinjam riwayat buku hilang please versi versi upgrade belum downgrade,neutral
better update deh ku update bagus sih tampil guna nope kayak aplikasi kayak guna guna ipusnas antri riwayat kosong melompong antre buku tibatiba hilang,neutral
aplikasi lot jaring bagus tolong baik,positive
download searching buku senang baca eh enggak baca loading mulu awal coba baca loading awal minjem buku kalo enggak baca fitur download buku awal download buka loading lawak,negative
versi baru buruk histori pinjam hilang log daftar antri tidak buka buruk,negative
nih aplikasi usernya masalah downgrade,negative
tolong kembaliin versi sebelumya enak nyaman mata kurang versi baru mohon benah tidak cari buku author cari cari nama tulis langsung jejer buku sesuai enggak jejer buku dekat mah kunci enggak sesuai kosong enggak rekomendasi buku adasih search author enggak sumpah scroll lamaa eh pas nih buku kagak wkwkwk kocakk gacukupp pt,negative
update masalah login atas session login nya toke revoked alhasil masuk app masuk email password praktis,neutral
aplikasi baru fitur cari buku dasar arang tidak mundur,neutral
diupdate ampas loading lambat buku pinjam enggak buka buka aplikasi login repot,neutral
enggak login,negative
versi baru tidak efisien login buka aplikasi simpel bikin malas tolong jadi bahan timbang tidak buka bulan mending login tinggal jam login,negative
update kurang tidak track history pinjam laman antri butuh proses versi nikmat,neutral
updatean baru tidak muas tidak pilih kategori buku tidak sedia fitur catat pribadi tidak cari buku nama tulis buku sedia galat buka buka aplikasi login ulang,neutral
file buku tidak download ya,negative
auto logout history buku baca hilang sok sok update,neutral
tolong baik versi buku unduh unduh offline ulang baruuu tarik baca buku harap app alami kembang ya,neutral
kecewa banget update baru buku antri hilang,negative
jelek najis kgk login sial nih apk update bknnya bagus kgk login shibal shiball,negative
sumpah semenjak update downgrade banget ya lumayan banget suka ngelagbug parah pending bukan main login baca loadnya banget ngira hp eror kesel mohon masalah ya,negative
aplikasi bagus bangetcuma kadang error kalo enggak update terakhirpengalaman baca tersendatsendat buku baca dadak tampil cover buku alihalih halaman baca enggak buka sekalitapi suka aplikasi sabar ahmudahmudahan cepat lancar jaya,positive
diupdate error enggak masuk pakai akun kudu akun tampil ribet ngunduh buku lamaaa kembali ipusnas versi sebelumnyaaaaaaaaa,negative
tolong belum fiturnya langsung rilis susah banget masuk app login,negative
aplikasi hang buku susah buka error baca versi akses mudah,negative
jelek,negative
aplikasi tidak buka baharu,negative
terimakasih aplikasi sayang update tidak mentok halaman doang ui nya ramah ribet buka login ulang menu menu nya ngeleg enggak tau isi moga masalah,negative
kalo duit kelola server aplikasi tuh pakai anjing tilep dana ngembangin aplikasi,negative
ya pas update buku buku simpan hilang following followers nya hilang profile kosong simpan buku pas baca data data kosong update lot ganti foto profile banget muter,negative
unduh buku tidak baca henti halaman loading screen,negative
haloo enggak digunain ya aplikasi masuk hilang buku antri riwayat pinjam even mutualan followers hilang whyyy,negative
updated version sucks lost books,negative
setiapkali aplikasi akun log daftar ulang sok far aplikasi bagus bukubukunya lengkap terlogout sebal tolong masalah ya suka aplikasi sayang,positive
error cari buku tugas,negative
lanjut baca ipusnas tibatiba suruh update aplikasi enggak login alas login bilang salah password autofill hp paksa pakai forgot password bolakbalik cek email ganti password login koleksi buku pinjam wishlist history hilang coba pinjem buku buku enggak buka muncul ingat salah sistem internal,neutral
update enggak access enggak login,neutral
parah update loading mulu masuk akun,negative
enggak backa offlineini aplikasi junk ruang guru dllyg berbayaritukah tuju uodate,negative
enggak nyaman banget enggak enggak jalan eror suka jelek nyaman pakai,negative
kembali versi versi enggak fitur enggak versi ringkas simple nyaman baca cari buku pakai nama tulis enggak muncul enggak update enggak login alas password salah enggak ganti password hasil login buku pinjam queue history hilang login buka aplikasi bukan aplikasi banking protect,neutral
alam baca ipusnas senang update baru kecewa susah login hilang history pinjam buku teman buku pinjam unduh tidak buka tidak kembali search enginee belum fungsi maksimal tidak baikbaik,negative
tidak opsi bahasa swahili,negative
versi baru susah cari buku banding versi kemarin muncul cari tidak temu masuk keywords judul authornya buku database ipusnas pinjam versi muncul result laku cari buku,neutral
bug fiturfitur belum selesai bintang fitur utama pinjam buku baik,negative
bagus sih bantu cari sumber referensi butuh belum lengkap koleksi buku sayang banget versi ya login kali masuk aplikasi bikin ribet makan tulis aplikasi kasihan baca tidak enak tolong ya benah guna banget sayang kalo saji undang kritik,negative
ipusnas deh kali install totally fine pas update error baru buka apps log gbisa search author,neutral
updated versionnya kacau banget enggak log sign,negative
aplikasi nya jelek banget token revoked masuk akun ipusnas enggak login fitur lihat menit orang nambahin buku hilang pokok jelek,negative
applikasinya error melulu error bermingguga login dll diupdate nih pus enggak koleksi buku mira jual kah buku bayar biaya update aplikasi parah banget riwayat pinjam hilang pustaka nasional bangga indonesia kaya gerak masyarakat indonesia gemar baca pengin baca applikasinya enggak akses buku hilang payahhhh,negative
login pakai akun daftar tidak masuk norifnya authentification failed coba daftar akun tidak,negative
versi stabil,neutral
update kemarin aplikasi ulang kali enggak buka forced stop baca,neutral
terimakasih sedia ebook baca gratis tolong ajar versi baru aplikasi dibukak log otomatis mulu kak moga masalah tim kembang aplikasi,neutral
enggak erti update tambah fitur enggak aplikasi tidak butuh pinjam buku baca buku tidak tambah tidak ganggu nyaman,negative
habis update enggak login berharihari buku kelar pinjam huft,negative
pakai muka prabowo gibran jelek jijik banget lihat muka jahat ham anak hina konstitusi enggak suka baca,negative
ora iso login,neutral
baru sulit cari buku cari pakai kunci terbit tulis tidak user friendly versi riwayat hilang buku pinjam,negative
tampil ipusnas bikin mabok riwayat histori buku pinjam hilang teman hilang antri buku hilang search nama arang tidak ketik judul ya temanteman pinjam baca enggak oh ipusnas,negative
ya enggak login versi update email password daftar baru sulit kali gagal tolong masalah dev aplikasi ipusnas bantu cari baca mudah belipinjam buku fisik,neutral
update tidak log daftar please fix sayang tidak masuk pinjam buku,neutral
updatean baru jelek enggak masuk,negative
aplikasi lot min loading terusand kalo tutup aplikasi otomatis logout deh,neutral
overall love app recently updated app new display thats good improvement sadly error sok hard logged followings followers queued books also borrowed books missing help please,negative
tidak login,neutral
bug eror banget deh enggak bikin library card gabung app libby susah negara tetangga libby indonesia ipusnas bag big bug eror,negative
bad application cant login,neutral
syukur sekian aplikasi update versi baru tidak log harap beranda isi bukubuku populer,neutral
jelek,negative
update masalah login login kadang akun tidak koneksi database buku tidak koneksi cari buku tidak mudah spesifik tidak cari kategori parah tidak mendownload buku pinjam error buku baca tidak didownload,negative
detik belum log minggu tolong masalah,neutral
jelek banget huft bete,negative
habis diupdate enggak log,negative
habis update tampil sih oke ya suka kalo minjem buku suka enggak download sedia copynya tolong ya ipusnas baik aplikasi minat baca literasi indonesia tingkat kalo aplikasi enak pakai,positive
latest version messy koneksi bagus bilang tidak koneksi buka buku kadang tidak unggah cari buku nama arang hasil tidak muncul cari judul buku hasil muncul tim qa kapai,neutral
latest app unpleasant,neutral
terupgrade versi baru akun login gagal baru ipusnas nyaman banget pakai tolong masalah,neutral
buruk aplikasi perintah bugs error tutup buka aplikasi menu daftar bau perintah payah,negative
enggak login,negative
aplikasi jelek enggak maju baca buku sulit,negative
lot banget,negative
update suka aplikasi bantu banget baca baca buku update akun enggak masuk suruh ganti sandi enggak masukmasuk mohon bantu kak,positive
update tidak login tidak search nama arang ipusnas ayo masalah ratingnya naik,neutral
maaf lot enggak ya aplikasi logout buku dipinjem hilang enggak login terang enggak sinyal kencang internetnya sih,negative
app logout gaib login mustahil ajaib literasi rakyat hebat ilusi sesat engkau sekarat ipusnas,negative
update enggak whats wrong ipusnas koleksi pinjam buku hilang ngeblank kecewa,negative
tidak log tidak uninstall download tidak masuk tolong baik,negative
cant login update,neutral
tolong masalah versi baru biar buku baca,negative
update tidak login akun mohon masalah,neutral
eror enggak login,negative
halo habis update buku nya enggak lengkap ya kayak,negative
woi deh error buku copynya dikit susah dapetnya,negative
enggak login update,negative
halo ui bagus modern buku enggak dibacadiunduh search enginenya sulit cari judul autor kayak terima kasih,negative
versi baru susah akses history pinjam hilang baca buku simpan tidak download data tolong masalah,neutral
bagus ya aplikasi tidak masuk,negative
like app like library since last wig app close cant log back please fix,negative
updating newest version october cant log account dont know whats wrong newest version,neutral
error heran,negative
tampil bagus pas update buku enggak buka nij,positive
update log enggak masuk app jelek banget,negative
berkalikali reinstall ipusnas enggak login berbulanbulan kali pakai app user experience jelek,negative
sunting tibatiba aplikasi ipusnas tidak masuk masuk penginputan usernameemail password galat proses tolong masalah cepat aplikasi bantu akademisi akses buku sulit ujung timur indonesia,neutral
ipusnas diupdate buku tidak temu loadingnya tidak kuar akun tunggu update baik,neutral
jelek update lancar aplikasi guna lag bug ganggu giat aplikasi hambat,negative
update cant login,neutral
bagus jelek login susah banget pakai akun akun enggak login banget pas loginnya minus banget plus cuman copyan sekaranh dibanyakin jeleekkkkk ratenya nih,negative
update versi baru tidak log,neutral
tidak diinstal onyx book poke,negative
mengunakan ipusnas versi tidak hambat aplikasi terupdate otomatis belum login hinga kirim data,neutral
bugnya manfaat log log susah,negative
pinjem kondisi ui jelek enggak login lanjut baca aplikasi berat fitur enggak news friends posts etc susah login fokus reading friendly bukan fitur enggak bikin aplikasi lot error betulin cepat cant believe sayang mending balikin ui jelek performa ui,negative
enggak daftar,negative
bulan ya maintenance nih aplikasi sebal banget unduh eh enggak buka masalah bikin enggak nyaman catat hilang beda tampil,negative
dear admin update aplikasikok susah banget log yamudah mudah masalah,negative
susah login ya,negative
register,neutral
aplikasi base milik negara banget error butuh referensi buku,negative
oke update log otomatis enggak masuk app sedih banget,negative
whats wrong ipusnaswhy cant open,neutral
saiki rak iso mlebu ning app aneh,negative
much bug cant access,negative
tampil update daaan lamaaa loadingnya kalo download cepat download baca moga masalah,negative
aneh enggak masuk aplikasi update enggak masuk,negative
versi baru enggak gagal download file tidak temu tunggu pinjam,neutral
error tuh,negative
susah login aplikasi hp pc,negative
sih ipusnas update bolak ter logout susah login kemarin pas login tampil enggak search kunci nama arang versi,neutral
update tanggal enggak login,neutral
terima kasih normal aplikasi moga copy buku filosofi teras retorika aristoteles banyak tidak rebut pinjamhhe,neutral
kecewa ipusnas tidak cari buku nama arang tidak versi buku pinjam tidak unduh,negative
semenjak update tampil jelek banget logout enggak log bug terus,negative
tidak error tolong tingkat tidak error l,neutral
update tidak buka tidak login,neutral
ipusnas gampang eror kalo update susah masuk,negative
aplikasi versi keren,neutral
hi update aplikasi ipusnas update tanggal tidak logindevice tablet update login baca buku mana download apk aplikasi ipusnas versi update,neutral
app update baru jalan buku available,neutral
ribet log susah cuman akses jaring gsmmobilelwt jaring wifi enggak diaksesngasih ilmu pelit uninstall,negative
bagus bugnya banget,positive
ngecrash parah update baru langsung close buka,negative
ui nyaman adakan fitur filter buku populer dasar tulis buku terjemah dsb sulit cari buku lihat rekomendasi buku ipusnas,neutral
lot konsep bagus masalah moga,positive
absurd app asking access photos,negative
book collection incomplete queue borrow quite long even hundreds queues,negative
awful app tolong baik cepat aplikasi error tidak sinkron,negative
koleksi buku lumayan lengkap buku self improv novel resep masakan cerpen dsb saran aplikasi tambah fitur share kutip tulis screenshot watermarkdi batas biar review ebook medsos,neutral
terimakasih berkat literasi gratis,positive
gampang eror anjir ah malas,negative
apa pegang perintah cacat,negative
tidak login update forced stop,negative
lodingnya,negative
updated app still open,neutral
diupdate tidak masuk aplikasi,neutral
ya tidak tanda teks buku baca eror mohon masalah nya ya kak terima kasih,negative
dear ipusnas please fix bug kemarinkemarin kalo minjem buku log enggak minjem buku nih ipusnas mohon kasih cerah apl benar bantu banget sumber karya tulis malas pus langsung tolong dengar rakyat user apl maksud ya bantuin jelasin benerin pls banget mah,negative
thanks baca buku enggak buku alih depresi arah positif ketimbang jebak dunia hitam kelam,negative
astaga register enggak load book login enggak tender aplikasi banyak potong panitia pokjanya,negative
updating accesssign,negative
terima kasih kembali ipusnas mobile versi next time rilis versi pasti stabil rilis kemarin fitur history hilang buku pinjam hilang moga love ipusnas,neutral
tolong baik bugnya tbr baca pinjam takut masalah buku pinjam kembali otomatis,negative
maintenance bugnya kecewa kerja aplikasi aplikasi versi mobile pc,negative
enggak buka aplikasi,negative
enggak buka,negative
suka banget pinjam buku gratis tambah wawas sayang aplikasi ganggu update suka ngeclose baca buku eh enggak masuk sedih buku belum selesai baca saran tambah history otomatis halaman baca timbang fitur belum,positive
tidak login diupdate,negative
mohon akses semua macbook min,neutral
sampah kgk buka samasekali,negative
enggak login update baru,negative
aplikasi enggak jalan,negative
susah baca halman nya suka ulang bookmark nya gaguna nge highlight nya susah banget kadang pas baca halaman highlight tolong dibenerinstress banget tau baca,negative
min enggak login sedih banget semenjak interface barutolong baik,positive
aplikasi aneh banget ya update tampil bagus terang eh tibatiba suruh update tampil update,negative
hai tim ipunasterima kasih setel awalsmoga baharu bobot kualitas buku,positive
year app,neutral
tampil,neutral
tolong habis diupdate pas login data kereset riwayat baca enggak rak pinjam kosong tolong bjir,neutral
second time download app cant even use man want read books dont guys keep app simple dont need unnecessary features know app could really help indonesians get reading,positive
koleksi buku lengkap sistem antri bingung,neutral
server ui tolong masalah,negative
habis update tidak log log muter doang,negative
enggak login update,negative
belum login ya maintenance bintang kalo login,neutral
suka aplikasi kalo login banget masuk pas masuk tolong baik aplikasi,negative
tolong masalah update tidak login login jaring bagus,negative
enggak login ipusnas senang aplikasi harap koleksi preview buku pinjam bravo,neutral
update cant even login please fix app orang undo update,neutral
apasih login auto close,neutral
jelek banget suka ngebug pas masuk logout login enggak bilang data enggak sesuai pas log ngebug enggak banget,negative
lot banget aplikasi daftar lot masuk halaman utama lot niat lanunching aplikasi enggak sih kalo bikin aplikasi nanggung kayak,negative
diupdate enggak pakai datadata hilang,neutral
diupdate bagus jelek enggak akses kecewa banget versi tampil enggak bagus bagus banget baca,negative
app sucks period,neutral
ipusnas cant open like usual one favorite aps actually update cant anything,neutral
error return book enggak edit edit update jelek hebat,negative
aplikasi tidak,negative
tidak akses aplikasi kali instal uninstall login ulang kali tidak kembang aplikasi pikir moga kait masalah,neutral
updated version doesnt work properly finally log wig logging anything blank space search books even profile blank get back old version pakai sok page bookmarked stay marked even close reopen app,neutral
bug uinya update,neutral
enggak suruh kerjain aplikasi kasih gaji sesuai enggak sedih banget bacaperpus susah banget tidak versi websitenya,negative
used fave app anymore updated getting unuseful cant read saved book anymore error hope fix quickly,negative
aplikasi tidak tidak daftar isi alamat camat tolong lag nya,neutral
tampilannyaa ngebug,negative
application trouble,negative
semenjak update error mulu login susah please masalah,negative
niat aplikasi enggak sih masak ngelaag mulu,negative
tolong update enggak login muncul notifikasi solusi,neutral
bug nih semenjak update enggak buka sengaja enggak update baca review orang bug eh tbtb forced close paksa diupdate parah baik tolong sistem pinjam search bar mode lock baca minim salah tekan baik kategori buku beranta tanda stabilo diselect susah atur masalah,negative
belum upgrade enggak diupgrade diupgrade susah login sekali langsung ngebug enggak logout please developer kalo belum ready diupdate mending enggak bikin sebel cepat benerin enggak,negative
tidak login update,neutral
log aplikasi tidak tampil menu utama lebih kosong fiturfiturnya tidak muncul tidak mohon bantu,negative
updated app god knows infuriates app sok bapuk cant even log successfully log app would stop working entirely frustrating know supposedly main indonesians digital library turns low poor quality dear developers please please release updated version guys know app work minimum bugs,negative
aplikasi diupdate tidak akses sok sad,neutral
best,positive
niat enggak sih bikin aplikasi anggar gede kerja asal enggak becus,negative
cant login,negative
app still bug others cant login account wig sok unistalled app already used mobile data wifi clear cache etc doesnt work honest one favourite app read sok much e book please fix bug sok use app easily,negative
fitur video tidak takut aplikasi berat sistem antri daftar tunggu enggak rebut user enggak ngekeep buku teman return pinjam enggak bookmark usaha hilang,negative
mohon maaf bug nya tolong masalah coba kali install uninstall enggak sign log,negative
enggak login suka banget baca ipusnas ayo baik sistem,positive
tolong deh update enggak login enggak login,neutral
cant get,negative
habis update enggak login lot banget tau mending enggak update tolong sistem diperbaikin bagus error baca buku susah banget heran,negative
tampil oke cepat akses halaman tidak sesuai kira,negative
beres update langsung log otomatis enggak log aplikasi perintah jelek jelek sih mending duit korupsi noh pakai benerin aplikasi perintah digitalisasi ngerjainnya setengahsetengah proyek minim manfaat masyarakat jorjoran,negative
gangerti ya layan perintah payah lot banget log susah susah,negative
always eror learn task,negative
bug enggak masuk,negative
lates update user cant login issue came social media please kindly recheck fix,neutral
sayang login enggak aplgi pinjam buku pengin baca buku,negative
semenjak update enggak login nyangkut,negative
app actually useful liked lot easy borrow read book however app bug lot especially read tahan two books forced closing opened thus reinstall please fix issue please feature read book offline,negative
keupdate tibatiba login enggak diinstal ulang jeleeeeeeeeek sayang koleksi buku bagus update tidak masalah downgrade,positive
aplikasi lot pas minjam eror tolong baik aplikasi nya,negative
unable login problem data,negative
cant log google account please fix,negative
aplikasi enggak login sinyal oke oh aplikasi enggak ok kali ya,negative
enggak login baca buku,negative
aplikasi update enggak login berharihari orangorang update enggak login tolong masalah,negative
tolong developer apps tingkat kualitas ipusnas ramah baca update baru repot guna,neutral
habis diupdate enggak buka sih,negative
parah banget habis diupdate enggak buka sekaliii,negative
tampil performa kecewa semenjak install login esok tidak akses moga lekas masalah ya,negative
baru jelek akun susah log baca buku coba jam pagi akses siang dikit enggak susah baca buku doang ayo min cepat baik apk nya tampil bagus kalo enggak pakai,negative
tolong update enggak masuk appnya,negative
mah benerin bugnya asli problem kagak ubah enggak login cmon men,negative
ngebugg ya pas log sign,negative
ipusnas masalah,neutral
update gaberhasil masuk coba bolak uninstall install enggak kecewa banget asik baca buku auto update eror enggak baca buku,negative
ganggu,negative
bagus apknya suka log gilir log enggak,positive
sayang aplikasi selesai update guna kali logout berharihari loginnya gagal tidak masuk,negative
update bikin errror,neutral
koneksi server error highlight baca sulit terlogout sulit login,negative
wajib allow camera phone photos video music audio fungsi,neutral
enggak log,negative
enggak login daftar dev nya gen boomer,neutral
edit worse tahan previous versions cant log app says account doesnt exist even ive member update trying create new account force stops app serious drop subdistrict menu doesnt even load minutes waiting please consider functionality carefully update,negative
diupdate enggak login crash app nya senang banget baca buku legal gratis ayo baik min,positive
aplikasi bantu sedia buku gratis akses tampil masalah update baru tidak akses akun turn bukan alami ribu guna keluh sounding sosmed sayang admin tidak update,neutral
error masalah,negative
aplikasi henti befungsi serelah update tolong masalah cepat,negative
aplikasi baharu tidak login,neutral
aplikasi ngebug belum log kemarin tunggu masalah masuk akun baca buku,negative
crash android,negative
gagal login,negative
mohon masalah min kendala bug pas daftar force close cepat,neutral
koleksi buku agam buku populer habis update kemarin belum login,neutral
updated difficult connect server connected need time read need download always disconnect use always need login used animation difficult search book heavy loading login kirim data info,neutral
jelek suka error,negative
update enggak masuk ipusnas update tolong betulin,neutral
everytime logging email apps always forced close dont know apps keeps closing,neutral
habis update enggak dibukaaa baca tugas ayo masalah,negative
jelek banget bug logout tb enggak,negative
suka baca tolong maintenance lamalama trouble masalah terima kasih,neutral
app bagus baca cuman susah banget login suka logout jelek bagus,negative
malas baca buku ipusnas versi enggak sebelumnyangetik nama arang langsung muncul kait nama pemgarang buku tampil enggak,negative
update buka butuh koneksi cepat koneksi bawah mbps sulit akses,neutral
kemarin deh error ya,negative
cant log want reaaaaddddd t t,negative
habis update enggak log,negative
update aplikasi nya lot ya tolong masalah,neutral
really bad updated app uninstall already,negative
great app suddenly got log cant log back,negative
big l updated cant even access web one app web suck like kelas perpusnas lo plis kerja kecewa banget,negative
suka app baca pinjam buku gratis semenjak baru loadingnya buku pinjam hilang,positive
aplikasi berat rasa loadingnya banget,negative
kak maintenance ya update versi baru ngebug login foto hilang untung tablet belum diupdate,neutral
update error enggak masuk login banget sekali masuk lot ampun tutup aplikasi sebentar pas buka login susah banget loginnya belum masalah apaapa,negative
error mulu,negative
ipusnas ya tbtb logout enggak login coba login kemarin enggak bisabisa tulis kirim data coba,neutral
update jelek,negative
baru jelek versi sebelummya lot lot tampil bagus bug crashnya clear chache tidak bantu,negative
ui bagus uxnya tolong baik servernya biar muat koleksi buku,positive
enggak login kemarin enggak tau,negative
aplikasi jelek,negative
habis update bagus lot login enggak,neutral
jelek ngelag parah lot,negative
cant login newest update,neutral
mending enggak upgrade kalo ujung error mulu enggak login,negative
guna download buku cerita anak tidak buka bug tolong diupdate,neutral
aplikasi manfaat banget cari baca gratis sayang error bugnya suka force closed susah login,positive
tidak daftar akun berkalikali coba aplikasi,neutral
tidak buka daftar akun daftar apps nya close,neutral
susah login aplikasi bug canda negara asih fasilitas masyarakat,neutral
sih update lot parah enggak login sekali tau riwayat pinjam hilang riwayat follow dm hilang nge bug enggak login lanjut baca buku kalo kayak mending balikin versi ubah reviewnya kalo masalah,negative
tidak masuk akun,negative
interface old fashioned whenever waiting list book notification never appeared phone,negative
tidak login,neutral
always force close update,negative
semenjak update baru aplikasi tidak buka,negative
mati logout enggak login tunggu enggak,negative
habis update enggak sistem ulang kali login enggak login lot ampun masuk apk nya suruh login ulang,negative
diupdate enggak login,neutral
update aman akses update enggak login login,neutral
ipusnas versi banget error akun tbtb versi enggak login buka ering banget bug lelet banget pedahal jaring stabil fiturnya oke sih turut jauuuh nyaman pakai versi please masalah min pinjemnya cuman,positive
ayo masalah percaya aplikasi kemarin kasih bintang pas digunain update eh update enggak masuk kendala butuh butuh semangat tim baik apk ya jujur apk bantu manfaat,positive
capek banget deh buma app suruh login ulang susah banget kalo login mending versi search nama tulis,negative
update baru enggak masuk,neutral
never ending loading never ending crash app keep shut keep sign close app hard download book feature lacking grade,neutral
update sulit login akses internet tidak buka aplikasi jaring internet tidak,neutral
lot banget kalo update ui bagus jelek lemootttt,negative
update crash,neutral
cant log using existing account,negative
aplikasi update otomatis tidak masuk akun,neutral
bug pas daftar langsung tidak masuk,negative
aplikasi galat eh pas masuk enggak tulis sih kirim data uinya baru lot ampun sistem pinjam belum pakai sistem antre kayak libby plis tiru libby fitur bikin quote buku baca bagus sih mohon variasi baca nilai estetika tolong baik sistem alam baca guna maksimal baik,positive
update jeleg,neutral
honest like app cz sok helpful wan na read college material dunno time time sok bad app usually stopped work doesnt wan na opened im sok regret pls must check solve,negative
apk always crash bad,negative
enggak logiinnnn ngebug clear cache malam coba login enggak stuck halaman login tolong masalah,negative
jelek banget suka error enggak log kadang log sistem antri cepetcepetan enggak pakai sistem kayak libby urut dapetnya overall reading experience tidak senang,negative
update susah login ponsel laptop web login logout habis update tolong gercep ngefixnya,neutral
aplikasi tidak tidak login sungguh kecewa buku jendela dunia kayak jendela enggak buka kecewa banget,negative
diupdate aplikasi enggak jalan,negative
suka banget aplikasi nya milik batas beli bukuuu edit enggak masuk akun ya bacaa kemarin nemu hidden gem,positive
bukubuku pinjam hilang ya akun susah buka,negative
ubah tampil hilang buku pinjam baru bingung aplikasi tahun ubah tidak pinjam buku,neutral
semenjak update log lola antri buku mutualku hilang,negative
aplikasi tidak terawatloading lamapengunduhan terkadang errorbahkan login sayang aplikasi kait ilmu biar usaha buat tarik,negative
aplikasi baru enggak login kali nilai jelek heraannn tidak benah dana triliun ajaaaaa beli server layak enggak habis miliyar,negative
ngebug hari bikin frustasi ih ubah bintang kalo lancar good improve,negative
ya habis update apknya tidak login loading terus tolong bantu ya,negative
aplikasi tarik tingkat literatur budaya baca kali sulit login buka app nya ulang kali,negative
please habis update super lot auto log ya tolong ipusnas baik aplikasi,neutral
bad system,negative
ipusnas sih upgrade ngelag akun terus enggak lihat riwayat enggak pinjam buku enggak baca,negative
cant login hours ongod update makes app sok slow,negative
lot banget pleaseee bikin layak app baca ya baca kapai tambah video jelek jelek hfffttttt,negative
update lot banget lihat deskripsi buku taun,neutral
kembang aplikasi susah akses,negative
aplikasi dongok muter anak magang,negative
app really bad sok many bugs ive logged automatically hardly get back account please fix issue soon possible,negative
sok ugly updated logged account sudden also couldnt log account update,negative
cant even log updating,negative
lag banget log mulu ih,negative
kalo asih bintang berkalikali spam kolom review enggak masalah,neutral
update baru gagal login akun google kadang loading menu utama gagal,neutral
woe app nya nge bug mulu nih min habis diupdate,negative
ngebug enggak buka,negative
tolong sistem masalah desain aplikasi mudah simpel mudah baca sortir buku saran update aplikasi icon desain oldfashioned ribet arsip buku baca tambah pustaka khusus antri buku,neutral
enggak enggak buka,negative
buku enggak lengkap nasional,negative
tidak notifikasi buku pinjam sistem antre,neutral
niceee,negative
loading lambat banget bosan tunggu nya aneh aplikasi baca permission akses music library foto contact,negative
much bugs phone suggested put app deep sleep order get phone running smoothly,negative
enggak buka,negative
overall good want use app crashed borrowed books disappear days,negative
aplikasi update enggak download buku ya,negative
aplikasi ampas mah buku buku jadul error aplikasi favorit huhuhu senang banget aplikasi kembang dana tidak korupsi manfaat banget buku buku baru moga kembang update buku buku baru huhuhuhu haru perintah peduli literasi terimakasih libat buat aplikasi mimpi,positive
bad apptake sok much time open,negative
jokowinya,negative
copy buku antri buku ofc antri buku tulis enggak lengkap error cari kadang pas buka aplikasi aplikasi tutup tanda buku hilang whats good read app gratis fix bug n banyak judul buku better,negative
tidak buruk banyak bukubukunya baca senang mendownload rekan,positive
look old sok many bugs,negative
aplikasi perintah jelek banget heran ui enggak tarik bug enggak notif buku available antri sistem ngantrinya enggak nama antri orang return war apa antri kalo plis sistem masalah app bantu banget pengin baca buku enggak budget sistem huft bikin elus dada,negative
bulan aplikasi force stop kali baca buku device kompatibel tidak milik koneksi internet enggak pakai aplikasi uninstall,neutral
enggak login ya daftar akun enggak padhal internet lancar semenjak bug enggak pakai coba uninstal instal ulang enggak dipkakai,neutral
enggak lengkap buku jelek tulis kosong koleksi enggak tambah,negative
aplikasi bagus bukan domisili jakarta lihat koleksi pustaka nasional pinjam buku mana app tuh seriiiiing banget ganggu minggu homepage keluar rekomendasi buku refresh enggak pergaruh halaman log pinjam orang lancar refresh update page rekomendasi buku refresh kali enggak pengaruh tolong performa tingkat,negative
error nya banget cepettt perbaikiiii pleasee nyaman unjung tolong juga baharu tampil nya kuno,negative
bagus banget fasilitas,positive
aplikasi ngestuck loading screen,negative
koleksi sih lengkap fiturnya muas bikin enggak eksplore buku sedia kadang beranda enggak refresh coba ulang kali saran filter buku populer buku baru dsb,positive
lol baca buku enggak literasi indonesia hahahahahah,negative
sok far sok good aplikasi bantu banget cari bahan baca sumber data penting ive question admin ipusnas aplikasi rancang tidak muncul notifikasi popup sedia buku antre notifikasi aplikasi tidak buka serobot seru aplikasi provided tibatiba status queue terima kasih moga umur literasi,positive
much bugs errors app thats really annoying,negative
excelent,neutral
keren,positive
ubah sandi lupa password enggak bisabisa aduh tolong baik bagus nih aplikasi pengin login akun enggak ganti sandi,neutral
tuju aplikasi bagus manfaat sayang eror,positive
aplikasi bagus banget sayang galat tampil oke minimal diupdate old turut moga depan masalah signifikan,positive
nice app,negative
baguuss manfaat,negative
review jelek enggak masalah,negative
juli pinjam buku enggak error diinstal ulang enggak login mohon masalah error cepat,neutral
tidak login internet tidak terang internet lancar,negative
suka aplikasi pinjam buku gratis tolong kembang kategori buku detail baca mudah cari buku pinjam cakngkupam kategori sedia luas bingung terimakasih,positive
bagus enggak lengkap buku nya batas pinjam stok nya dikit aplikasi lelet,negative
aplikasi bagus koleksi buku enak bahan referensi ngebacain cerita antar tidur anak enggak tau enggak masuk aplikasi ipusnasnya,positive
interaksi uinya baca ganggu scroll fullpage baca kali ubah tampil halaman lengkap sub judul bookmarks swipescroll dll,neutral
bagus aplikasi bantu orang orang hobby baca tidak dana beli buku catat tolong developer masalah sistem ipusnas didownload windows aplikasi forceclose,neutral
tolong tingkat pelihara aplikasi nya kak tidak terus server,neutral
dukung apresiasi langkah literasi indonesia aplikasi ipusnas edit maaf developer aplikasi ipusnas hilang thumbnail buku gagal pinjam terimakasih,neutral
sistem tingkatin iya kadang enggak buka aplikasi coba uninstall download susah login pakai akun,neutral
buku sedia kumpul buku populer koleksi kosong suka fitur antri pinjam queue buku tidak mati otomatis buku sedia notifikasi pemberjtahuan buku sedia ulang kali tumpuk tidak terima notifikasi buku sedia aplikasi harap baharu fitur antri buku tidak penuh kotak notif,neutral
aplikasi nya oke banget sih suka error,positive
overall suka aplikasi cuman tolong developer baca fc aneh banget woy tingkat kompabilitasbya device update malas bruh,negative
kendala baca unduh buku tampil ui ux tarik fiturnya kadang tidak klik cepat unduh lambat kadang sampul buku tidak sesuai judul jadul moga masalah ubah terima kasih,negative
bagus sih pinjem buku mudah ui uxnya jelek suka ngelaggg ya allah huft capek banget,negative
maaf ya guna banget bikin temanteman suka baca apk tidak merespon buka bug mohon baik ipusnas hi error ih tt juni going juli minat baca tinggitingginya maaf kasar atas,negative
benerin pls kelas pus nasional apknya kayak minat baca,neutral
used love app good varied books features unfortunately sok many bugs apps often forced close cant even open app orang download books wifi works well mobile data,positive
buku tidak internet tulis buku cari mohon update,neutral
pinjam buku harus verifikasi email sekian update todak terima verifikasi email request terusmenerus tolong masalah tidak pinjam,neutral
aplikasi tidak akses akun,neutral
cant borrow book im book whishlist,negative
diupdate masalah bug bugnya berkalikali login ulang enggak masuk password salah stuck enggak loadnya,negative
susah banget masuk log enggak registrasi enggak,negative
enggak buka,negative
managing application professional lot readers waiting reading quality books indonesian library,neutral
register enggak,negative
baca ebook aplikasi bingung asih phone photo video music audio permission urgensi enggak asih permission appsnya enggak dijalanin,negative
apps nya oke minjem buku batas pinjam nya cepat banget tuh enggak bookmark kalo tutup buku bete kayak tau mode bookmark nya coming soon mulu ih sebel,negative
tidak fitur wishlist manual wishlist aktif pinjam buku tidak sedia antri beda wishlist buku baca queue antri pinjam orang milik wishlist baca bukan baca tidak notifikasi buku queue sedia lewat antri ulang,negative
aplikasi jelek suka crash enggak login,negative
bagus akses buku buku apa gratis baca sat offline terkadang ketidaknyamanan lag ngebug dll tampil cantik kini sukses tim ipusnas moga kembang tidak henti,positive
sungguh kecewa tailahh,negative
lagilagi kali ganti akun tidak masuk aplikasi reinstall masuk akun tidak forgot password tidak email masuk,neutral
cant even open app,negative
senang banget aplikasi pinjam buku gratis baca mana pakai ipusnas masalah ngebug kesini ngebug,positive
senang banget apl buku online free thankyou ipusnas,positive
good,positive
alami kendala login registrasi hubung ipusnas email keluh langsung atas tidak jam email keluh kirim malam harap alam senang ipusnas moga ipusnas kembang depan salam literasi,neutral
aplikasi tidak akses,neutral
terimakasih ipusnas akses,neutral
terima kasih hatur responnya log aplikasi inimudahn aplikasi stabil baik memberitahu guna aplikasi baharu data,positive
aplikasi suka hang tolong masalah,negative
aplikasi ipusnas giat seharihari aplikasi tidak deteksi bugs harap tulis review tim developer tangan aplikasi terima kasih,neutral
akun keluae buku batas intan layan reng,neutral
sok many bug cant open app always loading screen,neutral
love everything app tolong masalah terlogout susah masuk,negative
appmya bagus crash,positive
sistem pinjam bagusnamun aplikasi banget bugnyadan appnya tidak buka stuck loadingforce closedataupun signal ganti jaringanmulai wifi paket data hotspot tolong masalah aplikasi terkadang appnya fungsi terkadang force close tidak render app banget masalahnyaerror enggak login,negative
days access read books although convenient use still okay today cant open app open login forget password keep saying connection internet connection good collection n epustaka page cant reload also says data found,neutral
error ya,negative
apk nya sih majuin sdm apk enggak nyaman pakai tau tau logout login susah banget stabilin jaring hasil hapus data restart hp install ulang enggak bantu tolong masalah,negative
kadang apknya suka ngebug tibatiba akun kali kali kadang login enggak bisabisa mohon masalah ya buku agam sayang banget suka eror,negative
aplikasi erorr,negative
buka app banget bug ganggu banget baca,negative
apps keep force close,neutral
servernya enggak kayak sampah,negative
bug nya gagal login mulu,negative
suka minjam buku gratis bugnya yolong masalah,positive
bug tidak login tolong masalah,negative
enggak login pas login aplikasi stop rajin baca uji ipusnas,negative
halo aplikasi maintenance loadingnya langsung terima kasih,neutral
mohon masalah ya parah aplikasi ngebug tidak buka force close,negative
bug tolong enggak akses,neutral
ya enggak buka aplikasi butuh banget ngelanjutin baca buku referensi ambil,neutral
bantu kaya baca beli buku tapiiiii otw baca buku eh aplikasi tibatiba nutup coba berkalikali restart hp mohon bantu kak,negative
aplikasi baca gratis jelek banget closekeluar apk dikit baca nya enggak notif samsek buku error hpku kali stuck waiting download buku lamaaa banget close eh enggak download masuk history enggak rak buku benerin bug nya komplain twt enggak aktif ig enggak sebal banget benerinnnnnn,negative
tidak baca registrasi pesan verifikasi tidak kirim email,neutral
sih aplikasi buka bukan kali kayak ulang kali aplikasi sensitif banget baca tibatiba next pencet tolong masalah tolong ya terima kasih,negative
ya tablet enggak buka internet lancar tolong min,neutral
bagus enggak apa,negative
suka freezing ya,positive
bug aplikasi tidak buka hapus cache aplikasi,neutral
problem cant reset password link ipusnas send gmail open please fix,neutral
suka aplikasi membantunamun sayang bug apk nya tidak buka copot pasang login enggak ambil teori skripsi,negative
maaf ipusnas error ya perangkat masalah,negative
terobos tarik tingkat minat baca kaum miskin dang mending beli buku pus fisik android error forced close smtr ios stabil versi ipad belum nemu mana tombol book return nya salah enggak ngembaliin buku les baca antre bookmarked nya hilang moga benah,negative
lag mulu ipusnas deh malas,negative
fix bugs please,negative
tolong masalah aplikasi login tidak masuk,neutral
enggak buka kemarin pakai normal,negative
sulit login pc hp internet lancar enggak buka,negative
apk jelek enggak digunain,negative
ipusnas error ya mohon masalah servernya,neutral
bagus banget eror kadang tampil ui nya bikin greget moga depan beres eror baca,positive
aplikasi bug enggak buka enggak login,neutral
tolong perhati kurang fiturfiturnya bilang primitif nyaman bikin ganggu baca slide pindah slide,negative
aplikasi tingkat minat baca juduljudul novel sayang aplikasi tidak baca buku buka buku pinjam force closed sayang poco pro android saran,neutral
overall quite good cant register account app cant even read one book bug,negative
app orang maintenance coba buka app login enggak news,neutral
tidak muat gambar tulis loadingnya kadang app mandet,negative
tingkat apknya lot suka,positive
tolong baik aplikasi error antri limit guna returnpinjam buku berkalikali guna tidak pinjam buku baik highlight teks sulit menghighligt teks,negative
jelek uiux nya masalah mulu,negative
enggak buka pakai mobile data huhuhu rumah pakai wifi,negative
error,negative
ipusnas tolong update app nya enggak baca buku,neutral
kembali aplikasi ipusnas aneh sentuh sampul buku tidak hapal halaman baca pakai bookmark halaman bookmark sentuh fitur ubah warna text tidak guna tempat,neutral
bug aplikasi enggak,negative
plis banget kalo servernya suka labil ya enggak stok masuk rak antri senang judul ripiu nya bagus enggak apa buku populer susah banget return nya astaga enggak andro enggak pc tolong banget,positive
haloo min senang baca buku gratis buku kayak stok dikit ya buku antri belum sempat pinjam baca request tambah stok buku mana ya kak harap aplikasi ipusnas kembang tambah fitur notif ya enggak dm hambat komunikasi tidak antri buku ditunggutunggu terima kasih,neutral
kadang eror malas,negative
notifikasi bagus kalo muncul aplikasi dehkyk notif fb gtkalo aplikasikita enggak tau kalo enggak buka apk nyajadi kalah cepat mantengin kalo antri,positive
enggak tau apk nya enggak buka kalo pakai wifi,negative
jujur koleksi lumayan buku buku indonesia bahasa asing enggak sedia bukan fiksi nonfiksi tampil baca tidak fleksibel tidak tangkap layar tidak terjemah riwayat baca hapus tidak sistem antri cepat,positive
pakai semoet enggak pakai login email akun link email enggak alias eror pindah web nya tolong solusi,negative
ayo update bagus aplikasi,positive
bagus sih saran kalo ngembaliin buku dipinjem enggak tunggu jam buku selese baca jam minimal pinjemnya tambah universitas maksimal biar baca buku terima kasih tambah minjem thank admin asih saran huhu tolong kerja one drive akses libby terima kasih dengar masuk,positive
aplikasi enggak bukan file didownload crash terang bugs please fix,negative
error terosssss kagak login,negative
please fix bug login lost books,negative
enggak notifnya kalo buku pasuk antri sedia buka app biar enggak efektif banget,negative
pakai samsung tab si fe ulang kali reinstall tidak buka buku pilih,neutral
bulan coba bagus rekomen loading logo ipusnas tolong masalah bugnya ya buku bagus sayang kalo appsnya error,positive
bagus suka ngebug,positive
aplikasi macet aplikasi tidak buka,negative
halo admin kah bantu atas bugs aplikasi redmi pad loading koleksi buku anak scroll scroll tidak tidak loading koleksi baru terima kasih ya bintang deh beres troublenya terima kasih,positive
highlightnya suka aneh tekan terhighlight highlight habis menit aplikasi gakmau highlight kudu sabar terhighlight tautau pink ubah warna merah susah baca tidak tebal tidak sentuh terhighlight merah hadeh,negative
error pinjam app nya crash judul prinsip praktik bantu hukum indonesia jandi mukianto sh mah legal aid bantu hukum orang miskin robert egerton llb,neutral
aplikasi force closed setiao baca buku,negative
tidak baca buku pinjam mhn baik,negative
jarang crash hasil cari versi android beda hasil cari versi windows cari arswendo versi windows serial imung kiki enggak terima kasih,negative
update bagus kritik tanggap moga depan cerdas anak anak bangsa mantik logika pikir,positive
bagus sih buku gampang error,negative
buku pinjam tidak baca aplikasi langsung force stop,negative
login pasuk email alert error format email correct ubah bintang nya kalo masalah kayak aplikasi perintah bug,negative
bagus fitur daftar buku daftar tunggu kosong kadang baca buku beranda daftar tunggu banget,positive
manfaat aplikasi kalah kurang serius deh kesal menghighlight tulis susah atur ui ipusnas jujur tarik terima kasih literasi mudah akses,negative
fitur bookmark tidak fungsi kadang hilang belum sedia fitur highlight belum mulus sebab glitch pindah halaman error mohon masalah butuh tanda buku tebal,negative
unsatisfied,negative
halo admin join ipusnas registasi tidak ya ipusnas kendala tolong kabar bantu ya,neutral
tolongggggg aplikasi forced close verifikasi email juta kali enggak email masuk recommended,neutral
minjem buku verifikasi akun via email email verifikasi enggak muncul kali resend enggak enggak inbox enggak spam minjemnya,neutral
cant use keeps saying doesnt able open,negative
gagal pinjam novel tolong masalah min,negative
enggak besar fontnya buku format epub ayo ipusnas tingkat,negative
bug masalah tampil dibagusin tambah fitur cari buku dasar terbit baca tambah fitur lock baca enggak lari tambah fitur simpan buku mudah,neutral
baca buku paulo coelho alchemist bookmarknya hilang pas baca nge tag tulis susah tolong baik,negative
bad ui ux,neutral
akun logout ya login susah,negative
sok hard bookmark sentences text blocking cant work properly,negative
application always error fixed sistem please,negative
please bikin aplikasi henti mana baca dongdi bookmark suka hilang ilangan parah banget deh sayang kalo enggak baik tuh pus onlen keren,negative
cant sign,negative
enak baca kadang goyang goyang habis baca buka baca baca tidak simpan aplikasi ebook google nyaman baca,positive
tidak login,neutral
enggak register rating register register muncul failed network timeout,negative
buka ipusnas loadingnya ya sayang banget,negative
aplikasi error kemarin log enggak log ya,negative
terimakasih layan delovers,neutral
good collection books buggyapp kept closing,positive
aman buka login facebook enggak suruh bikin akun daftarin enggak respon appnya enggak banget,negative
enggak register coba apps belum kapai upload playstore,neutral
enggak baca buku apaapa pinjam borrowed books pas pencet nutup appsnya ya koneksi lancar sayang banget buku pinjam enggak baca ,negative
registrasi susah banget failed,negative
servernya error ya pinjam buku failed logout login ulang susah banget pas login eh enggak buku apa dalam,negative
aplikasi bagus kadang suka restock buku populer cepat habis saran durasi pinjam minggu enggak nyelesein buku panjang susah mesti rebut pinjem usul kerja libby biar baca buku ipusnas kindle terima kasih,positive
pliss buku kupinjem hilang sistem otomatis balikin buku pinjem sedih banget sih jujur kalo sistem seengaknya kasih notifikasi kaya ingat batas pinjam sih upgrade look banyak fiturnyaa nambahin filter judul dasar abjad filter berd rating dipinjem dll moga masuk masalah nih,negative
kali buka file buku pinjam langsung force close,neutral
salah aplikasi fitur cari kali cari judul buku judul judul nama author tetulis pasti kolom cari spesifik fitur cari mohon baik mudah terima kasih,neutral
tidak log inpadahal coba device beda aplikasi tidak buka,negative
cant borrow books keeps getting errors,negative
buku populer server nya minus banget enggak pinjem,negative
registrasi enggak baca deh mohon sistem nya masalah pls,negative
coba registrasi kali cari referensi buku sedia ipusnas registrasi gagal hari tunggu tolongg ya ipusnass butuh banget ngett ngett,negative
hello bugnya ya ngelag banget,negative
rangkai coba login gagal hasil terima kasih usaha layan baik erti puas mustaka tuju utama pustaka moga depan salam literasi,positive
emai belum verifikasi tangan nya ya register login,neutral
difficult regist,negative
aplikasi bagus buku sedia stocknya opsi wishlist fungsi tidak buku belum distock buku baca belum pinjam terima kasih,positive
terima kasih aplikasi bantu untuk enggak beli langsung buku fisik copyan sedia kadang suka tibatiba eror menganggu banget enggak eror enggak tambah buku ya min req burning god karya rf khuang thank adminn,positive
kadang suka ngelag ih kalo buku tinggal copy doang,negative
kurang fitur bookmark,negative
senang banget aplikasi alternatid kalo cari buku heuheu bug kak min,positive
good website readersesp trip need bring physical book,neutral
tolong kualitas tingkat minimal aplikasi google playbook min tingkat cerah bookmark buku dll tolong ya min biar betah berlamax baca buku,neutral
pakai kasih rating sekarangterima kasih baca buku pergi toko buku,neutral
bantu orang orang minim budget baca sayang baca seringkali halaman halaman ganggu repot,negative
app bantu guna app moga pustaka nasional mengupgrade permasalahanpermasalahan guna,neutral
suka aplikasi tidak pinjam error hitung kemarin siang harap masalah,neutral
login terima kasih pas cari judul buku enggak muncul tulis bahasa satu enggak mohon bantu,neutral
yaelah tahun suka error enggak mentangmentang gratis kah enggak major upgrade minor upgrade enggak,negative
gampang eror ya waktuwaktu genting tidak andal,negative
loading nya banget sinyal bagus pas cari judul buku hasil cari enggak pas minjam buku enggak unknown error coba hapus install ulang enggak ubah,negative
kak admin sore enggak pinjam buku ya update aplikasi,neutral
thx manfaat app nya,negative
suka banget terima kasih ipusnas nyediain buku gratis koleksi sedih banget kalo baca bookmark suka hilang kadang enggak adjust teks bug huhuuu moga cepat masalah kembang biar kalo baca nyaman harap moga kembang ipusnas orang indonesia suka baca buku legal hihi,positive
scroll kategori buku henti kategori komik tidak scroll kategori,neutral
terima kasih ipusnas berkat aplikasi baca bukubuku belum bel,neutral
buku bagusbagus copyannya banget ratus manja ipusnas terima kasih ipusnas love,positive
keren banget bikin hemat jajan bukunyaa moga improve depannyaa,positive
moga novel bahasa inggris bahasa asing unggah dark modenight mode nyaman mata mebaca,neutral
often crash app forced close clue sometimes also cant login app stop first page hhh,negative
tolong tambah copy buku baca buku tunggu antri antri lamaaaa banget tunggu ribu orang antri duluan plis plis ya tolong banget tambah copyan nya,negative
bookmark nya enggak fungsi koleksi nya,negative
pinjem buku pas baca eh enggak riwayat pinjam,negative
suka aplikasi ipusnas tidak baca bukubuku pinjam langsung aplikasi pemberitahuan ipusnas closed app bug try updating app developer provides fix error solusi,neutral
aplikasi pustaka butuh permission access kamera microphone foto dll butuh akses kesana,neutral
running sok slow come,negative
teks buku enggak tandain baca enggak kesimpen progress nya,negative
fitur notifikasi sedia ebooknya,neutral
ok,negative
lavv,negative
notifikasi buku sedia tidak muncul layar tidak buka aplikasi muncul aplikasi buka aplikasi ecek buku sedia belum tombol bookmark tidak bantu seringkali hilang buka buku tutup,negative
bagus tahu saji kelas aplikasiweb perintah sayang tidak user friendly enggak fitur scrolling page nya moga ditingkatin ya khusus orang nya,negative
app need easy flip page suggest pakai app use volume button flip next page orang side touch flip coz app use function volume key side touch made page appear different thx keep spirit dev,neutral
enggak enak mata variasi layar pas baca item putih enggak variasi tanda kalimat apps baca halaman buruk turut aplikasi readera segi fitur tata letak mata moga apps pustaka digital depan,negative
bantu pupuk minat baca sayang bug bookmark hilang kali aplikasi tutup mengingatingat baca jengkel,negative
enggak judul cari online buku nya find kadang nemu pas lihat,negative
tolong ya desain grafis pas mencet tuh halaman tolong gaperlu kecil erti enggak suka halaman ngerepotin genre nya tolong spesifik fiksi biar cari buku enggak susah tambah menu bookmark kadang belum pasuk library hilang minat duluan tunggu stock mohon banget masalah ganggu referensi lihat app readera deh,negative
aplikasi bagus sayang judul buku cari aplikasi belum temu buku tahu harap buku tahu aplikasi,positive
aplikasi bagus crash tidak buka mohon diupdate aplikasi masalah coba buka buku pinjam aplikasi langsung close aplikasi versi update,neutral
kali buka buku direset,neutral
sok far oke aplikasi tingkat kerja cepat akses koleksi saran login username single login akun perpusnas biar integrasi fitur share ig story nampilin cover buku klik aplikasi biar netflix spotify pakai apps,neutral
borrowed book downloaded click read button back first page cant read book book called alpha one cynthia eden bug yes please fix thank,negative
login username pas nya gagal pilih alternatif lupa password enggak masuk email daftar,neutral
permisi error mulu dar ya,negative
enggak login,negative
one thing frustrate bookmark marked page morning exited app took forever afternoon cant find bookpage sok tried marked page wont load please firx problem thank book fanteen shadow,negative
mari baca buku langkah bintang diupdate kala thankyou,neutral
hi used able open books ive saved time would help issue,negative
tidak login pakai facebook ya plis min ya allah sedih banget,negative
update baca buku enggak update,negative
tampil baru nyaman sentuh layar tibatiba mode baca ubah scroll slide enggak netap mode baca,neutral
seriously deh sabar banget ipusnas belum enggak loading stuck antri minggu deh trouble minggu uninstall install enggak masuk,negative
tidak buka buku pinjam aplikasi tutup minggu tidak salah restart coba login logout kali tolong masalah terima kasih,neutral
hi informing updated app bugs fixed baru aplikasi tidak masalah pinjam buku puisi joko pinurbo judul malam tidur mata coba buka buku halaman utama ponsel tolong aplikasi masalah,neutral
aplikasi sampah digital antri kayak pus manual pdf gratis tinggal download,neutral
semonga alokasi anggar buku digital epespus banyak koleksi buku stok epespus manfaat rakyat indonesia mana merdeka bookmark ya masalah baik sinkron device pindah smartphone tablet mudah,positive
love app read books wanted cant afford atm free problem im getting days confusingfirst app doesnt work properly want open app loading seconds app suddenly closed didnt click anything happened nowhere reinstalled app cant log back account tried sok many times says network timeout clicked forgot password dont email yet,negative
register gagal,negative
suka banget apk ya buka ipusnas enggak langsung layar menu ya tolong baik ya,neutral
force closed ya internet lancar diupdate edit coba uninstall install enggak log internet lancar,neutral
kategorisasi kolom cari toko buku daring grmedia sulit cari tidak buku muncul kunci tulis aplikasi resmi pustaka nasional biaya uang rakyat kategorisasi sesuai standar pustaka dewey dll ajar jurus ilmu pustaka,neutral
ipusnas banget eror buku pinjam enggak baca ngeclose belum atas eh buka aplikasi enggak ngeclose mohon lekas atas ganggu banget terima kasih,negative
senang ipusnas buku referensi temu update versi aplikasi tidak buka close mohon masalah lanjut tulis,neutral
update versi aplikasi tidak proses unduh buku jalan baca buku aplikasi force close versi jalan lancar kendala asus zenfone android,neutral
update versi aplikasi ngebug tidak baca mohon upgrade versi tidak bug,negative
baca buku pinjam aplikasi force close,neutral
enggak baca keclose download,negative
dark mode pls,neutral
halo senang perpusnas genggam mengeksplor ragam buku layar hp baca tidk senang bookmark tanda hilang halaman sensitif kali sentuh ubah halaman tengah buku sebal atur blok kalimat hilang kali ketuk ketuk moga masalah nyaman baca terima kasih,positive
terimakasih perintah sedia layan via aplikasi ipusnas bantu rakyat jelata,neutral
manfaat baca buku bagus,positive
working blank space ,neutral
halo admin salam sejahtera aplikasi ya informasi ipusnas desktop install laptop kali close tolong follow kait ya,neutral
installed app new phone app continues force close book read strawberry generation novels borrowed like setia mrx grayson tingka cant read really upset really hard borrow queue crazy book borrowed cant read,negative
aplikasi bagus depan bekerjasama cetak tulis negeri,positive
bantu orang sulit cari buku beli buku buku tunggu terkadang tambah buku pinjam,negative
eror,negative
aplikasi bagus lengkap koleksi buku buka aplikasi komputer close program,positive
enggak history buku baca pas searching judul buku baca baca enggak,negative
tidak staupun buku pinjam ya,negative
aplikasi cuman gambar kartun orang hastag cerdas bangsa edit pakai loadingnya,negative
masalah pas pinjem bad request proses muat apknya banget,negative
koleksi buku error,neutral
susah ngembaliin buku status invalid aplikasi update tidak whats wrong app,negative
aplikasi bagus banget pinjam judul buku masalah enggak chat guna inbox muncul tulis metacodeerror messagetidak valid coba pakai hp akun enggak return buku muncul tulis failed invalid pilih close bookmark hilang enggak balas komentar guna muncul tulis failed sent sekian tolong masalah terimakasih,negative
tanda bookmark buku hilang paksa pakai highlighter tanda buku tanda highlighernya moga hapus min umpama salah highlight,negative
diskrinsut appnya kasihan tulis buku,negative
dadak enggak return buku panjang pinjam,negative
since updating lots errors,negative
plissss ipusnas tolong notifikasi hp buka aplikasi nya sebel banget buka aplikasi notif jam buku wishlist sedia alhasil enggak mnjem dipinjem orang tunggu,negative
tanda halaman tidak muncul hilang aplikasi close ribet cari cari baca,negative
buku bagus sayang limit buku halaman,positive
hai ipusnas bantu aplikasi tolong lengkap bukubukunya ya novel dark series sosok gelap karya lexie xu nanggung banget dark series tinggal empat tolong banget ya terima kasih,neutral
kecewa siang pinjam buku kerja register masuk akun alhasil logout sesuai prediksi log lupa password susah log kemarin tulis ulas perihal kendala log ipusnas email admin ipusnas perihal link ganti password enggak valid coba link ganti password kali siang enggak ok penasaran literasi indonesia fasilitas kayak,negative
read dark mode screen would blinked everytime touched screen move pages quite annoying ruin reading concentration happening light mode sok clearly dark mode broken please fix,negative
fitur tanda laman belum nih,neutral
force close baca pinjam scroll buku detect seleksi teks bingung solusi tekan back kesini bingung aplikasi baca susah tolong kasih tunjuk fitur,negative
buruk,negative
saran history pinjam buku baik opsi publik privat tidak publik bukubuku akun pinjam,neutral
bantu banget solusi baca buku hemat mudah akses koleksi tambah tinggal baik bug,positive
suka terima kasih aplikasi tipikal orang suka baca buku tidak habis uang kendala terkadang tidak mendowload buku pinjam,positive
muas tampil ngebosenin antre seringkali halaman bookmark hilang sulit lanjut baca tolong masalah aplikasi sarana bagus baca legal,negative
fitur bookmark fungsi tidak tutup aplikasi aplikasi tutup bookmarknya hilang,neutral
kembang aplikasi langsung buka halaman baca,neutral
app desain sederhana kalo aplikasi enggak buka enggak tau notif buku lengkap author karya bagusbagus belum koleksi buku oh iya enggak pasuk buku wishlist baca kalo ngantre buku otomatis masuk wishlist pisah wishlist daftar antre,negative
error sisa baikbaik,negative
lengkap,positive
terima kasih mudah rakyat baca era digital respec elemen libat aplikasi,neutral
sayang banget aplikasi gampang akses error aplikasi enggak buka buku pinjam enggak muat makan log notifikasi pinjam buku aplikasi crash tolong masalah ya halhal nyaman alam guna,negative
moga bug aplikasi masalah benarbenar tidak nyaman aplikasi freeze tibatiba close,negative
bug ebook enggak buka ebook karya jostein gaarder,negative
theres one situation bookmarked pages day couldnt find bookmarks book reading even online mode kind frustrating since im really good remembering something sok order know last page ive read scroll pay attention every sentence pakai sure didnt miss pages meant read book mean breaking point hope problem solved soon,negative
open,neutral
tolong dm notifikasi,neutral
format baca nyaman sentuh layar scroll muncul highlighter versi desktop eror tidak buka buku,negative
force close knapa ya eror kah ipusnas nya,negative
kids mode klasifikasi baca sesuai umur,neutral
aplikasi nya jadul banget buku pakai android cari buku bagus kayak psychology money kim jiyeong enggak teman cari buku update enggak update aplikasi nya,negative
buku baca tidak buka update t t sumpah bagus versi,negative
cant login app help pls,neutral
astaga buku antri minjam sistem antri ya enggak friendly kalang sih lihat waiting list orang,negative
update fitur bookmark toread belum ya wadaw repot nandain buku baca,negative
buku enggak ubah ukur huruf latar warna dll baca buku kendala baca hp buku rotate lock enggak diapaapakan tulis kecilkecil ampun deh suka versi buka halaman halaman mesti bolakbalik fitur simpan halaman enggak moga masalah ya bantu banget baca buku online,negative
overall aplikasi bagus literasi baaaanyak banget pilih buku kadang buku enggak baca buka forced closed antre baca masuk mode baca seragam kadang buku sesuai fontnya kadang zoomin zoomout halaman baca landscape mantap terima kasih judul buku maksud ksatria putri bintang jatuh dek lestari,positive
ngelag apknya,negative
ipusnas ijak developer ijak versi kali kali versi ijak fitur donasi library mana tambah sedia buku peran user donasi masak pisah nasional kalah pustaka daerah vendor developer nya,neutral
min diupdate bukubuku bumi series tere liye,neutral
tolong kasih fitur rotate gaenak banget nih baca buku potrait gel jari,negative
koleksi bagus bugnya,positive
suka banget nemu aplikasi pengin akses buku murah enggak habis memori hp overall great cuman status baca enggak ubah ya newbie status syarat deteksi syarat total baca minim penuh stuck guna newbie belum nemu buku tahu luarnegeri buku sekolah kembang moga tambah koleksi ya min sukses,positive
koleksi buku lengkap huhuu,positive
bagus koleksi buku pada guna app praktis pas slide halaman rawan salah pencet,neutral
good app,positive
suka banget baca buku unduh enggak baca app nutup,positive
tolong masalah aplikasi rotasi nyaman baca posisi portrait,negative
enggak hasil pinjam buku status buku kurang ya update fungsi normal terima kasih senang baca buku online update error lagiiiii,negative
cant download borrow stuck,negative
gagal forgot password enggak login enggak alert error pemberitahuan paswordnya salah aman enggak kendala internet heran ios aman,neutral
update aplikasi bagus kurang tutup buku bookmarknya hilang tidak bookmarknya diupgrade ya min tidak hilang bookmarknya tutup buku,positive
tolong kak fitur rotasi nya kembali guna baca hp layar,neutral
tolong benah bugnya tidak akses buku baca terima kasih,neutral
senang update bugs tanda laman tidak fungsi lanjut baca ebook app tanda bookmark halaman hilang memang tempel stiker warna warni post kayak buku fisik,negative
bookmarkpenanda laman hilang aplikasi tutup bingung tanda baca mana ui ux bagus versi sederhana lancar,negative
koleksi krg lengkap susah antre buku best seller tolong tambah koleksi ebook rich dad poor dad robert kiyosaki,neutral
update lancar nagus tidak sownload buku pinjam jas tidak baca edit lancar terimakasih,neutral
kalo pustaka nasional milik perhati khusus tingkat minat literasi generasi bangsa pustaka nasional sedia aplikasi minim bug eror disfungsi sistem aplikasi,neutral
tolong kembali fungsi landscapeportrait enggak orang mata enak pakai baca tulis kecilkecil mode portrait thanks,negative
gercep,neutral
yl enggak pinjam baca buku ya klik pinjam confirm yes pesan error bad request,negative
enggak download buku pinjam sih email enggak balas,negative
apresiasi developer pustakawan balik aplikasi ipusnas aplikasi mudah masyarakat baca tingkat literasi bagus kualitas aplikasi ipusnas tingkat login error kadang buku alami bad request pinjam tidak diunduhsama tidak pinjam stok buku harap fitur bookmark list buku baca user,neutral
app error coba kali kali borrow books tidak uninstall install ulang kali,negative
reinstall tidak mendownloadunduh buku pinjam mohon bantu,neutral
bukubukunya enggak pinjam ya enggak masuk akun,negative
overall bagus pinjam buku ribet ditambahin halaman buku baca enggak bingung koleksi buku lengkap bukubuku bahasa sastra,positive
bug buku sedia tidak pinjam terang bad request,negative
bad request bad request kalo pinjam buku,negative
suka banget baca mudah tingkat minat baca diri sayang barubaru pinjam buku enggak stok banyaaak statement bad request app maintenance sayang keburu stok habis,positive
telkomsel enggak masuk sih aplikasi,negative
bagus bug pinjam buku sulit hasil cari buku golong buku mohon masalah app nya,negative
kali pinjam buku pesan failed bad request maintenance nya ujung error tolong baik,negative
eror ya,negative
tolong masalah ipusnasnya tak masuk tanggal maret tak reload buku tak akses aplikasi lebih deh bagus akses apk enggak terima kasih,negative
unable register error connection im pretty sure connected internet update review later,negative
terima kasih negara nyediain apps tolong buat sungguhsungguh banget ganggu masuk apps enggak buka tetiba buku pinjam enggak baca log mohon baik,negative
please fix app cant open always stuck,negative
ratingnya ubah bintang update versi baru aplikasi eror login tidak suruh cek koneksi koneksi kuat stabil bukti kasih rating main game tonton video aman jaya,neutral
aplikasi masalah pas buka loading log tolong tingkat baca nyaman pinjam buku,neutral
aplikasi bagus error,negative
aplikasi oke koleksi agam sedia buku lumayan banding app nge bug asik baca available bilang koneksi internet error,positive
sering ngebug,negative
moment ago error start happening reading bookboth ios iad android frozen apps didnt open properly attempting many times clarify email says check connection connection strong stable nothing wrong top didnt receive email clarify orang change password really frustated couldnt continue reading booki currently reading cant open app,negative
aplikasi alami kendala alami error buka,negative
terima kasih ipusnas sedia platform baca digital gratis aksesibel registrasi mudah tinggal pakai email urus berkas iniitu moga upaya tingkat literasi masyarakat saran tolong reader baru baca mode landscape ya kalo mode portrait baca susah tulis bikin mata capek enggak nyaman keren sih bikin dark mode,positive
lumayan happy,positive
versi update halamnan ubah terhighlight tidak,neutral
great app begin tremendeous amount book options accessible reader dont really enjoy reading digitally scrolling fortunately app gives option sliding amazes though minor problems believe going fixed orang added future example bookmark orang closing app without worry start reading start overall enjoy,positive
bagus ya gratis sih buku kategori popular books antri lamaaaa banyak eksemplar buku baca,positive
password bilang salah login anggota,neutral
mohon maaf solusi buku pinjam buka appnya langsung crash contoh hidup bajik filsafat santo thomas aquinas perangkat samsung tolong solusi terimakasih,neutral
butut,neutral
sayang tidak zoom susah baca tulis kecilkecil coba mode landscape halaman alias ukur tulus bentuk font ubah,negative
maret password anggap keliru member lupa password email ganti email isi password input aplikasi anggap salah kali keliru capek ngulang kalo siasia hasil ipusnas error,negative
terrible experience ive got sok many books crashed opened,negative
install tidak buka,negative
aplikasi lot ajar hambat develop,neutral
lola banget,positive
buku lumayan lengkap app eror kayak tulis offline internet kencang gagal pinjem buku app enggak buka jam tunggu jam loading,negative
cant open app,negative
appnya nge bug buka halaman buku pinjam bikin app crashterjadi semua buku terkecualisangat disayangkanpadahal buku sedia agam,negative
malam buka aplikasi cuman stuck logo pagi log tidak masuk home page aplikasi pus digital bantu banget baca buku keluar biaya keren,negative
lot enggak buka tolong masalah sistem deh bagus pus digital belum leluasa masyarakat warga indonesia ratus juta orang moga depan buku tidak lot bug tarik biar baca salah ajang tingkat literasi ya moga bagus ya app nya,positive
keeps logging says password keeps wrong even though true,negative
eror ya enggak buka,negative
please solve bugss,negative
senang banget ipusnas baca buku gratis mudah aplikasi ngebug banget last update nya sedih enggak maintain ya mohon bantu baik ipusnas ya pinjam baca buku,positive
loading mulu enggak download,negative
force close buku pinjam enggak buka,neutral
bad error unknown every time try login,negative
senang pinjam buku gratis kendala appnya loading mulu buka loadingnya cek notifikasi loadingnya internet lancar moga ipusnas depan,neutral
bantu fitur cari buku fitur mudah buka halaman mudah user yakali scroll halaman,neutral
halo admin forgot password password via email pas masuk salah ya copy paste cek huruf bantu kah,neutral
edit terimakasih tim admiin,neutral
app seriiiing banget crash tolong baik ya isi bagus,negative
active member perpusnas confusing option login perpusnas account instead give option login email orang facebook,neutral
aplikasi buruk enggak buka aplikasi nya stuck logo homescreen ipusnas tunggu menit enggak buka aplikasi nya,negative
tolong baik bugnya,negative
stuck loading screen logo download ebooknya tampil interface ui bikin simpel,neutral
burukkk,negative
ngebug pas baca buku,negative
kali pinjam novel eh enggak buka aplikasi crash kihat review buku enggak buka error mohon masalah,negative
download aplikasi enggak buka,neutral
klik borrow tombol download tidak klik tidak apa,neutral
tidak aplikasi tidak buka,neutral
aplikasi bagus baca buku sedia pilih konsep bagus masalah aplikasi error baca buku pinjam tulis tidak layar putih tibatiba aplikasi halaman jaring bagus refresh tidak moga aplikasi tingkat tidak error,negative
ui jelek parah force close hp jalan genshin impact bukan performa,negative
kali baca ebook aplikasi crash melulu back home kali closed kali ecek playstore enggak baru sekalimalhasil uninstall tidak support android,negative
aplikasi cemerlang eksekusi resources nya minimal mohon tingkat terima kasih sedia platfrom baca gartis,neutral
senang pustaka daring izin pinjam buku gratis jenis buku notifikasi kerap tidak muncul malam aplikasi tidak buka moga aplikasi ipusnas masalah kurang,neutral
category read orang popular new books fix ui better explore keep scroll,neutral
bagus appnya,positive
bagus koleksi lengkap mohon maaf antre ujung rebut,positive
kali coba ipusnas sulit mendownload buku pinjam buku tewas gagak hitam karya sidik nugroho moga buku tidak mendownload sukses pusnas indonesia update terima kasih ipusnas tidak mendownload ipusnas baik,neutral
tampil daftar buku tidak bagus tidak rapi gulir kali daftar buku terrefresh tidak enak tampil kolase enak urut teks daftar judul tulis gambar sampul tidak,negative
like app cause lets us read many kinds books free design looks old boring also pretty hard use app doesnt function midnight maybe due maintenance notifications dont appear notifications bar shame please improve,negative
ngebug nih app tolong baik ya app enggak buka ngestuk tampil logo ipusnas,negative
buku pinjam tidak baca,negative
maaf aplikasi ditambahin priview enggak lihat doang minjem antri sinopsis ya,negative
couldve better alright guess,negative
aplikasi bagus buku lengkap,positive
plis banyak buku sukses ipusnas solusi buku cetak mahal harga,neutral
takjub,negative
enggak pinjam buku pinjam buka filenya crash menu,negative
tolong atur neminjam buku tidak pinjam pinjam habis minggu pinjam ruang buku kominfo guna ipusnas ijak ikaltara monopoli buku tidak pinjam,neutral
dont know wont working device keep repeating installation still cant work,negative
apresiasi perpusnas sedia wadah layan pinjam buku elektronik legal gratis koleksi lumayan sayang buku tidak dibookmark tanda posisi baca fungsifungsinya basic user friendly beri kategori tidak sesuai moga kualitas aplikasi tingkat koleksi banyak tambah durasi pinjam tolong sesuai ukur buku pukul,positive
tidak notifikasi,negative
senang temu aplikasi unduh ebook fiksi baca kecewa sptnya halaman tidak susun rurut tidak temu fitur bookmark nomor halaman ebook reader kali baca ebook tunda ulang hapus aplikasi moga aplikasi,negative
lame bab copy book,neutral
dear ipusnas kasih update sempat baca jam malam app tidak buka aplikasi error rebah mengsedih,neutral
suka aplikasi stuck loading screen ya reinstall,negative
app nya enggak buka ya uninstalinstal enggak buka mohon baik,negative
aplikasi tidak niat kembang tetiba ngulah stuck homescreen logo ipusnas tolong developer masalah bugnya ide aplikasi bagus eksekusi,negative
enggak masuk stuck logo sebel,negative
enggak buka,negative
enggak fungsi fr gbisa minjem,negative
trash,negative
tidak search judul pinjam loading,negative
tidak log,negative
min tanggal apk laptop menu cari nya eror,negative
tidak login isi username password tombol next pencet tidak respon apa mohon masalah,neutral
syukur kali baca buku ipusnas moga app developer tolong terang halaman buku pinjam buku terima kasih,neutral
parah buku unduh buka aplikasi langsung crash,negative
baca nyaman experiencenya kacau bingungin tombol enggak pencet hasil cari enggak filter kalo biasa ya nyaman kali ya enggak rekomenin orang enggak pilih baca pinjam ebook judul populer gratis,negative
please provide us dark mode display bright mode convenient read evening thanks kindly wait response,neutral
baca enggak mohon selesai problem,negative
ipusnas enggak bisaerror ya logout login enggak tolong coba masalah,neutral
deh login susah,negative
aplikasi manfaat orang terima kasih sedia jenis buku baca gratis nyaman mana saran panjang batas pinjam buku bukubuku halaman butuh tamat,neutral
bagus manfaat,positive
thank trimakasih,positive
halo tidak kendala aplikasi nya force close tekan button read please fix thank,neutral
bantu kerja skripsi kemarin tidak repot pus nasional langsung,neutral
bagus enggak uang hemat ajar buku koleksi bagus baca mana moga depan tambah koleksi ilmu tahu maju negeri tolong aplikasi rangin dikit bug maintancenya orang akses pokok bagus moga orang aplikasi sukses bebagi ilmu,positive
readernya payah enggak interaktif terus kasih toast bawah geser halaman nomor halaman,negative
enggak register mulu deh,negative
ayo tingkat optimasinya banget ngebug boroboro nyaman baca pinjem buku susah banget please improve biar ningkatin literasi,negative
apk buruk ku pakai,negative
baca ebook bug,neutral
buku tidak baca belum,negative
cant even open ebook bought keeps going homepage whenever clicked ebook,negative
kasih kembang apresiasi aplikasi sedia puluh ribu judul vendor pus contoh perpusnas polisi cocacola tokoh negara presiden menteri kurang temu kait sinkronisasi statushistori naik peringkat baca baca buku misi read books tidak buka download buku batas jml maks buku hari,neutral
lodingnya banget ya,positive
superrrr,negative
error enggak pinjam buku,negative
gagal unduh pasu passcode member login gagal cek tidak upgrade aplikasi coba close apps n latar koneksi internet mohon baik apps manfaat thnk,neutral
jelek banget lot,negative
aplikasi muter mulu pas daftar suruh isi password habis muter,negative
internet stabil enggak load halaman aplikasi bug nya tolong masalah,neutral
essip reng madureh,negative
pcleptop aplikasi lot ya,neutral
bagus sistem notifikasi buku sedia wishlist habis buku tidak notifikasi otomatis please maintenance ya notifikasi pemberitahuan buku sedia,neutral
tolong om desainer halus tampil aplikasi,neutral
aplikasi crash tidak buka coba reinstall crash tidak buka,negative
bagus,positive
koleksi lengkap moga depan tampil,positive
bantu cari referensi ui nya kuno big deal tingkat fitur history kalo pinjam buku pinjam mudah cari tolong benerin fitur search nya cari buku kategori kayak keyword ilmu tampil buku bukan buku judul ilmu moga tingkat,negative
ah error mulu,negative
bantu pc servernya maintenance,negative
ipusnas tolong konfirmasi aplikasi tidak reload internet baikbaik ganggu sistem aplikasi cari buku nih,neutral
login pakai email gabisalagi eror kah,negative
bagus banget harap aplikasi ipusnas opsi simpan buku save buku baca mudah baca baca buku going baca buku baca,positive
tambah buku stock buku pinjam banyak antre jangka pinjam antre tak kunjung selesai sempit baca baca belum selesai buku antre antre baca belum baca tidak jatah baca buku baca,negative
koleksi buku ya susah banget minjemnya skala nasional banget antri susah rebut depan bisa tambah buku kalo reinstall login susah,negative
deez nutzz,neutral
aplikasi ipusnas enggak ya,neutral
apl jelek login cuuaakkhhhss,negative
terima kasih ipusnas sedia sarana baca buku gratis legal kendala saran respon aplikasi lot transisi halaman praktis tap dislide sedia tombol wishlist kadang nemu buku tarik sama sewa buku teks buku setting hp ya ubah dark mode tampil background putih silau,neutral
ipusnas versi windows mapun versi android bad ya enggak kali klik langsung buka aplikasi lot yampunnn enggak niat baik bug nya pakbu,negative
pilih buku agam masuk halaman muka loading koneksi internet lancar,neutral
teu baleg teu login persis harap,neutral
saran muncul notifikasi pinjam dinotif bar handphone tidak buka appnya cepat pinjam buku,neutral
aplikasi lelet ampun bug buku kosong sangatsangat tidak senang aplikasi,negative
ipusnas lancar operasi buku butuh jadi referensi,neutral
tolong fitur baca user langsung otomatis halaman baca buku dibukaini mudah user fitur pinjam pinjam implementasi akibat buku populer seringkali habis baca gelintir tidak unlimited mekanik pinjam pinjam tolong aplikasi fitur batas pinjam tahu belum tolong timbang saran,neutral
tidak user friendly,negative
ipusnas aku terobos capai tuju manusia indonesia moral martabat beril sayang antre baca sistem rebut ebook tinjau kelola tingkat layan baca pikir sistem rebut copyan ebook susah repot,negative
koleksi lengkap negeri sastra karya populer baca buku tidak manamana genggam,positive
jelek banget enggak daftar akun nih aplikasi enggak dipakaiplease update apk bagus,negative
moga banyak koleksi buku terimakasih,positive
jelek banget aplikasi buku lengkap ui nya enggak enak mata,negative
enggak sengaja uninstall pas diinstall enggak log inini ya aju komplain email enggak direspon,negative
update baca buku halaman force close,neutral
borrow enggak download enggak baca appsnya enggak,negative
keren abizz,positive
aplikasi pus sederhana dunia,neutral
nice app,negative
popup nomor halaman menscroll halaman buku tolong hilang update memfavoritekan buku download copy buku sedia update user masuk halaman book detail books borrowed kadang buku didownload enggak buka tolong masalah,neutral
moga copyan buku hobi baca terima kasih ipusnas edited enggak buka infinix tolong kakak developer,neutral
update baru enggak buka ngefreeze doang tolong masalah tq,negative
banget ngebugnya,negative
login app normal lancar login buka app nya tidak akses logo ipusnas,neutral
app cant open wait sok long nothing happen,negative
cant open app since first time download registrasi email enggak bisabisa,negative
take really long time open app,negative
koleksi buku lumayan agam sayang buka tidak tampil butuh referensi study mohon masalah ya aplikasi ipusnas,neutral
great easy use uis kinda old thats rlly okay since read borrow lot books completely free ads great job ipusnas,positive
aplikasi berat loading page lambat buku unduh buka koneksi internet minat baca indonesia rendah apps keluar perpusnas lot minat baca tolong masalah min salam cinta literasi,negative
seringkali loncat halaman ganggu halaman tap layar belah kanankiri fitur tanda halaman baca lanjut baca tidak cari halaman,negative
app tidak buka bug,neutral
buku bagusbagus aplikasi jelek error,negative
guru hadir aplikasi tunggu cocok motivasi anak sekolah malas pus baca buku sayang coba pinjam buku ketuk kali menu unduh buku tidak unduh khawatir arah siswa pinjam ipusnas alami kendala hp speck penuh jaring bagus bug,negative
terima kasih ipusnas baca buku gratis,positive
crash,negative
koleksi tambah terima kasih perpusnas,positive
tidak tombol sign daftar edit tombol register muncul koneksi akun facebook,neutral
aplikasi sedia buku legal gratis fitur fitur belum jalan notifikasi tidak muncul guna pemberitahuan halaman ganti guna ganggu senang kabar masalah aplikasi,neutral
eror lag force close aplikasi selang langsung close login ngelagnya ampun,negative
app butuh kendala pinjam respon klik konfirmasi pinjam lambat ngefreeze aplikasi tap next tambah fitur bookmark list buku baca tidak cari buku baca,neutral
fix bugs,negative
uinya jelek konten lumayan,negative
enggak login loadingnya banget,negative
pliss tambah wishlist kadang pengin baca keburu refresh plisssss,negative
jelek banget aplikasi nikmat enggak pinjam buku buku pinjam enggak buka uninstall ubah kemarin teman saran donlot coba donlot buku sewa enggak buka deh pakai samsung si ultra aplikasi parah banget operasional uninstall bikin aplikasi buruk kerja,negative
halo tim ipusnas terimakasih aplikasi manfaat keluh kesah susah baca tidak foto zoom buku tulis moga tim cari solusi,neutral
status keeps saying im newbie fact opened books posted tahan comments rules cant level bookworm noticed save book bookshelf read back bookshelf section click info books cover cant sih progress always think thats cant level please fix asap,negative
antri pinjam,neutral
please tambah bukubuku terbit spring buku kualitas negara asia eropa jamin ipusnas rame nambahin bukubuku,positive
suka aplikasi suka judul bukubukunya tambah stok masingmasing buku banyak bukubuku kenal buku karya tere liye harap buku tidak auto kembali tidak buka jam batas tidak dibukabuka baru otomatis kembali,positive
terima kasih ipusnas suka banget reques tambah buku biologi kategori enggak biologi,positive
stok judul buku akses penjuru nusantara kaji ulang antri,neutral
aplikasi baca buku online kudu antri bhuahahahaha serius benar serius,negative
buku format epub banget force closed ya instal ulang ngabis ngabisin kuota modus senang banget aplikasi baca digital legal koleksi kumplit banding apl rekomendasi apl teman teman bintang tambah koleksi,positive
halo terimakasi aplikasi baca gratis manfaat saran mohon fitur wishlist pengin nandain buku pinjam biar enggak lupa,neutral
pilih,neutral
susah banget login,negative
take long want open app,negative
loginnya susah,negative
im newbie like apps interface cant download books books already bookshelf cant download ive tried another books issue still,negative
login stuck app stopp message,negative
aplikasi alami kembang terima kasih kelola usaha tingkat kualitas ipusnas moga,neutral
enggak pinjam buku,negative
mohon masalah bug appsnya buka buku selesai didownload force closed,neutral
app crash klik borrow please fix,negative
maaf kasih bintang kembang pakai lot berpindahpindah buka buku bookmark hilang pindah device alat bookmark hape buka laptop bookmark tidak pindah login akun ayo perpusnas kembang aplikasi manfaat potnsinya yuk,neutral
hi love read n borrow book free please keeps logout automatically better could fix bug thanks,neutral
tolong benerin bug susah ngereturn buku pencet berkalikali kereturn sebal sih sulit panjang buku terima kasih edit developer enggak bantu bukan ngalamin bukan kondisi internet bug aplikasi tolong masalah edit ajaib toko kelontong namiya,negative
keren banget semangat baca buku beli buku lumayan pinjem moga buku import ya,positive
tambah mode gelap baik interfacenya baca nyaman,positive
aplikasi stuck awal tidak masuk aplikasi,negative
mantap kutu buku,positive
pustaka pinjam media tarik bantu thanks media apk,neutral
tolong kalo pas antri buku kosong kasih notif ksiani nabung beli buku fisik,neutral
tampil bagus balikin tampil baca buku versi bookmark nomor halaman hilang bookmark nomor halaman salah dibutuhin nandain baca need back plsss,neutral
error,negative
tidak baca buku pinjam rak download tidak kali kali reinstall aplikasi terapi tidak,negative
jelek pol luemot,negative
terima kasih baca ebook gratis legal dukung ipusnas moga depan,positive
login nya banget,negative
aplikasi henti segi ukur font sayang tidak pilih ukur pilih kecil alangkah zoom efektif belum geser pagenya tulis,negative
aplikasi bantu koleksi lengkap buku kenal antri minat nya apresiasi hadir aplikasi moga depan tingkat kualitas nya tarik rasa manfaat aplikasi,positive
tampil date banget buku enggak kategorisasi genre koleksi buku kenal enggak masuk buku laku banget pinjam koleksi tambah moga depan kembang bagus,positive
susah login,negative
plsss tambah feature halaman baca,neutral
reset password lupa kirim linknya email pas klik eror,neutral
like app borrow books free sometimes waiting get book app notification doesnt appear top,positive
,negative
sedia buku baca gratis terima kasih komplenpun malu,negative
enggak buka ipusnas ku kagum banget major updatenya pakai format epub enggak deh zoomzoom tulis tulis lumayan gede nyaman baca pokok keep,positive
versiob bug everytime want read book borrow closed,negative
pakai mudah buku nya lumayan lengkap gratis saran fitur mode gelap biar baca nyaman kalo ruang gelap,positive
bantu tolong history pinjam bantu temu buku dipinjambintang ya,neutral
app pretty good since borrow free books often crashed tried uninstall reinstall use dont know,negative
halo belum ubah nilai kendala judul buku baca tidak buka tibatiba naked marquis sally mackenzie kumpul dongeng klasik hc andersen faustine erlishy tolong bantu untyk masalah ya buka tidak koneksi terima kasih,neutral
aplikasi bagus bantu orang baca tolong upgrade fiturnya enggak kirim dm coba kali servernya maintenance,positive
revolusi digital,neutral
nilai plus koleksi buku guna pinjam baca gratis tingkat masalah alam baca belum sensor orientasi layar gantung sistem belum tampil full scren margin tidak halaman gantung bookmark,neutral
install deh langsung uninstall enggak lengkap buku pinjam file found,negative
kesel banget enggak download,negative
aplikasi bug kadang suka error pinjam ebooknya ebooknya lengkap moga sih tambah koleksi buku,positive
bagus mudah cari buku referensinyateringat rajin pustaka baca baca mana tinkatkan koleksi buku kualitas aplikasi,positive
bantu tolong tingkat bantu orang suka baca buku,negative
permisi pertamatama ya pasti terima kasih ipusnas ajar mudah pinjam buku pergi rumah masuk fitur aplikasi masalah mudah guna algoritma cari algoritma cari terkadang buku muncul buku topik muncul sekian terima kasih,neutral
lumayan,positive
admin password enggak masuk ya reset password kirim ipusnas enggak password tidak sesuai,neutral
wajib keren aplikasi kalo scroll halaman dark mode lompat dark white mode,neutral
koleksi buku lumayan buku populer orang pinjam buku sulit pinjam stok batas aplikasi terkadang tidak jalan mesti,positive
bug,neutral
buku pinjam pas baca enggak aplikasi ya tolong cek tq,neutral
bagus pinjam buku koleksi buku kadang errornya mohon ditingkatka ya biar baca nyaman,positive
download button doesnt work borrowed book cant find fix help bar,neutral
aplikasi bantu banget suka baca buku enggak uang beli buku legal kurang app nyaman harap banget menu request buku butuh belum muncul beranda isi bukubuku enggak muncul rekomendasi baca sesuai histori pinjam baik buku terjemah pisah kategori,negative
bad ui trouble login,negative
aplikasi bagus mudah ajar butuh buku baca buku pinjam dadak ulang kali menganggu internet stabil moga masalah cepat,positive
ngelag,negative
aplikasi kelogout pas coba masuk tibatiba email password invalid kali coba pakai forgot password email password invalid hadeehhh tolong ya baik ganggu terima kasih,negative
aplikasi bagus lot upload info bio akun kali coba lot koleksi buku lengkap double buku buku masalah biar variasi depan,positive
baca buku gratis,neutral
oh iya bikin password tks min saran banget tolong pilih bikin shelvesrak buku contoh rak buku toread isi kumpul buku pengin baca enggak baca drag drop urut buku sesuai baca duluan shelves buku sesuai genre dll sesuai butuh kayak goodreads biar kalo taksir buku enggak lngsg didownload biar baca download duluan,neutral
tidak download buku pinjam ya,neutral
suka banget aplikasi tampil simple buku bagusbagus kurang tolong tambah fitur hapus histori reread buku tenggelam tumpuk histori buku susah scroll nemuinnya ipusnas lancar hp jadul enggak error notif date,positive
aplikasi akses kamera modifikasi file sistem hape hayo aku aplikasi spyware ya alas atur cahaya otomatis hayo aku koleksi buku ipusnas radikal ya,neutral
restart,neutral
applikasinya tidak buka tablet login fitur wishlist,neutral
aplikasi nya bagus bantu harap depan bagus banyak koleksi buku mohon masalah sistem antri pinjam buku jelas banyak buku,positive
aplikasi bagus enggak baca buku,negative
keren aplikasi bangsa faedah,positive
akuakui nya lengkap bukunnya big problem queue bad mood reading,negative
aplikasi bagus bantu kurang biaya beli buku kurang rasa buka buku tampil halaman baca halaman moga,positive
lot banget,negative
like idea pakai account app live makassar never went pusnas jakarta sign,neutral
ipusnas tidak akses ya kak notifikasi unknown error buka aplikasi nya tidak pinjam buku,neutral
bagus aplikasi tidak nyaman hp pakai dark mode harap masalah,negative
good app read many books save lot money still lot bug hope app better improved thank,positive
login nya banget astaga tinggal menit suruh tunggu susah banget lanjut tugas suruh pakai aplikasi kayak,negative
kagak buku materi kuliah,neutral
halo foto cover buku ngeblur ya baik,neutral
nice,negative
wormbook,negative
aplikasi bagus buku banyak tidak file didownload,negative
guna simple coba baca buku tidak software nya masalah buat sesimple,negative
bagus aplikasi tinggal stok buku banyak,positive
god sake baca buku login enggak coba ulang kali login pakai email apknya ngefreeze pakai facebook suruh tunggu aneh fix sih,negative
pengin login susah banget banget,negative
cant log,negative
tolong masalah notifikasi sedia buku tidak muncul aplikasi fitur notifikasi muncul buka aplikasi,neutral
rak buku tidak biaa mendownload buku baca,negative
milik masalah login login tulis please wait mohon solusi terima kasih,neutral
konsep dih bagus ya sayang hp ngelag,positive
enggak login muter pleas wait coba closeopen enggak login,negative
min lengkapin koleksi novel agatha christie novel karya keigo higashino tolong lengkap,neutral
kendala banget registrasi akun ipusnas coba login pakai email password doesnt match belum registrasi coba pakai fb pinjem suruh pasuk pas match anggota perpusnas email ipusnas suruh registrasi tombol registrasi bingung bintang belum pakai,negative
ribet,negative
pakai email daftar enggak regis pakai email enggak hhhhh,neutral
mohon jelas jangka maksimal pinjam ebook pinjam buku masak hilang belum selesai baca enggak data pinjam history tolong baik ya terima kasih,neutral
really appreciate application please improve quality dont understand application yet,negative
buku tidak baca didownload buku buka aplikasi otomatis home tutup sayang,neutral
suka aplikasi pustaka kemarin error masalah eh error komentar admin prosedur fasilitas donasi ebook beli ebook ebook langsung masuk ipusnas tidak edit aplikasi oke terima kasih ipusnas,neutral
habis update data found tab profil enggak muncul ganggu jaring buka sosmed streaming youtube netflix lancar lancar ya pas buka ipusnas enggak buka data found tolong masalah,neutral
aplikasi bagus satusatunya tahan hp frustrasi koleksi buku pinjam milik stok buku pinjam stok buku habis pinjam lupa kembali kembali habis buku rak tidak temu tak kembali mana stok buku pergi mohon masalah,positive
bagus tolong katalog list buku random home next lihat rekomendasi,neutral
concept good execution bad still well done ipusnas hire ui engineer ux engineer,negative
apps bantu wisma atlet moga koneksi apps peduli lindung terima kasih pusnas,neutral
keren banget ipusnass cinta moga koleksi buku kiri kanan banyak ya min,positive
tolong banyak copy buku habis,negative
enggak buka aplikasi uninstall install kali enggak baca belum selesai ya tolong,negative
buku rick riordan enggak lengkap harry potter series enggak baca,negative
update muncul izin akses telpon tidak hubung perlu baca tolak aplikasi tidakbisa buka,neutral
sok far sok good however wish app provided english novel later,negative
pinjam panjang,negative
kadang kalo buka,neutral
tidak akun tidak baca deh,negative
buku bagus appnya suka ngelag,positive
night mode enggak fungsi format pdf enggak ubah font sizenya enggak masuk halaman baca bolak kudu scroll halaman user interface jadul bugging enggak fitur search buku baca enggak fitur lompat halaman eror force close enggak buku bahasa inggris,negative
enggak download cache hapus sinyal wifi kencang memori plong hp restart enggak dwnload knapa ya,negative
tidak pinjam buku borrowing book please wait tidak selesai edit pakai akun facebook tidak pakai akun gmail,neutral
read original legal free book best,positive
navigasi beranta susah pakai kategori buku jabat hire uiux design,negative
aplikasi bantu januari buku pinjam tidak baca aplikasi crash klik baca mohon bantu terima kasih,neutral
ijin pakai manage phone call akses camerafile media,neutral
tambah notifikasi muncul handphone mudah buku sedia,neutral
terima kasih masalah aplikasi ngeread ebook pinjam terima kasih ipusnas jaya,neutral
dikembangin saran list antri history bacapencarian nama uploader muncul buku upload tolong masalah lot baca buku download hp enggak sambung internet,neutral
harry potter old series like dont im feeling speechless also need change system setting seems intrusive,neutral
gratis sih eror muluu,negative
interface aplikasi oldfashioned buku tolong dibanyakin copy nya kasih tenggat pinjam kembali pinjam,neutral
aplikasi bantu baca mana bawa buku fisik asyik baca buku langsung oh ya mohon mode gelap sempurna aktif belum fungsi,neutral
belum aksesibel guna tunanetra pakai screen reader,neutral
aplikasi bagus ajar biasa baca aneh minggu enggak download buku tidak baca buku download please tau mohon bantu kembali normal,negative
koleksi buku tolong kembang sistem notifikasi muncul notif appnya buka jujur tidak akun pinjam buku antri notifikasi layar hp,neutral
read anytime anywhere,negative
aplikasi rekomendasi situasi overall aplikasi bagus kerepot buku pinjam download habis didownload buka offline aplikasi kadang tidak buka online baca,positive
jujur apk nya bagus nyaman bumi series nya belum lengkap baca,positive
terima kasih responnya download baca,neutral
update versi baru buku pinjam masuk rak tidak unduh coba delete reinstall problem tidak versi hubung dm instagram email support ipusnas belum balas mohon solusi kait masalah updated problem solved thanks ipusnas,neutral
force close android,neutral
dear perpusnas app always closed forcely want read book borrowed please fix app asap thank,neutral
enggak download ya enggak baca deh ya min,negative
suka aplikasi batal antri pinjam buku laut cerita stock jatuh aplikasi spam notifikasi harap developer masalah,neutral
update baru masalah bug tidak baca tab xiaomi pad terima kasih,neutral
suka bagus,positive
baca tablet osnya android tidak didownload buku sengaja beli tablet baca huruf,neutral
buku pinjam unduh baca update,neutral
ya hasil minjem buku pas buka otomatis aplikasi,neutral
buka buku pinjam aplikasi tutup otomatis,neutral
hasil pinjam enggak download enggak baca,negative
error manfaat enggak sayang asih bintang,negative
tidak mendownload buku minggu moga masalah,negative
aplikasi perintah enggak beres basis literasi low banget kualitas diborrow baca cuman muncul ikon download ikon download teken enggak apa enggak ikon report bugerror,negative
baca buku aplikasi tutup,neutral
hasil pinjam kembali buku kosong pinjam buku tidak download kali unistallinstall ulang enggak berhasilmohon masuk admin atas tsbmksh,neutral
enggak didownload sih buku,negative
install aplikasi bulan tibatiba hari tidak download tombol download tidak fungsi mohon bantu masalah install samsung galaxy tab si fe android terima kasih,neutral
bolak donlot rekues verified via email enggak email balas nya,negative
enggak buku buku ipusnas klik download tidak bantu,neutral
update buku tidak didownload,neutral
buku pinjam enggak didownload enggak baca,negative
klik pinjam buku sedia tibatiba buku tidak muncul tulis baca tulis download itu tidak klik coba install ulang tidak lancar baca ipusnas buku pinjam antri baca mohon masalah,negative
buku lumayan lengkap kekurangnnya ui rapi,negative
error tolong masalah tingkat guna nyaman,negative
kecewa banget borrowed buku enggak download pencet kali enggak download sesuai prosedur versi error,negative
ngelag banget ya plis deh pengin ajar,negative
like app baca buku gratis error ya buku hasil pinjam enggak download,neutral
bagus ya niat biar orang baca buku gratis tolong tingkat ya kualitas performa aplikasi dikit eror dikit eror tuh bikin sedih huhu kalo pengin baca buku,negative
buka buku pinjam mohon bantu,neutral
buku enggak download,neutral
good application buku antri minjem stok habis dipantengin enggak dapat tolong stok nya tambah,neutral
selesai baca buku buku hasil pinjam buku buku tidak download coba buku persis jadi buku bantu min,neutral
tidak baca android,negative
aplikasi error ya pinjam buku buku enggak langsung download,negative
okeoke tibatiba buku rak hilang enggak enggak download buku rak rak hilang please fix issue,negative
app tidak pinjam download tombol downloadnya tidak klik akibat tidak baca buku tolong bantu solusi terimakasih,neutral
minggu forced close ya buku keburu habis pinjam nih tks,negative
error ya kemarin nungguiiiinnn baca error huhu exp nya jalan ya,negative
aplikasi mudah manfaat januari januari buku pinjam tidak download ya terima kasih,neutral
enggak pencet download,negative
concept app good create inclusive access every person read books app bad app close forcely everytime try read book borrowed app looks outdate compare another app try fix bug please,negative
please upgrade apss,negative
ganti hp os android pinjam buku tidak didownload app tidak terimakasih,neutral
buku lengkap apk sayang suka keexit,positive
pakai aplikasi jarang buku pinjam tidak didownload pinjam hasil tidak baca tidak download ya,negative
borrow enggak download buku apa,negative
pakai enggak download buku pinjam kitim email support enggak balas,neutral
bagus sih buku lumayan lengkap kemarin enggak download buku,negative
baca force close,neutral
ipusnas bantu banget baca buku gratis legal buku bilang lengkap perkara antri sih turut enggak ya gratis ipusnas anehh buku dipinjem enggak didownload enggak buka reinstall kali,negative
using app friend give recommendations try create account borrow book want open book cant cause everytime click app force close dont know phone doesnt compatible orang something else im using redmi note pro thank,negative
bagus sih aplikasi cuman ya kemarin buku pinjam tak download tidak baca mohon baik,negative
tidak ramah,negative
lancar buku pinjam download download ulang tidak merespon,negative
downloaded book suddenly gone cant download book anymore dont know,negative
bintang update buku pinjam tidak didownload tolong masalah ya reviewnya ubah baik,neutral
ya buku hasil pinjam tidak download baca salah kah,negative
buku pinjam tidak baca klik buku laman crash home mohon masalah,neutral
ipusnasku enggak pakai baca habis pinjam pas baca langsung sih aplikasi,neutral
kak habis diupdate enggak download buku pinjam sih kak tolong masalah ya suka baca ipusnas nih,negative
guna stock buku antri ribu buku,neutral
mode baca pakai tombol volume mode besar gambar apa mode baca kasih info kalo deh enggak dibalikin buku otomatis pus cari buku cari recent activity searchnya fokus uiux baca enggak note following followers,negative
kolom cari buku tidak,neutral
ya fitur forgot passwordnya enggak guide websitenya enggak tolong masalah,negative
aplikasi paksa ebuku,neutral
bantu baca buku,negative
jujur bagus banget pls tambah koleksi buku,positive
aplikasi enggak kembang enggak prbhan fitur serba batas ganti nih orang btngung aplikasi,negative
tolong banyak variasi koleksi buku,neutral
buku tidak baca aplikasi force close buka buku hasil pinjam,neutral
please dark theme,negative
log pakai alternatif facebook tidak log nomor anggota,neutral
pinjam aplikasi force close ya,neutral
halo download ipusnas aplikasi bagus sedia banget buku baca saran tolong tambah fitur notifikasi buku masuk wishlist sedia biar enggak keduluan terima kasih,positive
amazing,negative
notifikasi tidak muncul popup tinggal info sedia buku lewat bentuk digital tidak banyak copynya orangorang baca antri berabadabad,negative
saran kembang aplikasi buku otomatis hilang rak pinjam tidak kembali riwayat pinjam buku temu buku bagus orang tidak langsung menbaca sibuk baca buku hilang lupa judul buku moga saran realisasi,positive
aplikasi bagus tambah wawas saran kondisi prosedur standar error daftar email registrasi verifikasi email pinjam buku tahap sukses baca buku jam akses aplikasi verifikasi email ulang ganggu apresiasi kerja keras pustaka nasional good luck,neutral
tolong admin mohon masalah buku tidak pinjam salah server kemarin baca buku kesel terimakasih masalah bagus terimakasih,neutral
guna aplikasi klaim baca buku online mana nyata baca buku app antre ribu orang,neutral
return book freeze loading coba reopen aplikasi openingnya banget mohon masalah ya tim support,neutral
halo min aplikasi bagus buku oke enggak buku banyak pinjam buku penuh buku cari tidak jadi masuk buku variasi jujur harga buku mahal aplikasi bantu low budget,negative
install samsung,neutral
koneksi error,negative
tolong tambah pilih buku popular popular pilih pinjam pinjam,neutral
first time using application turned bad beyond expectations application theme unstable reading hurt eyes,negative
install start langsung uninstall maaf bukan tidak dukung apps permission enggak permission rubah syatem config,negative
min usul min buku laku copynya buku laku copy tolong sortir buku laku tolong copynya buku motivasi thx min,neutral
manfaat user friendly tolong tingkat landscape tablet android,neutral
great app versi desktop error kemarin login enggak ngeload buku tampil blank hope gets sorted soon,negative
great app bookworm well even tho sometimes server error,negative
masalah,neutral
ya kali baca buku force close pencet langsung aplikasi tidak baca mohon masalah ya,negative
worst app cant read single book borrow always force close,neutral
banget error gajelassss kzl,negative
aplikasi ipusnas ngebug kadang susah buka buka aplikasi muncul cover judul aplikasi ipusnas tidak henti loading mohon masalah terima kasih,negative
loading proses log sulit,negative
always loading,negative
please bugnya banget tolongggg dijelasin banget bingung,negative
desain interface app kuno kes desain informatif enggak user friendly sistem cari detail bug error loading koneksi internet lancar sistem limit copy susah digital enggak limit pinjam sistem kuota tidak ubah font size fontnya,negative
masuk aplikasi banget proses nya lot,positive
stuck present page maintaince,negative
manfaat baca buku gratis koleksi judul tarik judul klasik copy pinjam banding pinjam user experience aplikasi buruk terkadang aplikasi loading logout aplikasi masalah aplikasi manfaat mudah,neutral
buku lengkap alangkah halaman muncul judul buku genre sesuai baca user seringkali buku halaman judul random tarik,neutral
error epusnas keeps stoping,negative
hope new books avilable soon,negative
using app almost years get references campuss tasks coulnt even login using facebook account anymore please fix issue asap thank,neutral
lengkap buku tambah bukubuku ilmu tahu islam fiqih tafsir hukum dll,positive
cant even sih content clicking app shows opening screen without processing content,negative
great app please pop notifications book available,negative
inovasi oke baca buku enggak beli alternatif buku tulis populer buku belum temu buku judul lumayan buku laris antri enggak sistematika antri overall enggak user friendly tap tombol back berulangulang cari buku aplikasi hang moga,negative
aplikasi pustaka digital baik,neutral
ngebug,negative
ipusnas akses system settings storage camera enggak dibutuhin download ipusnas desktop virus pas download jadk restart laptop virus lepas laptop akses enggak dibutuhin virus desktop bukti virus desktop,neutral
sekian puluh kali coba login registrasi aplikasi sandi salah akibat aplikasi ubah sandi ganti gejala sok disappointed experience,neutral
ipusnas bantu baca baca buku mana gratis senang baca buku ipusnas tidak buku cari sedia depan buku bukubuku terjemah,positive
pustaka amburadul tidak tata kategori isi buku agama,negative
network timeout loading buku koneksi streaming lancar mohon benah guna milik keluh terimakasih edit masalah good,neutral
improvement needs made overall great app pakai books accessible hopefully promotes reading culture indonesia thank ipusnas,positive
susah banget makenyamau login susah daftar akun enggak tau mana menu,negative
koleksi buku tolong lengkap,neutral
mantap cerdas jehiduoan bangsa moga anak bangsa gemar baca adanyabaplikasi banyaknorg belum tau pus digital mantab deh pokok terimakasih developer layak bintang,positive
aplikasi bagus kurang versi baru loadingnya menit koneksi internet bagus,positive
aplikasi bagus error internet bagus sulit pinjam buku pinjam buku baca tombol read tidak merespon file buku tidak buka loadingnya muncul internet server error operasi aplikasi laptop susah handphone harap kualitas aplikasi masalah,negative
excellent app great place read tons tons booksnovels seriously cant believe free personally would honoured feature could delete history fitur hapus histori since im tryna pakai profile much appealing oh also maybe making notifications visible overall fantastic ill continue look forward future updates,positive
aplikasi guna adakan fitur baca pinjam bukan dar pinjam fitur baca user tidak antri pinjam bahan tidak buku sia pinjam antri selektif cari baca pinjam buku diperlukam antri,neutral
great apps eva,negative
errorudh hasil register suruh register,negative
bagus suka banget enggak fungsi versi android versi windows,negative
puas aplikasi update buku terbit baru kategori desain komunikasi visual,neutral
application ask permission write system setting,neutral
notifikasi aplikasi enggak masuk buka aplikasi tahu notifikasi masuk,neutral
recommend app nice,positive
bagustapi sayang scroll suka ngulang awaltolong baik,positive
bad,neutral
great app bagus tingkat baca offline enggak mesti online harap depan fitur wishlist nya enggak queue list,positive
download kgk login,neutral
kesan bagus,positive
aplikasiny bagus sekalisedikit saran search halaman baca,positive
senang banget nemu app baca buku gratis legal aplikasi bagus simple mudah pakai saran fitur sortir dasar abjad koleksi buku fitur wishlist tanda buku baca,positive
aplikasi bantu cari buku baca pustaka pinjam buku bentuk ebook baca tidak smartphone perangkat komputer tablet nyaman baca ebooknya terima kasih ipusnas bantu banget aplikasi,positive
buka buku pinjam crash solusi,neutral
fitur searchnya enggak tampil buk cari muncul list buku jenis buku cari belum sedia,neutral
thank good app sok many collections im grateful find app hope sok many people future cant believe free guys ads plagiarism dont download kind books illegally developer im pleased feature better experince dark time font option finding pageoption etc dont get notification available books sok please fixs sok far good app,positive
eror please fix,negative
terima kasih luncur aplikasi catat fitu cari buku dasar judul buku bantu cari buku dasar kategori cari judul buku,neutral
bantu,neutral
aplikasi keren senang pinjam buku gratis pustaka nasional,positive
ipusnas definition little piece heaven especially book nerds found lot books didnt know needed read ipusnas thank whoever invented ipusnas bit suggestion itd super great ipusnas wishlist feature sok easily find books wish read anytime without search thanks,positive
habis diupdate error,negative
tidak login aplikasi error nutup pinjam buku waiting list jelas buku pinjam antri,negative
susah login loading nya internet aplikasi lancar masalah ya aplikasi nya biar mudah akses,negative
,negative
appnya ya buka buku kalo searching minjem lancar,neutral
tolong benerin biar enggak slow jaring slow gagal minjem buku,negative
bagus tolong tingkat,negative
always stopping reason cant borrow sok sad,negative
kadang suka toleransi sih enggak koleksi buku tambah,negative
moga cepat tingkat fitur appnya,positive
masyaallah tabarakallah bagus banget ebook gratis lengkap wajib download terima kasih ipusnas moga depan,positive
mohon lengkap koleksi,neutral
buku kerenkeren masya allah filter susah banget developer tolong kasih filter buku populer filter minat deh cari buku asa tunggu wahyu tuhan tunggu semesta tentu isi buku rekomendasi banyak bukubuku benar bukan minat sedih biar baca ya bikin malas baca wey,positive
buku animal farm nya pinjam kali baca aplikasi ipusnasnya crash tutup baca buku lost symbol karya brown baca buku inferno karya brown langsung buka dicheck animal farm lost symbol akibat aplikasi ipusnas crash coba tablet jadi thanks,neutral
lelet,negative
belum coba aplikasi deny permission akses storage phone camera alas tidak buka aplikasi tolak minta tidak buka aplikasi fiturfitur batas pribadi tidak suka aplikasi izin jamin data tidak bocordisalahgunakan terimakasih,neutral
app interface kompatibilitas device tingkat banding negara tetangga pustaka sekolah swasta overdrive app usang apak timbang overdrive layan pustaka digital,neutral
enggan aplikasi permission aktif jalan permission butuh jalan fitur fitur tidak jalan salam literasi,neutral
terimakasihmohon update buku,neutral
aplikasi bagus guna semangat developer upgrade butuh guna nyaman aplikasi,positive
kemarin aplikasi maintenance bukan alami kali tidak rutin intensitas guna alami ya darkmode tidak fungsi fungsi jenis perangkat sistem dukung darkmode ipusnas moga depan ya benarbenar dukung aplikasi semangat,positive
good,positive
diupdate gagal load berkalikali coba asal jaring tidak tulis could get data server dls found,negative
keren bantu baca pinjam buku digital moga koleksi pustaka koleksi,positive
bantu baca buku gratis legal sayang ux fitur aplikasi balik halaman buku swipe sesuai halaman nyaman cepat klik snackbar muncul ganti halaman ganggu konsentrasi fitur standard cari buku filter sort tidak sulit scroll cari buku,positive
aplikadi henti buka ebook,negative
im proud use ipusnas,neutral
terima kasih bikin aplikasi nyediain buku gratis sangaat bantu kalo pengin baca enggak duit beli buku fisik tolong dibanyakin koleksi buku ya aplikasi diimprove biar smooth enggak crash,positive
aplikasi manfaat sayang baik berulangulang pinjam buku gagal register ulang register email verifikasi banyak notif jaring jaring stabil susah akses aplikasi moga depan masalah terima kasih,positive
kadang pinjam buku tidak baca tulis ubah kotakkotak,neutral
error kadang tidak pinjam buku buka suka tidak keload tidak notifikasi buku available pinjam,negative
app asking permission galery phone etc think unrelated reading experience scared takes personal data installed changed,negative
moga kembang koleksi kualitas terima kasih hadir aplikasi,positive
bagus kalo tampil enak baca nyaman,positive
best app read million book notification book available borrow active phone solve,neutral
keren banget nih perpusnas aplikasi online bermanfaaaat banget gila sih stok buku baca enggak beli pinjem ipusnas baca mana keren parah thanks ya,positive
thanks improve developer belum fungsi fitur bookmark aplikasi cover alhasil cari halaman baca jujur ganggu mohon masalah terima kasih buku maksud haunting hill house shirley jackson,negative
baru tampil baca kejut tidak sangka aplikasi resmi tarik fungsional sama sungguh maju samping fitur tanda read aloud rilis fitur otomatis tampil halaman tinggal hilang fitur markah tidak sungguh sulit moga tidak tampil baca ipusnas tingkat kualitas aplikasi,positive
sesal tau download,negative
suka sih minjemnya mak emak repot kayak time batas tidak berlamalama ponsel,negative
buku jarang temu pasar bantu banget referensi kuliah,positive
error,negative
aplikasi bantu alami kendala tidak pinjam buku stock buku sedia tolong masalah nyaman,neutral
app easy use keep stopping without reason sok far good hope gets better,positive
app nya eror,negative
appreciate effort provide us readers read books freely borrowing books digitally aplikasi enggak nyaman suka error loadingnya lamaaa sinyal jaring oke enggak tools biat tanda halaman baca navigasi halaman google playbooks mudah baca kalo baca enggak baca,negative
moga koleksi lancar akses,neutral
enggak masuk enggak daftar daftar anggota online ribet banget baca doang,negative
servernya eror ya download buku enggak,negative
tolong pop halaman hapus menganggu nyaman alam baca nya pop halaman muncul halaman malas baca,negative
habis baca buku tutup buka ya scroll halama baca,negative
baca isi luang layout baik kadang tidak smooth tambah tanda warna tanda kutip biar enak baca,positive
email enggak verifikasi enggak minjam buku,negative
terima kasih sedia sumber informasi tugastugas uinya tarik,neutral
tolong display settingnya dark background benar fungsi enggak ubah buku terima kasih ya,neutral
login bug via fb susah sambung tidak popup fb api via email ux tidak pada login error register error verifikasi koneksi buruk hard use usable,negative
ribet worth,positive
aplikasi banget henti koneksi hilang jaring bagus aplikasi lambat banget scroll buku tampil cover buku sebal mohon masalah aplikasi ya tunggu ubah terbarunyaa semangatttt,negative
access book yesterday keeps saying time,negative
easy borrow idk keeps closing want read book ive borrowed,negative
okee,negative
bagus hapean faedah sayang smntara temu ganggu tidak fitur findsearch baca pdf search materikatafrase mohon fitur search tksh,neutral
bagus bagus enggak sih masuk notifnya diperbaikin notifnya enggak masuk tidak pemberitahuan buku pinjam buku antri lewat tidak notif,negative
great,negative
always loading intenet connection good app still loading took sok long borrow book,neutral
ipusnas fitur dark mode nya buku kertas kalo baca novel biar enak enggak mudah bikin mata lelah,neutral
aplikasi crash mulu loading mulu trys tutup apps perintah buruk parah moga masalah,negative
bantu kurang koleksi buku banyak user interfacenya yaampun parah banget kurang last page baca enggak otomatis buka baca scrolling cmiiw dll kalo masalah apps bantu sih cari sumber digital,negative
senang suka,positive
buku ngedisko jir hitam putih hitam putih scroll,negative
cant read books application keep stopping,negative
susah daftar please wait mulu,negative
tidak login pakai email pakai facebook loading,neutral
enggak regis guna pas atus password tulis pw guna belum pw nya,negative
tambah wawas tahu buku buku sedia cuman harap bukubuku terbit baru ipusnas keren,positive
terimakasih update baru bugs atas,neutral
tolong tambah beranda promosi buku rekomendasi buku hari sulit cari buku bagus bantu ulas internet rekomendasi teman ada beranda rekomendasi ipusnas bantu baca bingung cari buku bagus baca,neutral
seru banget baca ipusnas ditambahin fitur slide samping scroll bawah,positive
display aplikasi buruk darkmode buku display putih ubah hitam putih terus,negative
apknya bagus bagus kasih fitur highlighter enak,positive
kece totaaaaaaal,negative
terima kasih banget app baca buku enggak uang legal,positive
admin enggak novel historical romance tambah novel lisa kleypas elizabeth hoyt julia london banget novel nya terbit thank,positive
aplikasi wajib unduh device poco f diroot pasang custom rom lineage os coba pinjam buku force close tak sih buka dashboard semangat min moga bonus,neutral
omg pls notifnya enggak muncul notif bar tinggal stok buku melulu huhu pls baik,negative
cant choose book categories,negative
trouble buku dikit buku lawas,negative
apk khas perintah penuh bug enggak jalan,negative
tidak buka aplikasi bilang kalo tidak ambil data server tidak dsl,neutral
,negative
ui tidak tarik tidak fitur registerdaftar guna kembang rembuk tim mutakhir aplikasi peta maaf nol bintang aplikasi mudah bebas akses tidak login fb login fb tidak pilih google tak komentar megatakan app bagus bots uninstaled,neutral
bukubukunya bilang lengkap aplikasi tambah fitur simpan pinjam buku baca pinjam bingung fitur simpan pinjam,neutral
tolong sempurnain aplikasi lag kelas aplikasi perintah low kualitas enggak koneksi jelasjelas jaring bagus enggak reload,negative
aplikasi sulit akses kesal sulit akses pinjam buku failed alas connection koneksi baikbaik pakai akses apps streaming lancar hires please app needs improvement,negative
sinyal bagus kuota muncul tulis problem connections connection kali ngeklik buku dipinjem muncul gambar buku kosong terang enggak hapus cache ulang kali diuninstall kecewa sumpah,negative
apresiasi inovasi mudah literasi maksimal kembang teknologi aplikasi kelola perintah benar parah sih internet cepat sih proses regist epustaka sinyal daerah jelek pakai youtube lancar banget regist doang enggak mulu koneksi buruk enggak tau deh server jelek,negative
aplikasi lambat eror tunggu baik,negative
tarik baca buku buku nya cuman pas pinjam buku enggak kayak tulis e eror jaring ku aman enggak lot cuman pas apps pliss baik dahal tarik banget baca apl nya enggak hiks jadih sedih,negative
aplikasi bagus suka baca buku enggak belimager error moga masalah depan,positive
apps good collections books quiet enough apps support screenshot read books bad problem eye capture page page zoom page galery doesnt work anymore,neutral
aplikasi bagus banget koleksi aplikasi jelek ngebug tulis connection moga masalah,positive
problem occured installed app says could get data server dls found close application,negative
aplikasi harus guna login ulang tutup aplikasi baca aplikasi desktop buku cari cari enggak loading loadingnya,neutral
tidak erti minta permission aplikasi izin aplikasi ubah system setting butuh kamera baca isi device maaf cari buku paksa langsung uninstall,neutral
installed app wont open said could get data server dls found,negative
banget error aplikasnya koneksi bagus coba install ulang,negative
lancar banget pencet buku baca aplikasi ya benerinnya,positive
app nya bagus nemu baca baca gratis pls loading nya banget kadang suka app nya pinjam buku mohon masalah kembang,positive
tombol tidak fungsi permission tidak,negative
min tolong bikin setting notifikasi notif bunyi tinggal nih buku wishlist available notif baca buka app setting hp terima kasih,neutral
download app bacain buku anak usia dinidan koleksi bagus lemah tau judul buku apakarena cari dasar judul dasar terbit enak moga koleksi buku terbit atas kategori non fiksi,positive
lengkap legal gratis keren banget pokok,positive
mantap deh,positive
lancar pinjam buku gagal pinjam,negative
tolong masalah bugnya terkadang baca pakai fitur update mudah login tingkat lag,negative
aplikasi uninstall masalah jaring lancar cek koneksi cari buku masuk login ulang aplikasi masalah tidak masalah fasilitas bantu cerdas hidup bangsa sayang,neutral
enggak buka,negative
aplikasi bagus pengin baca buku legal enggak uang ngeselinya pas antri kayak rebut cepat banyak bukunovel karya karya orang korea jepang ya pokok mantap,positive
dont know apps cant open well hope apps manage well,neutral
aplikasi salah baik lepas suntuk bantu kerja riset koleksi buku jamin bantu harga mahasiswadosen ajar rumah saran koleksi sejarah banyak terima kasih sukses perpusnas usaha digitalisasi yeaboii,positive
yeah good,positive
bagus aplikasi bukubukunya lumayan lengkap baca offline keren moga koleksi buku tambah,positive
koleksi ui nya tolong masalah desain kaku tambah fiturnya pinjam kembali animasi balik halaman buku uinya masalah nyaman mata terima kasih,neutral
ui ux sulit buku tidak tarik,negative
modify system permission,neutral
cool,neutral
could get data server bilang tidak kendala,neutral
trouble,negative
tolong kengkapi fitur teks speach bantu suara enak dengar asalkayak robot,neutral
app great many books borrow days free login facebook orang email unique level system show reading rank sometimes account log automatically orang sometimes take times load ui looks outdated,neutral
aplikasi enggak jelasss,negative
updatean baru lumayan bagus fitur tanda tidak ya fitur butuh tidak fungsi,positive
cool,neutral
aplikasi tahi,neutral
bagus ngisi luang terima kasih ipusnas,positive
great app borrow many books collection book quite complete,negative
tolong masalah error asal aplikasi bukan erorgangguan jaring hp user orang tinggal daerah tidak sedia fasilitas pustaka senang temu elibrary tolong dimaintain elibrary jangkau pelosok indonesia user nyaman moga bantu tingkat melek literasi masyarakat indonesia,neutral
pagi kelas giat literasi terkadang luang baca buku nonpelajaran segi uang beli buku tokotoko buku muka aplikasi bantu buku dipinjamdibaca gratis tema buku agam mudah nyaring kriteria moga apk tingkat minat literasi anakanak indonesia,positive
aplikasi bagus suka mohon maaf ya masuk apk gbisa sambung apk nya tidak sinyal tolong masalah depan terima kasih,positive
notifikasi buku pinjam tidak masuk buku keburu pinjam orang moga cepat atas,neutral
great dont like log everytime close app aslo want darkmode app maybe wan na read night time also want app look better thats,negative
good always laggingggggg im sok mad still want app sok give star,negative
kritik pilih kategori buku salah kategori pilih ganti kategori masalah tidak scroll ayo aplikasi negara profesional,negative
app keeps refreshing cant search book frustrating,neutral
alhamdulillah jarang error kasih bintang ya admin tolong tambah fitur baca tap kanan kiri ya pakai curl ribet pakai scroll kadang enggak lihat full halaman ehehe terima kasiih,positive
payah enggak buka,neutral
developer nya kayak babi aplikasi busuk makan gaji buta,negative
trash app cant login,neutral
koleksi banyak baharu buku sehat psikologi didik dll,positive
like borrow books free app collection also quite complete working quite well although sometimes face errors overall usable would great way go next page tapping right side screen go prev page tapping left side screen sok easier users navigate totally believe app could better day day,positive
great app,negative
tried verified email account got thise message internal server error,negative
bagus suka crash sedih buku kualitas bagus senang,positive
oke enggak eror lagitp kadang bintang otw ya,negative
tidak loginbutuh email password enggak menu sign upbantu,neutral
overall nice bukubuku golong lengkap terbit negeri nyaman baca tanda halaman tidak fungsi scroll cari bab baca mohon masalah terimakasih,neutral
could get data server,neutral
aplikasi ijin ubah atur sistim admin dar ijin atur cerah orang enggan aplikasi hilang akses izin sistem urus cerah layar guna manual,neutral
aneh pinjem buku enggak baca pas pencet app pengin banget baca hadeh,negative
aplikasi bagus isi bukubuku tarik loading nya tidak jaring moga atas,positive
whats wrong app cant reading book instaled app borrow books cant found library sok bad experience fix,negative
pinjam buku mudah tidak buku temu bentuk e book bantu harap perpusnas tingkat koleksi ebooknya tidak rat langgan oleh mudah pinjam buku referensi lengkap terima kasih,neutral
aplikasi bantu baca buku senang koleksi ya antre gapapa syukur baca ipusnas eum ipusnas izin baca screenshot baca buku tidak izin lumayan sedih screenshot halaman buku muat kalimatkalimat apik ipusnas error tibatiba mohon masalah ya,negative
ive using app year pretty good actually since latest update cant use app cant even borrow book reason,positive
moga aplikasi dorong generasi muda indonesia rajin baca buku tingkat minat baca,neutral
kak developer request novel terjemah negeri banyak enggak nemu novel harry potter pengin baca,negative
pakai yes,neutral
nyaman baca buku gadget baca pilih buku lumayan lengkap baik deh pokok,positive
bug,neutral
great koleksi buku variasi mudah baca buku terima kasih,positive
really like app always force close please fix problem believe,negative
koleksi lumayan lengkap gratis legal sayang banget kalo kasih fasilitaa enggak dimanfaatin ningkatin minat baca masyarakat uinya cantik dikit transisi pas scrolling smooth sosialisasi masyarakat yet rest fabulous,positive
please enable setting read book scrollingtapping right left bookmark search feature working,neutral
never agree app access phones settings app wants one sok give one star bye,neutral
bagus kayak enggak urus,negative
guna ios ipad buka aplikasi ipusnasnya forced close mohon masalah buku pengin baca ipusnas,neutral
jelek enggak masuk masak bulan enggak masalah,negative
request allow modifying system setting bikin insecure skip tunggu update,neutral
enggak buka zzzz cerdas bangsa,negative
nginstall buku buku enggak dipinjem developer malas maintenance sunti dana perintah sibuk urus covid dana maintenance pangkas delevoper lestari bug dana maintenancenya korupsi enggak percaya aplikasi kelola perintah,negative
minggu enggak pinjam buku,negative
,negative
genre hilang thriller horror hilang min,negative
kali coba buka apk tidak,negative
kecewa errornya banget,negative
cant register,negative
unknown error got borrow books,negative
instal aplikasi enggak dipinjem ya huhuh,negative
buku batas ya batas pinjam bukuny,neutral
crash android tidak buka ebook borrowed,negative
kadang error pinjam app nih izin izin edit system setting,neutral
ngebug sih aplikasi enggak nge search,negative
tidak ipusnas menginstallnya dapat alam baca versi ipusnas baru belum maksimal error mode malam latar tulis samasama gelap sulit buka buku kali aplikasi tidak tampil apaapa mohon masalah salam literasi,negative
thought app would great another ridiculous app govt requires video storage permission even system settings said ones comment set brightness ecommerce qr app set brightness without requiring settings uninstalling permission changed optional,negative
bukubukunya bukubuku cerita baca pustaka sd sulit temu buku pinjam tidak buka aplikasi otomatis tutup buka buku,neutral
idk fitur android beda fitur apple android payah,negative
aplikasi masalah tolong lengkap koleksi bukubuku novel hibur bahasa asing terjemah,neutral
saran pdf download offline enggak signin baca,negative
salah aplikasi baca gratis baik indonesia koleksi buku buku cocok baca buku pinjam gratis gratis app kurang app nya maintenance suka error tidak kategori buku genre klasifikasi buku ketik manual tab search,negative
good apps,neutral
scrolling homepage really makes sick,negative
app needs permission modify system setting otherwise app cant opened ask reason permission take picture video along reading storage made optional rather tahan compulsive,neutral
tidak buka aplikasi keeps stopping tolong masalah pengin baca buku,neutral
mohon transisi cuman tap,neutral
bagus cuman error,negative
first time download got many reviews app come back use app give appreciation app,neutral
tolong kalo buku pinjam sedia kasih notifikasi bar pinjam sedih banget antri,negative
didnt get confirmation email sok cant borrowed book,negative
bagus aplikasi maintenance ya ganggu saran baru play store user download tidak henti maintenance dark mode opsi baca,neutral
nice appp,negative
diinstall ulang normal alhamdulillah,neutral
terima kasih masalah aplikasi baca nyaman gratis,positive
dank,negative
aplikasi tidak deteksi koneksi internet koneksi internet tidak browsing koleksi pinjam buku tolong baik,neutral
banget errornya,negative
tidak pinjam buku ya kali kali click borrow enggak,negative
download baca novel mira jendela wkwkwk,neutral
hai kak buku bahas investasi saham tambah,neutral
errornya ya,negative
good,positive
eror,negative
bagus orangorang hobi baca gratis legal kendala aplikasi aka error mohon masalah kembang aplikasi nyaman guna terimakasih,neutral
belum atas error tidak pinjam buku masalah ya,negative
banget tunggu trouble eror nya alas aplikasi maintenance perintah tolong benerin aplikasi indonesia goes digital,neutral
error mulu pinjam buku enggak stocknya status enggak ganti newbie tera status sih sebal kadang buku enggak buka error,negative
good,positive
damn sok cool dude try,negative
good applicationtapi akhirakhir eror ya tidak pinjam buku buka aplikasi,negative
nih maintenancenya enggak selesai pus belah tuh minjem belum edited great job alhamdulillah minjam buku thanks developers tambah ya katalog bukubuku baru kalo terbit baru ya,positive
bintang kemarin tidak pinjam buku moga masalah terima kasih,neutral
buku enggak pinjem otomatis enggak baca,negative
aplikasi manfaat orang suka baca tidak numpuk buku rumah sayang aplikasi error moga depan,positive
suka banget baca buku app enggak uang legal buku fisik satisfying tapiiiii aplikasi parah maintenance maintenance hari baca feel uncomfortable,positive
enggak minjem buku unknown error butuh banget,negative
buku tidak pinjam tulis error mencet tombol borrow tolong masalah butuh buku,neutral
halo admin aplikasi ipusnas tarik bantu hadir aplikasi sayang minggu server alami ganggu proses pinjam buku kendala harap masalah cepat terima kasih,neutral
cant borrow book theres notif said unable added book unknown error pls fix aps asap bcs really good aps,negative
malu maintenance jam hari aplikasi ya maintenance jam,negative
ipusnas saran nih next time kalo maintenance kasih alert guna antisipasi ngembaliin minjem buku mending kalo maintenancenya jam kali jam minggu senin enggak minjem ngembaliin buku tolong improve kalo enggak hindar maintenance ya minimal kasih peringatanwarning sistem maintenance sekian terima kasih,neutral
pinjam buku tidak muncul unable book error unknown,negative
susahh banget aplikasi baddd,negative
server nya suka responding,positive
selamat malam terimakasih cipta aplikasi manfaat keluh tidak pinjam buku aplikasi nya error tolong kak baik terima kasih,neutral
aplikasknya eror pinjam buku sedia tidak bisamohon masalah aplikasi terimakasih,neutral
enggak pinjam buku tulis unknown error tolong masalah,negative
rawan error tidak load buku,negative
become realized read several complains people apps erroring hope app could use normally wait improvement coz really need app dont stop constantly improve develop app coz thats important company,negative
bad app always says unable book collection unknown error orang server currently maintenance,neutral
cant borrow books notification says unknown error occurs everytime try borrow,negative
maaf ipusnas ya kemarin pinjem buku error mulu ngembaliin enggak butuh banget referensi tambah tolong masalah,negative
server masalah,negative
error mulu unable book collection unknown error ulang help,negative
cant borrow books writing always unknown error sometimes books number copies still exist borrowed either please improve thank,negative
mohon maaf admin ipusna ganggu berkalikali uninstall instal tidak pinjam buka kembali aplikasi tidak buka mohon solusi terima kasih,neutral
error deh brengsek,negative
think bad app cant open one books always sayang unknown error,negative
eror,negative
pinjam buku enggak kadang notifnya error kadang unavailable maintenance notif pas user login review google play kayak autoreply kendala mulu jawab persis,negative
suka aplikasi pinjam buku return sistem maintenance error tibatiba buat loading buku incar stok kosong,negative
kemarin minjem buku maintenance baca buku kalo mah,neutral
lagigabisa pinjem buku,negative
tidak pinjam buku alas jaring tidak stabil mohon masalah depan literasi masyarakat kuat saat pandemi terimakasih,neutral
buku baca dipinjem enggak baca pas baca unknown error ya,negative
tidak mendowload buku pinjam,neutral
butuh banget buku maintenance astaga selesai,negative
tidak mendownload tulis unknown error,neutral
banget buku enggak pinjam,negative
kecewa tidak pinjam buku butuh buku ajar sulit harap masalah tidak nyaman tidak pinjam buku psikologi persuasif tolong masalah,negative
enggak buka aplikasi ulang tidak koneksi server ambil data,neutral
app nya keren banget tambah wawas ilmu buku baca bagus pinjam gratis terimakasih perintah developer,positive
ganti password jaring found,neutral
bagus sih apk nya tipu ya,negative
lupa password kirim request ganti password tidak email ipusnas ecek spam dll mohon masalah,neutral
need access modify system settings tho,negative
suka koleksi pinjam gratis manfaat ajar saran buku populer copynya banyak biar enggak antri moga fitur simpan buku wishlist bukan buku antri kadang nemu buku tarik baca mau sih ditandain biar enggak lupa,positive
buku tidak dibookmark kurang lumayan,negative
kasih bintang ya download enggak buka app nya moga masalah ya aplikasi bantu banget baca buku perpusnas rumah,positive
muncul tulis could get data server hadu tolong masalah masalah thanks,neutral
tbh app sucks cant even open app first place seems work weird phone running well,neutral
cant even open app keeps saying could get data server dls found whenever tried launch app eventhough connection normal application lot potential really disappointing please fix issue immediately,negative
aplikasi tidak buka,neutral
halo kembali buku batas kembali tidak buka buku tolong,neutral
enggak masuk baca couldnt get data,negative
bagus sih pustaka digital aplikasi bikin kesel error minggu pas pinjam buku enggak tuh enggak nyaman banget kecewa pustaka nasional error enggak masalah biar baca nyaman enggak misuhmisuh bikin istigfar,negative
functioning properly cant read book borrowed click redirected homepage jelek banget sumpah enggak tambah buku baca buku pinjam ratingnya turun,negative
lengkap,positive
kali enggak buka buku didownload file nya corrupted solusi ya,negative
copy buku enggak dipinjem daftar antri banget enggak otomatis update sih masyaallah astagfirullahaladzim tolong baik ya kak,negative
buka buku pinjam aplikasi cari buku loadingnya tidak muncul,neutral
edit buka,neutral
good tidak login depa mohon fitur history buku pinjam moga literatur bukubuku bahasa inggris,neutral
aplikasi lawak baca buku force close,neutral
register pas besok log ya kalo aplikasi log,neutral
buku lengakapppp buju fiksi saran kayak buku izin edar akses ipusnas,neutral
tidak pinjam buku,neutral
menganggu format buku tidak bookmark tidak nomor halaman baca buka halaman ya tidak nomor halaman tidak bookmark repot cek satusatu halaman tambah halaman ratus bulan paksa log login,neutral
sorry star nya ganti aplikasi jalan lancar jaya,neutral
tolong kasih riwayat buku baca biar sewaktuwaktu kalo cari buku mudah temu fitur simpan kalimat fungsi stabilo ya,neutral
tidak akses edit akses belum coba isi,neutral
sip deh bagus skrgmah moga depan tingkat tak system error,positive
suka banget aplikasi eror baca data server dsl ya,positive
antarmuka aplikasi tarik alami force close,neutral
login enggak tolong baik ya standar pustaka nasional kayak,negative
upload book,negative
problem occured could get data server dls found,negative
minggu tidak akses ipusnas dadak,negative
suka ipusnas ganggu ya,negative
enggak minjem buku buku enggak,negative
coba install ulang enggak log mohon masalah,neutral
download kyaknyanlagi belum,negative
coba,neutral
tried countless time log app keep crashing never let frustrating im honest,negative
aplikasi mudah operasi bnayak pilih baca sayang sebu terkahir maret seringkali aplikasi tidak pakai moga developer senantiasa temu jalan terimkasih ipusnas,positive
aplikasi manfaat mudah guna pinjam buku virtual aplikasi alami error minggu error temu nyaman bebas baca buku alam tidak alami senang skor bintang,negative
buku mahasiswa lengkap,neutral
enggak log,negative
susah banget log enggak kode,negative
app great please search button,negative
bagus,positive
aplikasi bantu dosen mahasiswa cari referensi masuk tolong fitur ganti tema aplikasi permanen dark mode tolong fitur search text buku baca mudah scrolling tolong tambah koleksi databased buku buku onsite perpusnas aplikasi lebih bantu terima kasih,neutral
bukubuku sedia tidak update,negative
cant borrow,negative
akun log sendiridi coba log enggak masuk ganggu kah,neutral
saran moga list buku populer buku masuk whislist baca buku tidak cari listnya pinjam,neutral
jenis buku guna tambah wawas simple bagus aplikasi nya terimakasih developer perintah sedia,positive
enggak download ya buku coba kali enggak download,negative
cant open book borrowed yesterday,negative
bantu banget koleksi komplit uninstall kemarin install enggak masuk,positive
apps bagus pilih buku golong category enggak diborrow serius pls fix,positive
mohon aplikasi tambah fitur login anggota pustaka akses pinjam buku biar mudah tinggal ambil mencaricari tingkat performa aplikasi sayang banget mampu,positive
app requiring taking photo video storage start ask needed start super suspicious,negative
bantu,neutral
impressive,negative
pilih buku level sedia bukubuku referensi klasik kuliah buku sosiologi antar si soekanto tidak,neutral
suka force close,negative
bingung tidak register tidak link registration coba login fb link registration aplikasi manfaat tolong tingkat,neutral
keren banget baca manfaat,positive
app jembatan bagus tingkat minat baca enggak well developed,negative
terimakasih bug fix nya tolong banyak buku,negative
actually apps good makes easier read books anywhere unfortunatelly often force shutdown collection disappear opened apps even often login account,positive
didownload enggak buka ebooknya langsung tutup aplikasi,neutral
error,negative
koleksi bagus kadang suka susah didownload kayak enggak klik tombol network timeout wifi rumah adem anyem suka logout sok far ya sok good sih,negative
rerate solved problem cant even open apps please fix thank,neutral
aplikasi bantu akses literatur minat putus mendownload aplikasi windows mendownload ponsel android dapat aplikasi tidak serentak aplikasi pasang gadget beda harap depan log windows android tabik,neutral
useful,negative
inovasi bagus tingkat minat baca aplikasi tidak buka alias hilang jaring koneksi internet stabil mohon masalah ya terimakasih,positive
crash hpku gantung hp kali ya lancar terima kasih app pus sungguh bantu mahasiswa cari refrensi online legal pandemi saran cari keyword buku kembang,neutral
terima kasih download n aplikasi moga manfaat,positive
macet macet,negative
susah temu koleksi,negative
alhamdulillah aplikasi jalan normal terima kasih,positive
aplikasi alami server akibat sulit konfirmasi pinjam buku tunggu pulih sulit pinjam temanteman terimakasih mohon bantu,neutral
app favorit banget errornya tolong tingkat,negative
buku sedia batas pinjam tidak kembali butuh tidak utama mohon sistem nya masalah buka aplikasi cari buku meminjammendowload lot buka aplikasi berat,neutral
aplikasi suka error enggak pinjam buku mohon tingkat,negative
buku susah didownload stok,neutral
enggak sih terusterusan timeout koneksi enggak internetku baikbaik akses,negative
good,positive
edit login sorry sayang bad app even cant login facebook orang email try forget password system tells meta code error message data tidak valid,neutral
maaf kak eror ya mohon masalah,negative
tolong min aplikasi error tetiba logout uninstallinstall lelah,neutral
cant open app deleted downloaded app still cant opened,negative
halo ipusnas tim terimakasih aplikasi bantu sayang tidak buka aplikasi moga aplikasi masalah ya depan tidak eror ya semangat,neutral
actually really love app many books want read app often got problems cant open think internet checked app internet ok sok app problem hope app develope better,negative
nih aplikasi error enggak loading deh coba clear data clear cache logout enggak login tolong masalah,negative
erorr suka banget baca novel ipusnas eror nih tolong benerin ya,negative
bagus bugnya rangin,positive
could find dls data server close application aplikasi tidak buka,neutral
tolong masalah buka ebook langsung,negative
kagak fitur wishlist buku baca,negative
pakai ipusnas nya developer semangat ya pengin baca buku legal apk nya nge bug baca,positive
masuk depan moga jurnal nasional contoh skripsi bahan tugas skripsi terimakasih sukses,neutral
borrow books easily thank ipusnas,positive
mohon baik salah batal login aplikasi windows kali login tidak pinjam buku aplikasi ipusnas hp,neutral
gila,negative
masuk email ya please check bug orang error apps,neutral
keren aplikasi,positive
good,positive
buka app could get data server dls found tolong masalah,neutral
aplikasi eror tidak search,negative
turut aplikasi bagus ganggu senang aplikasi baca bukubuku terbit gratis layak baca pustaka versi digital buku tidak temu ipusnas lumayan pustaka nasional milik koleksi buku,positive
terimakasih ipusnas daftar,neutral
buku bagus baca didownload error servicenya masalah,negative
alami kendala proses pinjam maintainence moga cepat pulih belum selesai baca,neutral
doesnt work said couldnt get data server dls found,neutral
ide bagustapi apps nya kembang lagisetiap buka buku borrow force closepengguna poco f miui,neutral
enggak pinjem suruh verifikasi email email gadapet email huhuhu,negative
tidak baca pinjam buku eror ndk eror ganti akun tidak,negative
suka app tolong banyak koleksi buku nyaman ui nya moga ganti modern fluid nyaman lama baca semangat,positive
buku downloadnya susah ampun internet kencang,negative
bantu cerdas hidup bangsa tunggu tambah koleksi buku kini semangat,positive
terima kasih ipusnas,neutral
android version pie apps force close,neutral
tidak login email password mohon masalah bug nya,neutral
bagus cuman enak baca buku cuman discan enggak nyaman kalo support flowing text terima kasih,negative
hadeuhhh download app suka enggak buku,negative
sedia buku nya genre nya agam buku cocok baca sesuai butuh masingmasing,positive
manfaat,neutral
tidak login email,neutral
tidak tanda halamanyg highlight kalimat,neutral
im sorry need uninstall cant use keep getting dls notif since open app,neutral
good,positive
alhamdulillah aplikasi,neutral
okee solusi appsnya force close reinstall moga depan,negative
enggak lengkap lumayan bantu,neutral
sayang koleksi buku lengkap ayo user upload buku cuman baca doang,negative
aplikasi burik burik ff enggak pinjem tunggu jam enggak mending enggak download,neutral
nyerahlah app stok sabar,negative
buku cari stok habis mulu tolong banyak stok ya admin request tambah buku judul kosmos carl sagan min,neutral
aplikasi bagus manfaat terkadang suka error masalah harap depan edit masalah pinjam buku inti sabar ya moga depan terimakasih ipusnas,positive
buku nya bagus lengkap gratis sayang server nya error tolong baik maintenance kadang pinjam buku tidak banget loading nya,positive
parah sih tingkat failed load detail book network error sinyal oke,negative
banget eror buku enggak diload lot ngeload nya koneksi tutup aplikasi kayak enggak kuat tolong masalah ya,negative
failed load koneksi lancar,neutral
sebentar bisalagi seru baca crazy rich asi eh maintenance lagi,positive
app maintenance susah pinjam buku buka app bentar pas ipusnas bawa loading menu utama halaman hilang bookmark,negative
maintenance mulu maintenance enggak ubah stagnan enggak masalah tolong era pandemi takut alhasil ya aplikasi aplikasi enggak andal huh,negative
dear ipusnass team please fix system read books feel sok sad found system still maintenance,negative
dear ipusnas team maintainance weekend ya weekend sempurna banyak baca feel free nikmat jam baca buku kemarin indak pinjem buku masuk please maintainancenya jamjam baca sepi baca terima kasih,positive
tambah fitur bookmark,neutral
aplikasi bagus bug scroll halaman backgroundnya enggak kadang ubah glitching dark light,positive
error pas buka internet lancar,negative
dark mode enggak bunsyay,neutral
halo enggak buka ya tulis could get data server dls found,neutral
responsif,neutral
koleksi nya,positive
tidak buka,negative
cant use app problem occurred,negative
sometimes loading,neutral
good apps,neutral
baik,positive
buku buku bagus,positive
aplikasi bagus baca buku gratis ya force close ya mohon masalah tambah wawas anak bangsa,negative
great,negative
mohon sistem masalah baca buku urus buka aplikasi buka ipusnas buka buku laman tampil laman profil buku pinjam ulang buku folder books borrowed pinjam sisa terima kasih,neutral
keren banget buku enggak lengkap guna banget,negative
eror buka could connect server orang could found dls mohon masalah,neutral
terusmenerus tutup baca buku pinjam,negative
perangkat redmi force closed buka buku tolong masalah ya tim terimakasih,neutral
quite amazing many bugs,negative
tau buku baca buku belum beli mwmbantu banget deh buku buku kuliah,positive
aplikasi crash tidak loading buku ya,negative
aplikasi bagus belum bug ganggu kalo baca fitur review buku tidak bolak halaman cari buku,positive
siang koneksi lambat kadang error malam lancar servernya,negative
always cant use app always said server maintaince orang error please fix,negative
mulu appnyaga buka buku,negative
tidak suka update baru mundur setting nyaman versi moga perhati developer aplikasi gratis kualitas nomor aplikasi bangun uang negara,negative
goodd,positive
halo ipusnas kendala aplikasi buka muncul tulis could get data server dls found close application mohon bantu terimakasih,neutral
eror versi pc,neutral
ipusnas cipta pustaka genggam depan koleksi buku tambah,neutral
bagus sih fasilitas saran buku populer perbnyak lengkap novel karya andrea tere buya hamka dll diupdate sih bukuny sesuai prkmbngn remaja formalitas isi saran,positive
akhirnyaaaasetelah tunggu bulan ipusnas fungsi yeayyy moga bagus kedepannyamakin koleksi bukunyadan minim errornyalove ipusnas,positive
ipusnas ya upgrade kayak kindle oodles textnya fit hp enggak zoom enak hehehe kalo tambah audiobooks black background kertas item tulis putih,positive
enggak tau guna nginstall cari buku enggak buku b enggak hmm mengunistall tolong banyak pustaka judul nasional,neutral
excitesd use app,neutral
bugnya tuh kalo baca scroll layar kedip item putih developer coba cek button dark backgroundnya,negative
love,negative
couldnt log email,neutral
sok many device permissions enable feeling sok secure,negative
mantap serasa pus pribadi wkwkwk,positive
bagus buku lengkap diupdate buku ui aplikasi baru biar bakin bagus appnya moga kasi dark mode biar mata enggak perih,positive
minfitur cari tidak fungsi download ya cari katgori susah min tolong masalah,negative
aplikasi tidak buka tidak ambil data server tidak dls,neutral
bug,neutral
tidak search judul buku tolong baik problem berharihari install ulang,negative
halo mohon uinya masalah ya halaman kedip kedip discroll,neutral
banyak novel novel best seller,positive
buku baca temu ipusnas fitur request buku tambah animasi baca slide halaman tema warna dark theme kombinasi warna,neutral
force close,neutral
halo keluh aplikasi error sebab tidak search judul tulis cari koneksi baikbaik mohon bantu masalah,negative
filter cari variatif ribet cari baca,negative
maintenance ya,negative
cant open app,negative
puas aplikasi pustaka kolom cari kadangkadang tidak fungsi,neutral
tidak fungsi search mohon masalah,negative
