final_text,sentimentLabel
warga dana minim baca mohon tingkat aplikasi jujur nyaman baca aplikasi jenis harap developer baca hubung keluh,positive
hp android dadak akses ipusnas digilib sedih banget pengin baca gratis legal kendala device,positive
update baru mei alangkah susah ya baca buku verifikasi perangkat gagal susah negeri sedia rakyat baca sulit nasib nasib,positive
cant even log,neutral
aplikasi jelek awalny ngelag eror minjem buka aplikasi buka aplikasiny data hahaha lucu ya perintah aplikasi baca buku gratis biar orang tarik baca mudah akses eh sulit takut banget generasi suka literasi salah lebih baca offline orang data internet,negative
aku koleksi buku sayang bug error fitur seleksi marking langsung error mode seleksi kembali alhasil scroll bug paham ui nya,negative
fitur unduh tuh biar baca offline offline unduh ulang buku aplikasi stres,negative
nya engineer indonesia aplikasi pus proper pinjam buku loadingnya selesaiselesaiudah menit,negative
lumayan cumak fitur baca text bahasa inggris bahasa indonesia,negative
verifikasi perangkat mulu adu dm ig respons,positive
habis update log,neutral
tolong opsi atur tampil baca lengkap nyaman,positive
finally install ereader syukur,neutral
overall bagus cuman nih ya cuman kali kalimat distabiloin apa nama ngelag tolong baik ya terkadang kalimat niat pengin tandain terus perlahan lost interest ipusnas aplikasi bagus lho mudah suka baca aplikasi bagus bug nya baik terima kasih,negative
buku pinjam langsung unduh online kalo sengaja tunggu unduh ulang,negative
terima kasih ipusnas jaga nyala api literasi masyarakat indonesia sukses tim balik layar,negative
maksud verifikasi gagal installnya asli hah dosa,negative
app really great really appreciate im really grateful please fix problem cant even read app says verification failed download play store wth think downloaded dark web orang something course downloaded play store bruh,negative
duh error pakai aplikasi resmi play store devicenya modifikasi device download play store tolong baik orang baca,negative
trashhhhh,neutral
baca muncul pesan gagal verifikasi perangkat kemarin instal ulang clear cache dll,negative
aplikasi sampah maintenance manfaat nya banget astaghfirullah niat banget asih rakyat baca gratis,positive
edit jalan error banding update tampil edit buka verifikasi perangkat gagal aplikasi playstore,negative
huhuhu bagus versi buku otomatis simpan sth download shg baca offline salah pencet baca bikin masuk mode highlight dll gerak halaman klik back download ulang ganggu nyaman baca moga baca baik kembali versi nyaman moga,positive
error touchpad sengaja tekan layar normal ebook,negative
fitur tanda ganggu banget scroll better deh kasih fitur kalo pencet back buku,positive
layu kembang,negative
buka,neutral
buku simpan offline buka buku download ulang tolong baik,positive
susah banget pinjem,negative
nas stands nasional book collections meh,negative
pakai aplikasi kuliah wisuda tingkat tolong bikin cari buku dasar terbit sistem filter dibenerin filter genre tambah fitur search filter capek scroll cari genre sesuai wowok gara gara nih,negative
buka ebook format epub ayo ipusnas baik rating keri kasihan tau rakyat indonesia gemar baca tingkat literasi susah harga buku mahal satusatunya sumber baca gratis proper,positive
yeay error ya ipusnas,negative
aplikasi error errorr,negative
suka ngecrash tibatiba logout koleksi sok tingkat moga perintah halang jalan ya,positive
versi ngebug gagal download mulu,negative
whyy susah banget aplikasi login tolong banget baik aplikasi guna cerdas bangsa kecuali peduli,neutral
lancar,positive
tolong readernya page tablet capek baca scrolling,positive
pinjam buku error,negative
error error nya tuh konsisten banget kayak error bulan habis pakai minggu,negative
admin susah untu minjem dipinjem buka tolong baik sayang,negative
fitur bookmark pakai tunggu fitur bookmark kadang lupa ngetracking baca app tracker,negative
login pinjam buku pliss banget pertahanin eror,negative
kali hasil login device verification failed kali minjam aplikasi resmi downloadnya play store gilir hasil pinjam baca token validation failed banget errornya aplikasi kali kali rilis info kalo deh atas hitung jam errornya kemarin maintenance upgrading stabilisasi versi stabil versi interface nya ubah,positive
verifikasi pas pinjam ter verifikasi pakai aplikasi modifikasi aneh,positive
pinjem buku error mulu,negative
doesnt work,neutral
gagal pinjam buku online terang install aplikasi resmi playstore install nya langsung playstore,negative
finally updating many times years latest version application didnt work anymore cant borrow book verification rejected notified device verification failed used two accounts reinstall apps still cant fix problem device software modification makes crucial decide verification confirmed orang rejected,negative
buku sedia aplikasi crash tolong baik bisa ganggu akses,negative
eror maksimal,negative
malfunction apps,neutral
lumayan lengkap nagus kadang bug stuck loading update login,positive
parah banget nih apk erorr,negative
error,negative
halo ya usaha log inbahkan coba akun huhu device masalah coba ganti device error butuh banget,negative
tolong kakak teknisi ipusnas apknya jelek banget pakai update,negative
lemott,neutral
kocak buka apk nya jaring bagus beranda loading muncul,negative
login,neutral
gagal daftar hp web,negative
baik app heran,positive
ciri khas app perintah bikin kecewa bilang sampah login lelet fitur lengkap layar blank app logout dsb,negative
couldnt login please fix problems,negative
error min baca,negative
kemarin error error excited baca,negative
efek realokasi anggar mbak kah jelek,negative
baca aplikasi naruh hp pas masuk lag tampil home kosong pencet apaapa rak buku kosong ngesearch coba hapus data aplikasi otomatis log ya yaudah log ya log serius sedih niatin baca buku nemu buku bagus sempat baca dikit pas ngelanjutin kasih layan aplikasi dinikmatin kayak,negative
banget error app buka internet lancar tolong benerin,negative
dont know developed app prefer previous version simple smooth version makes uncomfortable every time open app log first takes quite long time load,neutral
baik baru versi stabil kurang download pinjam baca tampil lengkap mudah pinjam kembali,positive
buka tab,neutral
baca sekian error tolong menu mode baca menu sendiri salah tap mode baca ubah scroll slide menu highlight text dll mohon menu sendiri,negative
terima kasih ipusnas dengar komplain kritik masyarakat sistem aplikasi mudah pinjam baca buku,positive
banget ngebug baca buku pinjam website errornya aplikasi perintah kalah swasta sih,negative
terima kasih tim ipusnas baik aplikasi syukur banget app bagus koleksi buku lengkap bagus moga amanah,positive
tunggu terima kasih baik appnya please biar appnya crash,negative
terima kasih error update,negative
yes borrow books yes read theres one day limit borrowing books efficiency efficiency efficiency etc hell nawh,positive
stabil,positive
banget log pas masuk akun salah data tolong baik download buku apknya banget download apknya buka langsung apknya parah tuh log kalo log tulis nya salah data kalo server sibuk,negative
app doesnt work huawei tab even though internet connection fine,positive
simpan buku pinjam anggar ipusnas baik server biar masyarakat akses baca buku puas anggar rangin mbak pls thx,neutral
aplikasi cemerlang bug nya pinjam buku teknis mohon tim ipusnas baik,negative
thx fixing bug pinjam buku suka koleksi buku banget,positive
aplikasi login kutip fungsi terimakasih pustaka nasional,positive
bagus sih aplikasi saran ya ditambahin copyannya cuman buku rakyat indonesia juta banget ngantrinya minjem buku,positive
ipusnas elib pakai guna jujur sedih kecewa banget tementemen minjem buku gratis mending ijakarta aplikasi akses koleksi buku,positive
aplikasi buka buku didownload terimakasih baik,positive
thanks fix book system,positive
aplikasi bagus banget bintang nyediain elib cuman tolong maintenance error mulu asa,negative
mohon kembali fungsi unduh buku kali pinjam kali ereader download ulang sebal tambah fitur text selection highlight kutip sebal nonaktif tap layar tekan tombol nonaktif tekan tombol ereader download ulang alam baca enak,negative
uninstall kayaknye kena efisiensi nih aplikasj error dibenerin bye,negative
pinjam buku apa salah data,negative
error mulu pinjam buku,negative
buka pinjam buku tulis gagal kirim data,negative
minjam buku tunggu,negative
apk kena efisiensi kah,negative
much error,negative
berbulanbulan akses,neutral
kokk gabisaa sih trouble muluu nih tadiikenapayaa asa kayak,negative
maret rakyat larang pintar oktober gila benerin bugnya update versi baru buka buku pinjam force close coba baca buku apa,neutral
cant borrow books,neutral
log pinjem buku baca offline,positive
everytime wan na borrow book still many copies notified theres problem data really hope problem fixed soon,negative
bulan pinjam buku notifnya kirim data baik,neutral
error pas pinjam,negative
pinjam buku unduh,neutral
overall bagus kait databasenya moga cepat selesai teman teman pinjam buku data akses,negative
application useful application many people making easier access reading searching lecture materials orang like disappointment application always problems logging orang book borrowing process hopefully fix soon,neutral
pinjam buku suruh coba,negative
ganggu pinjam buku baca solusi,positive
eh minjem buku data eror deh fix pls,negative
cant even borrow books cant even read cant anything rip,negative
used love app sok much book collection great made reading easy even recommended students app really helped us read without buy books two years especially updates app often errors sometimes books cant borrowed hope developers fix soon humble opinion ipusnas really great platform reading learning,positive
kirim data sila coba kak kalo klik pinjam terimakasih,positive
minjem buku aplikasi mersamalah mulu kali pinjem tulissannya salah kirim data pinjam dadi minjem coba minjem buku perangkat lainnga nih app,negative
ya suka aplikasi buku cari pinjam buku tulis kirim data tolong difix cepat kak butuh banget buku,positive
sayang kembang dana kelola aplikasi,positive
tawar buku pinjam gratis klik pinjam muncul ingat kirim data,negative
konten aplikasi bagus bug yuk yuk maintenance,positive
whats problem app cant even borrow anything read collection,negative
pinjam buku ya eror,neutral
buku pinjam,neutral
maintenance sungguh keri mundur adab efisiensi anggar pustaka negara,negative
dibenerin tolong kasih pasti kalo tiada tolong umum ngegantung,positive
buku akses,neutral
minjem buku sihhhhh,neutral
pinjam buku kirim data sila coba,negative
pinjem buku dana habis mbak kah cerdas hidup bangsa maintenance kali kecewa aplikasi perintah sungguh peduli rakyat sedia bahan baca publik fisik minimal virtual virtual,neutral
tolong bulan error ya update pinjam buku tugas susah tolong baik butuh,negative
pinjam buku error mulu,negative
moga anggar potong tambah aplikasi akses salam literasi,negative
banget error skripsi butuh ipusnas cari referensi digunain bulan tolong,negative
pakai aplikasi pesan kirim data sila coba klik tombol pinjam buku solusi mohon bagi ya guys,positive
uninstalled comeback next quarter januari pinjam buku kendala feb fungsi tombol pinjam pesan kendala kirim data coba,negative
halosampai alami kendala pinjam buku coba menghuhungi via email tanggap mohon info solusi terimakasih,positive
cant use,neutral
error mulu minjam,negative
hari pinjam buku muncul kirim data sila coba,negative
error bae,negative
aplikasi pakai error klik pinjam kirim data coba,negative
aplikasi pakaipadahal bagustapi kendala nya jelek bangettttolong baik,negative
baik bug issue apps pinjam buku,neutral
pinjam tulis kirim data diuninstall trouble pakai hp tablet biji ganti akun kalo pinjam buku n baca ku ubah ratingnya tolong baik cepat,positive
error melulu,negative
cant borrow book,neutral
dont know whats wrong app cant borrow book even though available theres always info says cant contain data etc seems like bug mine tried move pc install uninstall many times doesnt work theres way solve problem orang contact one help please let know asap really appreciate help maintenance actually good app please pakai easy use app,negative
aplikasi error pinjem buku niat budaya baca,negative
mbak,neutral
eror,negative
cant borrow books,neutral
pinjam bermasqlah mulu,positive
ya error pengin baca tolong ya,positive
error mulu ya garagara anggar potong maintenance apk,neutral
banget baik akses,positive
aplikasi bagus teman zaman covid sayang download buku sistem moga baik,negative
error memgirim data sila coba,negative
jelek,negative
errornya pinjam buku senang banget buku fisik baca pinjam eh apa orang pinjam tolong ya indonesia buku cerdas bangsa masuk tuju negara dasar negara weh,positive
pinjam buku coba gagal stok,negative
woiii sih error dah,negative
error buku sedia pinjam,negative
kenapaaa pakai bulan,negative
,neutral
dear ipusnas please aplikasi bantu orang akses baca bagus digital koleksi ipusnas agam bagusbagus aplikasi masalah buku pinjam coba berkalikali eror uninstall pengaruh apa review tolong baik bug aplikasi thx,negative
kecewa berat ipusnas aplikasi error terus info pasti normal kabar tambah spekulasi baca setia ipusnas pelihara tingkat aman memang pelihara ujungujungnya error ipusnas solusi tampil tenang baca setia iphsnas,negative
dwonload buku ya kirim data mohon bantu,positive
diupdate pakai pinjam buku deh hapus,negative
ya pinjam terang error tolong baik ya sayang banget error,neutral
bilang keren banget ganggu tolong min ini fasilitas cerdas bangsa tolong kelola cerdas,positive
pinjem buku kecewa banget,positive
gjls eror mulu,negative
pinjam buku kirim data coba tolong baik,negative
pinjam buku kirim data sila coba,negative
asih bintang ipusnas maaf ya kasih bintang update model uninstal kali pakai kesal kayak pinjam buku pc suruh instal hp baca hp lelah,positive
buku lumayan lengkap pinjam buku kasih notif salah kirim data sila coba help aplikasi banyak bug,negative
buku pinjam,neutral
poor app often error please fix,negative
serius update baik ya pinjam buku masalaheror,positive
eror mulu sih baca copy nya pinjem,negative
app nya sih susah banget pinjem buku coba ganti email instal ulang please,negative
wrong app really enjoy reading books app dont know error page keeps loading even though signal internet good,positive
jelek banget apa,negative
pakai pengin baca hambat,positive
jelek error mulu,negative
tolong baik pinjem buku eror,negative
busuk ngehamburin duit negara apps pakai,negative
coba tingkat,positive
tolong baik aplikasi login satu buku pinjam,positive
tolong baik bugs nya minjem tahun nih,positive
several months borrow books app please fix,negative
pinjam buku aneh,neutral
rawan error aplikasi prioritas perintah aplikasi jenis perintah,negative
tolong admin aplikasi diperhatiin pinjam buku tolong banget admin baik ditingkatin aplikasi,positive
yaampun hancur hancur negara kelas kelola aplikasi pus nasional amburadul kuno problem,negative
buka buku gagal kirim data melulu kasihan baca indonesia gara gara server eror,negative
loadingnya ya akun masuk lelet banget unduh buku,positive
baik bang kagak pinjam hisssh tunggu neolitikum cmon,negative
copy sedia pada pinjam alami,positive
eror nya sembuh sembuh heran,positive
cant even open app since wowo became president tf,negative
pinjam buku digital tanggal download buka kapai pinjam pinjam,negative
error mulu pinjam buku,negative
ya allah ratingnya turun gin please balikin kayak versi masyarakat baca buku tolong baik error pinjam buku,negative
bugnya dibenerin min,neutral
minjem buku error solusi,negative
error mulu,negative
aplikasi bagus bantu masyarakat akses literatur sayang error kali ganggu login login pinjam buku,negative
tekan tombol pinjam aplikasi muncul terang kirim data coba akses aplikasi,negative
aplikasi errornya banding guna tax money,negative
error mulu prioritas perintah sih ya,neutral
app isnt working properly xiaomi pad every time try borrow book says problem sending data try later even though internet connection fine,negative
banget maju ipusnas kayak koleksi buku komplit copy pinjam sayang banget update kali pinjem buku kayak error kirim data mulu koleksi bagus baca,negative
aplikasi ipusnas baru pinjam buku kendala proses data aplikasi tampil gambar utuh semenjak ganti device akun ipusnas lepas pasang install,negative
pinjam buku,neutral
ganggu hari error pinjam mohon tindak lanjut perhati komentar keluh anggota pustaka abai kes ipunas prioritas,negative
sedih banget pustaka nasional kena efisiensi alesan ipusnas error ya buku baca,negative
pinjam buku error,negative
kelola perintah jelek sih,negative
sedih banget bulan download buku error message kirim data email developer respon ratingnya kecewa respon moga review tanggap,negative
error pinjam buku,negative
sumpah amattt baik nyangkaaaa masalah mulu,positive
muncul error java file download error loading lambat,negative
mbak mau buku gratis,positive
pinjam buku aplikasi ipusnas alas salah pindah data tolong solusi kembang aplikasi,negative
error dipinjem trss niat sih asih fasilitas,negative
buka aplikasi minjem buku ya feedbacknya salah kirim data butuh buku banget,negative
kali klik pinjam terang nya kirim data coba kali download app nya,negative
pinjam ya coba uninstall insta ulang kirim data sila coba tekan tombol pinjam copian buku alami nih terima kasih,positive
fix asap whats point app cant borrow book,neutral
benerin woi hari eror,negative
pinjam sebelumsebelumnya sayang app bantu tingkat akses baca gratis,positive
crashed internal error pinjem buku bingung lapor mana koleksi bagus dsn interface upgraded,negative
data server error provider nya update kayak nya nih,negative
pinjam ebook gagal,negative
update app work xiaomi pad,neutral
weeks please repair error,negative
always error,negative
pinjam buku tolong baik,positive
sedih banget aplikasi bagus suka baca pinjem sayang banget suka error nya moga bagus aplikasi error,negative
kemarin tuh pakai minjem buku eh nemu buku bagus,negative
uninstalled cant even borrow book tulis data error try later apa install tunggu minggu pinjam buku tolong baik sistem pakai masyarakat indonesia akses perpusnas daerah jakarta,negative
susah kalo pinjem buku,negative
aplikasi aco dibenerin guys anggar habis sedot mbak,negative
pinjam buku tulis error klik pinjam buku tolong baik,negative
eror minjem buku,negative
aplikasi bagus agam buku baca akhirakhir pinjam tolong baik,negative
theres always error whenever im trying borrow book,negative
capek banget ipusnas bulan problem mohon cepat benah sistem,negative
pinjam buku muncul terang kirim data,negative
app error masalah pinjam buku,negative
cant even read one baca error,negative
pakai doang abistu ganggu tolong kalo kasih program biar rakyat baca mudah ganggu mulu,positive
aplikasi masalah baca buku online masalah minjam buku,positive
buka lloading piye iki ipusnas error mulu pinjam buku minggu,negative
pinjam buku nya kirim data mulu admin tolong bug nya diperbaikin tq,negative
fungsi useable pakai app kendala login pinjam file ebooknya buka literal pakai,neutral
berharihari pinjem buku alas gagal kirim data,negative
pinjam buku muncul pop message kirim data,neutral
error,negative
aplikasi jalan pinjam buku device samsung tab si android please fix aplikasi pinjam buku baik bulan lapor,negative
pinjam buku,neutral
minggu aplikasi pas minjam buku pinjam tulis kirim data sila coba mohon bantu,positive
histori akun hilang update,negative
fix pls,negative
pinjam buku eror minggu baik mohon baik,negative
tolong baik papa biar buku pinjam error,negative
niat dibenerin pinjam buku,neutral
versi baru unduh,positive
pinjam buku ya error,negative
pinjem ebook nya niat bikin apk sih,neutral
niat sih bikin aplikasi serius literasi maju buka malas banyak error contoh tuh china serius bikin ekosistem investasi gede teknologi,negative
aplikasi error sih kemarin pinjem buku sinyal bagus ku hpku ngelag aplikasi aneh,negative
unduh buku,neutral
bagus aplikasi kendala meninjam baik ya,positive
nya sih nih aplikasi nya update kalo buruk,negative
buku pinjam serius sih aplikasi,negative
cant borrow book cs problem data orang something idk ive trying nothing pls fix problem,negative
unuseable desember update ok lumayan baca baca dar kesini kocak login error history hilang apa fitur highlight bookmark due loan book hilang kelas layan nasional literasi sungguh terlaluuu smh,positive
ganggu tolong baik,positive
sungguh disanyangkan aplikasi tambah literasi masyarakat kendala tolong baik,positive
error mulu cok,negative
ipusnas kenapaaaaa pinjem buku,neutral
login susah banyak error sekali hasil coba minjam buku error ya apk nya,negative
nggatau pas pinjem pustaka nggabisa,positive
apk bagus laman home ngebug lamaaa banget menit muter pakai fitur searchnya kalo ayo baik bukubuku baru tolong tolong bukubuku pinjam dibukabaca baik tolong baik butuh bukubuku apk terimakasih,positive
pinjam buku segitu baik,neutral
eperpus akses sok banget ajak inggris bangun world class university,positive
update pinjam buku,neutral
baik selesai sih masalah pinjam buku,negative
masuk pinjam buku bulan,negative
minjam coba buku gabisaaaaaa tolong benerinn,positive
baik selesai selesai dana nya pakai mbak ya,positive
great app provides us lot book unfortunately app often error sok really uncomfortable use plus notifications real time theres notification appear tho cant even log updating lol keep editing review getting worse worse whats point providing many copies always getting problem whenever try borrow zero star even minus,negative
pakai buku penting mahasiswa harga buku fisik mahal pustaka kota lengkap eh buku digital baca masalah perintah rakyat pintar kah,positive
minjam buku kirim data,negative
useless,neutral
error bangeeeett klik pinjam eror kayak kemarin masak pakai berbulanbulan,negative
minggu baik,positive
errornya niat baik error,negative
pinjem buku tulis mengirmkan data coba,negative
gkbisa baca buku,positive
mimiinn failed nya pinjam miiinnn,neutral
pinjam buku kredensial lengkap,negative
butuh tingkat performa aplikasi,negative
coba aplikasi nasional tarik kali buka aplikasi daftar selesai daftar suruh coba pas coba gagal suruh coba aplikasi tarik manfaat,negative
aplikasi perintah muas,negative
ribet ya pinjem buku,neutral
gagal pinjam buku buku sedia moga baik,neutral
diupdate susah pinjem error dll tolong baik,negative
kak maaf pinjam buku ya muncul notifikasi kirim data sila coba tolong baik kak butuh referensi susun proposal skripsi terimakasih,positive
unduh buku nya load banget nge stuck situ situ yauda baca nge stuck loading unduh duh deh pinjam buku errpr melulu sih,negative
harap coba install ulang refresh kali kali baik minat baca solusi minggu buka ulang kali lucu,positive
pinjam buku,neutral
aplikasi bobrok buang anggar doang pinjam buku,negative
good,positive
worst app ever always error,negative
dah log minjem buku,negative
cewek error,negative
idk cant borrow books since last year pls fix app,negative
tolong baik sistem nya login proses pinjam buku gagal,negative
baik aplikasi kesini jelek guna tolong dengar,positive
bapuk banget deh,positive
banget benernya kocak alah didik tuh prioritas makan kocak,negative
buka,neutral
login coba versi webnya,positive
error hambat orang baca ebook,negative
orang backend kerja woiii,positive
bagus bantu cari referensi aplikasi eror sulit buka,negative
bagus manfaat error ya tolong ditingkatin ya aplikasi benerbener manfaat banget baca buku digital,positive
aplikasi plenger,negative
baik berkalikali kendala login download resmi sulit login akun gmail kendala,positive
daftar susah nya ampun kelas nasional api banget,negative
bego aplikasi login,neutral
masuk error pertsma esok error deh bolak unistallinstall,negative
error pinjem error buka aplikasi error login ulang error pus digital indonesia download pus digital ijakarta masalah sistem cari ipusda pinjem error ningkatin literasi niat baca sulit buku mahal ilegal gilir legal sulit ampun,negative
update baru aplikasi uninstall login riwayat pinjam buku pinjam kosong halaman home loading tombol cari tekan pinjam buku uninstall install ulang error login kondisi benarbenar hambat guna mohon baik,negative
daftar kakak gunain app nya,negative
aplikasi perintah bobrok urus sihjangankan bacabuka,negative
aplikasi bagus guna banget baca buku gratis sisi apk nya banget ngebug ngebug ketimbang normal nya sayang apk guna kayak maintenance,positive
update version baru login,positive
ux nya beres kerja sir,positive
susah buka login loading halaman web nya update parah,negative
baca ya,positive
logindaftar ya,positive
aplikasi manfaat banget kendala eror logindaftar baikbaik,negative
login website app loading tampil apa bug update,negative
habis upgrade buka,neutral
apk jelek bug pesan error mentah tampil user login,negative
normal habis error login,negative
pinjam buku sulit login eror mulu update apk,negative
update pinjam buku edit profile log uninstall install login daftar muncul javalangillegal blablabla,negative
diupdate pinjam buku error mulu pas coba login ulang,negative
minat baik alangkah baik hapus aplikasi kritik kembang aplikasi rasarasanya enggan baik aplikasi aplikasi bagus mutu kembang support minat baik aplikasi betah manusia bodoh,negative
aplikasi,negative
kalo kasih mes maintenance mulu coy,positive
kecewa,negative
parah banget habis update masuk bikin akun niat bikin aplikasi sih,negative
seringgg banget eror pas baca tolong banget baik,positive
masuk tulis java coba masaih masuk tolong baik,negative
mohon baik aplikasi,neutral
crash pakai,negative
unusable register masuk akun pinjam buku naskah kuno kopi coba direinstall login versi web android bug tangan aplikasi pakai ubah ui bagus aplikasi pakai cuman eye candy broken product,negative
banget baca maintenancenya lumayan pengaruh flow baca butuh referensi moga cepat benah,positive
manfaat lelet banget buka sinyal bagus buka app lancar app sinkron device akun batas baca beda device,positive
upgrade buka mending versi deh guna baca jujur kecewa,positive
akses admin tolong pantau errornya,positive
login daftar susah banget internet bagus aplikasi loading,negative
cant login email method mont cant login app,neutral
aplikasi maintenance sekali maintenance hadeh hadeh,negative
payah ah pinjem buku alesannya mulu baik ngalamin nih,positive
coba uninstall install berkalikali pinjam buku muncul notifikasi kirim data coba aplikasi perintah kualitas layan hadir sesuai rakyat bayar pajak,negative
real guys give private programmer orang something always mess every update,positive
error mulu,negative
guna maintenance minggu kalo eror minat baca turun malas ipusnas eror,negative
bermingu minggu maintenance kagak tuh,negative
update pakai kirim data coba,negative
ginni lahbuka pinjem buku torced close,negative
login android tolong bantu tim full web android ios mudah maintenance repot kalo audit,negative
error benar aplikasi gebrak kalo ngelag ya login tambah download buku mbak doang mesti ngosongin memori internal gb unduh benerbener ya yuk yuk tim developer ipusnas gereget ngerjain aplikasi kalah aplikasi buat swasta sih,negative
baru baik terang pinjam buku nali coba baik,positive
baik improvement lumayan banding versi responsif niat geser halaman block ganggu ayo devnya kerja keras bantu kah edit aplikasi sampah kondisi unusable butuh bantu kah,negative
update aplikasi buka,negative
update pinjam buku tulis nali update sia sia tolong baik terimakasih,negative
jujur enak versi ribet suka keluarkeluar dana kembang korupsi sumpah nyaman tulung canggih nyaman bagus tampil mundur deh bintang tambah bintang bagus kualitas,positive
salah teross,negative
gila ku tingkat kualitas sistem bobrok,negative
keeps crashing semangat dev nya,positive
pinjam buku terang nali sayang banget nama ipusnas tanggap selesai layan appsnya moga lekas benah,positive
hasil pinjam buku aplikasi tutup,negative
buku unduh baca access denied device redmi pad,neutral
error bikin formatsistem baca kindle please,negative
update nih bagus keren,negative
minjam buku,neutral
even working waste tax money,neutral
kenap pinjam bukutertulis dikenaltolong baik,neutral
eror baca buku,negative
buka android januari ayo pintar warga indonesia,neutral
ereader jadul nova air android ram gb thanks sok much dec mohon baik app ereader onyx boox nova air android versi app lancar upgrade versi masalah baca novel tamat bintang,positive
buruk aplikasi login verifikasi perangkat gagal dawload play store perangkat modif,negative
kali login muncul pesan verifikasi perangkat pasti perangkat aplikasi google play store perangkat modifikasi install pas handphone modifikasi coba ganti pw tau pw nya salah eh coba login uninstall install,negative
verifikasi perangkat hp modifikasi apa,positive
plisss tim ipusnas baik aplikasi deh kembang baik ratingnya bantu pustaka pinjam buku domisili jabodetabek moga benah ipusnas gua edit bintang kalo ipusnas error gabisaaa logiiiinnn verivikasi perangkat gagalll,negative
pakai ya,positive
aplikasi log aplikasi lot banget,negative
woeh minjem buku buka aplikasi jir,negative
plis sih aneh baca buku susah kalo rnd aplikasi saran bikin aplikasi dummy coba coba ya allah,positive
cant even open app says use official app google play even though downloaded google play store,negative
jelek ih asa baru parah deh semenjak baru jelek eror melulu sengaja kah baca buku harga buku mahal hadehhhh,negative
aplikasi semenjak diupdate jelek masuk playstore loading aplikasi ya ganggu heran,negative
error benerin,negative
error login,negative
habis diupdate login,neutral
parah banget,negative
aneh banget nih apk pinjem login lol,positive
update buruk buka app selkali,negative
jelek sih app bagus banget baca buku,negative
useless cant even borrow single book,positive
tolong baik pakai buka gilir buka pinjam buku muncul ket verifikasi perangkat gagal,negative
banyak error nya nih warasny gws,negative
download ilegal deh,neutral
baik tanggal buka baik parah login terang apk playstore playstore komen playstore donwload playstore aneh,negative
application doesnt work properly,neutral
baik banget,positive
baca reviewnya jebot kasih bintang crash error dll konsisten errornya udahan yuk errornya banget pengin suka baca ya kalo error mulu,negative
aplikasi bosokkkk arep moco angel,negative
aplikasi baharu,negative
login muncul ingat perangkat verifikasi suruh aplikasi resmi playstore download nya ya playstore sayang bukubukunya bagus,negative
jelek ganggu,negative
aplikasi ambruk tampil uiux nya kampung pakai duit negara developnya koruptor,negative
niat aplikasi mending dana pakai manfaat minjem web update aplikasi resmi playstore,negative
error,negative
aplikasi hati download hari hari aplikasi susah buka dalih aplikasi resmi mobile phone resmi resmi aplikasi kelas lembaga nasional penting publik aplikasi aplikasi murah maintenance bugs sistem sungguh ironi mana warga negara indonesia akses pustaka nasional miris,negative
,neutral
akun suka log susah log,negative
minn tolong login aplikasi verifikasi perangkat gagal mulu login web ipusnas masukkk baca susah min tolong min baik sistem aplikasi,negative
kesini rewel error mulu kocak,negative
aplikasi iring jalan buruk bulan download buku masuk log,negative
efek dana kena efisiensi aplikasi penting dana baik proper,positive
cant open app pesan system muncul verifikasi perangkat gagal duh sekian maintenance telah parah tolong adminnya dibenerin appnya,negative
log,neutral
aplikasi login kayak ketemu muhammad ali banget buset,negative
daftar akun download aplikasi playstore,negative
gagal verifikasi perangkat,negative
ipusnas sih masuk,negative
kemarin bapuk tolong laaah,positive
bulan maintenance selesaiselesai,neutral
aplikasi aneh update jelek barusan buka aplikasi bilang download resmi orang download pakai play store sih,negative
app doesnt work properly cant even log,neutral
busukk banget error maintenance anehhhhh,negative
tolong tingkat aplikasi biar rating nya,negative
laaahh dalah buka katanye maintenance tanggal januari,negative
aduh kerja oy benerin nih app,neutral
lumayan lelah masuk data login hapus terus integrasi platform lelah guna pindah media baca,negative
login,neutral
noooo uang ppn bayar belanja bikin aplikasi ipusnas crash,negative
login,neutral
habis update buka samsekkkk baca buku dipersulittt,positive
buka kagak bloon,negative
masalah ya coba beberapa device pinjam buka notif apk unduh play store tutup,positive
login bilang perangkat verifikasi download google play store langsung,positive
update masuk ya verivikasi nya gagal aneh banget,negative
diupdate buka,neutral
aplikasi buruk gagal login maintenance bermingguminggu pinjam aplikasi perintah dana uang negara amburadul beres niat cerdas anak bangsa eksekusi bodoh banget ya pasang wajah presiden wapres halaman login ngaruh bikin illfeel bikin berat sistem,negative
aplikasi eror mulu deh website buka benerin alah,negative
every update latest version actually caused apps performance decline dramatically addition difficulties logging due device verification failures number books available borrowing decreased less interesting version still better,positive
edit bagus ampas,negative
sumpah masuk pinjam buku asa bapuk deh ipusnas,negative
error,negative
update buka verifikasi perangkat gagal help min,negative
sungguh sayang tunggu eror,negative
kocak masalah mulu,negative
diupdate aplikasi akses,negative
masuk verifikasi perangkat gagal aneh,negative
maintenance suruh update habis update login verifikasi perangkat gagal,negative
login ya,positive
update baru januari login terang verifikasi perangkat sila unduh aplikasi resmi google store modifikasi perangkat coba ulang kali,positive
update apk buka terang verifikasi perangkat harap pakai aplikasi resmi google play uninstall install ulang pakai normal jam kemudia buka,negative
cant even login,neutral
please tell kena efesiensi anggar maintenance suruh update login kalo login pinjam buku,negative
buka kocak,negative
aplikasi buka gagal verifikasi perangkat download aplikasi resmi mah downloadnya playstore aneh banget,negative
niat bikin aplikasi,negative
busuk banget nih aplikasi,negative
update pinjam buku tibatiba terlogout perangkat verifikasi download aplikasi play store perangkat dimodif download play store ponsel normal,negative
update login,neutral
problem,negative
got please install play store without modified apps notice please fix thank,negative
masukk,neutral
aplikasi buka buku pengin pinjam,neutral
update mulu bagus susah akses,neutral
sayang koleksi buku bagus aplikasi buruk,negative
pinjam buku,neutral
deteksi aplikasi modifikasi download playstore aplikasi,negative
baruuuu malam senang ipusnas pinjam login verifikasi perangkat moga tindak lanjut ya download nya playstore app illegal dll,positive
verifikasi perangkat gagal kudu pakai perangkat desa kah perangkat alat sholat,positive
long period downtime due maintenance couldnt log app frustrated,neutral
pinjem buku tolong baik,positive
sih oke sayang error mulu janji maintainece buka anggap aplikasi diinstall google play,negative
maintenance bulan ditentuin tanggal selesai php kecewa,negative
aplikasi pakai sih benerin,neutral
aplikasi kesan ribetnya pakai,neutral
error login verifikasi perangkat pasti aplikasi resmi play store perangkat modifikasi instal aplikasi play store tidaj login,negative
pinjam buku,neutral
baik kelar tanggal januari apk nya logout pas login muncul terang mengunakan apk resmi download playstore apk modifikasi apk download playstore modifikasi bentuk apa tunggu hasil sih,positive
bagus aplikasi fungsi cepat kerja,negative
pinjam buku kirim data terang,negative
minjem buku,neutral
jelek banget banget sistem semenjak baharu didowload,negative
download buku kemarin error muncul javailegalstate tolong baik nama doang pustaka nasional minjem buku,negative
devicesamsung atab huawei matepad sebook reader meebookdi hp tab log pinjam buku errordi ebook reader compatible pakai apkdan log incoba pakai versi web pinjam buku pakai windows hello laptop perangkat tambah tab sedia moga perbaikanpaling compatible ebook reader baca nyaman,positive
error pakai baca buku,negative
versi updatenya kacau,neutral
eror mulu ngapa deh gaguna anjir pinjem,negative
pinjam buku cta nya muncul,negative
aplikasi buka mohon bantu ipusnas,negative
ya pinjam buku ipusnas error kah,negative
kak pinjam buku,neutral
klik pinjam shows javalangillegalstateexception expected begin object string path please fix,negative
download buku baca unduh muncul tulis tolong baik,negative
maintenance ya riwayat buku baca pinjem error kesel banget,negative
error melulu buku apa pinjam uninstall deh byebye,negative
suka kali baca buku pinjam buku ya,positive
koleksi baca kali klik pinjam buku apa tulis error mulu sesal nginstall,negative
pinjam buku buku sedia,positive
download satu,neutral
pinjam buku apa aplikasi kunjung baik,negative
pustaka digital genre buku fiksi literasi ensiklopediadan buku cerita anak genre bukubuku tulis kenal buya hamka douwes dekker sapardi djoko user experience baik sanasini terima kasih ipusnas koleksi buku manfaat update muncul error pinjam buku rekomendasi,positive
update android error javalangillegalstateexception ya pinjam update force close baca buku pinjam pakai android bagus banget manfaat moga koleksi buku barusnya buku lagu populer oh ya masuk buku wishlist ya dicaricari ketemu,positive
sih klik pinjam buku terang error javascript melulu apa buku pinjam,negative
buku pinjam mohon bantu baik bug aplikasi,negative
tibatiba pinjam buku klik pinjam tulis java error dll bolakbalik uninstallinstall pinjam buku,negative
user friendly error,negative
cant read book always error borrow book open,negative
error pinjam buku maaf uninstall,negative
pinjem buku eror,negative
malam pinjam buku coba ulang kali servernya masalah,positive
kualitas bagus koleksi buku pinjam muncul java lang klik pinjam mohon bantu,positive
muncul error pinjam error javalangllegalstateexception expected begin object,negative
force close unable download confusing queue mechanism great,positive
pinjem buku kali coba pas cek rak buku nya,neutral
moga anggap kritik bangun ya jujur suka nemu apps deh hasil kali pinjam klik button pinjam error system java lang bla bla bla deh coba report menu bantu respon baik install ulang ya kecewa sih butuh aplikasi baca mudah mana gratis please noted concern yamksih,positive
pinjam buku kayak baik tolong,positive
useless app pinjam buku apa,neutral
benar ya min sumpah jengkel ya gua pinjam buku ayo min kalo rating apk jelek ya improve benerin dibenerin gua butuh banget elah pinjam buku baik cepat error nya tolong,negative
sih rusak banget aplikasi jelek kacau kayak kemarin tampil ubah kayak download uninstal plis benerin aplikasi ya allah bu baca doang ya allah istigfar ih,positive
bangun indonesia cerdas,neutral
minjem buku minggu kacau,neutral
error susah cari buku kalo lihat riwayat baca orang baik anjir dibenerinnya eror,negative
diupdate aplikasi buka buka baca force close bulan baik sih edited benar baik kah force close nya jarang tambah sulit pinjam buku stok copy buku sih,negative
momen apps ngebug error swasta update sistem debugging benerin server dll jam kelar cepat perintah nyante sih ngebug,negative
melulu pinjamm coba kecewa,negative
sayang gagal unduh buku baca coba unduh buku random,negative
aplikasi eror pinjam buku apa,negative
ipusnas minjem buku eror mulu tolong baik,negative
download buku,neutral
almost weeks couldnt borrow books via apps every time click pinjam notification javalangillegal xxx appears happen please fix sok everyone access,negative
aplikasi bangus banget cuman bulan pinjem bukuu,positive
baik muncul pesan error javalangillegalstateexception,negative
error pinjam tolong cek bugs,negative
pinjem buku ih error ya,negative
banget dibenerin bugnya astaga,neutral
kapai coba update ui tampil buat simpel manfaat proyek program masyarakat mbok ya dirampungin tuntas kannnn,positive
pinjam buku,neutral
aplikasi literasi urus makan mampus,negative
pinjem buku error koleksi buku lengkap,negative
aneh mendownload buku pinjam tolong developer baik benah aplikasi,positive
error mulu,negative
pinjam buku,neutral
pinjam buku loading,neutral
fungsi pinjam gagal tolong baik bug terima kasih,neutral
sih banget error sinyal lancarlancar suka tibatiba aplikasi susah ngunduh buku tambah stok buku dikit banget nyaman baca mohon tanggap tolong ubah tambah januari minjem sih stok full lho tolong solusi kembang sih,positive
buku pinjam terang error java lang ilegal solusi,negative
bagus banget buku nya popular unpopular minus nya kadang buku populer antri nya banget kadang suka eror pas pencet pinjam banget tunggu nya,positive
pinjem buku sisa copy nya,negative
buku pinjam,neutral
maintenance busukkkk,neutral
halo coba unduh buku ipusnas knapa gagal ya mohon baik sistem ya bintang kalo atas thanks,positive
jelek banget pinjam buku pemberitahuan error coba pinjam buku,negative
pinjam error,negative
log pinjem buku baca buku salah satu ya,positive
pinjam buku sedia java lang error,negative
pinjem buku error minggu,negative
benar deh baca buku ipusnas aplikasi suka tutup sendiriforce close pinjam loading lamaaa refresh hmmm ya enak pinjam baca buku app,positive
gagal pinjam terang error kali klik pinjam buku sedia mohon baik,negative
error appsnya,negative
baca buku stoked ngeklik pinjam apa,positive
aplikasi sebal,negative
sih minjem buku heran,positive
app nya error mendownload buku pinjam reinstall error tolong baik terima kasih,negative
minggu minjem buku terang error tolong periakin uninstall install,negative
sih eror buku pinjam tolong baik baca,negative
ipusnas didownload buku moga depan baik,neutral
macet buku pinjam baca download jenis macet mohon baik,positive
kalo kasih kasih deh,positive
aplikasi nya bantu,negative
pinjam ebook ipusnas pinjam eperpusdikbud,neutral
baik lumayan,positive
berharihari akses pinjam garagara akses databasenya mohon developer tangan jadi,positive
aplikasi eror tolong baik butuh ebook referensi skripsi,negative
ipusnas baca buku tampil layar tata letak dll beda versi versi bagus mudah unduh buku coba kali kali unduh buku terang progres hapus aplikasi unduh ulang hasil unduh buku coba unduh muncul ket java script ket apa erti ya,positive
butuh baik aspek loading jaring tipe hp oke muncul notif buku masuk antri sedia setting hp allow notification fitur highlighstabilo nyaman pakai,negative
pinjam buku email response,neutral
aplikasi nya eror,negative
buku mahal baca ebook gratis banget indonesia negara minat baca edit maintenance tanggal detik error kapai sih,positive
hasil pinjam error,negative
pinjam buku,neutral
ipusnas pinjam buku orang baca,positive
pinjam bukatolong baik,neutral
bagus buku kini eror pinjam eror hari,negative
experience baca nyaman goole play book,positive
eror,negative
login coba pinjam buku mohon baik,neutral
waited long time borrow book couldnt even borrowed application slow even though network good sok dont want use application please fix,positive
error mulu nih pinjam buku tolong baik,negative
tolong baik minggu pinjam buku apa,positive
senang baca bukubuku akhirakhir aplikasi jalan buku pinjam stok sedia mohon baik ya terima kasih,positive
diupdate history hilang fiturnya aneh log jatohnya malan downgrade hapus aplikasi kalo kayak baru sistem selesai selesai,negative
aplikasi masalah eror kadang login unduh file kadang tibatiba baca offline mohon tingkat kualitas mood baca kadang turun masalah aplikasi malas pakai aplikasi ituitu baik permanen,positive
kesini aplikasi jelek dipinjem buku kadang log baik jelek,negative
error berharihari buku sedia pinjam,negative
turun kualitas aplikasi uptade ubah tampil aplikasi isi baik data riwayat pinjam hilang update buku buku pinjam sulit suka eror pinjam buku harap tolong baik,negative
eror parah,negative
buku pinjam tolong baik,positive
download buku ya,positive
tolong updatean aplikasi kayak lot banget coba check apps normalnormal pinjam pinjam muncul tulis javalangillegalstateexception tolong baik aplikasi bagus diupdate,negative
login email pakai gmail,neutral
login parah banget,negative
akses beranda lapor bantu uninstall install ulang masuk install akun isi camat mohon baik,negative
lag install ulang login,neutral
baru masuk akun muncul java lang strang minggu login baik ya sistem rugi,negative
yaeelllaaatiba log pinjam pas log masuk error nih keburu habis pinjamnyabenerin,negative
eror masuk hari ganti email tolong tangan ya,positive
daftar akun google daftar email lot pis daftar,negative
bagus sih eror mulu,negative
suka banget ipusnas error akses masuk error hufff,negative
update error mulu login kalo masuk kosong garagara ganti page loginnya fufufafa,negative
aplikasi buka baik,negative
eror mulu kesel tulis buku sedia dipinjem berkalikali eror buka,negative
took sok long fully load problem connection,negative
download daftar aplikasi support tablet,positive
akses masuk butuh berharihari jaring internet stabil ubah rutin baharu server,positive
pustaka manfaat orang harap depan aplikasi perhati error login,negative
email ku bilang login aneh login,neutral
baca buku susah man loading,negative
buka appnya trss,neutral
buka ngelag loading pas uninstall install masuk daftar biar coba sulit tambah wawas,neutral
nih minnn search pencet home,negative
banget problem,positive
eror,negative
crash maintenance banget lebih janji,negative
app suck many troubles,neutral
update login cacattt banget perintah minat baca orang indonesia aplikasi cacat,positive
eror kayak negara,negative
tolong aplikasi baik minggu pakai loading doang minjem buku error mulu,negative
pakai kali masuk akun ganti email coba tolong baik,negative
dasar becus,negative
gagal pinjam buku,negative
kayak ngebug deh aplikasi tolong baik minggu buka nih aplikasi langsung blank halaman depan coba reinstall login muncul pesan error java tolong baik ya banget baca,negative
login nih,neutral
tampil amplikasinya enak kesini buka reload force close muat aplikasi pinjam buku tibatiba tombol pinjam buku mohon develeper tingkat aplikasi suka banget aplikasi terima kasih,negative
error masuk,negative
akses aplikasi login coba reinstall ulang bugnya tolong diperbaikj,positive
login baru aplikasi,neutral
tolong baik eror,negative
plis aplikasi guna banget banget banget crash minjem buku minjem muncul ingat error beranda kosongg plis baik cepat,negative
sih astagaaaaa,neutral
konsep daftar internet kencang,negative
coba pinjam uninstall install ulang,positive
plzzz baca buku error mulu kithatiq,negative
log susah jaring kuota internet lancar banget,negative
error pinjam buku,negative
parah minjam ebook,negative
pinjam ya habis update,positive
coba download kali alhamdulillah masuk buku pinjam eror mohon baik,negative
min tolong diperbaikin minmasa pinjem buku gegara bug,negative
aplikasibjelek,neutral
mass pinjam buku ya penuh syarat mohon baik terimakasih,positive
pinjem buku error java developer,negative
please fix bugi cant download orang even read book fix code app says error,negative
baca eror puladan minjem judul,neutral
pinjam buku apa sedia pinjam,positive
suka error,negative
pecat programmer app fungsi error pinjam buku ngoding pakai java bos duit pajak bayar nge hire programmer bingung ngebaca review app nya tolong perpustkaan indonesia atas viralkan betapa sampah layan aplikasi,negative
pinjam buk sedia atus ratus copy string error apa,negative
bintang sayang kendala pinjam buku pinjam pinjam eror buku buku eror harap baik,negative
error pinjam,negative
klik pinjam loading internet lancar buka aplikasi lancar deh lihat review netizen baik orang pintar sulit sistem,negative
minjem buku error,negative
habis update pinjam tolong kembali versi baik,positive
ya pinjam gagal download pokoknyatolong ya,positive
edit pinjam buku aduh,negative
inj error pinjam buku,negative
update cant even read book anymore istg,neutral
tolong baik appnya unduh baca buku error,negative
login login berkalikali akun sungguh login baca buku pinjam install yes mudah pinjam buku pinjam buku pas pinjam error please tolong baik min,positive
pinjam buku,neutral
error pinjam walaupu copynya muncul tulis javallngillegalstate mohon solusi,negative
buku pinjam didownload pinjam pop javalangillegalstateexception paham alhasil baca buku,positive
could download read,neutral
klik pinjam button suddenly app crashing book eve loaded yet,neutral
pinjam buku ganti device ganti akun,neutral
desember oke sedih fitur search buku unduh buku pinjam buka esok unduh pop error arghhhhhhhhhhhh ayo developer baik bugnya,positive
admin tolong baik aplikasi ya ngebug banget sengaja capslock notice nih komennya biar ceoet dibenerin sistem terimakasih ya,positive
buku sedia coba pinjam muncul error sistem buku akses ganggu data buku aplikasi jalan harap sistem baik fitur pinjam benarbenar,negative
pinjam buku popup error install ulang ngehang cari judul buku,negative
kakean bug,neutral
java lang error kalo pop pop upnya tutup aplikasi tutup,positive
keselll suka erorr lelet banget diperbaikinyaa,positive
tampil aplikasi bagus pinjam unduh buku mohon baik,negative
download buku,neutral
app tuhan,positive
diupate buka berbulanbulan,neutral
aplikasi crashed force close baik,negative
please fix newest bugs,negative
update pakai gaya aman lancar kendala pakai masuk,negative
bug aplikasi buka,negative
tolong aplikasi terus forced closed mohon baik,negative
app nya tutup pinjam online sedih sumber buku lengkap banget,negative
kenapaaaaaaaa download simpan penuh mulu storage hp aman kalo baca download,positive
problem app cant opened im already issue occur frequently many people queue cause limited copy,negative
tutup mulu baca,positive
unable read books cuz app keeps crashing,neutral
error mulu baca buku,negative
download gagal android,negative
ui nya jelek bookmark,negative
good,positive
toloong baca noveel nutup app nya,positive
data operasional ipusnas nih potong mbak sih error mulu asa susah tinggal indonesia baca buku gratis legal susah,negative
daftar,negative
jelek banget error mulu,negative
bug nya astaga aplikasi perintah rakyat kalah aplikasi rakyat rakyat,negative
error,negative
dibukaaaaaaaaa tolong,positive
app always crashes updated completely unusable please fix,negative
bagus baca buku gratis sisa eror lot eror lot,negative
aplikasi mahal pakai uang negara pakai gampang warga negara login masuk error parah,negative
buka error mulu appnya baru pakai,negative
ya masuk aplikasi nya masuk langsung aplikasiii download download ulang,negative
eror aplikasi lumayan bagus,negative
enter application suddenly exits,neutral
aplikasi perintah jelek lot berat tuju baca bikin nekoneko,negative
crash tutup otomatis aplikasi,negative
app keeps crashing everytime open closes immediately,negative
aplikasi lokal buat perintah error ya,negative
force closed,negative
force closed melulu buka buku pinajamannyaa versi baru ram aman azaa huhh kepake,negative
otomatis mulu,positive
aplikasi deh mulu pakai,positive
force stop cant open app read book,negative
aplikasi ipusnas bantu saran nih tambah fitur favorit simpan buku baca fitur daftar baca simpan buku nemu pinjam pas seru browsing buku tarik langsung simpan moga update ya,positive
baru temu buku dasar genre muncul loading,negative
diupdate palah antre kalo deh buku either didownload buka aplikasi useless,neutral
buka buku android,neutral
kali unduh buku pinjam aplikasi masalah aplikasi force close buku baca aplikasi halaman rak buku buku pinjam baca tolong baik,negative
jeleg,neutral
minus kasih bintang minus ebook nya didownload coba aneh banget ye konoha,negative
aplikasi guna banget eror kadang pinjam dikit banget mohon baik aplikasi panjang pinjam ya terima kasih,positive
update login,neutral
update buka buka ya,positive
anything books queue app updated automatically app closes click borrow button pls fix,negative
aplikasi aplikasi perintah bagus,negative
working si ultra pls fix thx,negative
error nih aplikasi tolong update baik optimal,negative
buset deh app baca unduh gagal ya,neutral
maaf ngerating buruk kemarin force closed mulu bukagimana baca deh,negative
cant open app,negative
app nya crash versi baru cuman nambahin buku pinjam crash buka appnya,negative
please fix ur app,negative
kali buka aplikasi langsung kali coba hapus memory,negative
sih,neutral
app nya bagus baca ebook gratis tingkat ya app error,positive
unknown,neutral
pls help cant download book,negative
updated version doesnt work properly app keeps force stopping supposed read app cant even sit still even mute ugh sucks,negative
ipusnas noob banget websitenya dihack judol backend aplikasi benar orang sih fiturnya jelek kembang minimal diupdate sikitt lahhhh aman maju deh rakyat baca buku gratis susah,negative
getting error force close try open,negative
keeps crashing,neutral
pleaseee buka buku nya bagus apk nya jelekk kayak lemott banget pas buka minjam bad,negative
anonatenya jelek kontrol,negative
app totally trash updated apps always closed want read borrowed book sometimes blank also need wait sok long queue list dont know less copied orang people borrowed long please fix,negative
bagus kali update bug pakai,negative
force closed every time open apps,negative
rating nya hancur update jor joran sih connection parah banget buka loading mulu sinyal lancar app mungil buka susah banget,negative
aplikasi bagus,negative
pas lancar pas akhir eror login akses apa coba hapus donlod ulang,positive
jelek banget sumpah maintenance nya gaji umr jelek banget,negative
aplikasi lag gampang logout pas masuk pinjam buku langsung please baik,positive
literasi tahan emosi tolong baik terima kasih,negative
error error error still error headache,negative
balikin versi deh versi baru banyak lag aplikasi buka download gagal mulu versi baca offline versi sih unduh eh pas baca offline suruh ngunduh kocak,negative
pakai,neutral
cant work tab mi pad,neutral
buka tolong ipusnas minat tolong baik,positive
tolong tambah mode gelap,negative
upgrade bagus jelek ngelag parah respon mulu bintang,negative
jelek banget lag masuk kayak lancar,negative
lumayan error baca moga tingkat layan kualitas tambah koleksi bukubukunya,negative
moga baik,neutral
cant open app,negative
sumpah ngebug buka tau tolong dibenerin,negative
sedih banget baca buku tambah literasi susah ya aplikasi team developer kak keluh tanggap,negative
minat baca orang orang salah aplikasi baca gratis fungsi maksimal tolong banget eval baik,positive
used fave app updated version getting worse keeps stopping cant use bad please recover soon,negative
eror mulu,negative
aplikasi buka,negative
fix app please,negative
always force closed click borrow book,negative
koleksi bagus sayang diinstall onyx poke,negative
diupdate aplikasi force close buka,negative
tolong baik aplikasi logout,positive
buka aplikasi langsung home,positive
bantu denga ada aplikasi banget masalah forced close,negative
aplikasi bagus baca buku gratislegal iring banget error kadang aplikasi baca buku fix,negative
betulin bang appnya,neutral
buka masuk detik langsung keluar app nya bayar pajak mahal app negara benah,negative
please update always crashes everytime open app months,negative
terima kasih ipusnas akses buka masyarakat moga koleksi nya kualitas,positive
ya buka aplikasi masuk tibatiba halo jaman enak aplikasi kayak baik,negative
kecewa buka buku aplikasi henti,negative
min tolong baik aplikasi kali hang auto close ,negative
fox thisi cant open app various bug,negative
parah banget bulan habis pinjem crash baca force closed ih,negative
tolong improve upgrade searching buku cari scroll hasil batas buku banyak buku muncul terang buku batas cari buku relevan cari,negative
buku pinjam force close baca expired buku pinjam masuk caricari buku,negative
download,neutral
crash buka tolong baik,negative
oke baru ui nya bagus pinjem baca buku versi baru buka aplikasi crash,negative
niat developer instansi kait libat kembang aplikasi aplikasi buka force closed ide bagus eksekusi minus,negative
books borrowed downloaded notification always appears saying memory full even though still lot space please find way obstacles hopefully improvements,negative
tolong baik aplikasi hp vivo ya versi android oreo aplikasi buka buka muncul logo ipusnas coba hapus cache instal ulang ubah tolong baik detail berbulanbulan pakai aplikasi,negative
delete deh jelek aplikasi,negative
buku nya sih oke download koneksi oke benerin,positive
jelek sih suka responding,negative
error kali pinjam tibatiba force quit coba masuk aplikasi kacau,negative
buka pas buka pleaseee baca bukuu,positive
ipusnas jarang buka tibatiba buka aplikasi baca mohon baik stabil aplikasi,positive
diupdate buka,neutral
aplikasi cerdas bangsa sayang banget logout login susaaaahhhh edit force close,negative
aplikasi crash buka buka langsung tutup diupdate baik,negative
suka log buka buku dipinjem baca,positive
sigma banget,positive
ngecrash maksa,negative
allah jelek banget apk tolong pinjem buku nihhhhh,positive
update force close,negative
habis pinjam buku force closed baca buku,negative
error teknis update aplikasi crash pesan column epub read locator migrasi database mohon baik privasi riwayat baca guna linimasa opsi nonaktif potensi langgar privasi data baca sifat pribadi tambah atur privasi sembunyi riwayat baca terima kasih,negative
ciri ciri orang sabar ipusnas hpnya,positive
cant open,negative
banyak errornya,positive
saran ui baca buku garis ganti warna hitam contrast pakai dark mode pas baca malam menu,neutral
lags often,neutral
aplikasi forced stop melulu ya,negative
update jalan aplikasi sih,neutral
jelek banget buka buku pinjam pinjam unduh langsung,negative
kali hasil pinjam buku aplikasi forced close tutup buka aplikasi tutup sayang aplikasi bagus orang suka baca problem,negative
aplikasi terusterusan tutup,negative
force close ya versi baca habis pinjam langsung masuk,positive
android v app crashed kakak,neutral
aplikasi force close tab,negative
aplikasi error berat banget pas pakai,negative
halaman buku pindah koneksi internet stabil berkalikali mudah baca bikin sakit kepala,negative
pinjem ebook pas buka,positive
bug unduh buku ganti foto profil,positive
akses android android update aplikasi crash baca mohon bantu,negative
masuk aplikasi langsung keluarkeluar,negative
aplikasi perintah ya tuju buat aplikasi bantu orang baca mana sdm negara maju,neutral
pilih buku aplikasi error tolong perbaikiiii,positive
baca buku aplikasi otomatis,positive
forced update app cant open app crash go back tothe old ones dpsht,negative
forced close redmi note please baik bugs nya,negative
singkat aplikasi jelek error lucu kalo error reinstall ganti tampil list antre hilang catat bikin apknya lenyap fatal banget sih buku unduh salah satu lotr baik heran apk diperhatiin sih guna bikin guna senang,negative
aplikasi bagus sayang akhirakhir force closed tolong baik please,negative
app nya buka sengaja app nya bapuk ya tolong perintah biar rakyat suka baca buku biar rakyat pintar fasilitas mudah akses bantu didik putus,positive
jelek nge bug mulu nih apk,negative
please fix app force close ipad android susah bikin aplikasi buku bagus ampun banget niat ya qa,negative
sekali hasil minjem buku app nya force close mulu jelek banget tutup app,negative
app stres,negative
ipusnasnya buka ya,positive
aplikasi kerap force close,negative
used work well functional anymore always crashes,neutral
ipusnas forcedclosed ganggu dipusip bikin app bagus jaklitera ipusnas urus sih,positive
ngebug blok,neutral
buka pengin baca buku,positive
plis baik bugs nya nyaman,positive
force close baca sulit,neutral
buka app force close aplikasi perintah jelek aplikasi citra kah,negative
force closed mulu niat sih,negative
bagus versi,negative
ya habis klik pinjam buku,positive
pinjam unduh memori kosong mohon baik tks,negative
getting worse single book covers properly shownits basically blank theres tagshelf feature list tbr filter doesnt anything good luck trying browse book genre liking among outdated selfhelp books defund ikn build libraries instead,positive
akhirakhir aplikasi langsung force close buka ya,positive
aplikasi ya,positive
batas pinjam banget cuman,positive
pakai force close terus,negative
aneh login,neutral
keeps closing whenever try search book,neutral
baca buku aplikasi,negative
update versi terbaruaplikasi tutup buku pinjam,negative
download buka ya aplikasi nya pas buka aplikasi langsung logout,positive
eror buka app nya bulan benerin tolonggg,negative
buka,neutral
tolong tambah screen zoom setting mode baca,positive
buku tarik baca aplikasi merestart buku rak buku kembali ulang kali nengetuk return update baru aplikasi error,negative
sorot text pilih hapus,positive
jelek batt satt download nih ya buku tulis javaio blah blah blah inti nya error ah banget deh nih app benerin satt developer nya kapai,negative
aplikasi force close hp tab buka,negative
buka aplikasi langsung,negative
fungsi force close paling butuh minor improvement nyaman guna lengkap koleksi pakai pakai,negative
suka nge lag,positive
update ui besarbesaran history pinjam hilang konyol bookmark halaman joke update okt aplikasi kerap kali forced stopped buka buku aplikasi pakai uang rakyat please considerate,negative
sih keep stopping mulu aps nya pakai baca,positive
satu pustaka digital harap asih buku kualitas aplikasi error indonesia maju kalo cari referensi buku susah buku download buffering close app tolong baik mana cari sumber rujuk kaya buku,negative
diupdate aplikasi ipusnasnya pakai force closed buka home cari buku auto ngeclose minggu parah banget dibenerin,negative
antri banget najis,negative
aplikasi force close paksa buka website masuk website arah aplikasi payah,negative
tolong aplikasi diupdate dikitdikit error login anotate pinjam suka banget baca please baik,negative
cant login app,neutral
update error selesai unduh buku baca selesai unduh langsung aplikasi,negative
update buku pinjam baca sayang banget buku ipusnas lengkap banget mohon baik ya,positive
sumpah suka lag banget asik bacaa buku lengkaapp,positive
used able borrow read books cant even open app whats use digital library cant access books,negative
tolong rawat pustaka digital sedih banget lho baca buku ikut aplikasi pinjam ribu buku aset harga rakyat indonesia baca bukubuku harga mahal naskah kuno berkat aplikasi mohon banget rawat baikbaik aplikasi,positive
update cant download read single book,positive
pakai pajak rakyat aplikasi aplikasi buka langsung otomatis baca buku apa cek internet baikbaik aplikasi jalan economy tolong pajak ipusnas sebaikbaiknya aplikasi baca buku keluh dengar,negative
app nya force close habis pinjam buku benerin,negative
buka mulu sumpah kesal banget,positive
aplikasi bug,negative
buka,neutral
aplikasi force close device galaxy tab,negative
tunggu buka aplikasi error,negative
force closed,negative
ipusnas bantu cari buku daring referensi baca karya sastra ironi operasi aplikasi buruk tolong baik nyaman,positive
apps close everytime try use,negative
bug,neutral
aplikasi bagus ngembantu banget minjem buku digital tambah ilmu buku ngefilter buku banget search filter ngescroll filter gendrenya filter tulis kalo cari judul buku cepat terima kasih,positive
baca aplikasi henti dadak review,positive
aplikasi resmi minim kendalaseperti error buka tautau aplikasi uji sabar guna buka log error mohon baik ya,negative
bintang lumayan lengkap buku errornya bikin kesal plis deh ah pengin baca tenang doang pakai acara ck,positive
tutup eror buka moga atas update baru,negative
force closed install ulang bookmark sorot teks hilang,negative
aplikasi buka app ulang kali coba update,negative
habis diupdate jelek login sinyal bagus tibatiba aplikasi,negative
masuk detik tolong baik niat,negative
aplikasi sih tibatiba,neutral
jelek banget jir bukubukunya unduh diupdate bagus hancur bug please aplikasi buat perintah malu dikit kualitas,negative
aplikasi busukkk niattt blokkk,negative
crash mulu,negative
buka sih huhuuu,neutral
really bad,negative
forced close bulan baca buku ipusnas kena efisiensi kah,negative
app often crashed sok hard run program smoothly fix please,negative
baca buku app nya tau macet koleksi sih bagus baca,negative
aplikasi updated bagus error histori baca hilang semenjak update force closed memori internal penuh bilang penuh unduh buku scroll sensitive banget dikit dikit copy notifikasi muncul deh jelek banget pokok tolong baik aplikasi mending last version kalo jelek,negative
bolak eror ih sebel banget koleksi buku,negative
pengin baca helpp,positive
buka,neutral
bug,neutral
aplikasi stabil log butuh maintenance,negative
update force close baca,negative
sih apk banget trouble dibukatolong benerin sih,positive
koleksi guna mudah baik kategori tolong urut berdasrkn abjad mudah seleksi buku pengin baca urut buku tolong sedia abjad list bku awal dst,positive
aplikasi bantu baca buku tolong baik aplikasi buka,positive
appnya buka detik langsung tutup muluuuuu please helpp,neutral
tunggu antri buku pas baca rak pinjam tolong benah rugi,negative
aplikasi bagus kalo maintain,negative
aplikasi gagal akses server,negative
ada teman teman progremmer sofwer engjiner ipusnas baik sistem ngebug detik inisaya tua tunggu buku loading pls orang pintar n hati us favor fix peace love gaul,negative
always suddenly closed every time borrowed new book,negative
jelek banget aplikasi ubah sulit login literasi masyarakat indonesia ipusnas online sulit akses harga buku mahalmahal jelekkkk banget maju sih anggar ipusnas online,neutral
app doesnt even work properly sok basically cant anything app simpler words app purely garbage,neutral
minjem stok copy tbtb close app muluuuuu,negative
pas buka langsung pinjam buku,positive
apk nya bantu banget suka baca buku gratis aman ya tibatiba logout tunda baca copy buku batas sulit kalo pinjem novel populer plis tambah copy buku bikin notifikasi pas copy buku adi laku buku ada fitur cari akun teman emailtelp biar tukeran rak buku hihi moga cepat update deh biar suka baca,positive
force close diupdate,negative
lengkap buku unduh copyannya,negative
bagus sih cuman ngeleg tambah fitur bookmark kayak,negative
ya sih kocak update kagak buka terang update baik bug parah,negative
app force closes everytime borrowed book,neutral
okey nice elibrary aplikasi sedia buku referensi baca lengkap buku bagus,negative
app keeps stopping,neutral
senang aplikasi pinjam buku gratis kayak ipusnas tolong sedikitsedikit eror pinjam buku baca ktn aplikai tutup banget eror,negative
suka hang aplikasi,positive
aplikasi eror banget ngunduh buku buka muncul apaapa sinyal lancar sayang banget baca kudu emosi,negative
ya masuk detik masuk tolong baik ya aman,positive
buka,neutral
bugny kacau,neutral
people want read book hurry go buy book give app bad revuew want free stuff read,negative
aplikasi mendownload isi putih jengkel,negative
aplikasi buka pinjam buku kesal pengin baca buku,positive
force close,negative
buka aplikasi langsung,negative
aplikasi bikin perintah cacat deh kasi anggar improve korupsi mulu,negative
tolong baik aplikasi kadang log lalod aplikasi jaring lancar kadang jaring internet,positive
habis update buka versi,neutral
baca buku masuk daftar tibatiba aplikasi crash error telah baca masuk daftar coba berulangkalipun daftar masuk pakai jam sungguh kecewa,negative
crashed keeps stopping,neutral
tried register several times almost hour still cant please fix,negative
dibenahin appnya dikitdikit error hari eror gatel banget,negative
app paid taxes even reading book incredibly difficult every time something happens like demonstration yesterday always crashes theres notification book queue damn app,neutral
app automatically closes im read aplikasi tutup otomatis baca,negative
open app always force close,negative
update buka force close,negative
jelek jelek jelek banget benerin gila parah jelek banget,negative
please fix asap app force closed,negative
please fix,negative
ipusnas aplikasi ratenya kayak akhlak sebagain wakil rakyat jelek banget,negative
sih aplikasi,negative
benar perpusatakaan digital nasional buruk hadehhh,neutral
min gimnaa buka ipusnas langsung crash bijimane baca buku pintar kalo usir,negative
capek banget apps kayak banyak force close kocakk,negative
app keeps shutting,neutral
buka,neutral
berkalikali baik hasil nihil kayak banyak update aplikasi berat balikin versi pakai versi ipusnas kendala pinjam buku lancar hari baca buku update buku unduh akun autologout mulu update tolong baik tahun ipusnas,positive
aplikasi bagus sedia ebook baca gratis crash akses moga baik,negative
bug crash buka,negative
admin ig reinstalling berkalikali force close kalo buka,negative
kategori buku mbo ya filter cari minimal urut abjad filter buku tampil laya cari jarum tumpu jerami,negative
bug buka,neutral
aplikasi perintah kayak jelek banget sumpah,negative
rombak abis nama force close error aneh baru tampil eror history hilang tolong baik,negative
lot kadang buka,negative
alhamdulillah terimakasih baca buku gratis rumah batas ruang buku sedia variasi novel anak dll,positive
bad,negative
aplikasi force close detik buka langsung aplikasi detik fixed,negative
ipusnas sih pakai download buku,neutral
tolong source baca milik perintah bikin benar accessible orang kali update login data history hilang balikin history password etc update sept apps force closed due internal error baca buku,negative
crash,negative
eror mulu,negative
minggu force close device os compatible,negative
aplikasi baca baik bantu terima kasih ipusnas,positive
aman buka tibatiba diupdate tuh update eh habis update buka diam tau entar susah hapus download ulang kali tolong,negative
aplikasi bikin tensi buka developer niat bikin aplikasi underrated,negative
baharu jelek sistem jelek masuk tibatiba,negative
daftar apa aplikasi cuman money laundry koruptor,negative
forceclose mulu eek,negative
error mulu deh masuk notif signal,negative
update aplikasi buka henti tibatiba klik apa tolong developer nya baik bukubuku sedia lumayan lengkap,negative
eror kadang buka,negative
force close,negative
nge bug buka aplikasi close,negative
app keeps crashing couldnt read borrowed books please fix,negative
jelek banget sih,negative
min apps nya tolong baik force close,negative
bagus literasi tingkat daftar buku pinjam seringkali aplikasi susah masuk aplikasi akun google,negative
harap sih aplikasi kelola perintah,negative
berharihari error masuk pas masuk langsung nutup tolong dibenerin,negative
update pental quite time moga lekas benah,negative
eror mulu hih,negative
update buka,neutral
aneh banget aplikasi butuh cari buku eh aplikasi nyebeli,negative
ya buka aplikasi buka keluarkeluar sendirisedih banget buka,positive
navigasi halaman busuk aplikasi manfaat cacat salah klik halaman buku tibatiba halaman buku resume halaman halaman baca fitur wishlist,negative
update barubaru masuk aplikasi detik berulangulang kali deskripsi bug baik benarbenar kecewa ipunas versi alami turun sempat baca buku perangkat kurang,negative
canda banget sih developer duit dikemanin woy resin nih app mending ngelag tolerate habis diupdate beres login habis nutup mulu sengaja bikin bego indonesia banget buku mahal kasi akses gratis resin anjir,positive
cant open app always force close,negative
error tibatiba apps nya,negative
gua kasih setenga bhkan empat gua kasih dahhh coba salah buku download pikir buku nya populerwlpn sistem kerja pilih pilih rating buku pas coba buku populer ketsrsediaan copy nya pinjem pls backend team pls work properly,negative
aplikasi fungsi crash,negative
tolong perintah bentuk fasilitas negara baca gratis akses mana mas ngebug sih duit nya habis gaji dpr mending alokasiin nih dana benerin sistem anjir,positive
gbisa daftar bro tlong bnerin,negative
cant login even though network good says please try later tried almost ten times,positive
force close,negative
habis pinjam buku appnya buka crash dibenerin didiemin nih,negative
aplikasi buka tampil beranda langsung hilang,negative
habis diupdate buka,neutral
force closed tolong baik,negative
bulan aplikasi kali buka langsung tutup ya mohon bantu,negative
ipusnas keeps stoping suka banget baca apk,positive
aplikasi niat eror,negative
app kept forced close though connection stable pls fix,negative
apk jelek,negative
cant borrow book eventhough copy available please fix,negative
aplikasi gampang error pas buka tibatiba baru,negative
keeps force closed please fix,negative
berharihari aplikasi force close mulu ayo baik baca buka web pc pad hp,negative
terimakasih bantu mahasiswa,positive
jelek,negative
minus aplikasi error koleksi lengkap buku unduh plus baca gratis,negative
ya ipusnas buruk kualitas,negative
app pakai pindah versi baru pakai download buku gagal app ayo baik,negative
pas masuk langsung ya,positive
error,negative
app isnt working force closed,negative
aplikasi bug apa aneh,negative
crashed always stops logs app,neutral
log bang hadehhh,neutral
daeipada gelontorin pajak dpr mending benerin nih apps literasi negara jelek banget buset,negative
ipusnas ya keeps stoping ya,positive
aplikasi buat indonesia akses bagus manfaat banget besar aplikasi banget trouble,positive
diupdate buka aplikasi klik aplikasi langsung tutup parah banget,negative
aplikasi guna error mohon baik,negative
versi jelek banget jujur dibolehin baca buku kah masuk aplikasi tbtb,negative
forced close,negative
situs pustaka negara daftar susah ampunhapus aplikasi malu ya,negative
appnya lancar akhirakhir ganggu ya,positive
still many bug cant open books,negative
always forced closed,negative
deh hari buka kocak,negative
aplikasi masuk aplikasi,negative
apk buruk rusak sulit login negara kualitas buruk,negative
anggar gede maintenence konsisten,neutral
terkadang suka ngebug,positive
suddenly closed opened app better fix want borrow sum books plsthanks,negative
force close immediately lol,negative
aman login pas pakai aplikasi ulang kali,negative
susah banget kak minjem buku tera copy dipinjem muncul kalimat copy sedia,negative
tolong aplikasi dibenerin coba buka web sebelumsebelumnya tibatiba download app nya ganti app ponsel update versi baru ngapangapain notif koneksi internet buka app internet klik pinjam buku log coba log log notif koneksi internet buruk,negative
please diperbaikidi android apknya mulu,negative
sistem eror baru eror masuk aplikasi gaakan baik,negative
update app versi baru kali searchingpinjam buku loading tombol pinjam unduh buku muncul banding versi app hasil pinjam unduh buku klik tombol baca app forced closed mohon baru bugs nya admin mngeluhkn review guna,positive
updated app read book borrow keeps force closed,negative
ive tried register tens thousands times ive downloaded app still cant register happening please fix app really annoying,negative
error loginnya versi baru terang update fix perihal bug macam,negative
login parah banget aplikasi perintah didananin pakai duit pajak jrlek banget,negative
misi developer bagus banget buka banget baca buku pas update nih aplikasi tutup baca mohon baik salah,positive
upgrade aplikasi masuk tolong cepat baik ya,negative
error,negative
buka koneksi internet wifi kuota okeoke buka apk blank terang,negative
nge bug mulu pakai laptop,positive
aplikasi deteksi jaring pakai wifi lancar sinyal aplikasi notif milik jaring tolong baik,negative
whats wrong guyss baca doang kali update pakai gaperlu update kah update baik pr tolong baik love banget ipusnas isi buku bagus thank sabi baik biar crash mulu,positive
permisi kak admin tolong ih aplikasi baik ngerjain skripsi kendala login padahak email sandi,negative
bagus buku au baca aplikasnya jelek buka pas login ganggu mulu kayak,negative
forced close sih mohon baik ya,positive
apk kocak habis update kagak buka samsek,negative
aplikasi error login jaring internet jaring internet,negative
jelek banget pleasee tampil ux loading banget,negative
used like app fact love read app login maybe month cant login,positive
habis update buka aplikasi coba uninstall login error ngerjain tugas,negative
halo kak buka aplikasi ya update loading sebentar langsung tutup aplikasi otomatis,negative
update crash buka,negative
lumayan suka app suka baca novel novel indonesia novel terjemah inggris pokok buku app benar bantu mes buat overall pretty good untung nemu nih aplikasi cheers,positive
sedih banget pas login logout,negative
hii ipusnas nya terimakasih cipta aplikasi update baru nya bagus akun hilang bookworm riwayat baca antri buku hilang baca banya bug ya tolong baik ya moga akun terimakasih semangat tim ipusnas,positive
force close,negative
ipusnas alami error baca aplikasi ipusnas dukung kena dampak efisiensi aplikasi ubah tolong dengar keluh baca nikmat ipusnas,negative
ngecrash mulu nih ya kena bungka,positive
mohon maaf aplikasi tertutupkeluar tibatiba update mohon baik,negative
woy apaansi mulu buku baca baca mulu erorrr muluuuu kesal,positive
habis update force close,negative
suka error baca buku tolong baik ya habis update buka deh tolong baik baca buku digital hambat,positive
update buka,neutral
crash parah update,negative
error update cant open app please fix,negative
jelek dikitdikit dikitdikit error dikitdikit update update error aplikasi,negative
unresponsive,neutral
buka pas update hanas update atuh,positive
min update aplikasi forceclose muluu lanjut baca buku pinjam tempo tolong baik minnn,positive
ya allah kemarin enggak baca loadingnya cover buku muncul pas update auto pas buka appnya diupdate kerja buruk mohon baik suka banget baca,positive
ampas banget aplikasi rakyat notabennya buat negara buka miris niat banget mati literasi,negative
update version force close nih,negative
force close,negative
diupdate buka,neutral
aplikasi tergajelas habis diupdate eror,negative
baca buku orang aplikasi error,negative
habis update ngecrashhh,neutral
barusan update buka langsung tutupclose diulangulang,positive
crash,negative
diupdate buka,neutral
suka tampil rapi gampang pakai habis diupdate buka,positive
user sabar dunia jatuh guna aplikasi ipusnas,negative
update aplikasi login tutup buka jaring,negative
update buka,neutral
heran banget pustaka online indonesia baca susah ampun,positive
tolong sinkron bookmark web ipusnas aplikasi pindah device gampang lanjut baca tambah wish list baca min,negative
cover buku cari buku sesuai genre muncul muncul,negative
kak nampilin cover buku nya ya,positive
suka app nya oke baca buku gratis tambah ilmu saran moga baik koleksi buku lengkapkursor ngeblock kalimat nya nge bugkyk ngutip quotes bagus kursor nge bug block rapihkalo fitur baca teks nya ganti voice nya voice artikulasi nya inggris buku nya bahasa inggris kedengerannya aneh kesel paham bacain,neutral
akun pakai,neutral
aplikasi tibatiba log antri buku dasar duluan untunguntungan complain medsos respon akun aktif musti mana buku buka biar kecewa reviewnya parah nemu akun judol promosi home iya modus pinjam buku promosi,negative
cant log,neutral
halo min buku sihir perempuan karya intan paramaditha unduh responsenya found alas khusus kait izin penulispenerbit kait buku sembunyi cari buku ipusnas perihal izin selesai mohon baik files unduh buku terima kasih,positive
lots bugs borrowed books lost cant load even though signal good server server error,negative
halo app always stated java failed want download book,positive
ui nya susah bingung,negative
senang banget aplikasi pinjam baca buku online masuk email daftar ya tolong baik cepat terima kasih,positive
stupid application,neutral
bug nya ya suka logout account nya,positive
logout pas login lagi error mulu,negative
aplikasi bingung banget tulus copy sedia klik pinjam copy sedia tampil depan enak diimprove sih depan,positive
bangga sih pustaka indonesia jangkau fitur digital suka baca baca buku aplikasi plis update susah loginnya sekali login sampul buku terdisplay blank biru sampul buku asli tolong baik ya developer moga alam senang,positive
tolong baik aplikasi log kadang log samsek,positive
koleksi lumayan lengkap sayang appnya ngebug saran fitur wishlisttbr buku baca,negative
habis diupdate buku muncul gambar salah aplikasi hp ku,negative
baca buku tolong koleksi banyak hihihi,positive
aplikasi bantu kendala gagal unduh buku atas tolong admin kendala bugnya atas,negative
halo loading ya pakai data seluler lancar ganti pakai wifi,positive
aplikasi tarik andai saran fitur reading list list buku pinjam baca bagus orang pengin baca buku pengin baca buku lupa judul cari kayak pinjam keep buku,negative
filter dasar terbit buku mohon baik android cover buku muncul repotrepot buka versi websitenya cover buku terima kasih,positive
update error suka logout buku unduh dadak unduh ulang aplikasi tutup,negative
versi pakai boox onyx,neutral
koleksi buku lengkap,neutral
pakai app syukur buku dokter hewan terima kasih ya,positive
kenapamya unduh buku pinjam hati aplikasi,negative
sih error mulu bulan buka kerja sih,negative
jelek,negative
pelit stock buku,negative
tambah stok love hypothesis ipusnas biji antri orang,positive
terima kasih sedia aplikasi mudah hemat baca buku baik aplikasi manfaat aplikasi,positive
error mulu heran,negative
koleksi buku mudah akses nyaman apps crash buka seringkali log ulang tanda kalimat sulit tulis diblock fitur baca guna temu buku tarik pinjam baca buku,positive
login ya review,positive
tolong baik login aplikasi bagus baca ebook gratis,positive
error maintenance orang notif kalao buku sedia sistem antri digilib developer belah buku error pinjam unduh buku viral copynya either orang syukur bantu ipusnas baca buku gratis uang moga keluh kesah komplen user ipusnas dengar staf perpusnas dibenerin app nya,negative
error log log,negative
app nya akses log,neutral
benerin aplikasi nya please anjir masuk kali masuk kapai,negative
mohon kembang,neutral
jelek banget error baca buku sulit,negative
nge lag app nya,neutral
bulan aplikasi baca buku lancar pakai loading unistall reinstall login masalah isi password,positive
bagus buka loading tolong ya admin coba uninstall masuk eh admin tolong selesai baca novel,positive
jelek banget pas buka ngeblank putih doang layar coba uninstall install pas pasuk akun pakai email beda coba daftar pakai email beda gabisaaa yaudah sih perintah asih dana kayak biar aplikasi dikit biar masyarakat pintar asdfghjkl,negative
honest review bad couldnt even come reasons wish app could run smooth libby app orang least like wattpad good quality books novels,positive
ipusnas turut bagus kecuali ui nya tarik file pdf sistem antri kacau sistem antri nomor antri rebut antri ribu baca tau buku andal untung kasihan baca hasil pinjam buku populer moga timbang,negative
tolong banyak sedia buku,positive
kembali versi ram gb baca seharihari perangkat ebook reader ebook reader ram gb kecuali produk highend nya,positive
download buku,neutral
wow aplikasi keren,negative
hii first gon na sayang thanks bunch app sedia baca buku digital gratis aplikasi bagus berkat aplikasi baca buku pengin baca sedia kasih saran saran fitur dm aplikasi think gon na fun discuss bout books someone love books,positive
diupdate buka,neutral
bagus mudah ringan kaya fiturfitur bikin bosan berlamalama aplikasi ipusnas,negative
sinyal lancar hp lot putih home screen teross baca buku cari buku stuck situ kayak kena efisiensi kali baca ipusnas susah banget upgrade minimal baca buku oke uninstall instal tambah masuk akun tau password nya tau email masuk,negative
hai ipusnas kasih saran ipusnas sedia tema gelap,positive
kembang atur font size menu ubah foto profil terang hasil foto,positive
eror muter,negative
suka ngelag parah logout,negative
terima kasih,positive
aplikasi manfaat error loading login load buku,negative
cover gambar buku muncul,neutral
gagal unduh,negative
versi pakai ereader sayang banget,positive
bulan unduh buku apa mohon baik,neutral
fitur ipusnas baharu eror eror batas buku pinjam hilang rak pinjam pinjam habis buka buka buku unduh mohon baik,negative
versi bagus,negative
buku unduh tinggal baca unduh emosi malam baca unduh jaring bagus storage hp aman anehhhhhh,negative
sedih banget fasilitas milik negara kayak kualitas baca mood gara loading melulu koneksi internetnya bagus,negative
updateannya anehhhh ih bikin kesel,negative
adakan darkmode,neutral
sayang banget gagal download mulu,negative
totally cant read,neutral
sayang banget unduh e booknya koleksi oke,positive
selau tibatiba baca buatt buyar kelas aplikasi buat perintah kayak sih baik recruit orangorang kompeten,negative
read book even ive borrowed said download ive logout login even uninstall install back still download book,neutral
nice,positive
antri,neutral
semangat literasi indonesia,positive
baca download gagal ya antre deh pinjam banget kaya,positive
uninstall baca offline tibatiba logout install bagus fiturnya eror terima kasih tim developer,negative
tolong pustaka digital kelas negara lo kualitas jelek upaya kembang server upgrade aplikasi samasekali fitur bookmark aplikasi lewat lot wujud nyata upaya tingkat literasi masyarakat pustaka digital,negative
aplikasi bagus dukung e reader laya eink onyxboox meebook baca hp tablet bikin sakit mata tolong heavy reader kadang nyaman baca layar ledlcd,positive
trash app,neutral
kak tulis download gagal ya,neutral
aplikasi baca onyx boox oke pindah baca tablet samsung tab si eh tablet suka log masuk gin sih ipusnas,negative
sahaja install apps telefon malang buku pinjam download harap baik kadar,positive
aplikasi bagus kadang loadingnya buku pinjam kali muncul rak pinjam aplikasi mode gelap moga,negative
harap buku digital standar format google book menu bantu terjemah makna,positive
lemooooootttttttt,neutral
compatible lot ereader devices,negative
error pakai anggar pelihara aplikasi korupsi ya edit login pakai wifi,negative
jelek banget suka error,negative
aplikasi bagus guna minggu download buku pinjam tolong baik,neutral
cant change theme color,neutral
buku harlequin koleksi istimewa inheritance shame belenggu skandal karya hewitt pinjam unduh coba berkalikali install ulang aplikasi ipusnasnya refresh jaring klik unduh tera muncul tulis download gagal mohon bantu terima kasih,negative
gagal unduh buku buku pinjam,negative
antri buku bulan,neutral
still download books almost wig please fix,negative
aplikasi favorit baca e book legal koleksi lengkap gratis gabut mati gaya kalo jalan terima kasih ipusnas baik,positive
unduh file found,neutral
banget error,negative
unduh buku,neutral
kali kali logout login download aplikasi nya pinjam buku app tolong bantu,negative
habis ubah tampil jelek banget performa aplikasi kemarin unduh buku pinjam eror buku buku coba unduh,negative
bug parah,negative
aplikasi manfaat error kadang unduh tolong baik,neutral
unduh masuk library,negative
buku didownload kalo pakai ibi library perpusnas ajar pustakawan bank indonesia deh aplikasi,positive
unduh tulis download failed masuk library buka mohon baik,negative
unduh buku deh minjem halaman eror nampilin gambar internet cepat,negative
ipusnas android susah akses loading,negative
great great would helpful wishlist button sok save books future reading update open app since app keep crashing,positive
bagus banget apk ya error mulu log login email gagal login email email masuk akses web error jaring internet lancar banget buka tolong baik kasihan orang baca hambat mulu gara akses,negative
mention web pc app anjir,negative
login,neutral
error mulu,negative
app kelas nasional bugnya unduh hilang online login please developer baik,negative
kali bintang ucap terima kasih perangkat onyx boox note perangkat dukung mohon dukung perangkat ereader milik terima kasih,positive
ipusnas nih bagus jelek login tolong baik pakai email beda login jelek banget aplikasi,negative
terimakasih ipusnas tolong tambah fitur wishlist,positive
buku annes house dreams dibukaa baik,neutral
helpful satisfy thirst free knowledge,positive
tolong kasih fitur reply pesan ulas orang biar diskusi,positive
many books corrupted cant downloaded,neutral
eror parah,negative
contoh libby biar orang betah pakai ipusnas,negative
tolong aplikasi error servernya muter log,negative
dont login,neutral
kenapasih banget eror ngebug,negative
surely ill uninstall garbage apps,neutral
tolong aplikasi nya offline sinyal bagus,negative
daftar banget astaga jaring bagus banget,negative
tolong text field menu filter kategori tulis cari tulis awal si scroll,negative
reset password,neutral
nice,positive
senangnyaa baca pinjam buku mudah buku moga depan fitur wishlistpenanda bukubuku rencana pinjam baca mudah terima kasih,positive
terimakasih ipusnas nikmat hp versi jadul mendownload ikaltim dkk semangat tebar manfaat ya,positive
terima kode verifikasi aplikasi coba puluh kali masuk inbox spam email alamat email ipusnas balas,negative
aplikasi bagus kalo dar baca harap update depan tingkat aplikasi tambah fitur tanda buku baca alami kendala warna kalimat paragraf kesukitan,positive
aplikasi bagus manfaat,negative
keren,neutral
buggy experience trying read,neutral
terima kasih kembang app sharing shrsny masyarakat app harap fitur wishlist buku pinjam simpan depan pinjam cari fitur arang tinggal klik nama arang tampil judul buku tulis arang moga masuk thanks,positive
keren banget bagus ui uxnyaa know guys could better,positive
log,neutral
versi updatenya lot,negative
experience pindah halaman enak alangkah baik tap sisi kanan halaman tap sisi kiri halaman,positive
ipusnas lambat banget ya log minggu,positive
aplikasi favorit buka kaget update buku hilang suka ngelag tolong baik jujur versi bagus nyaman simple susah akses,positive
bagus banget,negative
kalo mode baca tepi layar bersih ganggu banget kalo baca layar penuh,negative
application reading books cant used ebooks onyx boox tab mini sih shame,neutral
instead getting better actually gets downgraded book queue borrowing history dont appear lol bad app,negative
tolong banyak jim copyan buku antri,positive
improve nya bagus benerbener lag buka bikin orang malas baca kemarin iseng download ulang lag lumayan lancar aplikasi stillllll kalo baca log ulang hilang histornya ganggu terima kasih dengar kritik masyarakat tunggu improve,negative
mantap keren,positive
baca buku unduh unduh terkadang unduh download gagal,positive
jelek banget nih ipusnasss kesini layan update bagus erorr pinjem copy sedia muluu pliss benerinnn sriusss,negative
cant open,negative
sih ipusnas baik bagus,negative
collections kinda mehh barely find anything features working good unhighlight text ive selected select text already hard enough reason managed select text leave select menu results able move page please fix issues im rooting devs,positive
bagus banget update bug logout login data account hilang buku antri riwayat hilang cover buku buku load aplikasi update bagus,negative
updating software ringan cepat terimakasih,positive
ipusnas v bagus web based kalo hp reader android boox poke baca browser ya tolong atas please,positive
mohon maaf ipusnas keluh bug mohon baik ganggu bug sebab halaman buku blankkosong baca apk lambat merespon terimakasih mohon tanggap kakak,positive
apan kemarin muter doang,neutral
aplikasi uji sabar banget muter mulu,negative
aplikasi bantu banget orang baca buku beli fisik versi upgradenya benerbener bikin kesel uras sabar uninstall pls kalo ready upgrade stay old version apa lancar bikin baca nyaman,positive
aplikasi parah log buka app log baca buku mesti download ulang parah download kadang error fitur bookmark fungsi coming soon riwayat bacapinjam hapus,negative
baca buku unduh buka muluu refresh macammm aplikasi bermasalahhh tolong gimanaaa pengin banget bacaa habis peminjamannyaa duh,positive
baru jelek cover buku muncul buku available pemberitahuan tampil bagus,negative
ipnusnas ya error mulu pls pikir internet ku bagus uninstall download berkalikali error akhirakhir notif tolong baik,negative
dear ipusnas mohon buku high demand tambah copynya tunggu antri warga indonesia cap minat baca rendah global tambah beli buku fisik daya beli rendah tolong dukung sadar tingkat literasi baca halang antri copy ebook,positive
login error mulu ckckck,negative
better latest update,positive
login sih,neutral
bad app,negative
coba lihat aplikasi readera referensi bagus tarik baca alangkah baik filter buku pilih filter baca baca buku populer fontmohon opsi besar font buku pdf ubah epub,positive
bugnya error bufferingnya scroll kadang halang fitur blok copy etc,negative
moga search engine nya baik optimal search judul muncul,positive
oke,positive
updated mengupdate aplikasi ipusnas versi baru buruk terlogout susah login fitur notifikasi buku sedia hilang riwayat pinjam buku aco hapus buku pinjam download ulang buka aplikasi buruk,negative
update masuk akun mulu tolong baik edit lancar minim error mohon tahan terimakasih,negative
lag,neutral
halo tambah fitur tts lengkap highlighting langsung paragraf paragraf klik terima kasih jujur teks highlight nya suka hilang ya kasih bintang harap aplikasi,positive
app open,negative
bad app,negative
eror teroooos,negative
bagus banget baca buku gratis legal offline pinjam banyak minggu baca saban gengssoalnya kalo lo unduh buku bintang kadang loading yeah pengin unduh heheh ya sih,positive
login daftar baik,negative
thought reading actually procedure rent book lol,neutral
pilih buku populer antri interface baca buku mudah nyaman kendala apaapa,positive
uiux bagus filter buku susah ngurut huruf aznya gagal unduh buku pinjem baca developer tolong benerin bugnya,negative
log tampil tarik loading lambat rekomendasi sesuai baca sulit eksplor buku genre menu cari fitur quote baca tarik kadang warna tulis backgroud baca fitur antri buku kerja rebut sesuai nomor antri notifikasi tingkat,positive
eror logout dst,negative
lancar gusy,positive
anything even register orang log,neutral
,neutral
reinstall app improved let sih could comfortable use,neutral
maju pustaka nasional ri,neutral
ui bagus banget progress ku hilang tolong update versi desktopnya salah usernya,negative
jelekkkkkk loading baca error bilang suruh benerin sistem orang indonesia rajin baca pus,negative
ya download buku gagal semenjak baharu download buku otomatis pinjem buku baca aneh banget sih aplikasi,positive
jelek jelek jelek,negative
buka,neutral
suka tampil,positive
lovehate ipusnas moga tingkat apknya suka bikin logout tibatiba ngebug hari,positive
kecewa banget update buka apk mesti log bukubukunya baca offline pas pinjam apk buku unduh duh harap banget sistem baik,negative
dont know describe feeling right version worst tahan previously please fix,negative
enak sih baca buku gratis navigasi bikin gemas pilih tap slide deh suka pindah nih cari halaman baca,positive
versi baru ipusnas nge bug akun mohon baik biar baca nyaman baca app nya,positive
error mulu pinjem buku copy nya,negative
update baru aplikasi bikin search pakai nama tulis ya plis butuh baik biar ganti baca huhuhu antri banget,positive
update lot,negative
capek banget versi baru niat baca buku lelah loading tampil beranda nyaman tampil tampil baru buang saking ribet nampilin mending banyak buku stock bingung asih tampil berita artikel hadeh,negative
update versi baru alam buruk,positive
log kocak kirim data sila coba mulu koneksi kencang,negative
aplikasi bagus versi baru buku unduh pinjam semenjak baru aplikasi versi baru harap bug selesai baca sudahsudah,positive
banget error terang copy eh pas dipinjem gapapa pakai app gratis,positive
buku unduh cari buku nama tulis judul susah hafal judul buku,negative
minggu unduh buku alas copy sedia copy tera ratus,positive
baca buku javascript error unduh,negative
kllo diseriusin nih aplikasi bantu banget cuman political ngerjainnya,negative
lot bug fitur notif fungsi tolong betul,negative
please back old version logout sedia copy buku pinjam klik pinjam error muncul tulis copy sedia cari dasar nama author judul buku guna karya author tolong baik aplikasi aplikasi versi terima kasih,positive
orang indonesia maju kalo aplikasi baca kagak sistem kalo maksimal aplikasi guna plis deh adminnya baca ulas,negative
trouble mulu,positive
error update,negative
lumayan buka ipusnas pas buka coba pinjam buku lihat salin galat buku galat isi apk ipusnas tolong baik ya developer eman banget tampil tarik fungsi jalan,positive
jelek,negative
kerja aplikasi jelek banget loadingnya koneksi internet bagusbagus log log search bar pakai cari buku arang tinggal pasuk nama arang pakai cari judul buku histori antri pinjam update aplikasi simpan minjam buku copy nya copy sedia baik,negative
baru dakses laku pc sebal,neutral
baharu kacau log tibatiba log rak buku riwayat parah buku sedia pinjam,positive
please fix bugs,negative
mohon sistem baik tolong,negative
versi cari keywordnya susah cari nama tulis banyak buku fiksi nyarinya nama tulis hafal juduljudul buku pinjam terang salin sedia situ tera salin baca antri terang update sulit guna moga benah ya,positive
kalo antri buku notif nya pas buku nya ready overall bagus,positive
bosok banget ya allah baca gratis,positive
pinjem copy sedia copy,positive
app jelek error buka,negative
coba pakai akun log tolong baik sistem aplikasi biar mudah akses complain log sistem bulan error bangun literasi masyarakat kalo akses susah orang pus,negative
tolong baik segalagalanya komentar,positive
kecewa ipusnas semenjak ganti develop tuh jelek ipusnasnya akses pinjam buku pinjam buku login susah gilir login tipu stok apk copy sekiansekian gilir pinjam stok like benar ampas nih apk,negative
aplikasi ipusnas problem ya baru versi pinjam buku buku sedia copy pinjam muncul tulis copy sedia coba kemarin baru mohon informasi terima kasih,positive
jelek error,negative
lot bugs errors unnecessary updates dikeluhin guna update perihal buku antri biar masuk notifikasi bar bugs sisa ok rombak besarbesaran idk cant bear using anymore makenya repot berat,negative
kerjasama overdrive integrasi libby pakbu aplikasi banget servernya,neutral
like aplication always error annoying,negative
sumpa deh aplikasi perintah nih diharepin ya diupdate orang malas baca deh kelas apk ipusnas akses susah akses login buku sedia copy pliss tell whyyyyy gua capeeeeeekkk capeeekkk betull deh wni capeeeeeeeekkk please ipusnas kind beg,negative
diupgrade susah buka kayak sinyal bagus,negative
habis update jelek banget pinjem buku,negative
error please baik bug nya,negative
lot eror buka stok pinjam pinjam buka tolong sistem baik,negative
apknya jelekkk download buku,neutral
serius aplikasi milik perintah maaf ipusnas versi update buruk aplikasi log error riwayat pinjam hilang jejak tiga sayang koleksi buku lengkap kuantitas mumpuni sedih banget masyarakat melek literasi support perintah kualitas kayak mohon baik terima kasih,negative
tolong baik sayang banget koleksi buku bagus dibacadiunduh versi tebaru,positive
masalah akun tibatiba logout buku musti download ulang kali loading home sinyal stabil memory tibatiba buku download buku pinjam pas download gagal coba buku hasil clear chace uninstall ubah copy sedia sekian pas klik pinjam muncul tulis copy sedia,positive
malas banget download buku login banget,negative
error loadingnya banget,negative
nih aplikasi error mulu deh heran,negative
cant download book,neutral
suka update loading akses buku terbtas,positive
pakbu syukur aplikasi tolong baik apk tbtb log pas masuk loadingnya begitu kah biaya baik apk orang indonesia mumpuni bidang kasih rating butuh apk lihat ratingnya jelek segera dibenerin pakbu ipusnas jembatan generasi suka baca harap,negative
salah aplikasi favorit baca sayang trouble sulit login sinkron aplikasi perangkat dapat buku buka detail buku copy sedia sesuai cover buku ekstra jeli beda buku hendak menu cari fungsi mohon baik ya sayang,positive
masuk aplikasi lot banget cari buku loadingnya pinjam buku tolong perhati eror baca,negative
diupdate buruk unduh gagal,negative
bug,neutral
uiux bad cant borrow book,negative
tibatiba log login eror aplikasi lot loading cari buku rekomendasi ribet tolong baik tingkat kerja aplikasi biar guna minat baca tambah kurang sebel aplikasi,negative
update ux nya buruk ux versi sayang ui nya bagus sayang notifikasi update buku kembali susah cek update gemas banget ipusnas couldnt expect want read let read pakai acara copy sedia tulis copy baca unduh ulang sih capek tau,negative
halo admin apps alat ajar aplikasi eror unduh file buku baca buku tekan tombol pinjam timbul tulis download gagal file found exception tau kendala mana pinjam akun teman coba ya min aplikasi lot tolong saran solusi terimakasih,negative
aplikasi gagal jalan tugas mendownload pinjam buku gimmick payah,negative
update jelekk najisss tau pengin rubah server lot susah baca bacaa,negative
benarbenar jelek aplikasi loading buka,negative
update bikin lot parah banget eror buka rak pinjam coba cari buku pinjam klik baca tampil baik sistem operasi nya lot,negative
ipurnas bagus old version nya ganti new version logout tambah aplikasi lagging mohon baik potensi aplikasi tingkat literarsi masyarakat,negative
allah lot banget aplikasi baik kayak bikin emosi,negative
lambat loadingnya kadang log eror jaring bagus,negative
error,negative
akses yerlogout login koneksi coba pakai paket data wifi sedih deh buku rak hilang pinjam coba pinjam tombol unduh hiks hiks,negative
aplikasi bosok eror tross,negative
profile blank lot banget,negative
jelek banget update versi bagus lot lot lot banget bantu baca malas baca,negative
ipusnas mode lelet ampun app nya ringan oke berat tolong cepat sayang banget koleksi buku bagus pleaselah app ipusnas akses orang daerah jaring internet batas jenis ponsel mending mode deh lancar model doang fresh,positive
baru jelek lot log susah banget log bad,negative
loading,neutral
aplikasi versi android berat loadingnya data nya update data hilang wishlistnya antri menu aplikasi versi desktop login muat close app,negative
suka app nya bantu banget pinjem buku fisik sayang loadingnya banget beranda seringkali baca unduh,positive
pinjam buku loadingnya tolong baik ya versi klik halaman langsung pindah,positive
interfacenya kembang kes jadul versi loadingnya banget buka rak pinjam tunggu menit maksimal biar loadingnya cepat cepat interface baharu tampil bagus lot ampun,negative
tolong ya perintah tolong banget server big data apa awam baik banget login error loadingnya ningkatin tingkat literasi anak bangsa platform milik negara kayak buku tuh harga mahal yhaa jujur murah kantong platform baca murah mudah sulit kayak kembang,positive
loadingnya parah sih banget jaring stabil,negative
update buku load cari judul pinjam update login sih,neutral
tolong pajak baik aplikasi,negative
tampil bagus performa hancur masuk akun lambat loading homepage parah lambat loading homepage buku loading kacau aplikasi,negative
app crashes whenever try open,negative
never good experience always kicked account said token revoked neverending buffering best app want sih neverending buffering,positive
best,neutral
lot,negative
leley kali buka aplikasi buku buku bagus,negative
lot banget siihhhh,negative
halo ipunas senang ui ipusnas fresh kurang aplikasi sedia huawei moga update perangkat huawei akses,neutral
error,negative
tolong akses aplikasi blank profil blank ya guna keluh sedihhhh baca buku,positive
kocagggg idah update lagbug dahal internet lancarrr nih orang orang malas ber literasi kocagg banget bulan update kagak baca buku nih minimal kalo majuin sdm tolong dah ya fasilitas mendukug pada kocaggg menit muter muter karuan woilah tolong ya bug lag parah dahal internet nya lancarr,negative
loadingnya,neutral
buka muncul blank space log ulang tolong baik,negative
loading internet bagus aplikasi loading,negative
bugs errors crazy please fix asap,negative
,neutral
loading take ages,neutral
please aplikasi baik banget erorrr bikin mood baca hilang kalo nyaman pakai ganti rating,positive
update tampil ubah jelek uxnya aplikasi history pinjam data akses aplikasi kecewa aplikasi force stop malam terang connection dls found wifi lancar,negative
parah loading banget internet lancar history buku pinjam dll nyaman banget,positive
loading cari lamaa sinyal bagus,negative
apk versi baru jelek masuk apk log login loading blank space keburu cspe tunggu nya blank space nya tolong baik,negative
update bagus banget loadingnya unduh buku unduh buku,negative
buka kali reinstall butuh banget buku buka website ipusnas pc,negative
ayo aplikasi berat simple,positive
jelek,negative
sir pls whats going update tried reading borrowed book nothing like page buffering well tried waiting end book doesnt pop ui design looks lit tho,positive
suka tampil lot ya,positive
firstid like sayang thank providing us sok many good books free pinjam minggu tuh budek banget ya suruh benerin appnya error mulu minggu loading buka pc mulu sih fix app nyiptain app pakai pajak bayar dengar user,positive
tolong aplikasi baik install login loading,negative
cant access app worst version ever,neutral
aduh lot ya buka aplikasi bug nya berat mohon optimal ya,positive
habis update jelek kapai loading doang kiamat,negative
jelek banget appnya buka hadap loading henti appnya muat laman utama tolong lengkap buku,negative
loading mulu baca buku,positive
jelek banget sih cari buku cari habis download suruh unduh hilang nya antri stok semenjak baharu deh,negative
parah parah,negative
kinda frustrating sih app keep logging,neutral
cant open,negative
loading banget history buku hilang tolong baik,positive
aplikasi upgrade jelek akun suka tibatiba logout loading mulu aplikasi cari buku tolong baik aplikasi baca bagus sayang error mulu,negative
beranda loading mulu,positive
jelek banget lot,negative
update buruk mending balikin versi deh butuh tampil kini pakai baca lelet,negative
halo knapa lot ya baik banget nyusun skripsi huhu,positive
jelek loading log mulu,negative
login heran cerdas anak bangsa bangsa baca susah banget aplikasi rusak,negative
lot banget,negative
app unusable due long load unstable barely use old version sok much better tahan,neutral
loading nya banget,positive
lola banget buka sih,positive
tampil buruk buka minat baca pengin ipusnas fungsi mesti,positive
baca ipusnas asli sabar banget jujur sabar,positive
slow turtle faster tahan app,neutral
terang baca fitur tema gelap baca mata perih,negative
muas cuman cari cari novel scorch trials nemu nemu kasih saran kasih preview halaman buku biar seengganya tau pinjem bintang deh layan customer service nya review notabene appnya jelek upgrade downgrade gakaruan jelek banget minimal pakai dikit search buku aneh,negative
min tolong baik aplikasi updated version aco loading selesaiselesai rekomendasi buku fungsi fitur pencarin nampilin buku banget,positive
bagus pakai pinjam buku digital baca nyaman update loading coba uninstall install ulang loading halaman mohon baik,positive
nganu alias bugsss,neutral
masuk,negative
parah habis diupdate buffering ui nya jelek ribet tolong baik kembali versi versi bapuk,negative
aplikasi nya akses loading,negative
tolong banget benerin sistem minimal kalo tampil update sistem update kak,neutral
app unopenable,neutral
semenjak update aplikasi jelek banget log notif antri buku bunyi tolong baik copy buku banyak jarang bagi buku sedia ratarata antri,negative
error mulu baca logout login buka aplikasi,negative
aplikasi lot banget buka koleksi pinjam buku hilang teman ikut hilang kembali versi jelek banget versi baru,negative
worse uinya warga indonesia benerbener gemar baca,positive
isnt working,neutral
kompatibeldengan onxy boox,neutral
aplikasi otomatis log simpan hp baikbaik jaring kesal kali baca buku log ulang ya ampun buku download,positive
servernya tolong diperbaikin terimakasih,positive
loadingnya banget,positive
indonesia tingkat literasinya rendah tambah ipusnas errornya dianggurin desember akses ipusnas oke akses baca abai negara niat provide fasilitas,positive
app jelek error,negative
habis update jelekkkkkkkkk banget buku unduh,positive
aplikasi nya buka loading homenya,negative
pustaka nasional kualitas buruk dunia tingkatin aplikasi,negative
terima kasih harap akses ilmu sumber baca keren sih terima kasih menteri,positive
eh jelek banget anjir habis update history nya hilang queues hilang cok alah cari pasuk ulang queue,negative
app getting worse reading history lost followers followings lost profile back basic app also slower badly,negative
f buka aplikasi beranda loading lamaaa banget oh god ive never seem worse app tahan,negative
tolong baik buka download baca,positive
akses layar blank cari buku nunjukkin unknown error,negative
lag banget login apk,positive
baharu bjsa,neutral
aplikasi kg jelass,negative
baik bugg,neutral
ya error loading menu muncul antri selesai muncul notif tinggal buku baca please diupgrade,negative
update aplikasi jalan tampil beranda notifikasi muncul log,negative
diupdatee lot banget buka beranda muter,negative
cant open apps,negative
bagus versi bagus web pakai web lot pencet samsek baca badmood duluan kocak,negative
baharu aplikasi tarik pilih buku variatif terbit buku muncul ulang beberapa terbit bagus versi,positive
lot banget sumpah malas buka ipusnas,negative
susahh buka onyx boox poke,neutral
aplikasi bagus kelola pinjam baca buku online kendala masuk aplikasi loading logout sayang,negative
aplikasi buruk,negative
suka app versi update ya ampun jelek login susah loading super buka kecewa,negative
sok much bug cant log app,neutral
lot banget buffering buka aplikasi,negative
suka banget buku diomongin sosmed laut cerita masuk ipusnas akses mudah perata literasi masyarakat indonesia moga ipusnas depan suguh buku nasional internasional viral daya baca anak muda indonesia tingkat rata pelosok,neutral
update versi ialng ulas list following appnya lambat minjam buku please fix cerita pus negara pakai uang pajak rakyat model kayak,negative
loadingnya notif sedia buku maauk antre,neutral
idk developer didnt anything response rating section eventho app take long time load hope upgrade best version bcs need pakai reading habit sok please fix problems,negative
diupdate buka kocak,negative
kocak menu rak pinjam hilang baca buku,negative
kali error nya koneksi kali loading tekan apaapa buku pinjam,negative
ipusnas update aplikasi beranta history pinjam buku pinjam hilang balikin buku aplikasi lot developer lulus sih bikin app bayar murah nih,negative
semenjak update versi baru jelek logout kadang masuk input search bar sih,negative
apps still blank page,positive
lot banget,negative
buka samsekkk ganti jaring hasil niii,negative
automatic logout blank space log,neutral
app helps reading activities app updated gets downgraded,neutral
loading beranda min tolong baik aplikasi versi cepat,negative
aplikasi bagus,negative
error mulu sih developer niat sih,negative
aplikasi kammpret susah,negative
payah banget aplikasi baca buku unduh bingung ipusnas ya benah kalo logout tibatiba akses sangaaaaaaat lambattt banyak rating jelek evaluasi,positive
aplikasi baca ayo biar bugging error masyarakat malas baca buku legal,negative
aplikasi ipusnas jalan kali kendala proses login pinjam buku izin kasih saran min ipusnas kembang fitur chat aplikasi alternatif tingkat kuantitas literasi komunitas cinta buku wadah komunikasi bagi intens terima kasih mohon timbang min,negative
uiux update good server sok bad event better tahan update january want give app zero star,negative
zolim banget perintah rakyat indonesia minat baca gembel perintah indonesia,positive
lot parah,negative
pakai simple easy use,positive
aplikasi lot sukabanget pinjam buku gratis tolong petbaiki,neutral
jelekkk banget ngelag parah buka loadingnya lambat koneksi bagus kencang pilih laman utama suka ilangan,negative
semenjak diupdate bug nya logout baca buku unduh pas unduh gagal baca online baca coba online offline,positive
deh,neutral
jelek banget aplikasi suka logout buku kembali selesai baca klik opsi kembali suka tibatiba loading scroll antri mentok koleksi buku pas pencet buku b,negative
seballll,neutral
constant automatic logout weird app bank app categorization unhelpful especially childrens books throw kinds books one umbrella instead creating subcategories eg fiction religion category seems dominate nonfiction picturebooks clear distinction middle grade novels falls children teen fiction labels queue system chronological priority notification bad full bugs,negative
sih error buku dalam oke login susah,negative
updated version work tablet onyx boox,neutral
buku bagusbagus awalawal update error alhamdulillah deh oke,positive
diinstal onyx boox poke versi bisasetelah diupdate,neutral
okay mending,positive
loading mulu,positive
buruk baru akun baca masuk akun telah kesini buruk ya baca tibatiba sistem eror sayang asih bintang minus,negative
update aplikasi pakai ereader meebook kesal,negative
baik filenya min update error format filenya,negative
kecewa diupgrade appsnya jelek mutual hilang list antri hilang history hilang fitur muncul kayak quotes berita bla bla bla mending benerin tambah anehaneh appsnya lot banget lot versi,negative
ya buku pinjam update tau hilang riwayat pinjam kurang tau kali keluar aplikasi token ipusnas habis maksud coba tolong deh bikin aplikasi orang ken baca susah tau riwayat baca que update november hilang tau pliss kembali data akun,negative
diupdate lot susah akses ya buku fitur video dll orang butuh baca buku ipusnas aplikasi lot mohon baik ya,negative
pasang onyx boox go capek baca ponsel,positive
aplikasi buka search bar klik queue hilang ya edit dec terima kasih ipusnas,positive
update versi bikin buku hilang bagus,positive
mulu,positive
bug error,negative
buku unduh,neutral
kesini bobrok bjir buku didownload stok sedia bekum rekomendasi buku relevan notif buku antre sedia kayak versi bikin susah tracking buku inceran buku buku antreanhistory hilang updated uang anggar gaji developer korupsi mulu,negative
stop soksokan update,neutral
login akun pakai berkalikali coba login coba lapor twitter direspon des aplikasi baca data gamuat profil buku rak hilang baca habis update jelek banget aneh,negative
kembali ipusnas min tolong buka login ulang please,negative
koleksi buku cocok usia alam baca nyaman playbook ganti halaman geser kanan kiri aplikasi baca buku pdf enak baca novel kompatibel ereader meebook jenis ereader standar e reader gb ram aplikasi gb tolong instal ereader,positive
terima kasih aplikasi buka ipusnas minggu guna loadingnya tampil utamaberanda kunjung muncul tampil loading tombol cari tekan mohon bantu baik terima kasih,positive
eror,negative
buku error mohon tambah fitur favorite save categories orang tags biar gampang manage baca kalo antre,neutral
fitur sedia aplikasi manfaat cari dasar buku tulis bagi buku baca platform media sosial sayang stabil performa aplikasi seringkali akun taut moga depan baik,positive
update compitable e reader onyx book huuuuuuu,neutral
download ya didownload baca offline download ulang,positive
tampil halaman buku tampil buku digital kembali tampil buku fisik sok uncomfortable,positive
diinstalndi galaxy tab diinstal meebook p android tolong developer paham bahyak ebook reader android versi jadul masuk pinjam panjang minggu bolak pinjam ulang,positive
login,neutral
already account logged accidentally couldnt log back kept saying invalid token,negative
log tampil doang update sistem lot banget banding versi amit invalid token mulu,negative
app frequently encounters errors often logs unexpectedly means log every time open additionally please allow screenshot access id like save important sections gallery unfortunately theres option screenshots also need original books english mohon baik ya terima kasih pls baik eror tbtb token invalid,negative
login,neutral
lancar,positive
pinjam bukuuu buku sedia sih ipusnas,positive
jelek,negative
suka apk nya apk login ulang mohon cerah bagus banget asli tuh apk cuman ya apk log log asli kesal banget fitur tanda halaman buku masuk tanda hilang kalo fitur astagfirullah buku pinjam hadeh copy nya sedia sih update jelek,negative
diupdate lemoooot,neutral
baca salah buku sirah nabawi buku sedia pinjam mohon baik cepat direspon cepat hapus rating kasih bintang,positive
kembang responsif keluh guna aplikasi stabil terima kasih pantau arang ya,positive
app versi baru banget error baca download ulang error download baca offline susah overall suka versi segi lancar mudah,negative
jelek banget diupdate bagus bapuk baca doang,negative
update error zzz edit lancar moga aplikasi baik orang akses buku legal gratis mudah,positive
erti banget aplikasi bugnya progamernya sih kerja sih masuk akal aplikasi pernaaahh kembang signifikan programernya becus anggar mepet,negative
halo sayang update versi baru loading buruk,neutral
versi updatenya jelek banget login susah loading history pinjam antri buku hilang bagus tampil fungsi bobrok tolong baik,negative
mutermuter loading doang buka apaapa,neutral
update jaring susah lelet loading fiturnya kuranguntuk huruf tolong warna background tolong tambah warna krem sedia copy pas pinjam copy sedia suka log,positive
install ipusnas device great masuk aplikasi kendala kirim data sayang koleksi ebooks ipusnas wish list sedia tolong baik layan,negative
recently buy onyx boox poke sok use app ereader last moments updated device isnt compatible app plsss fix rerate app use government funds anyway,neutral
susah banget sih download buku ya,positive
aplikasi lemottttt banget suka tolong sistem benerin,positive
astaga ipusnas pakai aplikasi jaman diluncurin ubah presiden data aplikasi ubah buka aplikasi tau update ganti tampil sering antri loadingnya deh asa yasudahlah kecewa kasih bintang ipusnas hapus data lama history pinjem buku data buku baca,negative
pakai ipusnas asih rate asih bintang apresiasi ipusnas versi ubah uiux nya,positive
jelek banget app nya suka lot suka unduh suka riwayat pinjam hadeh banget sih baik baca tunda cover buku klik buku rekomendasi rekomendasi buku covernya hilang,negative
sok bad real masuk pakai akun perangkat daftar email jelasjelas akun perangkat coba ganti sandi eror sih update aplikasi bagus jelek damai data akun versi tuh hilang sayang banget bikin updatean aplikasi tuh timbang perhati,negative
lot log antri buku hilang,negative
ereader meebook compatible ya versi androidnya tolong bantu ya min,positive
update bagus buka,negative
need quality book improvement,neutral
login aplikasi jalan turut ui ramai bikin fokus baca baik halaman tampil buku baca pinjam search buku bagus etik fungsi tolong baik sortir buku genre opsi kali pinjam baca tau buku mati,negative
riwayat ulas baca antre daftar akun ikut ikut hilang stres lihat susah payah antre hilang data design aplikasi ribet malas,negative
update logout akun logout unduh buku rak,neutral
download apk ipusnas tau baca ebook antri baca digital ya fisik,positive
infobuku atomos quark downloadjavaio found toling tambah kategori buku populer bacabagian info admin tau,negative
aplikasi bantu sedia buku server aplikasi buka versi baru buruk susah login login data riwayat buku pinjam dll hilang guna harap perhati kembang aplikasi reinstall pinjam buku,negative
kecewa suka ipusnas simple pakai offline mendonwload buku antri buku hilang komen review hilang bukubuku baca apaapaan deh kecewa banget jujur list buku pinjam hilang sisa ning setel kalo mah versi helpful bikin kecewa book lover,positive
versi update nya jelek banget mesti login kali masuk aplikasi susah cari buku pasuk nama tulis rekomendasi buku doang versi agam rekomendasi buku,negative
suka versi baru ipusnas diinstall perangkat ereader onyx boox ya amanaman,positive
diupdate tampil ubah beda jujur suka followers ku hilang riwayat pinjam hilang komentar reviewreview buku pinjam hilang ipusnas baru pinjam versi versi minggu,positive
aplikasi jelek,negative
revisi review ku update pinjam lihat koleksi buku langsung epustaka nya popular idonasi terima kasih tim ipusnas,positive
hadir pustaka online gratis mana isi buku baca laris bagus ide sayang aplikasi mumpuni mana bug loading klik antri daftar antri muncul notif buku antri sedia mohon baik guna nyaman terima kasih,positive
versi upgrade nya jelek bangeeetttttttt butut banget malas lihat antri ngembaliin buku cari buku tulis judulpenulis lengkap buku judul sesuai loadingggg sinyal wifi lancar aman masuk apk login mending upgrade kalo ujung downgrade bikin semangat baca hilang indonesia minim literasi kalo apk tri,negative
buku unduh pinjam buku bukubukunya benar baca,neutral
buku baca unduh,neutral
edit versi baru buruk versi buku pinjam antri riwayat pinjam hilang ikut ikut restart versi loadingnya,positive
stok buku dapatin buku unduh riwayat baca buku baca followers following hilang bagus tampil ipusnas,negative
ipusnas baik keluh search penulisjudul buku langsung auto bookmark buka langsung muncul halaman baca bantu banget buat terima kasih developer tolong buku pinjam banyak copynya,positive
aneh banget pinjem copynya,positive
login salah password reset password salah pas login,negative
fitur lengkap kendala aplikasi fitur simpan buku baca wishlist bookmark buku simpan batas akses ebook search fitur filter buku data arang loading scroll akun tibatiba,neutral
updating apps account always lost orang history get lost annoying geez guys updating main server,negative
kecewa banget updatenya senang uiux better data hilang following hilang dm hilang history buku hilang loading banget dar update doang mending versi lumayan member ipusnas mentingin buku dar tampil baik buku copy antri durasi pinjam,negative
apk bagus tunjang masyarakat akses baca mudah tolong sistem baik akun login pakai akun harap baik terima kasih,positive
bagus lengkap bukubukunya pinjam terimakasihh luv,negative
antri buku,neutral
versi update bagus tampil modern sayang file buku buka offline unduh unduh file buku muncul jaring internet jaring internet baikbaik tolong baik depan baca ebook offline mudah unduh buku,negative
copy sedia pinjam masuk antri copy sedia tulis sedia ratus copy,positive
halo ipusnas kembali teman ipusnas mudah bahan baca genre teman mohon kembali history buku baca tks,neutral
habis baru eror,negative
download ya buku,positive
diinstal e reader payah,neutral
buka cakrawala literasi digital masyarakat luas era globalisasi haus baca,positive
yeeythe application gradually returning normal thank comfortable use,positive
hai ipusnas mohon cek antri buku sedia notifikasi terima notifikasi ponsel buku antri sedia tolong cek mohon baik terimakasih,positive
cant log,neutral
cant use application phone tecno spark dont know,neutral
aplikasi suka eror bufferingnya suka logout tolong baik,positive
copy linimasa jalan riwayat antri baca hilang terbit klik menambilkan daftar buku cari dasar tulis muncul aplikasi login kembali buku notifikasi badge hilang,negative
halaman beranda buka muter tolong baik bug nya,negative
updated version doesnt work cant login keep saying wrong data time,negative
balikin cari buku pakai nama tulis nice maaf kasih,positive
diupdate buku buka unduh salah sistem internal open failed invalid password fitur baca teks highlight praktis gera kursor sesuai,negative
update kali riwayat sesi login lancar thanks,positive
buka login ulang tolong baik,positive
aplikasi suruh log error riwayat pinjam antri hilang,negative
log mulu,positive
akhirnyaaa bagus app moga tahan kualitas harap lebib depan,positive
diupdate bagus jelek buka masuk kau mbanking nagapin login notifikasi buku antri masuk pakai akun kereset historynya buku didownload eror jaring bagus tolong kembang baik aplikasi bagus versi,negative
update baru benarbenar buruk aplikasi terlogout otomatis tutup mutualfollower hilang list antri buku hilang update buku simpan antri buku search suka banget app tolong baik sistem terima kasih,negative
banget update fitur riwayat,positive
buku unduh baca kembali kirim lapor via app android via web,negative
worse tahan ever,negative
suka aplikasi mudah baca mana ponsel ipusnas aplikasi baca favorit jengkel akun halaman blank loading wifi rumah kencang masalah sungguh sayang baik terima kasih,positive
buka kelogout login ulang semenjak versi update capek banget semangat baca malas versi jelek seribet bolakbalik login buka,negative
application good something wrong opening ebook automatically block article disturbs could scroll sok well close ebook first could read thank,positive
ipusnas please aplikasi ter update sulit baca nyaman buku nyatanyata milik kopi unduh sulit dibacaaaa riwayat ipusnas hilang update aplikasi sih ngeluh sayang banget aplikasi selamat kitakita baca buku miris sih excited,negative
baca invalid password butuh skripsi hadeeh,negative
baru apk login ulang,neutral
download pakai ereader update aplikasi susah pakai uninstall diinstall ereader program baik,negative
buka aplikasi login ulang capek,negative
buku unduh unduh lamaaaaaaa banget buka tolong baik,positive
aplikasi update pagi login malam mesti login kayak hp masalah aplikasi error sih,negative
update jelek banget kualitas buka aplikasi log ganggu baca antri buku pinjam hilang sedih banget banget buku wishlist ulas buku hilang bantu lo baca referensi pinjam serah update tambah video artikel tau diprioritasin,negative
working,neutral
yaampun kecewa banget buka ipusnas pas buka suruh login ulang pas hasil masuk foto follower following history pinjam buku hilang kayak ulang,positive
login server error hari,negative
buku unduh baca offline guna unduh log,neutral
serius sih update login ulang habis diupdate buruk minggu kemarin login coba ganti sandi akun pakai install berkalikali guna tolong banget baik sayang banget aplikasi baca gratis jelek kayak,negative
paksa update versi buruk masuk koneksi notifikasi bjsa minjam buku hadeeh,negative
diupdate login buka aplikasi muncul popup token revoked buka apps pinjam buku sedia eks guna baca alas diupdate buku pinjam baca,negative
mohon maaf banget ya bugnya pusing,neutral
previous version bad revamp version worst log every time open app books borrowed cant downloaded error message file found,negative
ebook buka meminja pinjam buku loading wifi normal komaptible fire kindle tablet akses,positive
update jelek banget,negative
aneh buku unduh kalo baca unduh,positive
kak tolong bantu minjem buku baca buku loading mulu alhasil halaman buku pinjem lancarlancar buku ku pinjem buka judul friend zone jakarta karya vanesa marcella tolong bantu ya kak,positive
pakai ipusnas tahun notif antri buku coba buka aplikasi sekian eh pakai yaudah update pas diupdate lupa akun log pakai akun pas coba pakai akun log log hadeh capek deh plus sih antri buku notifnya moga baik deh depan,negative
update masuk app nya pasuk email baca buku sedia unduh,positive
diupdate ngebug ya buka apk suruh login login pakai akun tolong baik ya,positive
tampil aneh update,neutral
ngebig oernah baik,positive
masuk login even tho maj minjem buku download efisien,positive
fine app updated new version problems keep getting kicked app reason sign back super slow try change profile return books stuff conclusion really hope ipusnas gets better soon sok everyone enjoy reading,positive
versi baru kacau,positive
update aplikasi data buku pinjam hilang followers following hilang ui bagus buku pinjam didownload baca loading benah sistem app ipusnas versi moga mudah ya app ipusnas bantu jaga habit baca buku fitur sistem dukung ya,negative
update latest login muter loading doang coba,positive
buku pinjam unduh buka baca solusi,positive
jelek aplikasi lot banget datadata riwayat pinjam bukubuku pinjam akun hilang baru,negative
diupdate jelek nih apps sih mutu turun banding versi lho update versi old buku direturn minjemterpaksa ku update kagetnyasetahun anggota ipusnas buku history tlah baca hilang teman kufollow ubah followerwishlist min kalo apps diupdatedata hilangga hilang tdny pinjam buku hilangantri lagibalikin old versi,negative
guna setia pusnas versi update baru data hilang data ikut ikut followers following hilang data riwayat pinjam hilang bug susah log tolong baik bugnya ya fungsi fungsional versi versi baru kesan penting visual tampil mohon baik ya,positive
data hilang update versi hahahaha,negative
worst reading app ever normal banget app kirim email komplain kualitas parah sih,negative
ereader ram gb update minimal ram gb,negative
halo kak apresiasi update ipusnas sayang device onyx boox versi updatenya kompatibel mohon baik terima kasih,positive
masuk aplikasi login masuk email password buka aplikasi aplikasi sebentar login,negative
aplikasi jelek bagus buku lumayan lengkap lebih tolong baik,negative
update jalan cepat versi suka versi cepat loading lelet versi gemas,positive
fitur log kali buka app log moga cepat baik,neutral
payah buka aplikasi masukim email password lihat buku antri loading tolong dibenerin,neutral
aplikasi stressss parah update lag,negative
rusak dirusakin hadehh,negative
diupdate buku pinjam buka,neutral
buku didownload,neutral
berat banget aplikasi download versi windows buka samsek versi baru update lot kacau banget,positive
ui baru jelek rak antri loading antri buku muncul antri,negative
aplikasi logout lot,negative
new version extremly bad,negative
bagus isi baru error log cepat deh dibenerin malas baca ipusnas kalo kasih rating,negative
know probably shouldnt judge much much jeleeeeek buka app login ulang cari buku dasar nama tulis daftar antre loading riwayat buku pinjam deh hancur tampil update bagus unusable please know tons competent people making app worse,negative
love appl several updated appl getting worst please fix,negative
pleaseee balikin versi versi baru ngehapus history pinjam minjem buku,positive
astaghfirullah update burik login sekali login hilang buku pinjem ah elah,negative
ui ux nya beranta versi baru kembaliin versi,negative
idk cant open account since last month without info app account logs please fix,negative
deh login ulang mulu buka kocak,negative
guna susah login akun tibatiba aplikasi guna daftar akun gagal ya masuk data sesuai tolong perhati sih kelola aplikasi nyaman orang pinjam buku legal ipusnas cari baja internet,negative
jelek tutup apk suruh login buku antri hilang dibatasin langsung search buku langsung nama arang buku download buka sesal banget update mending balikin tampil sederhana kayak bug hadeuhhhh update tuh glow mah glow,negative
login id daftar zaman jepang darat password bilang salah pasuk email reset password email sampaisampai gembus cula nian,negative
jelek kecewa aplikasi nya ubah heran isi jelek jelek jelek,negative
ipusnas jelek banget update app nya login baca riwayat buku pinjam hapus parah sih parah updatenya ,negative
update versi baru kayak ibi library pakai benarbenar bingung tolong versi baik buku cari,positive
terlogout semenjak maintenance buku susah akses cari,negative
cant log new version,neutral
update versi pinjam buku eror,negative
account automatically logged trying enter application hell,neutral
buka aplikasi login ulang tolong baik login,negative
tampil ringkas jam buku unduh otomatis proses unduh halaman penuh ganggu nyaman guna guna cepat internet rendah  akun hapus kesel banget riwayat buku pinjam hilang bintang,neutral
buka app ipusnas login login riwayat buku baca,neutral
log log riwayat pinjam buku hilang tolong evaluasi terima kasih,positive
aduh jelek banget updatean baru history pinjam hilang,negative
bagus diupdate buruk buka login koleksi lengkap versi,negative
nge bug baca buku didownload loading banget habis halaman buku hadeh kocak,negative
update besar bagus jelek jam akun cari buku nama tulis riwayat pinjam buku hilang antri hilang deh,negative
diupdate akun logout versi jelek versi jelek tolong tinjau ulang fitur tambah lancar aplikasi nyaman pakai,positive
tolong ipusnas baik update logout ya pinjam buku unduh berkalikali baca,positive
tolong ipusnas susah banget akses log masuk aplikasi buku pas dipinjem loading banget ujung buka segi tampil aplikasi perfomancenya jelek versi sebelumnyaa,negative
terlogout otomatis buku pinjam unduh cari buku dasar tulis riwayat pinjam antri hilang aplikasi gimmick fungsi utama baca beres update hancur,negative
aplikasi bagus kena update tolong baik terima kasih,neutral
update baru login ribet banget tolong pinjam cepat,positive
login,neutral
serius maintenance,neutral
aplikasi jelek kasih tambah fitur jelek jelek cari buku sosoan asih video,negative
versi update buruk versi suka versi simpel versi baru sulit pinjam buku loading klik menu baca tampil buku pinjam kunjung tampil,positive
apasih jelek banget,negative
versi baru cari dasar nama tulis epustaka fitur search filter dasar nama arang fitur search ui tarik bagus performa versi antri hilang versi baru rujuk db password harap versi baik,negative
kecewa ah ipusnas versi baru versi lawas,positive
aplikasi sih jelek jelek lot,negative
versi baru ui ux nya better banget bug nya riwayat buku hilang buka pp login ngulang,positive
kasih tau kalo aplikasi akses,negative
bututtt jelekkk,neutral
diupdate aneh logout mulu antre hilang susah cari buku epustaka populer search,negative
reinstall ipusnas versi baru riwayat pinjam hilang versi baru searching buku judul nama tulis versi ketik nama tulis muncul buku karang tulis mohon terap versi,positive
scroll cari genre nama arang versi baru buruk versi,negative
aplikasi logout capek huhu,neutral
diupdate ruwet login search tulis hadeuhhh,negative
diupdate versi jelek versi versi log daftar riwayat cari komen baca hilang parah search dasar arang tolong kembali versi kalo jelek,negative
login akun kembali buku pinjam riwayat buku hilang please versi versi upgrade downgrade,negative
better update deh ku update bagus sih tampil guna nope kayak aplikasi kayak guna guna ipusnas antri riwayat kosong melompong antre buku tibatiba hilang,negative
aplikasi lot jaring bagus tolong baik,negative
download searching buku senang baca eh baca loading mulu awal coba baca loading awal minjem buku kalo baca fitur download buku awal download buka loading lawak,positive
versi baru buruk histori pinjam hilang log daftar antri buka buruk,negative
nih aplikasi usernya baik downgrade,negative
tolong kembaliin versi sebelumya enak nyaman mata kurang versi baru mohon benah cari buku author cari cari nama tulis langsung jejer buku sesuai jejer buku dekat mah kunci sesuai kosong rekomendasi buku adasih search author sumpah scroll lamaa eh pas nih buku kagak wkwkwk kocakk gacukupp pt,positive
update masalah login atas session login nya toke revoked alhasil masuk app masuk email password praktis,positive
aplikasi baru fitur cari buku dasar arang mundur,negative
diupdate ampas loading lambat buku pinjam buka buka aplikasi login repot,negative
login,neutral
versi baru efisien login buka aplikasi simpel bikin malas tolong jadi bahan timbang buka bulan mending login tinggal jam login,negative
update kurang track history pinjam laman antri butuh proses versi nikmat,neutral
updatean baru muas pilih kategori buku sedia fitur catat pribadi cari buku nama tulis buku sedia galat buka buka aplikasi login ulang,negative
file buku download ya,positive
auto logout history buku baca hilang sok sok update,positive
tolong baik versi buku unduh unduh offline ulang baruuu tarik baca buku harap app alami kembang ya,positive
kecewa banget update baru buku antri hilang,neutral
jelek najis kgk login sial nih apk update bknnya bagus kgk login shibal shiball,negative
sumpah semenjak update downgrade banget ya lumayan banget suka ngelagbug parah pending main login baca loadnya banget ngira hp eror kesel mohon baik ya,neutral
aplikasi bagus bangetcuma kadang error kalo update terakhirpengalaman baca tersendatsendat buku baca dadak tampil cover buku alihalih halaman baca buka sekalitapi suka aplikasi sabar ahmudahmudahan cepat lancar jaya,positive
diupdate error masuk pakai akun kudu akun tampil ribet ngunduh buku lamaaa kembali ipusnas versi sebelumnyaaaaaaaaa,negative
tolong fiturnya langsung rilis susah banget masuk app login,negative
aplikasi hang buku susah buka error baca versi akses mudah,negative
jelek,negative
aplikasi buka baharu,negative
terimakasih aplikasi sayang update mentok halaman doang ui nya ramah ribet buka login ulang menu menu nya ngeleg tau isi moga baik,negative
kalo duit kelola server aplikasi tuh pakai anjing tilep dana ngembangin aplikasi,negative
ya pas update buku buku simpan hilang following followers nya hilang profile kosong simpan buku pas baca data data kosong update lot ganti foto profile banget muter,negative
unduh buku baca henti halaman loading screen,neutral
haloo digunain ya aplikasi masuk hilang buku antri riwayat pinjam even mutualan followers hilang whyyy,positive
updated version sucks lost books,negative
setiapkali aplikasi akun log daftar ulang sok far aplikasi bagus bukubukunya lengkap terlogout sebal tolong baik ya suka aplikasi sayang,negative
error cari buku tugas,negative
lanjut baca ipusnas tibatiba suruh update aplikasi login alas login bilang salah password autofill hp paksa pakai forgot password bolakbalik cek email ganti password login koleksi buku pinjam wishlist history hilang coba pinjem buku buku buka muncul ingat salah sistem internal,negative
update access login,neutral
parah update loading mulu masuk akun,negative
backa offlineini aplikasi junk ruang guru dllyg berbayaritukah tuju uodate,negative
nyaman banget jalan eror suka jelek nyaman pakai,positive
kembali versi versi fitur versi ringkas simple nyaman baca cari buku pakai nama tulis muncul update login alas password salah ganti password hasil login buku pinjam queue history hilang login buka aplikasi aplikasi banking protect,negative
alam baca ipusnas senang update baru kecewa susah login hilang history pinjam buku teman buku pinjam unduh buka kembali search enginee fungsi maksimal baikbaik,positive
opsi bahasa swahili,negative
versi baru susah cari buku banding versi kemarin muncul cari temu masuk keywords judul authornya buku database ipusnas pinjam versi muncul result laku cari buku,negative
bug fiturfitur selesai bintang fitur utama pinjam buku baik,negative
bagus sih bantu cari sumber referensi butuh lengkap koleksi buku sayang banget versi ya login kali masuk aplikasi bikin ribet makan tulis aplikasi kasihan baca enak tolong ya benah guna banget sayang kalo saji undang kritik,negative
ipusnas deh kali install totally fine pas update error baru buka apps log gbisa search author,positive
updated versionnya kacau banget log sign,positive
aplikasi nya jelek banget token revoked masuk akun ipusnas login fitur lihat menit orang nambahin buku hilang pokok jelek,negative
applikasinya error melulu error bermingguga login dll diupdate nih pus koleksi buku mira jual kah buku bayar biaya update aplikasi parah banget riwayat pinjam hilang pustaka nasional bangga indonesia kaya gerak masyarakat indonesia gemar baca pengin baca applikasinya akses buku hilang payahhhh,negative
login pakai akun daftar masuk norifnya authentification failed coba daftar akun,negative
versi stabil,positive
update kemarin aplikasi ulang kali buka forced stop baca,positive
terimakasih sedia ebook baca gratis tolong ajar versi baru aplikasi dibukak log otomatis mulu kak moga baik tim kembang aplikasi,positive
erti update tambah fitur aplikasi butuh pinjam buku baca buku tambah ganggu nyaman,positive
habis update login berharihari buku kelar pinjam huft,positive
pakai muka prabowo gibran jelek jijik banget lihat muka jahat ham anak hina konstitusi suka baca,negative
ora iso login,negative
baru sulit cari buku cari pakai kunci terbit tulis user friendly versi riwayat hilang buku pinjam,negative
tampil ipusnas bikin mabok riwayat histori buku pinjam hilang teman hilang antri buku hilang search nama arang ketik judul ya temanteman pinjam baca oh ipusnas,neutral
ya login versi update email password daftar baru sulit kali gagal tolong baik dev aplikasi ipusnas bantu cari baca mudah belipinjam buku fisik,negative
update log daftar please fix sayang masuk pinjam buku,negative
updatean baru jelek masuk,negative
aplikasi lot min loading terusand kalo tutup aplikasi otomatis logout deh,negative
overall love app recently updated app new display thats good improvement sadly error sok hard logged followings followers queued books also borrowed books missing help please,positive
login,neutral
bug eror banget deh bikin library card gabung app libby susah negara tetangga libby indonesia ipusnas bag big bug eror,negative
bad application cant login,negative
syukur sekian aplikasi update versi baru log harap beranda isi bukubuku populer,positive
jelek,negative
update masalah login login kadang akun koneksi database buku koneksi cari buku mudah spesifik cari kategori parah mendownload buku pinjam error buku baca didownload,negative
detik log minggu tolong baik,positive
jelek banget huft bete,negative
habis diupdate log,neutral
habis update tampil sih oke ya suka kalo minjem buku suka download sedia copynya tolong ya ipusnas baik aplikasi minat baca literasi indonesia tingkat kalo aplikasi enak pakai,positive
latest version messy koneksi bagus bilang koneksi buka buku kadang unggah cari buku nama arang hasil muncul cari judul buku hasil muncul tim qa kapai,negative
latest app unpleasant,neutral
terupgrade versi baru akun login gagal baru ipusnas nyaman banget pakai tolong baik,positive
buruk aplikasi perintah bugs error tutup buka aplikasi menu daftar bau perintah payah,negative
login,neutral
aplikasi jelek maju baca buku sulit,negative
lot banget,negative
update suka aplikasi bantu banget baca baca buku update akun masuk suruh ganti sandi masukmasuk mohon bantu kak,negative
update login search nama arang ipusnas ayo baik ratingnya naik,positive
maaf lot ya aplikasi logout buku dipinjem hilang login terang sinyal kencang internetnya sih,negative
app logout gaib login mustahil ajaib literasi rakyat hebat ilusi sesat engkau sekarat ipusnas,negative
update whats wrong ipusnas koleksi pinjam buku hilang ngeblank kecewa,neutral
log uninstall download masuk tolong baik,negative
cant login update,neutral
tolong baik versi baru biar buku baca,negative
update login akun mohon baik,neutral
eror login,negative
halo habis update buku nya lengkap ya kayak,positive
woi deh error buku copynya dikit susah dapetnya,negative
login update,neutral
halo ui bagus modern buku dibacadiunduh search enginenya sulit cari judul autor kayak terima kasih,positive
versi baru susah akses history pinjam hilang baca buku simpan download data tolong baik,negative
bagus ya aplikasi masuk,negative
like app like library since last wig app close cant log back please fix,negative
updating newest version october cant log account dont know whats wrong newest version,neutral
error heran,negative
tampil bagus pas update buku buka nij,positive
update log masuk app jelek banget,negative
berkalikali reinstall ipusnas login berbulanbulan kali pakai app user experience jelek,neutral
sunting tibatiba aplikasi ipusnas masuk masuk penginputan usernameemail password galat proses tolong baik cepat aplikasi bantu akademisi akses buku sulit ujung timur indonesia,negative
ipusnas diupdate buku temu loadingnya kuar akun tunggu update baik,positive
jelek update lancar aplikasi guna lag bug ganggu giat aplikasi hambat,negative
update cant login,neutral
bagus jelek login susah banget pakai akun akun login banget pas loginnya minus banget plus cuman copyan sekaranh dibanyakin jeleekkkkk ratenya nih,negative
update versi baru log,positive
diinstal onyx book poke,neutral
mengunakan ipusnas versi hambat aplikasi terupdate otomatis login hinga kirim data,negative
bugnya manfaat log log susah,neutral
pinjem kondisi ui jelek login lanjut baca aplikasi berat fitur news friends posts etc susah login fokus reading friendly fitur bikin aplikasi lot error betulin cepat cant believe sayang mending balikin ui jelek performa ui,negative
daftar,negative
bulan ya maintenance nih aplikasi sebal banget unduh eh buka baik bikin nyaman catat hilang beda tampil,positive
dear admin update aplikasikok susah banget log yamudah mudah baik,positive
susah login ya,positive
register,neutral
aplikasi base milik negara banget error butuh referensi buku,negative
oke update log otomatis masuk app sedih banget,negative
whats wrong ipusnaswhy cant open,negative
saiki rak iso mlebu ning app aneh,neutral
much bug cant access,neutral
tampil update daaan lamaaa loadingnya kalo download cepat download baca moga baik,positive
aneh masuk aplikasi update masuk,negative
versi baru gagal download file temu tunggu pinjam,negative
error tuh,negative
susah login aplikasi hp pc,negative
sih ipusnas update bolak ter logout susah login kemarin pas login tampil search kunci nama arang versi,positive
update tanggal login,negative
terima kasih normal aplikasi moga copy buku filosofi teras retorika aristoteles banyak rebut pinjamhhe,positive
kecewa ipusnas cari buku nama arang versi buku pinjam unduh,negative
semenjak update tampil jelek banget logout log bug terus,negative
error tolong tingkat error l,negative
update buka login,neutral
ipusnas gampang eror kalo update susah masuk,negative
aplikasi versi keren,negative
hi update aplikasi ipusnas update tanggal logindevice tablet update login baca buku mana download apk aplikasi ipusnas versi update,negative
app update baru jalan buku available,positive
ribet log susah cuman akses jaring gsmmobilelwt jaring wifi diaksesngasih ilmu pelit uninstall,negative
bagus bugnya banget,negative
ngecrash parah update baru langsung close buka,neutral
ui nyaman adakan fitur filter buku populer dasar tulis buku terjemah dsb sulit cari buku lihat rekomendasi buku ipusnas,positive
lot konsep bagus baik moga,negative
absurd app asking access photos,positive
book collection incomplete queue borrow quite long even hundreds queues,neutral
awful app tolong baik cepat aplikasi error sinkron,positive
koleksi buku lumayan lengkap buku self improv novel resep masakan cerpen dsb saran aplikasi tambah fitur share kutip tulis screenshot watermarkdi batas biar review ebook medsos,neutral
terimakasih berkat literasi gratis,positive
gampang eror anjir ah malas,negative
apa pegang perintah cacat,negative
login update forced stop,neutral
lodingnya,neutral
updated app still open,negative
diupdate masuk aplikasi,negative
ya tanda teks buku baca eror mohon baik nya ya kak terima kasih,positive
dear ipusnas please fix bug kemarinkemarin kalo minjem buku log minjem buku nih ipusnas mohon kasih cerah apl benar bantu banget sumber karya tulis malas pus langsung tolong dengar rakyat user apl maksud ya bantuin jelasin benerin pls banget mah,positive
thanks baca buku buku alih depresi arah positif ketimbang jebak dunia hitam kelam,negative
astaga register load book login tender aplikasi banyak potong panitia pokjanya,neutral
updating accesssign,neutral
terima kasih kembali ipusnas mobile versi next time rilis versi pasti stabil rilis kemarin fitur history hilang buku pinjam hilang moga love ipusnas,positive
tolong baik bugnya tbr baca pinjam takut baik buku pinjam kembali otomatis,positive
maintenance bugnya kecewa kerja aplikasi aplikasi versi mobile pc,negative
buka aplikasi,neutral
buka,neutral
suka banget pinjam buku gratis tambah wawas sayang aplikasi ganggu update suka ngeclose baca buku eh masuk sedih buku selesai baca saran tambah history otomatis halaman baca timbang fitur,positive
login diupdate,neutral
mohon akses semua macbook min,neutral
sampah kgk buka samasekali,negative
login update baru,neutral
aplikasi jalan,neutral
susah baca halman nya suka ulang bookmark nya gaguna nge highlight nya susah banget kadang pas baca halaman highlight tolong dibenerinstress banget tau baca,positive
min login sedih banget semenjak interface barutolong baik,negative
aplikasi aneh banget ya update tampil bagus terang eh tibatiba suruh update tampil update,negative
hai tim ipunasterima kasih setel awalsmoga baharu bobot kualitas buku,positive
year app,neutral
tampil,positive
tolong habis diupdate pas login data kereset riwayat baca rak pinjam kosong tolong bjir,neutral
second time download app cant even use man want read books dont guys keep app simple dont need unnecessary features know app could really help indonesians get reading,positive
koleksi buku lengkap sistem antri bingung,negative
server ui tolong baik,positive
habis update log log muter doang,neutral
login update,neutral
login ya maintenance bintang kalo login,positive
suka aplikasi kalo login banget masuk pas masuk tolong baik aplikasi,positive
tolong baik update login login jaring bagus,negative
login ipusnas senang aplikasi harap koleksi preview buku pinjam bravo,negative
update cant even login please fix app orang undo update,negative
apasih login auto close,negative
jelek banget suka ngebug pas masuk logout login bilang data sesuai pas log ngebug banget,positive
lot banget aplikasi daftar lot masuk halaman utama lot niat lanunching aplikasi sih kalo bikin aplikasi nanggung kayak,negative
diupdate pakai datadata hilang,negative
diupdate bagus jelek akses kecewa banget versi tampil bagus bagus banget baca,negative
app sucks period,neutral
ipusnas cant open like usual one favorite aps actually update cant anything,positive
error return book edit edit update jelek hebat,negative
aplikasi,neutral
akses aplikasi kali instal uninstall login ulang kali kembang aplikasi pikir moga kait baik,negative
updated version doesnt work properly finally log wig logging anything blank space search books even profile blank get back old version pakai sok page bookmarked stay marked even close reopen app,neutral
bug uinya update,neutral
suruh kerjain aplikasi kasih gaji sesuai sedih banget bacaperpus susah banget versi websitenya,negative
used fave app anymore updated getting unuseful cant read saved book anymore error hope fix quickly,negative
aplikasi daftar isi alamat camat tolong lag nya,positive
tampilannyaa ngebug,neutral
application trouble,neutral
semenjak update error mulu login susah please baik,negative
niat aplikasi sih masak ngelaag mulu,negative
tolong update login muncul notifikasi solusi,positive
bug nih semenjak update buka sengaja update baca review orang bug eh tbtb forced close paksa diupdate parah baik tolong sistem pinjam search bar mode lock baca minim salah tekan baik kategori buku beranta tanda stabilo diselect susah atur baik,negative
upgrade diupgrade diupgrade susah login sekali langsung ngebug logout please developer kalo ready diupdate mending bikin sebel cepat benerin,negative
login update,neutral
log aplikasi tampil menu utama lebih kosong fiturfiturnya muncul mohon bantu,negative
updated app god knows infuriates app sok bapuk cant even log successfully log app would stop working entirely frustrating know supposedly main indonesians digital library turns low poor quality dear developers please please release updated version guys know app work minimum bugs,negative
aplikasi diupdate akses sok sad,negative
best,neutral
niat sih bikin aplikasi anggar gede kerja asal becus,negative
cant login,neutral
app still bug others cant login account wig sok unistalled app already used mobile data wifi clear cache etc doesnt work honest one favourite app read sok much e book please fix bug sok use app easily,negative
fitur video takut aplikasi berat sistem antri daftar tunggu rebut user ngekeep buku teman return pinjam bookmark usaha hilang,negative
mohon maaf bug nya tolong baik coba kali install uninstall sign log,positive
login suka banget baca ipusnas ayo baik sistem,positive
tolong deh update login login,positive
cant get,neutral
habis update login lot banget tau mending update tolong sistem diperbaikin bagus error baca buku susah banget heran,negative
tampil oke cepat akses halaman sesuai kira,positive
beres update langsung log otomatis log aplikasi perintah jelek jelek sih mending duit korupsi noh pakai benerin aplikasi perintah digitalisasi ngerjainnya setengahsetengah proyek minim manfaat masyarakat jorjoran,negative
gangerti ya layan perintah payah lot banget log susah susah,negative
always eror learn task,negative
bug masuk,negative
lates update user cant login issue came social media please kindly recheck fix,negative
sayang login aplgi pinjam buku pengin baca buku,positive
semenjak update login nyangkut,neutral
app actually useful liked lot easy borrow read book however app bug lot especially read tahan two books forced closing opened thus reinstall please fix issue please feature read book offline,negative
keupdate tibatiba login diinstal ulang jeleeeeeeeeek sayang koleksi buku bagus update baik downgrade,positive
aplikasi lot pas minjam eror tolong baik aplikasi nya,negative
unable login problem data,negative
cant log google account please fix,negative
aplikasi login sinyal oke oh aplikasi ok kali ya,positive
login baca buku,positive
aplikasi update login berharihari orangorang update login tolong baik,positive
tolong developer apps tingkat kualitas ipusnas ramah baca update baru repot guna,positive
habis diupdate buka sih,neutral
parah banget habis diupdate buka sekaliii,negative
tampil performa kecewa semenjak install login esok akses moga lekas baik ya,positive
baru jelek akun susah log baca buku coba jam pagi akses siang dikit susah baca buku doang ayo min cepat baik apk nya tampil bagus kalo pakai,negative
tolong update masuk appnya,negative
mah benerin bugnya asli problem kagak ubah login cmon men,negative
ngebugg ya pas log sign,positive
ipusnas baik,positive
update gaberhasil masuk coba bolak uninstall install kecewa banget asik baca buku auto update eror baca buku,positive
ganggu,neutral
bagus apknya suka log gilir log,positive
sayang aplikasi selesai update guna kali logout berharihari loginnya gagal masuk,negative
update bikin errror,neutral
koneksi server error highlight baca sulit terlogout sulit login,negative
wajib allow camera phone photos video music audio fungsi,negative
log,neutral
login daftar dev nya gen boomer,negative
edit worse tahan previous versions cant log app says account doesnt exist even ive member update trying create new account force stops app serious drop subdistrict menu doesnt even load minutes waiting please consider functionality carefully update,negative
diupdate login crash app nya senang banget baca buku legal gratis ayo baik min,positive
aplikasi bantu sedia buku gratis akses tampil baik update baru akses akun turn alami ribu guna keluh sounding sosmed sayang admin update,positive
error baik,negative
aplikasi henti befungsi serelah update tolong baik cepat,positive
aplikasi baharu login,negative
aplikasi ngebug log kemarin tunggu baik masuk akun baca buku,negative
crash android,negative
gagal login,negative
mohon baik min kendala bug pas daftar force close cepat,positive
koleksi buku agam buku populer habis update kemarin login,positive
updated difficult connect server connected need time read need download always disconnect use always need login used animation difficult search book heavy loading login kirim data info,negative
jelek suka error,negative
update masuk ipusnas update tolong betulin,negative
everytime logging email apps always forced close dont know apps keeps closing,negative
habis update dibukaaa baca tugas ayo baik,positive
jelek banget bug logout tb,negative
suka baca tolong maintenance lamalama trouble baik terima kasih,positive
app bagus baca cuman susah banget login suka logout jelek bagus,negative
malas baca buku ipusnas versi sebelumnyangetik nama arang langsung muncul kait nama pemgarang buku tampil,positive
update buka butuh koneksi cepat koneksi bawah mbps sulit akses,negative
kemarin deh error ya,negative
cant log want reaaaaddddd t t,neutral
habis update log,neutral
update aplikasi nya lot ya tolong baik,negative
really bad updated app uninstall already,negative
great app suddenly got log cant log back,neutral
big l updated cant even access web one app web suck like kelas perpusnas lo plis kerja kecewa banget,positive
suka app baca pinjam buku gratis semenjak baru loadingnya buku pinjam hilang,positive
aplikasi berat rasa loadingnya banget,negative
kak maintenance ya update versi baru ngebug login foto hilang untung tablet diupdate,positive
update error masuk login banget sekali masuk lot ampun tutup aplikasi sebentar pas buka login susah banget loginnya baik apaapa,negative
error mulu,negative
ipusnas ya tbtb logout login coba login kemarin bisabisa tulis kirim data coba,positive
update jelek,negative
baru jelek versi sebelummya lot lot tampil bagus bug crashnya clear chache bantu,negative
ui bagus uxnya tolong baik servernya biar muat koleksi buku,negative
login kemarin tau,negative
aplikasi jelek,negative
habis update bagus lot login,negative
jelek ngelag parah lot,negative
cant login newest update,neutral
mending upgrade kalo ujung error mulu login,negative
guna download buku cerita anak buka bug tolong diupdate,negative
aplikasi manfaat banget cari baca gratis sayang error bugnya suka force closed susah login,negative
daftar akun berkalikali coba aplikasi,negative
buka daftar akun daftar apps nya close,negative
susah login aplikasi bug canda negara asih fasilitas masyarakat,negative
sih update lot parah login sekali tau riwayat pinjam hilang riwayat follow dm hilang nge bug login lanjut baca buku kalo kayak mending balikin versi ubah reviewnya kalo baik,negative
masuk akun,negative
interface old fashioned whenever waiting list book notification never appeared phone,neutral
login,neutral
always force close update,negative
semenjak update baru aplikasi buka,neutral
mati logout login tunggu,negative
habis update sistem ulang kali login login lot ampun masuk apk nya suruh login ulang,negative
diupdate login,neutral
update aman akses update login login,neutral
ipusnas versi banget error akun tbtb versi login buka ering banget bug lelet banget pedahal jaring stabil fiturnya oke sih turut jauuuh nyaman pakai versi please baik min pinjemnya cuman,positive
ayo baik percaya aplikasi kemarin kasih bintang pas digunain update eh update masuk kendala butuh butuh semangat tim baik apk ya jujur apk bantu manfaat,positive
capek banget deh buma app suruh login ulang susah banget kalo login mending versi search nama tulis,negative
update baru masuk,positive
never ending loading never ending crash app keep shut keep sign close app hard download book feature lacking grade,negative
update sulit login akses internet buka aplikasi jaring internet,negative
lot banget kalo update ui bagus jelek lemootttt,negative
update crash,negative
cant log using existing account,neutral
aplikasi update otomatis masuk akun,negative
bug pas daftar langsung masuk,positive
aplikasi galat eh pas masuk tulis sih kirim data uinya baru lot ampun sistem pinjam pakai sistem antre kayak libby plis tiru libby fitur bikin quote buku baca bagus sih mohon variasi baca nilai estetika tolong baik sistem alam baca guna maksimal baik,negative
update jeleg,neutral
honest like app cz sok helpful wan na read college material dunno time time sok bad app usually stopped work doesnt wan na opened im sok regret pls must check solve,negative
apk always crash bad,negative
logiinnnn ngebug clear cache malam coba login stuck halaman login tolong dibenerin,positive
jelek banget suka error log kadang log sistem antri cepetcepetan pakai sistem kayak libby urut dapetnya overall reading experience senang,negative
update susah login ponsel laptop web login logout habis update tolong gercep ngefixnya,negative
aplikasi login sungguh kecewa buku jendela dunia kayak jendela buka kecewa banget,negative
diupdate aplikasi jalan,negative
suka banget aplikasi nya milik batas beli bukuuu edit masuk akun ya bacaa kemarin nemu hidden gem,negative
bukubuku pinjam hilang ya akun susah buka,neutral
ubah tampil hilang buku pinjam baru bingung aplikasi tahun ubah pinjam buku,neutral
semenjak update log lola antri buku mutualku hilang,negative
aplikasi terawatloading lamapengunduhan terkadang errorbahkan login sayang aplikasi kait ilmu biar usaha buat tarik,negative
aplikasi baru login kali nilai jelek heraannn benah dana triliun ajaaaaa beli server layak habis miliyar,negative
ngebug hari bikin frustasi ih ubah bintang kalo lancar good improve,positive
ya habis update apknya login loading terus tolong bantu ya,positive
aplikasi tarik tingkat literatur budaya baca kali sulit login buka app nya ulang kali,negative
please habis update super lot auto log ya tolong ipusnas baik aplikasi,negative
bad system,negative
ipusnas sih upgrade ngelag akun terus lihat riwayat pinjam buku baca,positive
cant login hours ongod update makes app sok slow,positive
lot banget pleaseee bikin layak app baca ya baca kapai tambah video jelek jelek hfffttttt,negative
update lot banget lihat deskripsi buku taun,negative
kembang aplikasi susah akses,negative
aplikasi dongok muter anak magang,negative
app really bad sok many bugs ive logged automatically hardly get back account please fix issue soon possible,negative
sok ugly updated logged account sudden also couldnt log account update,neutral
cant even log updating,neutral
lag banget log mulu ih,positive
kalo asih bintang berkalikali spam kolom review baik,neutral
update baru gagal login akun google kadang loading menu utama gagal,negative
woe app nya nge bug mulu nih min habis diupdate,positive
ngebug buka,neutral
tolong sistem baik desain aplikasi mudah simpel mudah baca sortir buku saran update aplikasi icon desain oldfashioned ribet arsip buku baca tambah pustaka khusus antri buku,neutral
buka,neutral
buku lengkap nasional,negative
notifikasi buku pinjam sistem antre,negative
niceee,neutral
loading lambat banget bosan tunggu nya aneh aplikasi baca permission akses music library foto contact,positive
much bugs phone suggested put app deep sleep order get phone running smoothly,neutral
buka,neutral
overall good want use app crashed borrowed books disappear days,positive
aplikasi update download buku ya,neutral
aplikasi ampas mah buku buku jadul error aplikasi favorit huhuhu senang banget aplikasi kembang dana korupsi manfaat banget buku buku baru moga kembang update buku buku baru huhuhuhu haru perintah peduli literasi terimakasih libat buat aplikasi mimpi,negative
bad apptake sok much time open,negative
jokowinya,neutral
copy buku antri buku ofc antri buku tulis lengkap error cari kadang pas buka aplikasi aplikasi tutup tanda buku hilang whats good read app gratis fix bug n banyak judul buku better,negative
buruk banyak bukubukunya baca senang mendownload rekan,negative
look old sok many bugs,neutral
aplikasi perintah jelek banget heran ui tarik bug notif buku available antri sistem ngantrinya nama antri orang return war apa antri kalo plis sistem baik app bantu banget pengin baca buku budget sistem huft bikin elus dada,negative
bulan aplikasi force stop kali baca buku device kompatibel milik koneksi internet pakai aplikasi uninstall,negative
login ya daftar akun padhal internet lancar semenjak bug pakai coba uninstal instal ulang dipkakai,positive
lengkap buku jelek tulis kosong koleksi tambah,negative
aplikasi bagus domisili jakarta lihat koleksi pustaka nasional pinjam buku mana app tuh seriiiiing banget ganggu minggu homepage keluar rekomendasi buku refresh pergaruh halaman log pinjam orang lancar refresh update page rekomendasi buku refresh kali pengaruh tolong performa tingkat,positive
error nya banget cepettt perbaikiiii pleasee nyaman unjung tolong juga baharu tampil nya kuno,negative
bagus banget fasilitas,negative
aplikasi ngestuck loading screen,neutral
koleksi sih lengkap fiturnya muas bikin eksplore buku sedia kadang beranda refresh coba ulang kali saran filter buku populer buku baru dsb,positive
lol baca buku literasi indonesia hahahahahah,positive
sok far sok good aplikasi bantu banget cari bahan baca sumber data penting ive question admin ipusnas aplikasi rancang muncul notifikasi popup sedia buku antre notifikasi aplikasi buka serobot seru aplikasi provided tibatiba status queue terima kasih moga umur literasi,negative
much bugs errors app thats really annoying,neutral
excelent,neutral
keren,neutral
ubah sandi lupa password bisabisa aduh tolong baik bagus nih aplikasi pengin login akun ganti sandi,negative
tuju aplikasi bagus manfaat sayang eror,negative
aplikasi bagus banget sayang galat tampil oke minimal diupdate old turut moga depan baik signifikan,positive
nice app,positive
baguuss manfaat,positive
review jelek dibenerin,negative
juli pinjam buku error diinstal ulang login mohon baik error cepat,negative
login internet terang internet lancar,positive
suka aplikasi pinjam buku gratis tolong kembang kategori buku detail baca mudah cari buku pinjam cakngkupam kategori sedia luas bingung terimakasih,positive
bagus lengkap buku nya batas pinjam stok nya dikit aplikasi lelet,negative
aplikasi bagus koleksi buku enak bahan referensi ngebacain cerita antar tidur anak tau masuk aplikasi ipusnasnya,negative
interaksi uinya baca ganggu scroll fullpage baca kali ubah tampil halaman lengkap sub judul bookmarks swipescroll dll,positive
bagus aplikasi bantu orang orang hobby baca dana beli buku catat tolong developer baik sistem ipusnas didownload windows aplikasi forceclose,negative
tolong tingkat pelihara aplikasi nya kak terus server,negative
dukung apresiasi langkah literasi indonesia aplikasi ipusnas edit maaf developer aplikasi ipusnas hilang thumbnail buku gagal pinjam terimakasih,negative
sistem tingkatin iya kadang buka aplikasi coba uninstall download susah login pakai akun,positive
buku sedia kumpul buku populer koleksi kosong suka fitur antri pinjam queue buku mati otomatis buku sedia notifikasi pemberjtahuan buku sedia ulang kali tumpuk terima notifikasi buku sedia aplikasi harap baharu fitur antri buku penuh kotak notif,positive
aplikasi nya oke banget sih suka error,negative
overall suka aplikasi cuman tolong developer baca fc aneh banget woy tingkat kompabilitasbya device update malas bruh,positive
kendala baca unduh buku tampil ui ux tarik fiturnya kadang klik cepat unduh lambat kadang sampul buku sesuai judul jadul moga baik ubah terima kasih,positive
bagus sih pinjem buku mudah ui uxnya jelek suka ngelaggg ya allah huft capek banget,positive
maaf ya guna banget bikin temanteman suka baca apk merespon buka bug mohon baik ipusnas hi error ih tt juni going juli minat baca tinggitingginya maaf kasar atas,positive
benerin pls kelas pus nasional apknya kayak minat baca,neutral
used love app good varied books features unfortunately sok many bugs apps often forced close cant even open app orang download books wifi works well mobile data,negative
buku internet tulis buku cari mohon update,neutral
pinjam buku harus verifikasi email sekian update todak terima verifikasi email request terusmenerus tolong baik pinjam,positive
aplikasi akses akun,negative
cant borrow book im book whishlist,neutral
diupdate baik bug bugnya berkalikali login ulang masuk password salah stuck loadnya,negative
susah banget masuk log registrasi,negative
buka,neutral
managing application professional lot readers waiting reading quality books indonesian library,negative
register,neutral
baca ebook aplikasi bingung asih phone photo video music audio permission urgensi asih permission appsnya dijalanin,negative
apps nya oke minjem buku batas pinjam nya cepat banget tuh bookmark kalo tutup buku bete kayak tau mode bookmark nya coming soon mulu ih sebel,negative
fitur wishlist manual wishlist aktif pinjam buku sedia antri beda wishlist buku baca queue antri pinjam orang milik wishlist baca baca notifikasi buku queue sedia lewat antri ulang,positive
aplikasi jelek suka crash login,negative
bagus akses buku buku apa gratis baca sat offline terkadang ketidaknyamanan lag ngebug dll tampil cantik kini sukses tim ipusnas moga kembang henti,positive
sungguh kecewa tailahh,neutral
lagilagi kali ganti akun masuk aplikasi reinstall masuk akun forgot password email masuk,negative
cant even open app,negative
senang banget aplikasi pinjam buku gratis baca mana pakai ipusnas masalah ngebug kesini ngebug,positive
senang banget apl buku online free thankyou ipusnas,positive
good,positive
alami kendala login registrasi hubung ipusnas email keluh langsung atas jam email keluh kirim malam harap alam senang ipusnas moga ipusnas kembang depan salam literasi,positive
aplikasi akses,negative
terimakasih ipusnas akses,positive
terima kasih hatur responnya log aplikasi inimudahn aplikasi stabil baik memberitahu guna aplikasi baharu data,negative
aplikasi suka hang tolong baik,positive
aplikasi ipusnas giat seharihari aplikasi deteksi bugs harap tulis review tim developer tangan aplikasi terima kasih,negative
akun keluae buku batas intan layan reng,positive
sok many bug cant open app always loading screen,negative
love everything app tolong baik terlogout susah masuk,neutral
appmya bagus crash,negative
sistem pinjam bagusnamun aplikasi banget bugnyadan appnya buka stuck loadingforce closedataupun signal ganti jaringanmulai wifi paket data hotspot tolong baik aplikasi terkadang appnya fungsi terkadang force close render app banget masalahnyaerror login,positive
days access read books although convenient use still okay today cant open app open login forget password keep saying connection internet connection good collection n epustaka page cant reload also says data found,positive
error ya,negative
apk nya sih majuin sdm apk nyaman pakai tau tau logout login susah banget stabilin jaring hasil hapus data restart hp install ulang bantu tolong baik,negative
kadang apknya suka ngebug tibatiba akun kali kali kadang login bisabisa mohon baik ya buku agam sayang banget suka eror,positive
aplikasi erorr,negative
buka app banget bug ganggu banget baca,neutral
apps keep force close,negative
servernya kayak sampah,negative
bug nya gagal login mulu,negative
suka minjam buku gratis bugnya yolong baik,positive
bug login tolong baik,positive
login pas login aplikasi stop rajin baca uji ipusnas,positive
halo aplikasi maintenance loadingnya langsung terima kasih,positive
mohon baik ya parah aplikasi ngebug buka force close,negative
bug tolong akses,positive
ya buka aplikasi butuh banget ngelanjutin baca buku referensi ambil,negative
bantu kaya baca beli buku tapiiiii otw baca buku eh aplikasi tibatiba nutup coba berkalikali restart hp mohon bantu kak,positive
aplikasi baca gratis jelek banget closekeluar apk dikit baca nya notif samsek buku error hpku kali stuck waiting download buku lamaaa banget close eh download masuk history rak buku benerin bug nya komplain twt aktif ig sebal banget benerinnnnnn,negative
baca registrasi pesan verifikasi kirim email,positive
sih aplikasi buka kali kayak ulang kali aplikasi sensitif banget baca tibatiba next pencet tolong baik tolong ya terima kasih,positive
ya tablet buka internet lancar tolong min,positive
bagus apa,negative
suka freezing ya,positive
bug aplikasi buka hapus cache aplikasi,negative
problem cant reset password link ipusnas send gmail open please fix,negative
suka aplikasi membantunamun sayang bug apk nya buka copot pasang login ambil teori skripsi,negative
maaf ipusnas error ya perangkat masalah,negative
terobos tarik tingkat minat baca kaum miskin dang mending beli buku pus fisik android error forced close smtr ios stabil versi ipad nemu mana tombol book return nya salah ngembaliin buku les baca antre bookmarked nya hilang moga benah,negative
lag mulu ipusnas deh malas,negative
fix bugs please,negative
tolong baik aplikasi login masuk,negative
buka kemarin pakai normal,positive
sulit login pc hp internet lancar buka,negative
apk jelek digunain,negative
ipusnas error ya mohon baik servernya,negative
bagus banget eror kadang tampil ui nya bikin greget moga depan beres eror baca,positive
aplikasi bug buka login,negative
tolong perhati kurang fiturfiturnya bilang primitif nyaman bikin ganggu baca slide pindah slide,positive
aplikasi tingkat minat baca juduljudul novel sayang aplikasi baca buku buka buku pinjam force closed sayang poco pro android saran,positive
overall quite good cant register account app cant even read one book bug,positive
app orang maintenance coba buka app login news,positive
muat gambar tulis loadingnya kadang app mandet,positive
tingkat apknya lot suka,negative
tolong baik aplikasi error antri limit guna returnpinjam buku berkalikali guna pinjam buku baik highlight teks sulit menghighligt teks,negative
jelek uiux nya masalah mulu,negative
buka pakai mobile data huhuhu rumah pakai wifi,negative
error,negative
ipusnas tolong update app nya baca buku,positive
kembali aplikasi ipusnas aneh sentuh sampul buku hapal halaman baca pakai bookmark halaman bookmark sentuh fitur ubah warna text guna tempat,negative
bug aplikasi,negative
plis banget kalo servernya suka labil ya enggak stok masuk rak antri senang judul ripiu nya bagus apa buku populer susah banget return nya astaga andro pc tolong banget,positive
haloo min senang baca buku gratis buku kayak stok dikit ya buku antri sempat pinjam baca request tambah stok buku mana ya kak harap aplikasi ipusnas kembang tambah fitur notif ya dm hambat komunikasi tidak antri buku ditunggutunggu terima kasih,positive
kadang eror malas,negative
notifikasi bagus kalo muncul aplikasi dehkyk notif fb gtkalo aplikasikita tau kalo buka apk nyajadi kalah cepat mantengin kalo antri,negative
tau apk nya buka kalo pakai wifi,negative
jujur koleksi lumayan buku buku indonesia bahasa asing sedia fiksi nonfiksi tampil baca fleksibel tangkap layar terjemah riwayat baca hapus sistem antri cepat,positive
pakai semoet pakai login email akun link email alias eror pindah web nya tolong solusi,negative
ayo update bagus aplikasi,positive
bagus sih saran kalo ngembaliin buku dipinjem tunggu jam buku selese baca jam minimal pinjemnya tambah universitas maksimal biar baca buku terima kasih tambah minjem thank admin asih saran huhu tolong kerja one drive akses libby terima kasih dengar masuk,positive
aplikasi file didownload crash terang bugs please fix,negative
error terosssss kagak login,negative
please fix bug login lost books,negative
notifnya kalo buku pasuk antri sedia buka app biar efektif banget,positive
pakai samsung tab si fe ulang kali reinstall buka buku pilih,negative
bulan coba bagus rekomen loading logo ipusnas tolong baik bugnya ya buku bagus sayang kalo appsnya error,negative
bagus suka ngebug,neutral
aplikasi macet aplikasi buka,negative
halo admin kah bantu atas bugs aplikasi redmi pad loading koleksi buku anak scroll scroll loading koleksi baru terima kasih ya bintang deh beres troublenya terima kasih,positive
highlightnya suka aneh tekan terhighlight highlight habis menit aplikasi gakmau highlight kudu sabar terhighlight tautau pink ubah warna merah susah baca tebal sentuh terhighlight merah hadeh,negative
error pinjam app nya crash judul prinsip praktik bantu hukum indonesia jandi mukianto sh mah legal aid bantu hukum orang miskin robert egerton llb,negative
aplikasi force closed setiao baca buku,negative
baca buku pinjam mhn baik,positive
jarang crash hasil cari versi android beda hasil cari versi windows cari arswendo versi windows serial imung kiki terima kasih,neutral
update bagus kritik tanggap moga depan cerdas anak anak bangsa mantik logika pikir,negative
bagus sih buku gampang error,negative
buku pinjam baca aplikasi langsung force stop,negative
login pasuk email alert error format email correct ubah bintang nya kalo baik kayak aplikasi perintah bug,negative
bagus fitur daftar buku daftar tunggu kosong kadang baca buku beranda daftar tunggu banget,negative
manfaat aplikasi kalah kurang serius deh kesal menghighlight tulis susah atur ui ipusnas jujur tarik terima kasih literasi mudah akses,negative
fitur bookmark fungsi kadang hilang sedia fitur highlight mulus sebab glitch pindah halaman error mohon baik butuh tanda buku tebal,negative
unsatisfied,neutral
halo admin join ipusnas registasi ya ipusnas kendala tolong kabar bantu ya,positive
tolongggggg aplikasi forced close verifikasi email juta kali email masuk recommended,negative
minjem buku verifikasi akun via email email verifikasi muncul kali resend inbox spam minjemnya,negative
cant use keeps saying doesnt able open,negative
gagal pinjam novel tolong baik min,negative
besar fontnya buku format epub ayo ipusnas tingkat,positive
bug baik tampil dibagusin tambah fitur cari buku dasar terbit baca tambah fitur lock baca lari tambah fitur simpan buku mudah,neutral
baca buku paulo coelho alchemist bookmarknya hilang pas baca nge tag tulis susah tolong baik,positive
bad ui ux,negative
akun logout ya login susah,positive
sok hard bookmark sentences text blocking cant work properly,neutral
application always error fixed sistem please,negative
please bikin aplikasi henti mana baca dongdi bookmark suka hilang ilangan parah banget deh sayang kalo baik tuh pus onlen keren,negative
cant sign,neutral
enak baca kadang goyang goyang habis baca buka baca baca simpan aplikasi ebook google nyaman baca,neutral
login,neutral
register rating register register muncul failed network timeout,negative
buka ipusnas loadingnya ya sayang banget,positive
aplikasi error kemarin log log ya,negative
terimakasih layan delovers,positive
good collection books buggyapp kept closing,positive
aman buka login facebook suruh bikin akun daftarin respon appnya banget,positive
register coba apps kapai upload playstore,positive
baca buku apaapa pinjam borrowed books pas pencet nutup appsnya ya koneksi lancar sayang banget buku pinjam baca ,positive
registrasi susah banget failed,negative
servernya error ya pinjam buku failed logout login ulang susah banget pas login eh buku apa dalam,neutral
aplikasi bagus kadang suka restock buku populer cepat habis saran durasi pinjam minggu nyelesein buku panjang susah mesti rebut pinjem usul kerja libby biar baca buku ipusnas kindle terima kasih,positive
pliss buku kupinjem hilang sistem otomatis balikin buku pinjem sedih banget sih jujur kalo sistem seengaknya kasih notifikasi kaya ingat batas pinjam sih upgrade look banyak fiturnyaa nambahin filter judul dasar abjad filter berd rating dipinjem dll moga masuk baik nih,neutral
kali buka file buku pinjam langsung force close,positive
salah aplikasi fitur cari kali cari judul buku judul judul nama author tetulis pasti kolom cari spesifik fitur cari mohon baik mudah terima kasih,positive
log inpadahal coba device beda aplikasi buka,negative
cant borrow books keeps getting errors,neutral
buku populer server nya minus banget pinjem,positive
registrasi baca deh mohon sistem nya baik pls,negative
coba registrasi kali cari referensi buku sedia ipusnas registrasi gagal hari tunggu tolongg ya ipusnass butuh banget ngett ngett,negative
hello bugnya ya ngelag banget,positive
rangkai coba login gagal hasil terima kasih usaha layan baik erti puas mustaka tuju utama pustaka moga depan salam literasi,positive
emai verifikasi tangan nya ya register login,positive
difficult regist,neutral
aplikasi bagus buku sedia stocknya opsi wishlist fungsi buku distock buku baca pinjam terima kasih,positive
terima kasih aplikasi bantu untuk beli langsung buku fisik copyan sedia kadang suka tibatiba eror menganggu banget eror tambah buku ya min req burning god karya rf khuang thank adminn,positive
kadang suka ngelag ih kalo buku tinggal copy doang,positive
kurang fitur bookmark,neutral
senang banget aplikasi alternatid kalo cari buku heuheu bug kak min,negative
good website readersesp trip need bring physical book,positive
tolong kualitas tingkat minimal aplikasi google playbook min tingkat cerah bookmark buku dll tolong ya min biar betah berlamax baca buku,neutral
pakai kasih rating sekarangterima kasih baca buku pergi toko buku,positive
bantu orang orang minim budget baca sayang baca seringkali halaman halaman ganggu repot,positive
app bantu guna app moga pustaka nasional mengupgrade permasalahanpermasalahan guna,positive
suka aplikasi pinjam error hitung kemarin siang harap baik,negative
login terima kasih pas cari judul buku muncul tulis bahasa satu mohon bantu,negative
yaelah tahun suka error mentangmentang gratis kah major upgrade minor upgrade,positive
gampang eror ya waktuwaktu genting andal,positive
loading nya banget sinyal bagus pas cari judul buku hasil cari pas minjam buku unknown error coba hapus install ulang ubah,neutral
kak admin sore pinjam buku ya update aplikasi,positive
thx manfaat app nya,positive
suka banget terima kasih ipusnas nyediain buku gratis koleksi sedih banget kalo baca bookmark suka hilang kadang adjust teks bug huhuuu moga cepat baik kembang biar kalo baca nyaman harap moga kembang ipusnas orang indonesia suka baca buku legal hihi,positive
scroll kategori buku henti kategori komik scroll kategori,neutral
terima kasih ipusnas berkat aplikasi baca bukubuku bel,positive
buku bagusbagus copyannya banget ratus manja ipusnas terima kasih ipusnas love,positive
keren banget bikin hemat jajan bukunyaa moga improve depannyaa,positive
moga novel bahasa inggris bahasa asing unggah dark modenight mode nyaman mata mebaca,negative
often crash app forced close clue sometimes also cant login app stop first page hhh,negative
tolong tambah copy buku baca buku tunggu antri antri lamaaaa banget tunggu ribu orang antri duluan plis plis ya tolong banget tambah copyan nya,positive
bookmark nya fungsi koleksi nya,positive
pinjem buku pas baca eh riwayat pinjam,positive
suka aplikasi ipusnas baca bukubuku pinjam langsung aplikasi pemberitahuan ipusnas closed app bug try updating app developer provides fix error solusi,negative
aplikasi pustaka butuh permission access kamera microphone foto dll butuh akses kesana,negative
running sok slow come,positive
teks buku tandain baca kesimpen progress nya,negative
fitur notifikasi sedia ebooknya,neutral
ok,positive
lavv,neutral
notifikasi buku sedia muncul layar buka aplikasi muncul aplikasi buka aplikasi ecek buku sedia tombol bookmark bantu seringkali hilang buka buku tutup,negative
bagus tahu saji kelas aplikasiweb perintah sayang user friendly fitur scrolling page nya moga ditingkatin ya khusus orang nya,positive
app need easy flip page suggest pakai app use volume button flip next page orang side touch flip coz app use function volume key side touch made page appear different thx keep spirit dev,positive
enak mata variasi layar pas baca item putih variasi tanda kalimat apps baca halaman buruk turut aplikasi readera segi fitur tata letak mata moga apps pustaka digital depan,negative
bantu pupuk minat baca sayang bug bookmark hilang kali aplikasi tutup mengingatingat baca jengkel,positive
judul cari online buku nya find kadang nemu pas lihat,positive
tolong ya desain grafis pas mencet tuh halaman tolong gaperlu kecil erti suka halaman ngerepotin genre nya tolong spesifik fiksi biar cari buku susah tambah menu bookmark kadang pasuk library hilang minat duluan tunggu stock mohon banget baik ganggu referensi lihat app readera deh,positive
aplikasi bagus sayang judul buku cari aplikasi temu buku tahu harap buku tahu aplikasi,negative
aplikasi bagus crash buka mohon diupdate aplikasi masalah coba buka buku pinjam aplikasi langsung close aplikasi versi update,negative
kali buka buku direset,neutral
sok far oke aplikasi tingkat kerja cepat akses koleksi saran login username single login akun perpusnas biar integrasi fitur share ig story nampilin cover buku klik aplikasi biar netflix spotify pakai apps,positive
borrowed book downloaded click read button back first page cant read book book called alpha one cynthia eden bug yes please fix thank,positive
login username pas nya gagal pilih alternatif lupa password masuk email daftar,negative
permisi error mulu dar ya,neutral
login,neutral
one thing frustrate bookmark marked page morning exited app took forever afternoon cant find bookpage sok tried marked page wont load please firx problem thank book fanteen shadow,positive
mari baca buku langkah bintang diupdate kala thankyou,positive
hi used able open books ive saved time would help issue,neutral
login pakai facebook ya plis min ya allah sedih banget,positive
update baca buku update,positive
tampil baru nyaman sentuh layar tibatiba mode baca ubah scroll slide netap mode baca,positive
seriously deh sabar banget ipusnas loading stuck antri minggu deh trouble minggu uninstall install masuk,positive
buka buku pinjam aplikasi tutup minggu salah restart coba login logout kali tolong baik terima kasih,negative
hi informing updated app bugs fixed baru aplikasi baik pinjam buku puisi joko pinurbo judul malam tidur mata coba buka buku halaman utama ponsel tolong aplikasi baik,negative
aplikasi sampah digital antri kayak pus manual pdf gratis tinggal download,negative
semonga alokasi anggar buku digital epespus banyak koleksi buku stok epespus manfaat rakyat indonesia mana merdeka bookmark ya dibenerin baik sinkron device pindah smartphone tablet mudah,positive
love app read books wanted cant afford atm free problem im getting days confusingfirst app doesnt work properly want open app loading seconds app suddenly closed didnt click anything happened nowhere reinstalled app cant log back account tried sok many times says network timeout clicked forgot password dont email yet,negative
register gagal,negative
suka banget apk ya buka ipusnas langsung layar menu ya tolong baik ya,positive
force closed ya internet lancar diupdate edit coba uninstall install log internet lancar,positive
kategorisasi kolom cari toko buku daring grmedia sulit cari buku muncul kunci tulis aplikasi resmi pustaka nasional biaya uang rakyat kategorisasi sesuai standar pustaka dewey dll ajar jurus ilmu pustaka,positive
ipusnas banget eror buku pinjam baca ngeclose atas eh buka aplikasi ngeclose mohon lekas atas ganggu banget terima kasih,neutral
senang ipusnas buku referensi temu update versi aplikasi buka close mohon baik lanjut tulis,negative
update versi aplikasi proses unduh buku jalan baca buku aplikasi force close versi jalan lancar kendala asus zenfone android,negative
update versi aplikasi ngebug baca mohon upgrade versi bug,neutral
baca buku pinjam aplikasi force close,negative
baca keclose download,positive
dark mode pls,negative
halo senang perpusnas genggam mengeksplor ragam buku layar hp baca tidk senang bookmark tanda hilang halaman sensitif kali sentuh ubah halaman tengah buku sebal atur blok kalimat hilang kali ketuk ketuk moga baik nyaman baca terima kasih,positive
terimakasih perintah sedia layan via aplikasi ipusnas bantu rakyat jelata,positive
manfaat baca buku bagus,positive
working blank space ,neutral
halo admin salam sejahtera aplikasi ya informasi ipusnas desktop install laptop kali close tolong follow kait ya,positive
installed app new phone app continues force close book read strawberry generation novels borrowed like setia mrx grayson tingka cant read really upset really hard borrow queue crazy book borrowed cant read,positive
aplikasi bagus depan bekerjasama cetak tulis negeri,negative
bantu orang sulit cari buku beli buku buku tunggu terkadang tambah buku pinjam,negative
eror,negative
aplikasi bagus lengkap koleksi buku buka aplikasi komputer close program,negative
history buku baca pas searching judul buku baca baca,positive
staupun buku pinjam ya,positive
aplikasi cuman gambar kartun orang hastag cerdas bangsa edit pakai loadingnya,neutral
masalah pas pinjem bad request proses muat apknya banget,positive
koleksi buku error,negative
susah ngembaliin buku status invalid aplikasi update whats wrong app,negative
aplikasi bagus banget pinjam judul buku baik chat guna inbox muncul tulis metacodeerror messagetidak valid coba pakai hp akun return buku muncul tulis failed invalid pilih close bookmark hilang balas komentar guna muncul tulis failed sent sekian tolong baik terimakasih,positive
tanda bookmark buku hilang paksa pakai highlighter tanda buku tanda highlighernya moga hapus min umpama salah highlight,negative
diskrinsut appnya kasihan tulis buku,positive
dadak return buku panjang pinjam,neutral
since updating lots errors,neutral
plissss ipusnas tolong notifikasi hp buka aplikasi nya sebel banget buka aplikasi notif jam buku wishlist sedia alhasil mnjem dipinjem orang tunggu,negative
tanda halaman muncul hilang aplikasi close ribet cari cari baca,negative
buku bagus sayang limit buku halaman,negative
hai ipusnas bantu aplikasi tolong lengkap bukubukunya ya novel dark series sosok gelap karya lexie xu nanggung banget dark series tinggal empat tolong banget ya terima kasih,positive
kecewa siang pinjam buku kerja register masuk akun alhasil logout sesuai prediksi log lupa password susah log kemarin tulis ulas perihal kendala log ipusnas email admin ipusnas perihal link ganti password valid coba link ganti password kali siang ok penasaran literasi indonesia fasilitas kayak,neutral
read dark mode screen would blinked everytime touched screen move pages quite annoying ruin reading concentration happening light mode sok clearly dark mode broken please fix,negative
fitur tanda laman nih,negative
force close baca pinjam scroll buku detect seleksi teks bingung solusi tekan back kesini bingung aplikasi baca susah tolong kasih tunjuk fitur,positive
buruk,negative
saran history pinjam buku baik opsi publik privat publik bukubuku akun pinjam,neutral
bantu banget solusi baca buku hemat mudah akses koleksi tambah tinggal baik bug,positive
suka terima kasih aplikasi tipikal orang suka baca buku habis uang kendala terkadang mendowload buku pinjam,positive
muas tampil ngebosenin antre seringkali halaman bookmark hilang sulit lanjut baca tolong baik aplikasi sarana bagus baca legal,negative
fitur bookmark fungsi tutup aplikasi aplikasi tutup bookmarknya hilang,negative
kembang aplikasi langsung buka halaman baca,positive
app desain sederhana kalo aplikasi buka tau notif buku lengkap author karya bagusbagus koleksi buku oh iya pasuk buku wishlist baca kalo ngantre buku otomatis masuk wishlist pisah wishlist daftar antre,negative
error sisa baikbaik,negative
lengkap,negative
terima kasih mudah rakyat baca era digital respec elemen libat aplikasi,positive
sayang banget aplikasi gampang akses error aplikasi buka buku pinjam muat makan log notifikasi pinjam buku aplikasi crash tolong baik ya halhal nyaman alam guna,positive
moga bug aplikasi baik benarbenar nyaman aplikasi freeze tibatiba close,negative
bug ebook buka ebook karya jostein gaarder,positive
theres one situation bookmarked pages day couldnt find bookmarks book reading even online mode kind frustrating since im really good remembering something sok order know last page ive read scroll pay attention every sentence pakai sure didnt miss pages meant read book mean breaking point hope problem solved soon,negative
open,negative
tolong dm notifikasi,positive
format baca nyaman sentuh layar scroll muncul highlighter versi desktop eror buka buku,neutral
force close knapa ya eror kah ipusnas nya,negative
kids mode klasifikasi baca sesuai umur,positive
aplikasi nya jadul banget buku pakai android cari buku bagus kayak psychology money kim jiyeong teman cari buku update update aplikasi nya,negative
buku baca buka update t t sumpah bagus versi,positive
cant login app help pls,negative
astaga buku antri minjam sistem antri ya friendly kalang sih lihat waiting list orang,positive
update fitur bookmark toread ya wadaw repot nandain buku baca,negative
buku ubah ukur huruf latar warna dll baca buku kendala baca hp buku rotate lock diapaapakan tulis kecilkecil ampun deh suka versi buka halaman halaman mesti bolakbalik fitur simpan halaman moga baik ya bantu banget baca buku online,positive
overall aplikasi bagus literasi baaaanyak banget pilih buku kadang buku baca buka forced closed antre baca masuk mode baca seragam kadang buku sesuai fontnya kadang zoomin zoomout halaman baca landscape mantap terima kasih judul buku maksud ksatria putri bintang jatuh dek lestari,positive
ngelag apknya,neutral
ipusnas ijak developer ijak versi kali kali versi ijak fitur donasi library mana tambah sedia buku peran user donasi masak pisah nasional kalah pustaka daerah vendor developer nya,negative
min diupdate bukubuku bumi series tere liye,neutral
tolong kasih fitur rotate gaenak banget nih baca buku potrait gel jari,positive
koleksi bagus bugnya,negative
suka banget nemu aplikasi pengin akses buku murah habis memori hp overall great cuman status baca ubah ya newbie status syarat deteksi syarat total baca minim penuh stuck guna newbie nemu buku tahu luarnegeri buku sekolah kembang moga tambah koleksi ya min sukses,positive
koleksi buku lengkap huhuu,negative
bagus koleksi buku pada guna app praktis pas slide halaman rawan salah pencet,negative
good app,positive
suka banget baca buku unduh baca app nutup,positive
tolong baik aplikasi rotasi nyaman baca posisi portrait,positive
hasil pinjam buku status buku kurang ya update fungsi normal terima kasih senang baca buku online update error lagiiiii,positive
cant download borrow stuck,neutral
gagal forgot password login alert error pemberitahuan paswordnya salah aman kendala internet heran ios aman,negative
update aplikasi bagus kurang tutup buku bookmarknya hilang bookmarknya diupgrade ya min hilang bookmarknya tutup buku,negative
tolong kak fitur rotasi nya kembali guna baca hp layar,positive
tolong benah bugnya akses buku baca terima kasih,positive
senang update bugs tanda laman fungsi lanjut baca ebook app tanda bookmark halaman hilang memang tempel stiker warna warni post kayak buku fisik,negative
bookmarkpenanda laman hilang aplikasi tutup bingung tanda baca mana ui ux bagus versi sederhana lancar,negative
koleksi krg lengkap susah antre buku best seller tolong tambah koleksi ebook rich dad poor dad robert kiyosaki,negative
update lancar nagus sownload buku pinjam jas baca edit lancar terimakasih,positive
kalo pustaka nasional milik perhati khusus tingkat minat literasi generasi bangsa pustaka nasional sedia aplikasi minim bug eror disfungsi sistem aplikasi,negative
tolong kembali fungsi landscapeportrait orang mata enak pakai baca tulis kecilkecil mode portrait thanks,positive
gercep,neutral
yl pinjam baca buku ya klik pinjam confirm yes pesan error bad request,negative
download buku pinjam sih email balas,positive
apresiasi developer pustakawan balik aplikasi ipusnas aplikasi mudah masyarakat baca tingkat literasi bagus kualitas aplikasi ipusnas tingkat login error kadang buku alami bad request pinjam diunduhsama pinjam stok buku harap fitur bookmark list buku baca user,negative
app error coba kali kali borrow books uninstall install ulang kali,negative
reinstall mendownloadunduh buku pinjam mohon bantu,positive
bukubukunya pinjam ya masuk akun,positive
overall bagus pinjam buku ribet ditambahin halaman buku baca bingung koleksi buku lengkap bukubuku bahasa sastra,negative
bug buku sedia pinjam terang bad request,neutral
bad request bad request kalo pinjam buku,negative
suka banget baca mudah tingkat minat baca diri sayang barubaru pinjam buku stok banyaaak statement bad request app maintenance sayang keburu stok habis,positive
telkomsel masuk sih aplikasi,negative
bagus bug pinjam buku sulit hasil cari buku golong buku mohon baik app nya,negative
kali pinjam buku pesan failed bad request maintenance nya ujung error tolong baik,negative
eror ya,neutral
tolong baik ipusnasnya masuk tanggal maret reload buku akses aplikasi lebih deh bagus akses apk terima kasih,negative
unable register error connection im pretty sure connected internet update review later,negative
terima kasih negara nyediain apps tolong buat sungguhsungguh banget ganggu masuk apps buka tetiba buku pinjam baca log mohon baik,negative
please fix app cant open always stuck,negative
ratingnya ubah bintang update versi baru aplikasi eror login suruh cek koneksi koneksi kuat stabil bukti kasih rating main game tonton video aman jaya,negative
aplikasi masalah pas buka loading log tolong tingkat baca nyaman pinjam buku,positive
aplikasi bagus error,negative
aplikasi oke koleksi agam sedia buku lumayan banding app nge bug asik baca available bilang koneksi internet error,negative
sering ngebug,neutral
moment ago error start happening reading bookboth ios iad android frozen apps didnt open properly attempting many times clarify email says check connection connection strong stable nothing wrong top didnt receive email clarify orang change password really frustated couldnt continue reading booki currently reading cant open app,negative
aplikasi alami kendala alami error buka,negative
terima kasih ipusnas sedia platform baca digital gratis aksesibel registrasi mudah tinggal pakai email urus berkas iniitu moga upaya tingkat literasi masyarakat saran tolong reader baru baca mode landscape ya kalo mode portrait baca susah tulis bikin mata capek nyaman keren sih bikin dark mode,positive
lumayan happy,positive
versi update halamnan ubah terhighlight,neutral
great app begin tremendeous amount book options accessible reader dont really enjoy reading digitally scrolling fortunately app gives option sliding amazes though minor problems believe going fixed orang added future example bookmark orang closing app without worry start reading start overall enjoy,positive
bagus ya gratis sih buku kategori popular books antri lamaaaa banyak eksemplar buku baca,positive
password bilang salah login anggota,negative
mohon maaf solusi buku pinjam buka appnya langsung crash contoh hidup bajik filsafat santo thomas aquinas perangkat samsung tolong solusi terimakasih,positive
butut,negative
sayang zoom susah baca tulis kecilkecil coba mode landscape halaman alias ukur tulus bentuk font ubah,positive
maret password anggap keliru member lupa password email ganti email isi password input aplikasi anggap salah kali keliru capek ngulang kalo siasia hasil ipusnas error,negative
terrible experience ive got sok many books crashed opened,negative
install buka,neutral
aplikasi lot ajar hambat develop,negative
lola banget,positive
buku lumayan lengkap app eror kayak tulis offline internet kencang gagal pinjem buku app buka jam tunggu jam loading,negative
cant open app,negative
appnya nge bug buka halaman buku pinjam bikin app crashterjadi semua buku terkecualisangat disayangkanpadahal buku sedia agam,positive
malam buka aplikasi cuman stuck logo pagi log masuk home page aplikasi pus digital bantu banget baca buku keluar biaya keren,negative
lot buka tolong baik sistem deh bagus pus digital leluasa masyarakat warga indonesia ratus juta orang moga depan buku lot bug tarik biar baca salah ajang tingkat literasi ya moga bagus ya app nya,negative
keeps logging says password keeps wrong even though true,neutral
eror ya buka,neutral
please solve bugss,negative
senang banget ipusnas baca buku gratis mudah aplikasi ngebug banget last update nya sedih maintain ya mohon bantu baik ipusnas ya pinjam baca buku,positive
loading mulu download,positive
force close buku pinjam buka,negative
bad error unknown every time try login,negative
senang pinjam buku gratis kendala appnya loading mulu buka loadingnya cek notifikasi loadingnya internet lancar moga ipusnas depan,positive
bantu fitur cari buku fitur mudah buka halaman mudah user yakali scroll halaman,negative
halo admin forgot password password via email pas masuk salah ya copy paste cek huruf bantu kah,positive
edit terimakasih tim admiin,positive
app seriiiing banget crash tolong baik ya isi bagus,neutral
active member perpusnas confusing option login perpusnas account instead give option login email orang facebook,neutral
aplikasi buruk buka aplikasi nya stuck logo homescreen ipusnas tunggu menit buka aplikasi nya,negative
tolong baik bugnya,positive
stuck loading screen logo download ebooknya tampil interface ui bikin simpel,positive
burukkk,neutral
ngebug pas baca buku,positive
kali pinjam novel eh buka aplikasi crash kihat review buku buka error mohon baik,negative
download aplikasi buka,neutral
klik borrow tombol download klik apa,neutral
aplikasi buka,negative
aplikasi bagus baca buku sedia pilih konsep bagus masalah aplikasi error baca buku pinjam tulis layar putih tibatiba aplikasi halaman jaring bagus refresh moga aplikasi tingkat error,negative
ui jelek parah force close hp jalan genshin impact performa,negative
kali baca ebook aplikasi crash melulu back home kali closed kali ecek playstore baru sekalimalhasil uninstall support android,positive
aplikasi cemerlang eksekusi resources nya minimal mohon tingkat terima kasih sedia platfrom baca gartis,positive
senang pustaka daring izin pinjam buku gratis jenis buku notifikasi kerap muncul malam aplikasi buka moga aplikasi ipusnas baik kurang,negative
category read orang popular new books fix ui better explore keep scroll,positive
bagus appnya,negative
bagus koleksi lengkap mohon maaf antre ujung rebut,negative
kali coba ipusnas sulit mendownload buku pinjam buku tewas gagak hitam karya sidik nugroho moga buku mendownload sukses pusnas indonesia update terima kasih ipusnas mendownload ipusnas baik,positive
tampil daftar buku bagus rapi gulir kali daftar buku terrefresh enak tampil kolase enak urut teks daftar judul tulis gambar sampul,negative
like app cause lets us read many kinds books free design looks old boring also pretty hard use app doesnt function midnight maybe due maintenance notifications dont appear notifications bar shame please improve,neutral
ngebug nih app tolong baik ya app buka ngestuk tampil logo ipusnas,positive
buku pinjam baca,neutral
maaf aplikasi ditambahin priview lihat doang minjem antri sinopsis ya,positive
couldve better alright guess,positive
aplikasi bagus buku lengkap,negative
plis banyak buku sukses ipusnas solusi buku cetak mahal harga,positive
takjub,positive
pinjam buku pinjam buka filenya crash menu,negative
tolong atur neminjam buku pinjam pinjam habis minggu pinjam ruang buku kominfo guna ipusnas ijak ikaltara monopoli buku pinjam,negative
dont know wont working device keep repeating installation still cant work,neutral
apresiasi perpusnas sedia wadah layan pinjam buku elektronik legal gratis koleksi lumayan sayang buku dibookmark tanda posisi baca fungsifungsinya basic user friendly beri kategori sesuai moga kualitas aplikasi tingkat koleksi banyak tambah durasi pinjam tolong sesuai ukur buku pukul,positive
notifikasi,neutral
senang temu aplikasi unduh ebook fiksi baca kecewa sptnya halaman susun rurut temu fitur bookmark nomor halaman ebook reader kali baca ebook tunda ulang hapus aplikasi moga aplikasi,negative
lame bab copy book,negative
dear ipusnas kasih update sempat baca jam malam app buka aplikasi error rebah mengsedih,negative
suka aplikasi stuck loading screen ya reinstall,positive
app nya buka ya uninstalinstal buka mohon baik,positive
aplikasi niat kembang tetiba ngulah stuck homescreen logo ipusnas tolong developer baik bugnya ide aplikasi bagus eksekusi,negative
masuk stuck logo sebel,negative
buka,neutral
fungsi fr gbisa minjem,neutral
trash,neutral
search judul pinjam loading,positive
log,neutral
min tanggal apk laptop menu cari nya eror,negative
login isi username password tombol next pencet respon apa mohon baik,positive
syukur kali baca buku ipusnas moga app developer tolong terang halaman buku pinjam buku terima kasih,positive
parah buku unduh buka aplikasi langsung crash,negative
baca nyaman experiencenya kacau bingungin tombol pencet hasil cari filter kalo biasa ya nyaman kali ya rekomenin orang pilih baca pinjam ebook judul populer gratis,positive
please provide us dark mode display bright mode convenient read evening thanks kindly wait response,neutral
baca mohon selesai problem,positive
ipusnas bisaerror ya logout login tolong coba baik,positive
deh login susah,negative
aplikasi manfaat orang terima kasih sedia jenis buku baca gratis nyaman mana saran panjang batas pinjam buku bukubuku halaman butuh tamat,positive
bagus manfaat,positive
thank trimakasih,positive
halo kendala aplikasi nya force close tekan button read please fix thank,negative
bantu kerja skripsi kemarin repot pus nasional langsung,negative
bagus uang hemat ajar buku koleksi bagus baca mana moga depan tambah koleksi ilmu tahu maju negeri tolong aplikasi rangin dikit bug maintancenya orang akses pokok bagus moga orang aplikasi sukses bebagi ilmu,positive
readernya payah interaktif terus kasih toast bawah geser halaman nomor halaman,negative
register mulu deh,positive
ayo tingkat optimasinya banget ngebug boroboro nyaman baca pinjem buku susah banget please improve biar ningkatin literasi,neutral
apk buruk ku pakai,neutral
baca ebook bug,positive
buku baca,neutral
cant even open ebook bought keeps going homepage whenever clicked ebook,negative
kasih kembang apresiasi aplikasi sedia puluh ribu judul vendor pus contoh perpusnas polisi cocacola tokoh negara presiden menteri kurang temu kait sinkronisasi statushistori naik peringkat baca baca buku misi read books buka download buku batas jml maks buku hari,positive
lodingnya banget ya,positive
superrrr,neutral
error pinjam buku,negative
gagal unduh pasu passcode member login gagal cek upgrade aplikasi coba close apps n latar koneksi internet mohon baik apps manfaat thnk,negative
jelek banget lot,negative
aplikasi muter mulu pas daftar suruh isi password habis muter,negative
internet stabil load halaman aplikasi bug nya tolong baik,neutral
essip reng madureh,neutral
pcleptop aplikasi lot ya,negative
bagus sistem notifikasi buku sedia wishlist habis buku notifikasi otomatis please maintenance ya notifikasi pemberitahuan buku sedia,positive
tolong om desainer halus tampil aplikasi,positive
aplikasi crash buka coba reinstall crash buka,negative
bagus,negative
koleksi lengkap moga depan tampil,negative
bantu cari referensi ui nya kuno big deal tingkat fitur history kalo pinjam buku pinjam mudah cari tolong benerin fitur search nya cari buku kategori kayak keyword ilmu tampil buku buku judul ilmu moga tingkat,negative
ah error mulu,negative
bantu pc servernya maintenance,neutral
ipusnas tolong konfirmasi aplikasi reload internet baikbaik ganggu sistem aplikasi cari buku nih,negative
login pakai email gabisalagi eror kah,negative
bagus banget harap aplikasi ipusnas opsi simpan buku save buku baca mudah baca baca buku going baca buku baca,positive
tambah buku stock buku pinjam banyak antre jangka pinjam antre kunjung selesai sempit baca baca selesai buku antre antre baca baca jatah baca buku baca,positive
koleksi buku ya susah banget minjemnya skala nasional banget antri susah rebut depan bisa tambah buku kalo reinstall login susah,negative
deez nutzz,neutral
aplikasi ipusnas ya,neutral
apl jelek login cuuaakkhhhss,negative
terima kasih ipusnas sedia sarana baca buku gratis legal kendala saran respon aplikasi lot transisi halaman praktis tap dislide sedia tombol wishlist kadang nemu buku tarik sama sewa buku teks buku setting hp ya ubah dark mode tampil background putih silau,positive
ipusnas versi windows mapun versi android bad ya kali klik langsung buka aplikasi lot yampunnn niat baik bug nya pakbu,negative
pilih buku agam masuk halaman muka loading koneksi internet lancar,negative
teu baleg teu login persis harap,neutral
saran muncul notifikasi pinjam dinotif bar handphone buka appnya cepat pinjam buku,negative
aplikasi lelet ampun bug buku kosong sangatsangat senang aplikasi,negative
ipusnas lancar operasi buku butuh jadi referensi,negative
tolong fitur baca user langsung otomatis halaman baca buku dibukaini mudah user fitur pinjam pinjam implementasi akibat buku populer seringkali habis baca gelintir unlimited mekanik pinjam pinjam tolong aplikasi fitur batas pinjam tahu tolong timbang saran,positive
user friendly,neutral
ipusnas aku terobos capai tuju manusia indonesia moral martabat beril sayang antre baca sistem rebut ebook tinjau kelola tingkat layan baca pikir sistem rebut copyan ebook susah repot,positive
koleksi lengkap negeri sastra karya populer baca buku manamana genggam,positive
jelek banget daftar akun nih aplikasi dipakaiplease update apk bagus,negative
moga banyak koleksi buku terimakasih,positive
jelek banget aplikasi buku lengkap ui nya enak mata,negative
sengaja uninstall pas diinstall log inini ya aju komplain email direspon,positive
update baca buku halaman force close,positive
borrow download baca appsnya,positive
keren abizz,neutral
aplikasi pus sederhana dunia,negative
nice app,positive
popup nomor halaman menscroll halaman buku tolong hilang update memfavoritekan buku download copy buku sedia update user masuk halaman book detail books borrowed kadang buku didownload buka tolong baik,positive
moga copyan buku hobi baca terima kasih ipusnas edited buka infinix tolong kakak developer,positive
update baru buka ngefreeze doang tolong baik tq,positive
banget ngebugnya,positive
login app normal lancar login buka app nya akses logo ipusnas,positive
app cant open wait sok long nothing happen,negative
cant open app since first time download registrasi email bisabisa,negative
take really long time open app,negative
koleksi buku lumayan agam sayang buka tampil butuh referensi study mohon baik ya aplikasi ipusnas,negative
great easy use uis kinda old thats rlly okay since read borrow lot books completely free ads great job ipusnas,positive
aplikasi berat loading page lambat buku unduh buka koneksi internet minat baca indonesia rendah apps keluar perpusnas lot minat baca tolong baik min salam cinta literasi,positive
seringkali loncat halaman ganggu halaman tap layar belah kanankiri fitur tanda halaman baca lanjut baca cari halaman,negative
app buka bug,neutral
buku bagusbagus aplikasi jelek error,negative
guru hadir aplikasi tunggu cocok motivasi anak sekolah malas pus baca buku sayang coba pinjam buku ketuk kali menu unduh buku unduh khawatir arah siswa pinjam ipusnas alami kendala hp speck penuh jaring bagus bug,negative
terima kasih ipusnas baca buku gratis,positive
crash,negative
koleksi tambah terima kasih perpusnas,negative
tombol sign daftar edit tombol register muncul koneksi akun facebook,negative
aplikasi sedia buku legal gratis fitur fitur jalan notifikasi muncul guna pemberitahuan halaman ganti guna ganggu senang kabar baik aplikasi,negative
eror lag force close aplikasi selang langsung close login ngelagnya ampun,negative
app butuh kendala pinjam respon klik konfirmasi pinjam lambat ngefreeze aplikasi tap next tambah fitur bookmark list buku baca cari buku baca,positive
fix bugs,neutral
uinya jelek konten lumayan,negative
login loadingnya banget,positive
pliss tambah wishlist kadang pengin baca keburu refresh plisssss,positive
jelek banget aplikasi nikmat pinjam buku buku pinjam buka uninstall ubah kemarin teman saran donlot coba donlot buku sewa buka deh pakai samsung si ultra aplikasi parah banget operasional uninstall bikin aplikasi buruk kerja,negative
halo tim ipusnas terimakasih aplikasi manfaat keluh kesah susah baca foto zoom buku tulis moga tim cari solusi,positive
status keeps saying im newbie fact opened books posted tahan comments rules cant level bookworm noticed save book bookshelf read back bookshelf section click info books cover cant sih progress always think thats cant level please fix asap,negative
antri pinjam,neutral
please tambah bukubuku terbit spring buku kualitas negara asia eropa jamin ipusnas rame nambahin bukubuku,positive
suka aplikasi suka judul bukubukunya tambah stok masingmasing buku banyak bukubuku kenal buku karya tere liye harap buku auto kembali buka jam batas dibukabuka baru otomatis kembali,positive
terima kasih ipusnas suka banget reques tambah buku biologi kategori biologi,positive
stok judul buku akses penjuru nusantara kaji ulang antri,neutral
aplikasi baca buku online kudu antri bhuahahahaha serius benar serius,negative
buku format epub banget force closed ya instal ulang ngabis ngabisin kuota modus senang banget aplikasi baca digital legal koleksi kumplit banding apl rekomendasi apl teman teman bintang tambah koleksi,negative
halo terimakasi aplikasi baca gratis manfaat saran mohon fitur wishlist pengin nandain buku pinjam biar lupa,positive
pilih,positive
susah banget login,negative
take long want open app,negative
loginnya susah,negative
im newbie like apps interface cant download books books already bookshelf cant download ive tried another books issue still,neutral
login stuck app stopp message,neutral
aplikasi alami kembang terima kasih kelola usaha tingkat kualitas ipusnas moga,positive
pinjam buku,neutral
mohon baik bug appsnya buka buku selesai didownload force closed,negative
app crash klik borrow please fix,negative
maaf kasih bintang kembang pakai lot berpindahpindah buka buku bookmark hilang pindah device alat bookmark hape buka laptop bookmark pindah login akun ayo perpusnas kembang aplikasi manfaat potnsinya yuk,positive
hi love read n borrow book free please keeps logout automatically better could fix bug thanks,positive
tolong benerin bug susah ngereturn buku pencet berkalikali kereturn sebal sih sulit panjang buku terima kasih edit developer bantu ngalamin kondisi internet bug aplikasi tolong baik edit ajaib toko kelontong namiya,negative
keren banget semangat baca buku beli buku lumayan pinjem moga buku import ya,positive
tambah mode gelap baik interfacenya baca nyaman,positive
aplikasi stuck awal masuk aplikasi,negative
mantap kutu buku,positive
pustaka pinjam media tarik bantu thanks media apk,positive
tolong kalo pas antri buku kosong kasih notif ksiani nabung beli buku fisik,neutral
tampil bagus balikin tampil baca buku versi bookmark nomor halaman hilang bookmark nomor halaman salah dibutuhin nandain baca need back plsss,negative
error,negative
baca buku pinjam rak download kali kali reinstall aplikasi terapi,neutral
jelek pol luemot,negative
terima kasih baca ebook gratis legal dukung ipusnas moga depan,positive
login nya banget,positive
aplikasi henti segi ukur font sayang pilih ukur pilih kecil alangkah zoom efektif geser pagenya tulis,negative
aplikasi bantu koleksi lengkap buku kenal antri minat nya apresiasi hadir aplikasi moga depan tingkat kualitas nya tarik rasa manfaat aplikasi,positive
tampil date banget buku kategorisasi genre koleksi buku kenal masuk buku laku banget pinjam koleksi tambah moga depan kembang bagus,positive
susah login,negative
plsss tambah feature halaman baca,neutral
reset password lupa kirim linknya email pas klik eror,negative
like app borrow books free sometimes waiting get book app notification doesnt appear top,positive
,neutral
sedia buku baca gratis terima kasih komplenpun malu,positive
buka ipusnas ku kagum banget major updatenya pakai format epub deh zoomzoom tulis tulis lumayan gede nyaman baca pokok keep,positive
versiob bug everytime want read book borrow closed,negative
pakai mudah buku nya lumayan lengkap gratis saran fitur mode gelap biar baca nyaman kalo ruang gelap,neutral
bantu tolong history pinjam bantu temu buku dipinjambintang ya,positive
app pretty good since borrow free books often crashed tried uninstall reinstall use dont know,positive
halo ubah nilai kendala judul buku baca buka tibatiba naked marquis sally mackenzie kumpul dongeng klasik hc andersen faustine erlishy tolong bantu untyk baik ya buka koneksi terima kasih,positive
aplikasi bagus bantu orang baca tolong upgrade fiturnya kirim dm coba kali servernya maintenance,positive
revolusi digital,neutral
nilai plus koleksi buku guna pinjam baca gratis tingkat baik alam baca sensor orientasi layar gantung sistem tampil full scren margin halaman gantung bookmark,positive
install deh langsung uninstall lengkap buku pinjam file found,positive
kesel banget download,negative
aplikasi bug kadang suka error pinjam ebooknya ebooknya lengkap moga sih tambah koleksi buku,neutral
bagus mudah cari buku referensinyateringat rajin pustaka baca baca mana tinkatkan koleksi buku kualitas aplikasi,positive
bantu tolong tingkat bantu orang suka baca buku,positive
permisi pertamatama ya pasti terima kasih ipusnas ajar mudah pinjam buku pergi rumah masuk fitur aplikasi baik mudah guna algoritma cari algoritma cari terkadang buku muncul buku topik muncul sekian terima kasih,positive
lumayan,negative
admin password masuk ya reset password kirim ipusnas password sesuai,positive
wajib keren aplikasi kalo scroll halaman dark mode lompat dark white mode,negative
koleksi buku lumayan buku populer orang pinjam buku sulit pinjam stok batas aplikasi terkadang jalan mesti,positive
bug,neutral
buku pinjam pas baca aplikasi ya tolong cek tq,positive
bagus pinjam buku koleksi buku kadang errornya mohon ditingkatka ya biar baca nyaman,positive
download button doesnt work borrowed book cant find fix help bar,positive
aplikasi bantu banget suka baca buku uang beli buku legal kurang app nyaman harap banget menu request buku butuh muncul beranda isi bukubuku muncul rekomendasi baca sesuai histori pinjam baik buku terjemah pisah kategori,positive
bad ui trouble login,negative
aplikasi bagus mudah ajar butuh buku baca buku pinjam dadak ulang kali menganggu internet stabil moga baik cepat,positive
ngelag,neutral
aplikasi kelogout pas coba masuk tibatiba email password invalid kali coba pakai forgot password email password invalid hadeehhh tolong ya baik ganggu terima kasih,neutral
aplikasi bagus lot upload info bio akun kali coba lot koleksi buku lengkap double buku buku baik biar variasi depan,negative
baca buku gratis,positive
oh iya bikin password tks min saran banget tolong pilih bikin shelvesrak buku contoh rak buku toread isi kumpul buku pengin baca baca drag drop urut buku sesuai baca duluan shelves buku sesuai genre dll sesuai butuh kayak goodreads biar kalo taksir buku lngsg didownload biar baca download duluan,positive
download buku pinjam ya,positive
suka banget aplikasi tampil simple buku bagusbagus kurang tolong tambah fitur hapus histori reread buku tenggelam tumpuk histori buku susah scroll nemuinnya ipusnas lancar hp jadul error notif date,negative
aplikasi akses kamera modifikasi file sistem hape hayo aku aplikasi spyware ya alas atur cahaya otomatis hayo aku koleksi buku ipusnas radikal ya,positive
restart,neutral
applikasinya buka tablet login fitur wishlist,neutral
aplikasi nya bagus bantu harap depan bagus banyak koleksi buku mohon baik sistem antri pinjam buku jelas banyak buku,negative
aplikasi bagus baca buku,negative
keren aplikasi bangsa faedah,neutral
akuakui nya lengkap bukunnya big problem queue bad mood reading,negative
aplikasi bagus bantu kurang biaya beli buku kurang rasa buka buku tampil halaman baca halaman moga,negative
lot banget,negative
like idea pakai account app live makassar never went pusnas jakarta sign,positive
ipusnas akses ya kak notifikasi unknown error buka aplikasi nya pinjam buku,negative
bagus aplikasi nyaman hp pakai dark mode harap baik,positive
good app read many books save lot money still lot bug hope app better improved thank,neutral
login nya banget astaga tinggal menit suruh tunggu susah banget lanjut tugas suruh pakai aplikasi kayak,negative
kagak buku materi kuliah,negative
halo foto cover buku ngeblur ya baik,positive
nice,positive
wormbook,neutral
aplikasi bagus buku banyak file didownload,negative
guna simple coba baca buku software nya baik buat sesimple,positive
bagus aplikasi tinggal stok buku banyak,negative
god sake baca buku login coba ulang kali login pakai email apknya ngefreeze pakai facebook suruh tunggu aneh fix sih,negative
pengin login susah banget banget,negative
cant log,neutral
tolong baik notifikasi sedia buku muncul aplikasi fitur notifikasi muncul buka aplikasi,negative
rak buku biaa mendownload buku baca,neutral
milik masalah login login tulis please wait mohon solusi terima kasih,positive
konsep dih bagus ya sayang hp ngelag,neutral
login muter pleas wait coba closeopen login,positive
min lengkapin koleksi novel agatha christie novel karya keigo higashino tolong lengkap,positive
kendala banget registrasi akun ipusnas coba login pakai email password doesnt match registrasi coba pakai fb pinjem suruh pasuk pas match anggota perpusnas email ipusnas suruh registrasi tombol registrasi bingung bintang pakai,positive
ribet,negative
pakai email daftar regis pakai email hhhhh,positive
mohon jelas jangka maksimal pinjam ebook pinjam buku masak hilang selesai baca data pinjam history tolong baik ya terima kasih,positive
really appreciate application please improve quality dont understand application yet,negative
buku baca didownload buku buka aplikasi otomatis home tutup sayang,negative
suka aplikasi pustaka kemarin error baik eh error komentar admin prosedur fasilitas donasi ebook beli ebook ebook langsung masuk ipusnas edit aplikasi oke terima kasih ipusnas,negative
habis update data found tab profil muncul ganggu jaring buka sosmed streaming youtube netflix lancar lancar ya pas buka ipusnas buka data found tolong dibenerin,positive
aplikasi bagus satusatunya tahan hp frustrasi koleksi buku pinjam milik stok buku pinjam stok buku habis pinjam lupa kembali kembali habis buku rak temu kembali mana stok buku pergi mohon baik,negative
bagus tolong katalog list buku random home next lihat rekomendasi,negative
concept good execution bad still well done ipusnas hire ui engineer ux engineer,positive
apps bantu wisma atlet moga koneksi apps peduli lindung terima kasih pusnas,positive
keren banget ipusnass cinta moga koleksi buku kiri kanan banyak ya min,positive
tolong banyak copy buku habis,positive
buka aplikasi uninstall install kali baca selesai ya tolong,positive
buku rick riordan lengkap harry potter series baca,positive
update muncul izin akses telpon hubung perlu baca tolak aplikasi tidakbisa buka,negative
sok far sok good however wish app provided english novel later,positive
pinjam panjang,neutral
kadang kalo buka,positive
akun baca deh,positive
buku bagus appnya suka ngelag,neutral
night mode fungsi format pdf ubah font sizenya masuk halaman baca bolak kudu scroll halaman user interface jadul bugging fitur search buku baca fitur lompat halaman eror force close buku bahasa inggris,negative
download cache hapus sinyal wifi kencang memori plong hp restart dwnload knapa ya,positive
pinjam buku borrowing book please wait selesai edit pakai akun facebook pakai akun gmail,negative
read original legal free book best,positive
navigasi beranta susah pakai kategori buku jabat hire uiux design,negative
aplikasi bantu januari buku pinjam baca aplikasi crash klik baca mohon bantu terima kasih,negative
ijin pakai manage phone call akses camerafile media,positive
tambah notifikasi muncul handphone mudah buku sedia,positive
terima kasih baik aplikasi ngeread ebook pinjam terima kasih ipusnas jaya,positive
dikembangin saran list antri history bacapencarian nama uploader muncul buku upload tolong baik lot baca buku download hp sambung internet,negative
harry potter old series like dont im feeling speechless also need change system setting seems intrusive,neutral
gratis sih eror muluu,neutral
interface aplikasi oldfashioned buku tolong dibanyakin copy nya kasih tenggat pinjam kembali pinjam,negative
aplikasi bantu baca mana bawa buku fisik asyik baca buku langsung oh ya mohon mode gelap sempurna aktif fungsi,positive
aksesibel guna tunanetra pakai screen reader,positive
aplikasi bagus ajar biasa baca aneh minggu download buku baca buku download please tau mohon bantu kembali normal,positive
koleksi buku tolong kembang sistem notifikasi muncul notif appnya buka jujur akun pinjam buku antri notifikasi layar hp,negative
read anytime anywhere,neutral
aplikasi rekomendasi situasi overall aplikasi bagus kerepot buku pinjam download habis didownload buka offline aplikasi kadang buka online baca,negative
jujur apk nya bagus nyaman bumi series nya lengkap baca,positive
terima kasih responnya download baca,positive
update versi baru buku pinjam masuk rak unduh coba delete reinstall problem versi hubung dm instagram email support ipusnas balas mohon solusi kait masalah updated problem solved thanks ipusnas,positive
force close android,negative
dear perpusnas app always closed forcely want read book borrowed please fix app asap thank,neutral
download ya baca deh ya min,positive
suka aplikasi batal antri pinjam buku laut cerita stock jatuh aplikasi spam notifikasi harap developer baik,negative
update baru baik bug baca tab xiaomi pad terima kasih,positive
suka bagus,neutral
baca tablet osnya android didownload buku sengaja beli tablet baca huruf,negative
buku pinjam unduh baca update,neutral
ya hasil minjem buku pas buka otomatis aplikasi,positive
buka buku pinjam aplikasi tutup otomatis,negative
hasil pinjam download baca,positive
error manfaat sayang asih bintang,negative
mendownload buku minggu moga baik,neutral
aplikasi perintah beres basis literasi low banget kualitas diborrow baca cuman muncul ikon download ikon download teken apa ikon report bugerror,negative
baca buku aplikasi tutup,negative
hasil pinjam kembali buku kosong pinjam buku download kali unistallinstall ulang berhasilmohon masuk admin atas tsbmksh,negative
didownload sih buku,neutral
install aplikasi bulan tibatiba hari download tombol download fungsi mohon bantu baik install samsung galaxy tab si fe android terima kasih,negative
bolak donlot rekues verified via email email balas nya,positive
buku buku ipusnas klik download bantu,positive
update buku didownload,neutral
buku pinjam didownload baca,neutral
klik pinjam buku sedia tibatiba buku muncul tulis baca tulis download itu klik coba install ulang lancar baca ipusnas buku pinjam antri baca mohon baik,positive
buku lumayan lengkap kekurangnnya ui rapi,negative
error tolong baik tingkat guna nyaman,positive
kecewa banget borrowed buku download pencet kali download sesuai prosedur versi error,negative
ngelag banget ya plis deh pengin ajar,positive
like app baca buku gratis error ya buku hasil pinjam download,positive
bagus ya niat biar orang baca buku gratis tolong tingkat ya kualitas performa aplikasi dikit eror dikit eror tuh bikin sedih huhu kalo pengin baca buku,negative
buka buku pinjam mohon bantu,neutral
buku download,neutral
good application buku antri minjem stok habis dipantengin dapat tolong stok nya tambah,positive
selesai baca buku buku hasil pinjam buku buku download coba buku persis jadi buku bantu min,positive
baca android,positive
aplikasi error ya pinjam buku buku langsung download,positive
okeoke tibatiba buku rak hilang download buku rak rak hilang please fix issue,negative
app pinjam download tombol downloadnya klik akibat baca buku tolong bantu solusi terimakasih,positive
minggu forced close ya buku keburu habis pinjam nih tks,negative
error ya kemarin nungguiiiinnn baca error huhu exp nya jalan ya,neutral
aplikasi mudah manfaat januari januari buku pinjam download ya terima kasih,positive
pencet download,negative
concept app good create inclusive access every person read books app bad app close forcely everytime try read book borrowed app looks outdate compare another app try fix bug please,negative
please upgrade apss,negative
ganti hp os android pinjam buku didownload app terimakasih,positive
buku lengkap apk sayang suka keexit,positive
pakai aplikasi jarang buku pinjam didownload pinjam hasil baca download ya,positive
borrow download buku apa,neutral
pakai download buku pinjam kitim email support balas,positive
bagus sih buku lumayan lengkap kemarin download buku,negative
baca force close,neutral
ipusnas bantu banget baca buku gratis legal buku bilang lengkap perkara antri sih turut ya gratis ipusnas anehh buku dipinjem didownload buka reinstall kali,positive
using app friend give recommendations try create account borrow book want open book cant cause everytime click app force close dont know phone doesnt compatible orang something else im using redmi note pro thank,negative
bagus sih aplikasi cuman ya kemarin buku pinjam download baca mohon baik,negative
ramah,positive
lancar buku pinjam download download ulang merespon,positive
downloaded book suddenly gone cant download book anymore dont know,negative
bintang update buku pinjam didownload tolong baik ya reviewnya ubah baik,positive
ya buku hasil pinjam download baca salah kah,positive
buku pinjam baca klik buku laman crash home mohon baik,negative
ipusnasku pakai baca habis pinjam pas baca langsung sih aplikasi,positive
kak habis diupdate download buku pinjam sih kak tolong baik ya suka baca ipusnas nih,positive
guna stock buku antri ribu buku,positive
mode baca pakai tombol volume mode besar gambar apa mode baca kasih info kalo deh dibalikin buku otomatis pus cari buku cari recent activity searchnya fokus uiux baca note following followers,positive
kolom cari buku,neutral
ya fitur forgot passwordnya guide websitenya tolong baik,positive
aplikasi paksa ebuku,negative
bantu baca buku,positive
jujur bagus banget pls tambah koleksi buku,neutral
aplikasi kembang prbhan fitur serba batas ganti nih orang btngung aplikasi,negative
tolong banyak variasi koleksi buku,positive
buku baca aplikasi force close buka buku hasil pinjam,negative
please dark theme,negative
log pakai alternatif facebook log nomor anggota,negative
pinjam aplikasi force close ya,positive
halo download ipusnas aplikasi bagus sedia banget buku baca saran tolong tambah fitur notifikasi buku masuk wishlist sedia biar keduluan terima kasih,positive
amazing,neutral
notifikasi muncul popup tinggal info sedia buku lewat bentuk digital banyak copynya orangorang baca antri berabadabad,negative
saran kembang aplikasi buku otomatis hilang rak pinjam kembali riwayat pinjam buku temu buku bagus orang langsung menbaca sibuk baca buku hilang lupa judul buku moga saran realisasi,positive
aplikasi bagus tambah wawas saran kondisi prosedur standar error daftar email registrasi verifikasi email pinjam buku tahap sukses baca buku jam akses aplikasi verifikasi email ulang ganggu apresiasi kerja keras pustaka nasional good luck,negative
tolong admin mohon baik buku pinjam salah server kemarin baca buku kesel terimakasih baik bagus terimakasih,positive
guna aplikasi klaim baca buku online mana nyata baca buku app antre ribu orang,negative
return book freeze loading coba reopen aplikasi openingnya banget mohon baik ya tim support,positive
halo min aplikasi bagus buku oke buku banyak pinjam buku penuh buku cari jadi masuk buku variasi jujur harga buku mahal aplikasi bantu low budget,positive
install samsung,neutral
koneksi error,negative
tolong tambah pilih buku popular popular pilih pinjam pinjam,positive
first time using application turned bad beyond expectations application theme unstable reading hurt eyes,negative
install start langsung uninstall maaf dukung apps permission permission rubah syatem config,positive
min usul min buku laku copynya buku laku copy tolong sortir buku laku tolong copynya buku motivasi thx min,positive
manfaat user friendly tolong tingkat landscape tablet android,positive
great app versi desktop error kemarin login ngeload buku tampil blank hope gets sorted soon,negative
great app bookworm well even tho sometimes server error,negative
masalah,neutral
ya kali baca buku force close pencet langsung aplikasi baca mohon baik ya,positive
worst app cant read single book borrow always force close,positive
banget error gajelassss kzl,negative
aplikasi ipusnas ngebug kadang susah buka buka aplikasi muncul cover judul aplikasi ipusnas henti loading mohon baik terima kasih,negative
loading proses log sulit,positive
always loading,neutral
please bugnya banget tolongggg dijelasin banget bingung,negative
desain interface app kuno kes desain informatif user friendly sistem cari detail bug error loading koneksi internet lancar sistem limit copy susah digital limit pinjam sistem kuota ubah font size fontnya,negative
masuk aplikasi banget proses nya lot,negative
stuck present page maintaince,positive
manfaat baca buku gratis koleksi judul tarik judul klasik copy pinjam banding pinjam user experience aplikasi buruk terkadang aplikasi loading logout aplikasi baik aplikasi manfaat mudah,positive
buku lengkap alangkah halaman muncul judul buku genre sesuai baca user seringkali buku halaman judul random tarik,positive
error epusnas keeps stoping,negative
hope new books avilable soon,neutral
using app almost years get references campuss tasks coulnt even login using facebook account anymore please fix issue asap thank,positive
lengkap buku tambah bukubuku ilmu tahu islam fiqih tafsir hukum dll,positive
cant even sih content clicking app shows opening screen without processing content,neutral
great app please pop notifications book available,positive
inovasi oke baca buku beli alternatif buku tulis populer buku temu buku judul lumayan buku laris antri sistematika antri overall user friendly tap tombol back berulangulang cari buku aplikasi hang moga,positive
aplikasi pustaka digital baik,positive
ngebug,neutral
ipusnas akses system settings storage camera dibutuhin download ipusnas desktop virus pas download jadk restart laptop virus lepas laptop akses dibutuhin virus desktop bukti virus desktop,positive
sekian puluh kali coba login registrasi aplikasi sandi salah akibat aplikasi ubah sandi ganti gejala sok disappointed experience,negative
ipusnas bantu baca baca buku mana gratis senang baca buku ipusnas buku cari sedia depan buku bukubuku terjemah,positive
pustaka amburadul tata kategori isi buku agama,negative
network timeout loading buku koneksi streaming lancar mohon benah guna milik keluh terimakasih edit baik good,positive
improvement needs made overall great app pakai books accessible hopefully promotes reading culture indonesia thank ipusnas,positive
susah banget makenyamau login susah daftar akun tau mana menu,negative
koleksi buku tolong lengkap,positive
mantap cerdas jehiduoan bangsa moga anak bangsa gemar baca adanyabaplikasi banyaknorg tau pus digital mantab deh pokok terimakasih developer layak bintang,positive
aplikasi bagus kurang versi baru loadingnya menit koneksi internet bagus,negative
aplikasi bagus error internet bagus sulit pinjam buku pinjam buku baca tombol read merespon file buku buka loadingnya muncul internet server error operasi aplikasi laptop susah handphone harap kualitas aplikasi baik,negative
excellent app great place read tons tons booksnovels seriously cant believe free personally would honoured feature could delete history fitur hapus histori since im tryna pakai profile much appealing oh also maybe making notifications visible overall fantastic ill continue look forward future updates,negative
aplikasi guna adakan fitur baca pinjam dar pinjam fitur baca user antri pinjam bahan buku sia pinjam antri selektif cari baca pinjam buku diperlukam antri,negative
great apps eva,positive
errorudh hasil register suruh register,positive
bagus suka banget fungsi versi android versi windows,positive
puas aplikasi update buku terbit baru kategori desain komunikasi visual,positive
application ask permission write system setting,neutral
notifikasi aplikasi masuk buka aplikasi tahu notifikasi masuk,negative
recommend app nice,positive
bagustapi sayang scroll suka ngulang awaltolong baik,positive
bad,negative
great app bagus tingkat baca offline mesti online harap depan fitur wishlist nya queue list,positive
download kgk login,negative
kesan bagus,negative
aplikasiny bagus sekalisedikit saran search halaman baca,positive
senang banget nemu app baca buku gratis legal aplikasi bagus simple mudah pakai saran fitur sortir dasar abjad koleksi buku fitur wishlist tanda buku baca,positive
aplikasi bantu cari buku baca pustaka pinjam buku bentuk ebook baca smartphone perangkat komputer tablet nyaman baca ebooknya terima kasih ipusnas bantu banget aplikasi,positive
buka buku pinjam crash solusi,negative
fitur searchnya tampil buk cari muncul list buku jenis buku cari sedia,positive
thank good app sok many collections im grateful find app hope sok many people future cant believe free guys ads plagiarism dont download kind books illegally developer im pleased feature better experince dark time font option finding pageoption etc dont get notification available books sok please fixs sok far good app,positive
eror please fix,negative
terima kasih luncur aplikasi catat fitu cari buku dasar judul buku bantu cari buku dasar kategori cari judul buku,negative
bantu,neutral
aplikasi keren senang pinjam buku gratis pustaka nasional,positive
ipusnas definition little piece heaven especially book nerds found lot books didnt know needed read ipusnas thank whoever invented ipusnas bit suggestion itd super great ipusnas wishlist feature sok easily find books wish read anytime without search thanks,positive
habis diupdate error,negative
login aplikasi error nutup pinjam buku waiting list jelas buku pinjam antri,negative
susah login loading nya internet aplikasi lancar baik ya aplikasi nya biar mudah akses,negative
,neutral
appnya ya buka buku kalo searching minjem lancar,positive
tolong benerin biar slow jaring slow gagal minjem buku,negative
bagus tolong tingkat,negative
always stopping reason cant borrow sok sad,negative
kadang suka toleransi sih koleksi buku tambah,positive
moga cepat tingkat fitur appnya,neutral
masyaallah tabarakallah bagus banget ebook gratis lengkap wajib download terima kasih ipusnas moga depan,negative
mohon lengkap koleksi,neutral
buku kerenkeren masya allah filter susah banget developer tolong kasih filter buku populer filter minat deh cari buku asa tunggu wahyu tuhan tunggu semesta tentu isi buku rekomendasi banyak bukubuku benar minat sedih biar baca ya bikin malas baca wey,positive
buku animal farm nya pinjam kali baca aplikasi ipusnasnya crash tutup baca buku lost symbol karya brown baca buku inferno karya brown langsung buka dicheck animal farm lost symbol akibat aplikasi ipusnas crash coba tablet jadi thanks,negative
lelet,neutral
coba aplikasi deny permission akses storage phone camera alas buka aplikasi tolak minta buka aplikasi fiturfitur batas pribadi suka aplikasi izin jamin data bocordisalahgunakan terimakasih,negative
app interface kompatibilitas device tingkat banding negara tetangga pustaka sekolah swasta overdrive app usang apak timbang overdrive layan pustaka digital,negative
enggan aplikasi permission aktif jalan permission butuh jalan fitur fitur jalan salam literasi,negative
terimakasihmohon update buku,neutral
aplikasi bagus guna semangat developer upgrade butuh guna nyaman aplikasi,positive
kemarin aplikasi maintenance alami kali rutin intensitas guna alami ya darkmode fungsi fungsi jenis perangkat sistem dukung darkmode ipusnas moga depan ya benarbenar dukung aplikasi semangat,positive
good,positive
diupdate gagal load berkalikali coba asal jaring tulis could get data server dls found,negative
keren bantu baca pinjam buku digital moga koleksi pustaka koleksi,positive
bantu baca buku gratis legal sayang ux fitur aplikasi balik halaman buku swipe sesuai halaman nyaman cepat klik snackbar muncul ganti halaman ganggu konsentrasi fitur standard cari buku filter sort sulit scroll cari buku,negative
aplikadi henti buka ebook,neutral
im proud use ipusnas,positive
terima kasih bikin aplikasi nyediain buku gratis sangaat bantu kalo pengin baca duit beli buku fisik tolong dibanyakin koleksi buku ya aplikasi diimprove biar smooth crash,positive
aplikasi manfaat sayang baik berulangulang pinjam buku gagal register ulang register email verifikasi banyak notif jaring jaring stabil susah akses aplikasi moga depan baik terima kasih,negative
kadang pinjam buku baca tulis ubah kotakkotak,positive
error kadang pinjam buku buka suka keload notifikasi buku available pinjam,neutral
app asking permission galery phone etc think unrelated reading experience scared takes personal data installed changed,negative
moga kembang koleksi kualitas terima kasih hadir aplikasi,positive
bagus kalo tampil enak baca nyaman,positive
best app read million book notification book available borrow active phone solve,neutral
keren banget nih perpusnas aplikasi online bermanfaaaat banget gila sih stok buku baca beli pinjem ipusnas baca mana keren parah thanks ya,negative
thanks improve developer fungsi fitur bookmark aplikasi cover alhasil cari halaman baca jujur ganggu mohon baik terima kasih buku maksud haunting hill house shirley jackson,positive
baru tampil baca kejut sangka aplikasi resmi tarik fungsional sama sungguh maju samping fitur tanda read aloud rilis fitur otomatis tampil halaman tinggal hilang fitur markah sungguh sulit moga tampil baca ipusnas tingkat kualitas aplikasi,positive
sesal tau download,negative
suka sih minjemnya mak emak repot kayak time batas berlamalama ponsel,negative
buku jarang temu pasar bantu banget referensi kuliah,neutral
error,negative
aplikasi bantu alami kendala pinjam buku stock buku sedia tolong baik nyaman,positive
app easy use keep stopping without reason sok far good hope gets better,positive
app nya eror,negative
appreciate effort provide us readers read books freely borrowing books digitally aplikasi nyaman suka error loadingnya lamaaa sinyal jaring oke tools biat tanda halaman baca navigasi halaman google playbooks mudah baca kalo baca baca,positive
moga koleksi lancar akses,positive
masuk daftar daftar anggota online ribet banget baca doang,negative
servernya eror ya download buku,neutral
tolong pop halaman hapus menganggu nyaman alam baca nya pop halaman muncul halaman malas baca,positive
habis baca buku tutup buka ya scroll halama baca,positive
baca isi luang layout baik kadang smooth tambah tanda warna tanda kutip biar enak baca,positive
email verifikasi minjam buku,neutral
terima kasih sedia sumber informasi tugastugas uinya tarik,positive
tolong display settingnya dark background benar fungsi ubah buku terima kasih ya,positive
login bug via fb susah sambung popup fb api via email ux pada login error register error verifikasi koneksi buruk hard use usable,negative
ribet worth,negative
aplikasi banget henti koneksi hilang jaring bagus aplikasi lambat banget scroll buku tampil cover buku sebal mohon baik aplikasi ya tunggu ubah terbarunyaa semangatttt,positive
access book yesterday keeps saying time,neutral
easy borrow idk keeps closing want read book ive borrowed,negative
okee,neutral
bagus hapean faedah sayang smntara temu ganggu fitur findsearch baca pdf search materikatafrase mohon fitur search tksh,positive
bagus bagus sih masuk notifnya diperbaikin notifnya masuk pemberitahuan buku pinjam buku antri lewat notif,negative
great,positive
always loading intenet connection good app still loading took sok long borrow book,positive
ipusnas fitur dark mode nya buku kertas kalo baca novel biar enak mudah bikin mata lelah,positive
aplikasi crash mulu loading mulu trys tutup apps perintah buruk parah moga baik,negative
bantu kurang koleksi buku banyak user interfacenya yaampun parah banget kurang last page baca otomatis buka baca scrolling cmiiw dll kalo baik apps bantu sih cari sumber digital,positive
senang suka,positive
buku ngedisko jir hitam putih hitam putih scroll,negative
cant read books application keep stopping,neutral
susah daftar please wait mulu,negative
login pakai email pakai facebook loading,neutral
regis guna pas atus password tulis pw guna pw nya,positive
tambah wawas tahu buku buku sedia cuman harap bukubuku terbit baru ipusnas keren,positive
terimakasih update baru bugs atas,positive
tolong tambah beranda promosi buku rekomendasi buku hari sulit cari buku bagus bantu ulas internet rekomendasi teman ada beranda rekomendasi ipusnas bantu baca bingung cari buku bagus baca,negative
seru banget baca ipusnas ditambahin fitur slide samping scroll bawah,positive
display aplikasi buruk darkmode buku display putih ubah hitam putih terus,negative
apknya bagus bagus kasih fitur highlighter enak,negative
kece totaaaaaaal,positive
terima kasih banget app baca buku uang legal,positive
admin novel historical romance tambah novel lisa kleypas elizabeth hoyt julia london banget novel nya terbit thank,positive
aplikasi wajib unduh device poco f diroot pasang custom rom lineage os coba pinjam buku force close sih buka dashboard semangat min moga bonus,negative
omg pls notifnya muncul notif bar tinggal stok buku melulu huhu pls baik,negative
cant choose book categories,neutral
trouble buku dikit buku lawas,negative
apk khas perintah penuh bug jalan,positive
buka aplikasi bilang kalo ambil data server dsl,negative
,neutral
ui tarik fitur registerdaftar guna kembang rembuk tim mutakhir aplikasi peta maaf nol bintang aplikasi mudah bebas akses login fb login fb pilih google komentar megatakan app bagus bots uninstaled,negative
bukubukunya bilang lengkap aplikasi tambah fitur simpan pinjam buku baca pinjam bingung fitur simpan pinjam,negative
tolong sempurnain aplikasi lag kelas aplikasi perintah low kualitas koneksi jelasjelas jaring bagus reload,negative
aplikasi sulit akses kesal sulit akses pinjam buku failed alas connection koneksi baikbaik pakai akses apps streaming lancar hires please app needs improvement,negative
sinyal bagus kuota muncul tulis problem connections connection kali ngeklik buku dipinjem muncul gambar buku kosong terang hapus cache ulang kali diuninstall kecewa sumpah,negative
apresiasi inovasi mudah literasi maksimal kembang teknologi aplikasi kelola perintah benar parah sih internet cepat sih proses regist epustaka sinyal daerah jelek pakai youtube lancar banget regist doang mulu koneksi buruk tau deh server jelek,negative
aplikasi lambat eror tunggu baik,negative
tarik baca buku buku nya cuman pas pinjam buku kayak tulis e eror jaring ku aman lot cuman pas apps pliss baik dahal tarik banget baca apl nya hiks jadih sedih,negative
aplikasi bagus suka baca buku belimager error moga baik depan,negative
apps good collections books quiet enough apps support screenshot read books bad problem eye capture page page zoom page galery doesnt work anymore,positive
aplikasi bagus banget koleksi aplikasi jelek ngebug tulis connection moga baik,negative
problem occured installed app says could get data server dls found close application,negative
aplikasi harus guna login ulang tutup aplikasi baca aplikasi desktop buku cari cari loading loadingnya,negative
erti minta permission aplikasi izin aplikasi ubah system setting butuh kamera baca isi device maaf cari buku paksa langsung uninstall,negative
installed app wont open said could get data server dls found,negative
banget error aplikasnya koneksi bagus coba install ulang,negative
lancar banget pencet buku baca aplikasi ya benerinnya,positive
app nya bagus nemu baca baca gratis pls loading nya banget kadang suka app nya pinjam buku mohon baik kembang,positive
tombol fungsi permission,neutral
min tolong bikin setting notifikasi notif bunyi tinggal nih buku wishlist available notif baca buka app setting hp terima kasih,positive
download app bacain buku anak usia dinidan koleksi bagus lemah tau judul buku apakarena cari dasar judul dasar terbit enak moga koleksi buku terbit atas kategori non fiksi,negative
lengkap legal gratis keren banget pokok,positive
mantap deh,positive
lancar pinjam buku gagal pinjam,negative
tolong baik bugnya terkadang baca pakai fitur update mudah login tingkat lag,positive
aplikasi uninstall masalah jaring lancar cek koneksi cari buku masuk login ulang aplikasi masalah baik fasilitas bantu cerdas hidup bangsa sayang,negative
buka,neutral
aplikasi bagus pengin baca buku legal uang ngeselinya pas antri kayak rebut cepat banyak bukunovel karya karya orang korea jepang ya pokok mantap,positive
dont know apps cant open well hope apps manage well,negative
aplikasi salah baik lepas suntuk bantu kerja riset koleksi buku jamin bantu harga mahasiswadosen ajar rumah saran koleksi sejarah banyak terima kasih sukses perpusnas usaha digitalisasi yeaboii,positive
yeah good,positive
bagus aplikasi bukubukunya lumayan lengkap baca offline keren moga koleksi buku tambah,neutral
koleksi ui nya tolong baik desain kaku tambah fiturnya pinjam kembali animasi balik halaman buku uinya baik nyaman mata terima kasih,positive
ui ux sulit buku tarik,neutral
modify system permission,neutral
cool,positive
could get data server bilang kendala,negative
trouble,neutral
tolong kengkapi fitur teks speach bantu suara enak dengar asalkayak robot,positive
app great many books borrow days free login facebook orang email unique level system show reading rank sometimes account log automatically orang sometimes take times load ui looks outdated,positive
aplikasi jelasss,negative
updatean baru lumayan bagus fitur tanda ya fitur butuh fungsi,positive
cool,positive
aplikasi tahi,negative
bagus ngisi luang terima kasih ipusnas,neutral
great app borrow many books collection book quite complete,positive
tolong baik error asal aplikasi erorgangguan jaring hp user orang tinggal daerah sedia fasilitas pustaka senang temu elibrary tolong dimaintain elibrary jangkau pelosok indonesia user nyaman moga bantu tingkat melek literasi masyarakat indonesia,negative
pagi kelas giat literasi terkadang luang baca buku nonpelajaran segi uang beli buku tokotoko buku muka aplikasi bantu buku dipinjamdibaca gratis tema buku agam mudah nyaring kriteria moga apk tingkat minat literasi anakanak indonesia,positive
aplikasi bagus suka mohon maaf ya masuk apk gbisa sambung apk nya sinyal tolong baik depan terima kasih,positive
notifikasi buku pinjam masuk buku keburu pinjam orang moga cepat atas,negative
great dont like log everytime close app aslo want darkmode app maybe wan na read night time also want app look better thats,negative
good always laggingggggg im sok mad still want app sok give star,positive
kritik pilih kategori buku salah kategori pilih ganti kategori baik scroll ayo aplikasi negara profesional,negative
app keeps refreshing cant search book frustrating,neutral
alhamdulillah jarang error kasih bintang ya admin tolong tambah fitur baca tap kanan kiri ya pakai curl ribet pakai scroll kadang lihat full halaman ehehe terima kasiih,positive
payah buka,neutral
developer nya kayak babi aplikasi busuk makan gaji buta,negative
trash app cant login,neutral
koleksi banyak baharu buku sehat psikologi didik dll,neutral
like borrow books free app collection also quite complete working quite well although sometimes face errors overall usable would great way go next page tapping right side screen go prev page tapping left side screen sok easier users navigate totally believe app could better day day,positive
great app,positive
tried verified email account got thise message internal server error,negative
bagus suka crash sedih buku kualitas bagus senang,negative
oke eror lagitp kadang bintang otw ya,positive
loginbutuh email password menu sign upbantu,neutral
overall nice bukubuku golong lengkap terbit negeri nyaman baca tanda halaman fungsi scroll cari bab baca mohon baik terimakasih,positive
could get data server,negative
aplikasi ijin ubah atur sistim admin dar ijin atur cerah orang enggan aplikasi hilang akses izin sistem urus cerah layar guna manual,negative
aneh pinjem buku baca pas pencet app pengin banget baca hadeh,positive
aplikasi bagus isi bukubuku tarik loading nya jaring moga atas,negative
whats wrong app cant reading book instaled app borrow books cant found library sok bad experience fix,negative
pinjam buku mudah buku temu bentuk e book bantu harap perpusnas tingkat koleksi ebooknya rat langgan oleh mudah pinjam buku referensi lengkap terima kasih,positive
aplikasi bantu baca buku senang koleksi ya antre gapapa syukur baca ipusnas eum ipusnas izin baca screenshot baca buku izin lumayan sedih screenshot halaman buku muat kalimatkalimat apik ipusnas error tibatiba mohon baik ya,positive
ive using app year pretty good actually since latest update cant use app cant even borrow book reason,positive
moga aplikasi dorong generasi muda indonesia rajin baca buku tingkat minat baca,negative
kak developer request novel terjemah negeri banyak nemu novel harry potter pengin baca,positive
pakai yes,positive
nyaman baca buku gadget baca pilih buku lumayan lengkap baik deh pokok,positive
bug,neutral
great koleksi buku variasi mudah baca buku terima kasih,positive
really like app always force close please fix problem believe,negative
koleksi lumayan lengkap gratis legal sayang banget kalo kasih fasilitaa dimanfaatin ningkatin minat baca masyarakat uinya cantik dikit transisi pas scrolling smooth sosialisasi masyarakat yet rest fabulous,positive
please enable setting read book scrollingtapping right left bookmark search feature working,negative
never agree app access phones settings app wants one sok give one star bye,negative
bagus kayak urus,negative
guna ios ipad buka aplikasi ipusnasnya forced close mohon baik buku pengin baca ipusnas,negative
jelek masuk masak bulan baik,negative
request allow modifying system setting bikin insecure skip tunggu update,negative
buka zzzz cerdas bangsa,neutral
nginstall buku buku dipinjem developer malas maintenance sunti dana perintah sibuk urus covid dana maintenance pangkas delevoper lestari bug dana maintenancenya korupsi percaya aplikasi kelola perintah,positive
minggu pinjam buku,neutral
,neutral
genre hilang thriller horror hilang min,negative
kali coba buka apk,neutral
kecewa errornya banget,positive
cant register,neutral
unknown error got borrow books,negative
instal aplikasi dipinjem ya huhuh,neutral
buku batas ya batas pinjam bukuny,positive
crash android buka ebook borrowed,negative
kadang error pinjam app nih izin izin edit system setting,negative
ngebug sih aplikasi nge search,neutral
ipusnas menginstallnya dapat alam baca versi ipusnas baru maksimal error mode malam latar tulis samasama gelap sulit buka buku kali aplikasi tampil apaapa mohon baik salam literasi,negative
thought app would great another ridiculous app govt requires video storage permission even system settings said ones comment set brightness ecommerce qr app set brightness without requiring settings uninstalling permission changed optional,positive
bukubukunya bukubuku cerita baca pustaka sd sulit temu buku pinjam buka aplikasi otomatis tutup buka buku,negative
idk fitur android beda fitur apple android payah,negative
aplikasi baik tolong lengkap koleksi bukubuku novel hibur bahasa asing terjemah,negative
saran pdf download offline signin baca,positive
salah aplikasi baca gratis baik indonesia koleksi buku buku cocok baca buku pinjam gratis gratis app kurang app nya maintenance suka error kategori buku genre klasifikasi buku ketik manual tab search,positive
good apps,positive
scrolling homepage really makes sick,neutral
app needs permission modify system setting otherwise app cant opened ask reason permission take picture video along reading storage made optional rather tahan compulsive,negative
buka aplikasi keeps stopping tolong baik pengin baca buku,positive
mohon transisi cuman tap,neutral
bagus cuman error,negative
first time download got many reviews app come back use app give appreciation app,negative
tolong kalo buku pinjam sedia kasih notifikasi bar pinjam sedih banget antri,positive
didnt get confirmation email sok cant borrowed book,neutral
bagus aplikasi maintenance ya ganggu saran baru play store user download henti maintenance dark mode opsi baca,positive
nice appp,positive
diinstall ulang normal alhamdulillah,positive
terima kasih baik aplikasi baca nyaman gratis,positive
dank,neutral
aplikasi deteksi koneksi internet koneksi internet browsing koleksi pinjam buku tolong baik,negative
banget errornya,positive
pinjam buku ya kali kali click borrow,positive
download baca novel mira jendela wkwkwk,positive
hai kak buku bahas investasi saham tambah,positive
errornya ya,positive
good,positive
eror,negative
bagus orangorang hobi baca gratis legal kendala aplikasi aka error mohon baik kembang aplikasi nyaman guna terimakasih,positive
atas error pinjam buku baik ya,negative
banget tunggu trouble eror nya alas aplikasi maintenance perintah tolong benerin aplikasi indonesia goes digital,negative
error mulu pinjam buku stocknya status ganti newbie tera status sih sebal kadang buku buka error,negative
good,positive
damn sok cool dude try,positive
good applicationtapi akhirakhir eror ya pinjam buku buka aplikasi,positive
nih maintenancenya selesai pus belah tuh minjem edited great job alhamdulillah minjam buku thanks developers tambah ya katalog bukubuku baru kalo terbit baru ya,positive
bintang kemarin pinjam buku moga baik terima kasih,positive
buku pinjem otomatis baca,positive
aplikasi manfaat orang suka baca numpuk buku rumah sayang aplikasi error moga depan,neutral
suka banget baca buku app uang legal buku fisik satisfying tapiiiii aplikasi parah maintenance maintenance hari baca feel uncomfortable,neutral
minjem buku unknown error butuh banget,negative
buku pinjam tulis error mencet tombol borrow tolong baik butuh buku,negative
halo admin aplikasi ipusnas tarik bantu hadir aplikasi sayang minggu server alami ganggu proses pinjam buku kendala harap baik cepat terima kasih,negative
cant borrow book theres notif said unable added book unknown error pls fix aps asap bcs really good aps,negative
malu maintenance jam hari aplikasi ya maintenance jam,neutral
ipusnas saran nih next time kalo maintenance kasih alert guna antisipasi ngembaliin minjem buku mending kalo maintenancenya jam kali jam minggu senin minjem ngembaliin buku tolong improve kalo hindar maintenance ya minimal kasih peringatanwarning sistem maintenance sekian terima kasih,positive
pinjam buku muncul unable book error unknown,negative
susahh banget aplikasi baddd,negative
server nya suka responding,positive
selamat malam terimakasih cipta aplikasi manfaat keluh pinjam buku aplikasi nya error tolong kak baik terima kasih,positive
aplikasknya eror pinjam buku sedia bisamohon baik aplikasi terimakasih,positive
pinjam buku tulis unknown error tolong baik,negative
rawan error load buku,negative
become realized read several complains people apps erroring hope app could use normally wait improvement coz really need app dont stop constantly improve develop app coz thats important company,neutral
bad app always says unable book collection unknown error orang server currently maintenance,negative
cant borrow books notification says unknown error occurs everytime try borrow,negative
maaf ipusnas ya kemarin pinjem buku error mulu ngembaliin butuh banget referensi tambah tolong baik,positive
server masalah,neutral
error mulu unable book collection unknown error ulang help,negative
cant borrow books writing always unknown error sometimes books number copies still exist borrowed either please improve thank,negative
mohon maaf admin ipusna ganggu berkalikali uninstall instal pinjam buka kembali aplikasi buka mohon solusi terima kasih,positive
error deh brengsek,negative
think bad app cant open one books always sayang unknown error,negative
eror,negative
pinjam buku kadang notifnya error kadang unavailable maintenance notif pas user login review google play kayak autoreply kendala mulu jawab persis,positive
suka aplikasi pinjam buku return sistem maintenance error tibatiba buat loading buku incar stok kosong,negative
kemarin minjem buku maintenance baca buku kalo mah,positive
lagigabisa pinjem buku,neutral
pinjam buku alas jaring stabil mohon baik depan literasi masyarakat kuat saat pandemi terimakasih,positive
buku baca dipinjem baca pas baca unknown error ya,positive
mendowload buku pinjam,neutral
butuh banget buku maintenance astaga selesai,negative
mendownload tulis unknown error,negative
banget buku pinjam,positive
kecewa pinjam buku butuh buku ajar sulit harap baik nyaman pinjam buku psikologi persuasif tolong baik,neutral
buka aplikasi ulang koneksi server ambil data,negative
app nya keren banget tambah wawas ilmu buku baca bagus pinjam gratis terimakasih perintah developer,positive
ganti password jaring found,negative
bagus sih apk nya tipu ya,positive
lupa password kirim request ganti password email ipusnas ecek spam dll mohon baik,negative
need access modify system settings tho,neutral
suka koleksi pinjam gratis manfaat ajar saran buku populer copynya banyak biar antri moga fitur simpan buku wishlist buku antri kadang nemu buku tarik baca mau sih ditandain biar lupa,positive
buku dibookmark kurang lumayan,negative
kasih bintang ya download buka app nya moga baik ya aplikasi bantu banget baca buku perpusnas rumah,positive
muncul tulis could get data server hadu tolong baik baik thanks,negative
tbh app sucks cant even open app first place seems work weird phone running well,negative
cant even open app keeps saying could get data server dls found whenever tried launch app eventhough connection normal application lot potential really disappointing please fix issue immediately,negative
aplikasi buka,negative
halo kembali buku batas kembali buka buku tolong,negative
masuk baca couldnt get data,negative
bagus sih pustaka digital aplikasi bikin kesel error minggu pas pinjam buku tuh nyaman banget kecewa pustaka nasional error baik biar baca nyaman misuhmisuh bikin istigfar,negative
functioning properly cant read book borrowed click redirected homepage jelek banget sumpah tambah buku baca buku pinjam ratingnya turun,positive
lengkap,negative
kali buka buku didownload file nya corrupted solusi ya,positive
copy buku dipinjem daftar antri banget otomatis update sih masyaallah astagfirullahaladzim tolong baik ya kak,positive
buka buku pinjam aplikasi cari buku loadingnya muncul,negative
edit buka,neutral
good login depa mohon fitur history buku pinjam moga literatur bukubuku bahasa inggris,positive
aplikasi lawak baca buku force close,neutral
register pas besok log ya kalo aplikasi log,positive
buku lengakapppp buju fiksi saran kayak buku izin edar akses ipusnas,negative
pinjam buku,neutral
menganggu format buku bookmark nomor halaman baca buka halaman ya nomor halaman bookmark repot cek satusatu halaman tambah halaman ratus bulan paksa log login,negative
sorry star nya ganti aplikasi jalan lancar jaya,negative
tolong kasih riwayat buku baca biar sewaktuwaktu kalo cari buku mudah temu fitur simpan kalimat fungsi stabilo ya,positive
akses edit akses coba isi,positive
sip deh bagus skrgmah moga depan tingkat system error,negative
suka banget aplikasi eror baca data server dsl ya,negative
antarmuka aplikasi tarik alami force close,negative
login tolong baik ya standar pustaka nasional kayak,neutral
upload book,neutral
problem occured could get data server dls found,negative
minggu akses ipusnas dadak,neutral
suka ipusnas ganggu ya,positive
minjem buku buku,neutral
coba install ulang log mohon baik,positive
download kyaknyanlagi,neutral
coba,positive
tried countless time log app keep crashing never let frustrating im honest,neutral
aplikasi mudah operasi bnayak pilih baca sayang sebu terkahir maret seringkali aplikasi pakai moga developer senantiasa temu jalan terimkasih ipusnas,positive
aplikasi manfaat mudah guna pinjam buku virtual aplikasi alami error minggu error temu nyaman bebas baca buku alam alami senang skor bintang,negative
buku mahasiswa lengkap,negative
log,neutral
susah banget log kode,negative
app great please search button,neutral
bagus,negative
aplikasi bantu dosen mahasiswa cari referensi masuk tolong fitur ganti tema aplikasi permanen dark mode tolong fitur search text buku baca mudah scrolling tolong tambah koleksi databased buku buku onsite perpusnas aplikasi lebih bantu terima kasih,negative
bukubuku sedia update,positive
cant borrow,neutral
akun log sendiridi coba log masuk ganggu kah,negative
saran moga list buku populer buku masuk whislist baca buku cari listnya pinjam,negative
jenis buku guna tambah wawas simple bagus aplikasi nya terimakasih developer perintah sedia,positive
download ya buku coba kali download,positive
cant open book borrowed yesterday,negative
bantu banget koleksi komplit uninstall kemarin install masuk,negative
apps bagus pilih buku golong category diborrow serius pls fix,negative
mohon aplikasi tambah fitur login anggota pustaka akses pinjam buku biar mudah tinggal ambil mencaricari tingkat performa aplikasi sayang banget mampu,negative
app requiring taking photo video storage start ask needed start super suspicious,positive
bantu,neutral
impressive,neutral
pilih buku level sedia bukubuku referensi klasik kuliah buku sosiologi antar si soekanto,positive
suka force close,neutral
bingung register link registration coba login fb link registration aplikasi manfaat tolong tingkat,positive
keren banget baca manfaat,positive
app jembatan bagus tingkat minat baca well developed,neutral
terimakasih bug fix nya tolong banyak buku,positive
actually apps good makes easier read books anywhere unfortunatelly often force shutdown collection disappear opened apps even often login account,positive
didownload buka ebooknya langsung tutup aplikasi,negative
error,negative
koleksi bagus kadang suka susah didownload kayak klik tombol network timeout wifi rumah adem anyem suka logout sok far ya sok good sih,positive
rerate solved problem cant even open apps please fix thank,negative
aplikasi bantu akses literatur minat putus mendownload aplikasi windows mendownload ponsel android dapat aplikasi serentak aplikasi pasang gadget beda harap depan log windows android tabik,negative
useful,neutral
inovasi bagus tingkat minat baca aplikasi buka alias hilang jaring koneksi internet stabil mohon baik ya terimakasih,positive
crash hpku gantung hp kali ya lancar terima kasih app pus sungguh bantu mahasiswa cari refrensi online legal pandemi saran cari keyword buku kembang,negative
terima kasih download n aplikasi moga manfaat,positive
macet macet,neutral
susah temu koleksi,neutral
alhamdulillah aplikasi jalan normal terima kasih,positive
aplikasi alami server akibat sulit konfirmasi pinjam buku tunggu pulih sulit pinjam temanteman terimakasih mohon bantu,positive
app favorit banget errornya tolong tingkat,positive
buku sedia batas pinjam kembali butuh utama mohon sistem nya baik buka aplikasi cari buku meminjammendowload lot buka aplikasi berat,negative
aplikasi suka error pinjam buku mohon tingkat,negative
buku susah didownload stok,negative
sih terusterusan timeout koneksi internetku baikbaik akses,neutral
good,positive
edit login sorry sayang bad app even cant login facebook orang email try forget password system tells meta code error message data valid,negative
maaf kak eror ya mohon baik,negative
tolong min aplikasi error tetiba logout uninstallinstall lelah,negative
cant open app deleted downloaded app still cant opened,negative
halo ipusnas tim terimakasih aplikasi bantu sayang buka aplikasi moga aplikasi baik ya depan eror ya semangat,positive
actually really love app many books want read app often got problems cant open think internet checked app internet ok sok app problem hope app develope better,negative
nih aplikasi error loading deh coba clear data clear cache logout login tolong baik,negative
erorr suka banget baca novel ipusnas eror nih tolong benerin ya,positive
bagus bugnya rangin,negative
could find dls data server close application aplikasi buka,negative
tolong baik buka ebook langsung,positive
kagak fitur wishlist buku baca,negative
pakai ipusnas nya developer semangat ya pengin baca buku legal apk nya nge bug baca,positive
masuk depan moga jurnal nasional contoh skripsi bahan tugas skripsi terimakasih sukses,positive
borrow books easily thank ipusnas,positive
mohon baik salah batal login aplikasi windows kali login pinjam buku aplikasi ipusnas hp,negative
gila,negative
masuk email ya please check bug orang error apps,negative
keren aplikasi,neutral
good,positive
buka app could get data server dls found tolong baik,negative
aplikasi eror search,negative
turut aplikasi bagus ganggu senang aplikasi baca bukubuku terbit gratis layak baca pustaka versi digital buku temu ipusnas lumayan pustaka nasional milik koleksi buku,positive
terimakasih ipusnas daftar,positive
buku bagus baca didownload error servicenya baik,negative
alami kendala proses pinjam maintainence moga cepat pulih selesai baca,positive
doesnt work said couldnt get data server dls found,negative
ide bagustapi apps nya kembang lagisetiap buka buku borrow force closepengguna poco f miui,neutral
pinjem suruh verifikasi email email gadapet email huhuhu,negative
baca pinjam buku eror ndk eror ganti akun,negative
suka app tolong banyak koleksi buku nyaman ui nya moga ganti modern fluid nyaman lama baca semangat,positive
buku downloadnya susah ampun internet kencang,negative
bantu cerdas hidup bangsa tunggu tambah koleksi buku kini semangat,positive
terima kasih ipusnas,positive
android version pie apps force close,negative
login email password mohon baik bug nya,neutral
bagus cuman enak baca buku cuman discan nyaman kalo support flowing text terima kasih,positive
hadeuhhh download app suka buku,positive
sedia buku nya genre nya agam buku cocok baca sesuai butuh masingmasing,positive
manfaat,positive
login email,neutral
tanda halamanyg highlight kalimat,negative
im sorry need uninstall cant use keep getting dls notif since open app,negative
good,positive
alhamdulillah aplikasi,positive
okee solusi appsnya force close reinstall moga depan,positive
lengkap lumayan bantu,negative
sayang koleksi buku lengkap ayo user upload buku cuman baca doang,positive
aplikasi burik burik ff pinjem tunggu jam mending download,negative
nyerahlah app stok sabar,negative
buku cari stok habis mulu tolong banyak stok ya admin request tambah buku judul kosmos carl sagan min,positive
aplikasi bagus manfaat terkadang suka error baik harap depan edit baik pinjam buku inti sabar ya moga depan terimakasih ipusnas,positive
buku nya bagus lengkap gratis sayang server nya error tolong baik maintenance kadang pinjam buku banget loading nya,positive
parah sih tingkat failed load detail book network error sinyal oke,negative
banget eror buku diload lot ngeload nya koneksi tutup aplikasi kayak kuat tolong baik ya,negative
failed load koneksi lancar,neutral
sebentar bisalagi seru baca crazy rich asi eh maintenance lagi,neutral
app maintenance susah pinjam buku buka app bentar pas ipusnas bawa loading menu utama halaman hilang bookmark,negative
maintenance mulu maintenance ubah stagnan baik tolong era pandemi takut alhasil ya aplikasi aplikasi andal huh,negative
dear ipusnass team please fix system read books feel sok sad found system still maintenance,negative
dear ipusnas team maintainance weekend ya weekend sempurna banyak baca feel free nikmat jam baca buku kemarin indak pinjem buku masuk please maintainancenya jamjam baca sepi baca terima kasih,positive
tambah fitur bookmark,positive
aplikasi bagus bug scroll halaman backgroundnya kadang ubah glitching dark light,positive
error pas buka internet lancar,neutral
dark mode bunsyay,neutral
halo buka ya tulis could get data server dls found,positive
responsif,neutral
koleksi nya,positive
buka,neutral
cant use app problem occurred,negative
sometimes loading,neutral
good apps,positive
baik,positive
buku buku bagus,negative
aplikasi bagus baca buku gratis ya force close ya mohon baik tambah wawas anak bangsa,positive
great,positive
mohon sistem baik baca buku urus buka aplikasi buka ipusnas buka buku laman tampil laman profil buku pinjam ulang buku folder books borrowed pinjam sisa terima kasih,negative
keren banget buku lengkap guna banget,positive
eror buka could connect server orang could found dls mohon baik,negative
terusmenerus tutup baca buku pinjam,negative
perangkat redmi force closed buka buku tolong baik ya tim terimakasih,positive
quite amazing many bugs,neutral
tau buku baca buku beli mwmbantu banget deh buku buku kuliah,neutral
aplikasi crash loading buku ya,neutral
aplikasi bagus bug ganggu kalo baca fitur review buku bolak halaman cari buku,positive
siang koneksi lambat kadang error malam lancar servernya,neutral
always cant use app always said server maintaince orang error please fix,negative
mulu appnyaga buka buku,positive
suka update baru mundur setting nyaman versi moga perhati developer aplikasi gratis kualitas nomor aplikasi bangun uang negara,positive
goodd,neutral
halo ipusnas kendala aplikasi buka muncul tulis could get data server dls found close application mohon bantu terimakasih,negative
eror versi pc,negative
ipusnas cipta pustaka genggam depan koleksi buku tambah,positive
bagus sih fasilitas saran buku populer perbnyak lengkap novel karya andrea tere buya hamka dll diupdate sih bukuny sesuai prkmbngn remaja formalitas isi saran,positive
akhirnyaaaasetelah tunggu bulan ipusnas fungsi yeayyy moga bagus kedepannyamakin koleksi bukunyadan minim errornyalove ipusnas,negative
ipusnas ya upgrade kayak kindle oodles textnya fit hp zoom enak hehehe kalo tambah audiobooks black background kertas item tulis putih,positive
tau guna nginstall cari buku buku b hmm mengunistall tolong banyak pustaka judul nasional,negative
excitesd use app,neutral
bugnya tuh kalo baca scroll layar kedip item putih developer coba cek button dark backgroundnya,negative
love,positive
couldnt log email,neutral
sok many device permissions enable feeling sok secure,neutral
mantap serasa pus pribadi wkwkwk,positive
bagus buku lengkap diupdate buku ui aplikasi baru biar bakin bagus appnya moga kasi dark mode biar mata perih,negative
minfitur cari fungsi download ya cari katgori susah min tolong baik,negative
aplikasi buka ambil data server dls,negative
bug,neutral
search judul buku tolong baik problem berharihari install ulang,negative
halo mohon uinya baik ya halaman kedip kedip discroll,positive
banyak novel novel best seller,positive
buku baca temu ipusnas fitur request buku tambah animasi baca slide halaman tema warna dark theme kombinasi warna,positive
force close,negative
halo keluh aplikasi error sebab search judul tulis cari koneksi baikbaik mohon bantu baik,negative
filter cari variatif ribet cari baca,negative
maintenance ya,positive
cant open app,negative
puas aplikasi pustaka kolom cari kadangkadang fungsi,negative
fungsi search mohon baik,neutral
